search_term,us_equivalent,post_date,pulled_date,handle,account_name,views,likes,comments,shares,german,caption_language,mentions_ebay,kleinanzeigen,mentions_vinted,community_guess,caption,ai_summary,onscreen_text,production_style,content_type,is_commercial,has_adology_analysis,url
ebay deutschland,ebay,2026-04-19,2026-10-05,climb.with.me,Mavrin 🇩🇪,2361,17,6,,German-language,English/other,yes,,,other/general,I love to communicate with people so much 🫠 #tv #ebay #німеччина #germany,"A humorous TikTok video documenting the universal pain of trying to sell an expensive television on a German second-hand marketplace, highlighted by absurdly low buyer offers and a snappy, sound-synced editing style.",,Raw UGC,Meme,false,yes,https://www.tiktok.com/@climb.with.me/video/7630435470366739720
ebay deutschland,ebay,2026-05-01,2026-10-05,desthskull2.1,desthskull2.1,13400,203,2,7,German-language,German,Kleinanzeigen only,yes,,other/general,#smile #funny #comedy #ebaykleinanzeigenfails #fürdich,"A humorous screen recording of a simulated eBay Kleinanzeigen chat where a buyer inquires about used goalkeeper gloves, ultimately revealing a bizarre fetish for smelly sports gear.",,Raw UGC,Meme,false,yes,https://www.tiktok.com/@desthskull2.1/video/7634981729547177248
ebay deutschland,ebay,2026-07-11,2026-10-05,anythingbutcars,Toni,21100,562,14,127,German-language,German,yes,,,car parts,#auto #ebay #deutsch #ausländer #fy,"A short TikTok meme video showing a nighttime drive in a luxury Mercedes-Benz with blue ambient lighting, accompanied by a humorous German text overlay stating that the car was bought from a Herr Müller who left his CD inside.",,Raw UGC,Meme,false,yes,https://www.tiktok.com/@anythingbutcars/video/7661351015664340256
ebay deutschland,ebay,2026-07-14,2026-10-05,recommerce_360,Recommerce_360 🎤,1042,22,5,5,German-language,German,yes,,,other/general,#ebayreseller #amazonreturnspallets #deutschland #fyp,A short B2B promotional video from a German recommerce account displaying warehouse inventory of Amazon returned stock and liquidation pallets available for eBay and Amazon resellers.,,Raw UGC,Behind-the-scenes,true,yes,https://www.tiktok.com/@recommerce_360/video/7662419845807394081
ebay deutschland,ebay,2026-07-29,2026-10-05,_jasmins,✨Jasminity✨,147200,950,113,26,German-language,German,Kleinanzeigen only,yes,,other/general,#ebaykleinanzeigen #schnäppchen #kleinanzeigen,"A German creator shares her excitement over receiving a completely free decorative agate clock found on Kleinanzeigen, showcasing the item in her home environment.",,Raw UGC,Vlog,false,yes,https://www.tiktok.com/@_jasmins/video/7668023827602967841
ebay deutschland,ebay,2026-08-26,2026-10-05,yabanci_tv,Yabanci_tv,16600,189,4,106,German-language,German,yes,yes,yes,fashion/vintage,#ebay #vinted #kleinanzeigen #satis #para,"A Turkish creator on TikTok warns second-hand sellers on eBay Kleinanzeigen and Vinted in Germany about the legal risks of improper private sale disclaimers, providing the exact German legal phrasing required to avoid lawsuits.",,Raw UGC,Tutorial,false,yes,https://www.tiktok.com/@yabanci_tv/video/7678392384555715872
ebay deutschland,ebay,2026-09-23,2026-10-05,sinjasells,Sinja | Reselling,89500,3488,765,131,German-language,German,no,,yes,fashion/vintage,"(Ist der Umsatz!) 💸💸💸

#vinted #vinteddeutschland #reselling #reseller",A German Vinted reseller uses a sarcastic text hook and a massive physical stack of orders to prove that secondhand reselling remains highly profitable.,,Raw UGC,Personal-update,true,yes,https://www.tiktok.com/@sinjasells/video/7688744515200404768
ebay deutschland,ebay,2026-10-01,2026-10-05,echtheitscheck,Echtheitscheck.de,595,4,,,German-language,German,yes,,,handbags/luxury,"https://www.ebay.de/ebaylive/sellers/rlijknxqtcq 
• @eBay Deutschland 
#echtheitscheck #ebaylive","Echtheitscheck.de announces an exclusive eBay Live shopping event starting October 5th in partnership with eBay Deutschland, presented by a professionally styled expert holding luxury leather goods in an aesthetic retail setting.",,Polished Creator,Announcement,true,yes,https://www.tiktok.com/@echtheitscheck/video/7691647852224810273
ebay vintage deutsch,ebay vintage,2025-10-07,2026-10-05,swagantiques,SWAG Antiques,1149,17,2,,German-language,English/other,yes,,,fashion/vintage,"Buy It Now @swagantiqueslv EBay Store!

AS-IS Used! Vintage German Metal Embossed Street Sign “ALDINGER STRASSE” Aldinger Street. 20 1/2” Wide! Cool Black & White Sign from Germany! 

#swagantiqueslv","A short promotional video by SWAG Antiques showcasing a vintage German street sign for sale on their eBay store, featuring close-up panning shots and text overlays.",,Polished Creator,Haul,true,yes,https://www.tiktok.com/@swagantiques/video/7558304551489621261
ebay vintage deutsch,ebay vintage,2025-10-31,2026-10-05,fabiana.thrifts,Fabiana.thrifts,1062,60,2,,German-language,English/other,no,,,fashion/vintage,the app is called faircado #faircado#berlin#thrifting#vintage#fy,A Berlin-based creator uses a stylish hallway intro to hook viewers with a thrifting success story before demonstrating the Faircado app's visual search feature for finding budget-friendly vintage clothing alternatives.,,Raw UGC,Tutorial,true,yes,https://www.tiktok.com/@fabiana.thrifts/video/7567435183406763267
ebay vintage deutsch,ebay vintage,2025-12-23,2026-10-05,retroloop54,retroloop,1591,28,7,3,German-language,German,no,,yes,fashion/vintage,#trending #fyp #deutsch #vintageclothing #vinted,"An independent Vinted vintage clothing seller documents the order packaging process from inventory shelves to the shipping mailer, emphasizing honesty, fast shipping, and neat presentation.",,Raw UGC,Behind-the-scenes,true,yes,https://www.tiktok.com/@retroloop54/video/7587155924855426326
ebay vintage deutsch,ebay vintage,2026-02-18,2026-10-05,edds.vintage,Edds Vintage,247,7,,1,German-language,unclear,yes,,yes,fashion/vintage,"Vintage 1970s Rothenburg German Bremen Rathaus City Hall Beer Stein Pewter Lid

#reseller #vintage #vinted #ebay #german",A short product showcase video presenting a vintage German beer stein from all angles to highlight its craftsmanship for potential buyers.,,Polished Creator,Haul,true,yes,https://www.tiktok.com/@edds.vintage/video/7608098182249090326
ebay vintage deutsch,ebay vintage,2026-03-08,2026-10-05,vintage.mood11,Vintage Mood,2500000,62200,377,3630,German-language,German,no,,,fashion/vintage,"Flohmarkt 😍
#Vintage #VintageMood #Deutschland","A short, aesthetic TikTok video capturing a peaceful morning of flea market treasure hunting in Germany, focusing on the discovery and tactile inspection of vintage English porcelain plates.",,Raw UGC,Vlog,false,yes,https://www.tiktok.com/@vintage.mood11/video/7614810025642560790
ebay vintage deutsch,ebay vintage,2026-04-16,2026-10-05,airliftvintage,Shopairlift,223500,4620,31,91,German-language,German,yes,,,fashion/vintage,Ich dachte….. #flohmarkt #vintagegems #streetwear #airliftvintage #ebaylive,"A vintage streetwear reseller films a first-person POV video haggling over prices for a Palace hoodie and Carhartt pants at a sunny outdoor flea market, promoting their online store and eBay live auctions.",,Raw UGC,Vlog,true,yes,https://www.tiktok.com/@airliftvintage/video/7629306628340272416
ebay vintage deutsch,ebay vintage,2026-07-19,2026-10-05,vindorable,Vindorable.antiques,263000,6066,77,291,German-language,German,no,,,fashion/vintage,#vintage #flohmarkt #secondhand #LernenMitTikTok,"A creator investigates a curbside bulky waste pile in Germany, rescues several vintage items including a gumball machine frame, porcelain urns, a samovar, and an old drawing portfolio, checks their resale values online, and asks viewers for their opinions and advice.",,Raw UGC,Vlog,false,yes,https://www.tiktok.com/@vindorable/video/7664296452688071968
ebay vintage deutsch,ebay vintage,2026-07-27,2026-10-05,high_tier_kurd,𝐴®,13700,916,23,423,German-language,German,yes,,,car parts,E opa geht ab #ebay #lustig #deutsch #fyp #viral,"A humorous TikTok post featuring a screenshot of a ridiculous secondhand marketplace negotiation where a buyer offers 40 euros and threatens to come with a chainsaw, accompanied by an aggressive phonk remix audio.",,Raw UGC,Meme,false,yes,https://www.tiktok.com/@high_tier_kurd/video/7667161282969177376
ebay vintage deutsch,ebay vintage,2026-09-06,2026-10-05,hannoverboy23,Di Ni,340,2,,,German-language,German,Kleinanzeigen only,yes,,fashion/vintage,eBay Kleinanzeigen #nachhaltigkeit #flohmarkt #ebaykleinanzeigen #zuverkaufen #vintage,"A TikTok post by Di Ni showcasing various secondhand items available on eBay Kleinanzeigen, set to upbeat electronic music with price overlays.",,Raw UGC,Haul,true,yes,https://www.tiktok.com/@hannoverboy23/video/7682488975981940000
ebay vintage deutsch,ebay vintage,2026-09-09,2026-10-05,eleonoremariestifter,Eleonore 🐞,103900,15700,162,526,German-language,English/other,yes,,,handbags/luxury,"I will literally die on this hill, go but vintage!!! Get it altered!! Be unique!! 
#vintageweddinggown #vintageverawang #viennawedding #2026bride @eBay UK @ebay @eBay Deutschland","A fashion creator showcases a vintage Vera Wang wedding gown purchased on eBay for under 500 dollars, shot inside an elegant historic venue in Vienna, effectively promoting sustainable luxury bridal fashion.",,Polished Creator,Vlog,true,yes,https://www.tiktok.com/@eleonoremariestifter/video/7683443044250832150
ebay vintage deutsch,ebay vintage,2026-09-13,2026-10-05,sleepy_lettuce_,Sleepy Lettuce,21500,4211,54,96,German-language,English/other,yes,,,fashion/vintage,"Unbox my new 24” Antique Armand Marseille German Bisque Doll with me 🥰 Got this gorgeous girl off eBay from fairy_antiques 🤍 
#antique #dolls #dollette #coquette #morute","An aesthetic unboxing video showing a creator opening an eBay delivery containing a 24-inch antique Armand Marseille German Bisque Doll, featuring delicate pink packaging, a handwritten note, and close-ups of the vintage doll.",,Raw UGC,Unboxing,false,yes,https://www.tiktok.com/@sleepy_lettuce_/video/7684850769325034765
ebay vintage deutsch,ebay vintage,2026-09-24,2026-10-05,wjgraham,WJ Graham,12,1,,,German-language,English/other,yes,,,toys/collectibles,"Check out Vintage Kulmbacher Bier German Stoneware Beer Stein Multi-Brewery Design https://ebay.io/m/TYVNcM #eBay via 
@eBay
The Vintage Kulmbacher Bier German Stoneware Beer Stein is a collectible mu","A clean, studio-lit 360-degree video showcase of a vintage German stoneware beer stein, produced to accompany an eBay listing for collectors of breweriana memorabilia.",,Polished Creator,Review,true,yes,https://www.tiktok.com/@wjgraham/video/7689146207662247198
ebay haul deutsch,ebay haul,2025-11-03,2026-10-05,somosjuliaymiguel,somosjuliaymiguel,5612,456,6,,German-language,English/other,Kleinanzeigen only,yes,,fashion/vintage,"eBay Kleinanzeigen is basically the Facebook Marketplace here in Berlin. Since everyone lives in apartments and doesn’t have endless space, people often sell things to give them a second life instead",An expat couple in Berlin documents their journey using public transit to buy and transport a secondhand baby high chair purchased via eBay Kleinanzeigen.,,Raw UGC,Vlog,false,yes,https://www.tiktok.com/@somosjuliaymiguel/video/7568547526266162453
ebay haul deutsch,ebay haul,2025-11-16,2026-10-05,klemmbausteine5,Klemmbausteine,428,26,,,German-language,German,yes,,,toys/collectibles,#klemmbausteine #lego #stad #deutsch #römischesreich,A LEGO collector shares a haul video discussing a disappointing flea market trip with high prices contrasted with a successful eBay purchase of rare vintage blind-bagged minifigures from England.,,Raw UGC,Vlog,false,yes,https://www.tiktok.com/@klemmbausteine5/video/7573237232119713055
ebay haul deutsch,ebay haul,2026-01-25,2026-10-05,noel111.5,No_el🎭,57500,3792,91,123,German-language,German,no,,,sneakers,Follow for more #deutsch #haul #fürdich #jesuslovesyou #styleinspo,"A German-tag TikTok creator unboxes a 9kg replica fashion haul featuring items from Louis Vuitton, Chanel, Gucci, and Nike, displaying unbelievable prices between 3 and 23 euros while dancing to a French rap soundtrack in his bedroom.",,Raw UGC,Haul,false,yes,https://www.tiktok.com/@noel111.5/video/7599314437744381206
ebay haul deutsch,ebay haul,2026-04-13,2026-10-05,simplyyy.juliaaa,Julia🫀,8085,421,233,1,German-language,German,no,,yes,car parts,"Vinted auf die 1! 😍

#vinted #haul #vintedhaul #secondhand #deutsch","A young female creator films an unscripted second-hand clothing haul in her home kitchen, excitedly unpacking items purchased from Vinted and discussing their low prices and quality with her audience.",,Raw UGC,Haul,false,yes,https://www.tiktok.com/@simplyyy.juliaaa/video/7628188030007807264
ebay haul deutsch,ebay haul,2026-09-29,2026-10-05,art.kvl,꧁ wANNAbe ꧂,1201,144,17,3,German-language,German,no,,yes,car parts,Actually fast 2 Monate aber ja #fy #fyp #haul #vinted #secondhandfashion,"A creator shares a secondhand Vinted haul featuring jewelry, bags, a lace scarf, and a trench coat, engaging her audience with pricing details and a try-on session.",,Raw UGC,Haul,false,yes,https://www.tiktok.com/@art.kvl/video/7691013975152151841
ebay haul deutsch,ebay haul,2026-10-03,2026-10-05,paulinee.009,paulinethrifts🦢,5114,957,28,12,German-language,German,no,,,fashion/vintage,"Geil geil geil
#flohmarkthaul #thrifthaul #swag #alternative #trödelmarkt","A creator shares a casual flea market haul in her bedroom, displaying inexpensive thrifted clothing and accessories while discussing prices and styling ideas in German.",,Raw UGC,Haul,false,yes,https://www.tiktok.com/@paulinee.009/video/7692447886214319393
ebay autoteile,ebay motors,2026-10-04,2026-10-05,cleansmokez,Twingitsch😈,932,35,7,5,German-language,German,yes,,,other/general,Der verkäufer war erstaunt😂 #Stuttgart #twingo #fyp #transporter #ebay,"A humorous TikTok video documenting a driver successfully transporting an oversized rattan garden couch inside a tiny Renault Twingo, defying the seller's warning.",,Raw UGC,Meme,false,yes,https://www.tiktok.com/@cleansmokez/video/7692918945216580896
ebay schnäppchen,ebay gem,2025-10-16,2026-10-05,snilp,Snilp,8064,171,10,10,German-language,German,no,,,electronics,#flohmarkt #schnäppchen #nintendo #gamecube #sammeln,"A creator films a first-person POV trip to an outdoor flea market where he successfully negotiates down the price of a retro Nintendo GameCube game, validates its market value online, and purchases it.",,Raw UGC,Vlog,false,yes,https://www.tiktok.com/@snilp/video/7561829589148781846
ebay schnäppchen,ebay gem,2026-03-09,2026-10-05,gehtscho,Varitdi19,3728,270,1,12,German-language,German,Kleinanzeigen only,yes,,car parts,Danke Hans #ebaykleinanzeigen #schnäpchen #golf #fyp #fy,"A TikTok post by user Varitdi19 showing a newly purchased, unpainted white car bumper loaded into the trunk of a silver Volkswagen Golf at night, accompanied by text thanking a seller named Hans for accepting a cheeky lowball offer made on Kleinanzeigen.",,Raw UGC,Personal-update,false,yes,https://www.tiktok.com/@gehtscho/video/7615367474757881110
ebay schnäppchen,ebay gem,2026-07-15,2026-10-05,virello__shop,virello-shop,296,1,,1,German-language,German,yes,,,handbags/luxury,#ebay #ebayde #tasche #deal #schnäppchen,"A TikTok promotional post by virello-shop showcasing a brown tote bag with blue rope handles worn by a female model against a minimalist backdrop, highlighting a price drop from 45€ to 24,99€.",,Polished Creator,Review,true,yes,https://www.tiktok.com/@virello__shop/video/7662632362118745377
auf ebay gekauft,bought on ebay,2026-04-28,2026-10-05,kuhlofficialttv,Kuhlofficial,914,52,13,6,German-language,unclear,Kleinanzeigen only,yes,,other/general,"ABZOCKE!!!🧐🐶
#saarland #ebaykleinanzeigen #hund #fyp #comedy","A German creator shares a comedic sketch about buying a 'used dog' on eBay Kleinanzeigen, only to reveal it is actually a pony, which he cheerfully decides to keep as his new pet.",,Raw UGC,Comedy-skit,false,yes,https://www.tiktok.com/@kuhlofficialttv/video/7633765404468432160
ebay funde,ebay finds,2026-01-09,2026-10-05,gigiszls,Gilane,13400,1033,27,17,German-language,German,Kleinanzeigen only,yes,,fashion/vintage,"Ebay Kleinanzeigen Liebe 🤍

#interior #thriftfinds #ebaykleinanzeigen","A short, aesthetic TikTok video showcasing second-hand furniture finds from Ebay Kleinanzeigen in a stylishly decorated apartment, accompanied by text overlays and upbeat music.",,Curated Aesthetic,Aesthetic,false,yes,https://www.tiktok.com/@gigiszls/video/7593340063509974305
ebay funde,ebay finds,2026-08-27,2026-10-05,nina.schaefer02,Nini 🤍,2183,128,4,1,German-language,German,yes,yes,,fashion/vintage,ich liebe ebay 🥹 #ebaykleinanzeigen #ebayfinds #kommode #erstewohnung #interiordesign,"A young woman enthusiastically documents finding a free vintage wooden sideboard on eBay Kleinanzeigen, enlisting her boyfriend to help transport it, and placing it in her new apartment where it matches her Pinterest inspiration board.",,Raw UGC,Vlog,false,yes,https://www.tiktok.com/@nina.schaefer02/video/7678732873918123297
ebay funde,ebay finds,2026-09-15,2026-10-05,richoffebay1,Rich Off EBay,7903,240,3,45,German-language,unclear,yes,,,handbags/luxury,"Easy 2k a week 

#money 
#dropshipping 
#ebay 
#rich 
#reselling","An e-commerce creator on TikTok breaks down his eBay dropshipping strategy, demonstrating $22,987 in 90-day revenue and advising viewers to sell high-margin designer colognes like Baccarat Rouge 540 sourced at $14.50 while avoiding slow-moving electronics like Apple AirPods.",,Raw UGC,Tutorial,false,yes,https://www.tiktok.com/@richoffebay1/video/7685853466253692191
ebay verkaufen,(German extra),2026-10-02,2026-10-05,packmysales0,packmysales0,6515,326,6,3,German-language,German,yes,,,car parts,"Like, Follow und comment - #foryou #ebay #roadto1k #viral #books","A TikTok reseller documents packing three items sold on eBay—a Harry Potter anniversary book and two Tonies audio figures—highlighting their low purchase prices versus high resale values, set against the backdrop of a cluttered bedroom.",,Raw UGC,Vlog,false,yes,https://www.tiktok.com/@packmysales0/video/7691932137158692128
ebay live deutsch,(German extra),2026-03-02,2026-10-05,angymkvb,Angyyy,6400000,15100,7,100,German-language,German,yes,,,other/general,Let‘s do some shopping mit eBay Live! Probiert es mal aus ist so nice weil es mal was anderes ist @eBay Deutschland #ad #ebay #shopping,"Creator Angyyy reviews eBay Live in a sponsored video, explaining why live shopping feels like a fashion talk and demonstrating the app interface.",,Polished Creator,Review,true,yes,https://www.tiktok.com/@angymkvb/video/7612667544641621270
ebay live deutsch,(German extra),2026-05-27,2026-10-05,svarupa_ananda,Die Klingupädin,34500,368,41,917,German-language,German,no,,,other/general,#live #streaming #deutschnachhilfe #Logopädie #Logopädieaudbildung,"Creator Die Klingupädin announces an upcoming 17:00 livestream dedicated to German tutoring, speech therapy (Logopädie) training, grammar, pronunciation, and student questions, delivered in a warm, inviting style.",,Raw UGC,Personal-update,false,yes,https://www.tiktok.com/@svarupa_ananda/video/7644560246987410721
ebay live deutsch,(German extra),2026-06-03,2026-10-05,thewatchdive,thewatchdive,102800,1639,58,143,German-language,German,yes,,,watches,"@Klaus Gawron 🫡🔥

#ebay #livestream #audemarspiguet #uhren #königsallee","A watch creator reacts to an eBay livestream where luxury watch dealer Klaus Gawron auctions an Audemars Piguet Royal Oak Chronograph in rose gold, resulting in a sale below retail market value.",,Raw UGC,Reaction,true,yes,https://www.tiktok.com/@thewatchdive/video/7647091353154751776
ebay live deutsch,(German extra),2026-07-18,2026-10-05,saraschreinert,Sara Deutschlehrerin,4253,335,17,8,German-language,hashtags only,no,,,other/general,#deutschlernen #b1 #learngermanonline,"A German teacher announces a new structured series of live interactive TikTok classes across different proficiency levels, detailing pricing, scheduling, and how to participate actively.",,Raw UGC,Tutorial,true,yes,https://www.tiktok.com/@saraschreinert/video/7663952523920772384
ebay deutschland,ebay,2026-02-26,2026-10-05,darealrickyross,Christian Emeka Inyamah,759,21,3,,"Germany market, not German-language",English/other,yes,,,other/general,"How to make 100€ or more on Ebay Germany today. Click link in my bio and download free guide.
#ebaygermany🇩🇪 #howtolistonebay #100euros #100euro #ebaygermany","Creator Christian Emeka Inyamah demonstrates how to earn over 100 Euros on Ebay Germany by selling grocery items in bundles, utilizing a jar of mayonnaise and dashboard screenshots as proof before offering a free instructional guide.",,Raw UGC,Tutorial,true,yes,https://www.tiktok.com/@darealrickyross/video/7611100678508793091
ebay deutschland,ebay,2026-04-21,2026-10-05,hinda_new,Hinda,2814,99,7,16,"Germany market, not German-language",English/other,yes,,,other/general,Documents need for online Business in Germany 🇩🇪 #deutschland🇩🇪 #business #ebaydropshipping,"Creator Hinda outlines the essential legal and financial requirements for starting an online business or dropshipping enterprise in Germany, delivered in Punjabi with on-screen text overlays.",,Raw UGC,Tutorial,false,yes,https://www.tiktok.com/@hinda_new/video/7631222632972619041
ebay deutschland,ebay,2026-06-26,2026-10-05,royishere_,Roy is here 🇩🇪 🇦🇺,565,104,1,5,"Germany market, not German-language",unclear,yes,,,other/general,Ebay Germany🇩🇪 #ebay #unfreezemyacount #fyp #growaccount,"An e-commerce seller on TikTok showcases their eBay Germany dashboard analytics, highlighting over 7,000 euros in sales over 90 days to demonstrate business success and engage the online selling community.",,Raw UGC,Vlog,false,yes,https://www.tiktok.com/@royishere_/video/7655648156721351957
ebay deutschland,ebay,2026-07-07,2026-10-05,ebaysolutionswithme,e-commerce with me💶💷💵,209,21,1,,"Germany market, not German-language",hashtags only,yes,,,other/general,#eBayStoreManagement #GermanyEbay @Germany,"A short e-commerce flex video showing a newly activated eBay Germany account with six live listings after 24 hours, utilizing platform metrics as social proof.",,Raw UGC,Vlog,true,yes,https://www.tiktok.com/@ebaysolutionswithme/video/7659638188662590727
ebay deutschland,ebay,2026-07-25,2026-10-05,mr.can904,Hamza Arain,3119,159,21,1,"Germany market, not German-language",English/other,yes,,,other/general,"🚀 eBay Dropshipping Germany – Batch 2

We are starting the next batch from next week, designed for anyone who wants to build a profitable eBay business in Germany.

This is a complete step-by-step tr","Creator Hamza Arain pairs a caption promoting his upcoming eBay Dropshipping Germany Batch 2 training course with a video of himself sitting at his desk, delivering a sincere, spiritually grounded reflection in Urdu about humility and divine grace",,Raw UGC,Personal-update,true,yes,https://www.tiktok.com/@mr.can904/video/7666441836784831776
ebay deutschland,ebay,2026-07-29,2026-10-05,princezeeshanhaider,𝐌𝐮𝐡𝐚𝐦𝐦𝐚𝐝𝐙𝐞𝐞𝐬𝐡𝐚𝐧,263,28,17,1,"Germany market, not German-language",English/other,yes,,,other/general,"𝗡𝗲𝘄 𝗚𝗲𝗿𝗺𝗮𝗻𝘆 𝗔𝗰𝗰𝗼𝘂𝗻𝘁 — 𝗥𝗲𝗮𝗹 𝗥𝗲𝘀𝘂𝗹𝘁𝘀 𝗧𝗵𝗿𝗼𝘂𝗴𝗵 𝗖𝗼𝗻𝘀𝗶𝘀𝘁𝗲𝗻𝗰𝘆

Alhamdulillah, my new Germany eBay account is showing encouraging results. The focus remains on pr","An e-commerce consultant shares screen recordings of a newly established German eBay account generating solid revenue, accompanied by an upbeat track and an instructional caption emphasizing consistency and proper research.",,Screen Recording,Tutorial,true,yes,https://www.tiktok.com/@princezeeshanhaider/video/7667947191981362452
ebay deutschland,ebay,2026-07-30,2026-10-05,royishere_,Roy is here 🇩🇪 🇦🇺,460,81,7,1,"Germany market, not German-language",unclear,yes,,,other/general,Ebay Germany🇩🇪 #fyp #grow #unfreezemyacount #viral,"An e-commerce seller on TikTok shares a screen recording of their eBay Germany dashboard displaying over fourteen thousand euros in sales, set against an emotional Arabic song, aiming to showcase business success and build authority within the reseller community.",,Raw UGC,Personal-update,false,yes,https://www.tiktok.com/@royishere_/video/7668296103812435221
ebay deutschland,ebay,2026-08-02,2026-10-05,ahsanecomerce,Ahsan|Ecomerce,1827,69,10,3,"Germany market, not German-language",English/other,yes,,,other/general,176 Orders in 1 Month 😱 | Germany eBay Winning Product 2026 I found another winning product that's already reached 176 orders in just one month on eBay Germany. If you're looking for high-demand prod,"A TikTok video by Ahsan E-commerce showcasing a winning product on eBay Germany that achieved 176 orders in one month, targeting aspiring online sellers and dropshippers with data-backed research.",,Screen Recording,Tutorial,true,yes,https://www.tiktok.com/@ahsanecomerce/video/7669429618868292882
ebay deutschland,ebay,2026-08-04,2026-10-05,ahecom7,Ali Haider | Ecom,1135,55,5,1,"Germany market, not German-language",English/other,yes,,,other/general,"🚀 New Germany eBay Account!
Alhamdulillah! 📦 16 Orders in just 3 Days.
Consistency, the right strategy, and patience make all the difference. 💯

Want to learn eBay or need help growing your store?","Ali Haider showcases the early success of a new Germany-based eBay dropshipping account, highlighting 16 orders generated in just 3 days to attract prospective e-commerce coaching clients.",,Screen Recording,Tutorial,true,yes,https://www.tiktok.com/@ahecom7/video/7670091139189411092
ebay deutschland,ebay,2026-08-08,2026-10-05,royishere00,Roy Ebay 🇩🇪🇬🇧🇺🇸,98,3,,,"Germany market, not German-language",unclear,yes,,,other/general,"Ebay Germany🇩🇪🇩🇪
#germany🇩🇪 #ebay #fyp #growmyaccount","An e-commerce seller showcases their German eBay store analytics, highlighting over €10,000 in sales over 90 days alongside high traffic and positive review metrics.",,Raw UGC,Screen-recording,false,yes,https://www.tiktok.com/@royishere00/video/7671623493435280661
ebay deutschland,ebay,2026-08-09,2026-10-05,royishere_,Roy is here 🇩🇪 🇦🇺,450,83,9,2,"Germany market, not German-language",unclear,yes,,,other/general,Ebay Germany🇩🇪 #fyp #germany🇩🇪 #viral #growaccount,"A creator shares motivational insights in Hindi and English about transitioning from an employee mindset to becoming a business boss, while demonstrating success through a screen recording of an active eBay Germany seller dashboard showing over 17,000 euros in sales.",,Screen Recording,Motivational,false,yes,https://www.tiktok.com/@royishere_/video/7671984707323612437
ebay deutschland,ebay,2026-08-10,2026-10-05,darealrickyross,Christian Emeka Inyamah,584,14,2,3,"Germany market, not German-language",English/other,yes,,,other/general,Paid €25.96 sold €63.98 on eBay 🇩🇪 but only made €7.20 profit but I didn't even have the product when I listed it. inbox me if u are interested in ebay Germany #ebaygermany #ebayseller,"A creator demonstrates a successful retail arbitrage transaction on eBay Germany, detailing how he sourced dog food after a sale was made, packed it, shipped it, and netted a 7.20 euro profit after fees.",,Raw UGC,Tutorial,true,yes,https://www.tiktok.com/@darealrickyross/video/7672376158805036321
ebay deutschland,ebay,2026-08-15,2026-10-05,muneebraj21,GenZ eBayer,7941,172,33,5,"Germany market, not German-language",English/other,yes,,,other/general,"eBay Saturday Update, next video will be uploaded on sunday #eBay  #eBaySelling #eCommerce #eBayDropshipping #germany🇩🇪","An e-commerce creator shares their eBay Saturday update using a viral dancing cat AR overlay and a screen recording of their dashboard, issuing a challenge for other sellers to record and refresh their pages.",,Raw UGC,Challenge,false,yes,https://www.tiktok.com/@muneebraj21/video/7674325377191365906
ebay deutschland,ebay,2026-08-17,2026-10-05,ebay.product.hunt,Ebay Product Hunter,137,10,3,,"Germany market, not German-language",English/other,yes,,,other/general,🇩🇪🔥 GERMANY ACCOUNT IS BACK! SALES ARE ROLLING AGAIN 🚀💸#ebaydropshipping #ebayseller,"An e-commerce creator on TikTok showcases the successful recovery and sales surge of their German eBay dropshipping account using a live screen recording of their dashboard metrics, accompanied by an energetic Punjabi soundtrack.",,Raw UGC,Vlog,false,yes,https://www.tiktok.com/@ebay.product.hunt/video/7675094705104801045
ebay deutschland,ebay,2026-09-05,2026-10-05,royishere_,Roy is here 🇩🇪 🇦🇺,278,53,7,2,"Germany market, not German-language",unclear,yes,,,other/general,"Ebay Germany🇩🇪
#fyp #growaccount #viralvideo #viral #germany","A TikTok video featuring a screen recording of the eBay Germany seller dashboard, showcasing sales volume, traffic statistics, advertising performance, and positive reviews, accompanied by an energetic Arabic background track.",,Screen Recording,Vlog,false,yes,https://www.tiktok.com/@royishere_/video/7682084679515753748
ebay deutschland,ebay,2026-09-18,2026-10-05,royishere_,Roy is here 🇩🇪 🇦🇺,196,44,2,,"Germany market, not German-language",unclear,yes,,,other/general,Germany🇩🇪 #viral #ebay #ds #germany🇩🇪 #growaccount,"A creator shares an e-commerce success flex on TikTok, recording an active German eBay seller dashboard with over 5,400 EUR in 90-day sales and robust traffic metrics, aimed at inspiring other online sellers.",,Raw UGC,Personal-update,true,yes,https://www.tiktok.com/@royishere_/video/7686780165485088020
ebay deutschland,ebay,2026-09-19,2026-10-05,ecommercewithsaim,ecommerce with saim,235,12,1,,"Germany market, not German-language",unclear,yes,,,other/general,"Ebay store Mnagmnet
#germany🇩🇪 #viralvideo #trendingvideo","An e-commerce creator named 'ecommerce with saim' posts a screen recording of a German eBay store dashboard generating over 5,000 EUR in sales over 90 days, soundtracked by an energetic Punjabi rap song about perseverance and success.",,Screen Recording,Meme,false,yes,https://www.tiktok.com/@ecommercewithsaim/video/7687281773331500309
ebay deutschland,ebay,2026-09-30,2026-10-05,aureliehaas55,Aurelie,275,0,,,"Germany market, not German-language",hashtags only,yes,,,fashion/vintage,#ebay #secondhandfashion #reseller #ebaydeutschland,"A promotional TikTok post by reseller Aurelie showcasing new secondhand fashion, books, and unique items available on her eBay store, utilizing an eye-catching digital sticker collage aesthetic and upbeat looping music.",,Polished Creator,Aesthetic,true,yes,https://www.tiktok.com/@aureliehaas55/video/7691286997930872096
ebay deutschland,ebay,2026-10-04,2026-10-05,aureliehaas55,Aurelie,246,3,,,"Germany market, not German-language",unclear,yes,,,car parts,EBay Shop: https://ebay.io/m/Q9anvN #ebay #secondhandfashion #movie #ebaydeutschland #reseller,"A German eBay reseller named Aurelie promotes her online shop through an energetic TikTok video combining a smooth screen-recording scroll of available DVDs, Blu-rays, and clothing with trending rap audio and an eye-catching promotional overlay.",,Polished Creator,Haul,true,yes,https://www.tiktok.com/@aureliehaas55/video/7692859670712601889
ebay deutschland,ebay,2026-10-05,2026-10-05,aureliehaas55,Aurelie,249,0,,,"Germany market, not German-language",hashtags only,yes,,,handbags/luxury,#ebay #secondhandfashion #ebaydeutschland #reseller #streetfashion,An eBay secondhand seller named Aurelie promotes her online shop using a viral TikTok meme format where an animated 3D dancing cat dances over a screen recording of her storefront as product listings scroll past to the tune of Gloria Estefan's Conga.,Shop; 0; 3; AurelieSylvie; 100% positive Bewertungen; Shoppen; Sale; Impressum; Bewertungen; Kategorien; Alle 106 Angebote durchsuchen; Top-Kategorien; DVDs & Blu-rays; Kleidung & Accessoires; Bücher & Zeitschrift; Alle Artikel; Constantin Film Werner Eiskalt Blu-ray FSK 6 Deutsch UT ca. 97 Min Wendecover €9.00; Warner Home Video Troja Director's Cut Blu-ray FSK 16 DE/EN UT Pitt 196 €5.03; ACTION BLOCKBUSTER SET (4x Blu-ray) €16.99; Stieg Larsson Trologie DVD Komplett (3 DVD) + Gesetz Der Rache (Blu-ray) €13.99; Sony Pictures Alpha Blu-ray Director's Cut FSK 12 96 MIN DE/EN UT €5.00; Highlight Requiem for a Dream DVD FSK 16 97 Min Deutsch EU 2000 €5.00; Graue Beanie Strickmütze mit Katzenohren & Ramen-Katzenmotiv €6.00; Beanie Strickmütze mit Katzenohren & Ramen-Katzenmotiv €6.00; Disney Alice im Wunderland Blu-ray - Der Spiegel-KF Fantasy FSK6 DE/EN UT €4.60; Blu-ray Komödie FSK 6 DE/EN UT Bonus €3.63; Schwarze Strick Beanie mit Umschlag Katzenmotiv Patch Unisex OS Herbst/Winter €6.00; Stofftasche Gothic Tote Bag Du inspire my inner Killer Halloween €10.00; Universal Zurück in die Zukunft Trilogie DVD Box Set FSK12 4-Disc Bonus RC2 €15.00; Stofftasche Gothic Totenkopf Rosen Innen Serial Killer Halloween €10.00; NFS Blaue Strick Beanie mit Umschlag Katzen Patch Unisex OS Herbst/Winter €10.00; HBO Sex and the City The Complete Collection €15.00,Raw UGC,Meme,true,yes,https://www.tiktok.com/@aureliehaas55/video/7693095488744082721
ebay vintage deutsch,ebay vintage,2026-04-25,2026-10-05,argentis7,Watch⌚️ & Coffee☕️,479,7,1,,"Germany market, not German-language",unclear,no,,,watches,"Watch & Coffee 
Vintage NOS Andreas Daub A*D Watch Band AM.DBLE Gold Filled Germany 12mm T-Bar
#watch #coffee #watchbracelet #bracelet",A short product showcase video presenting a vintage Andreas Daub gold-filled watch band with exact measurements and branding details for prospective buyers.,,Raw UGC,Review,true,yes,https://www.tiktok.com/@argentis7/video/7632705271537667348
ebay vintage deutsch,ebay vintage,2026-05-17,2026-10-05,thepiratepicker,Thepiratepicker,366,20,,2,"Germany market, not German-language",English/other,yes,,,fashion/vintage,I Found Vintage West Germany Pastry Servers at a Garage Sale… Then They SOLD on eBay! 🤯 Vintage flips like this are why I love thrifting and reselling on eBay! Hidden treasure is everywhere if you kn,"A thrift reseller shares a profitable flip of vintage West Germany pastry servers purchased for 25 cents each at Goodwill and sold on eBay for nearly $25, offering actionable advice for finding valuable vintage items.",,Raw UGC,Vlog,true,yes,https://www.tiktok.com/@thepiratepicker/video/7640965502361193742
ebay haul deutsch,ebay haul,2026-02-08,2026-10-05,jessicawxx,jessicawxx,70500,11300,220,261,"Germany market, not German-language",English/other,yes,,,handbags/luxury,Literally begged the ebay seller to ship to me from germany but worth it #vintage #ebay #vintagefashion #burberry #unboxing,"A fashion creator documents the unboxing of a rare vintage leather shoulder bag shipped from Germany after customs delays, showcasing its unique studded design.",,Raw UGC,Haul,false,yes,https://www.tiktok.com/@jessicawxx/video/7604281819248282893
ebay haul deutsch,ebay haul,2026-04-18,2026-10-05,cosmicspin8,CosmicSpin💫,26700,1431,30,53,"Germany market, not German-language",English/other,yes,,,toys/collectibles,Beyblade Unboxing from Ebay #beyblademetalfusion #unboxing #haul #shoppinghauls #ebay,"A silent TikTok unboxing video showcasing a massive lot of vintage Beyblade Metal Fusion toys purchased from eBay for 30 euros, featuring detailed sorting of launchers, parts, and iconic named models.",,Raw UGC,Haul,false,yes,https://www.tiktok.com/@cosmicspin8/video/7630059091645254945
ebay schnäppchen,ebay gem,2026-10-02,2026-10-05,nekonews_official,nekonews,280,5,,,"Germany market, not German-language",English/other,yes,,yes,fashion/vintage,"Careful packing for every order 📦✨
8 mixed vintage sunglasses — full lot 12€ (1,50€ each)
Find me on 👇

eBay
nekonews1
https://www.ebay.it/sch/i.html?sid=nekonews1&_pgn=1&isRefine=true&_trksid=p4429","A TikTok video by user nekonews showcases the careful packaging of an 8-piece vintage sunglasses lot sold for 12 euros, directing viewers to their Vinted and eBay stores.",,Raw UGC,Behind-the-scenes,true,yes,https://www.tiktok.com/@nekonews_official/video/7692219481761860897
auf ebay gefunden,found on ebay,2026-09-12,2026-10-05,vikas.binder,Vikas Binder,352700,54300,118,1815,"Germany market, not German-language",unclear,yes,,,pokemon/TCG,🛍️eBay: https://www.ebay.de/itm/398381163055?var=&mkevt=1&mkcid=16&mkrid=707-127634-2357-0&sssrc=4429486&ssuid=ccpc2jngq9y&ssspo=ccpc2jngq9y&stype=1&widget_ver=artemis&media=MORE#Pokemon #custombinde,"A creator showcases a handmade, custom bedazzled Pokémon trading card binder featuring Slowpoke, building suspense with text and sound effects before revealing the intricate beadwork, with an eBay purchase link provided in the caption.",,Raw UGC,Behind-the-scenes,true,yes,https://www.tiktok.com/@vikas.binder/video/7684650819165211937
ebay verkaufen,(German extra),2026-09-19,2026-10-05,packmysales0,packmysales0,7308,268,5,2,"Germany market, not German-language",English/other,yes,,,toys/collectibles,Look what I Sold #foryou #ebay #roadto1k #viral #ernie,"A reselling creator documents packing and shipping a vintage Rock N Roll Ernie plush toy sold on eBay for 30.00 euros from a cluttered bedroom inventory space, showcasing the practical steps of online selling.",,Raw UGC,Vlog,true,yes,https://www.tiktok.com/@packmysales0/video/7687108844366859552
ebay live deutsch,(German extra),2026-06-20,2026-10-05,aliyaa1415,Aliya Iftikhar,12300,680,24,14,"Germany market, not German-language",hashtags only,yes,,,other/general,#ebaygermany #ebaydropshipping #ebayaustralia #ebayuk #fyp,"A short-form screen recording demonstrating the successful activation and initial performance of a new eBay Germany dropshipping account, achieving 6 live listings and generating 80.49 EUR within 24 hours.",,Screen Recording,Tutorial,true,yes,https://www.tiktok.com/@aliyaa1415/video/7653576136743505173
ebay live deutsch,(German extra),2026-08-20,2026-10-05,marc.gebauer,Marc Gebauer Lifestyle GmbH,8151,156,10,6,"Germany market, not German-language",unclear,yes,,,watches,"EBAY STREAM : https://www.ebay.de/ebaylive/events/sSR2E3YbhHurfdss

#marcgebauer #watches #ebay #live #fy","A brand representative announces an upcoming live stream auction on eBay featuring luxury watches starting at one euro, encouraging viewers to participate.",,Polished Creator,Tutorial,true,yes,https://www.tiktok.com/@marc.gebauer/video/7676106834729504032
ebay vintage deutsch,ebay vintage,2026-05-03,2026-10-05,maxreselling,Max,7056,244,42,13,unclear (hashtags only),hashtags only,no,,yes,fashion/vintage,#vintagereselling #vintagelab #reselling #snipebot #vinted,"Max reviews a follower's Vinted account (elnie.vintage), pointing out positive aspects like ratings while critiquing low item count, poor titles, and descriptions, while promoting his sniper bot and Discord server.",,Raw UGC,Review,true,yes,https://www.tiktok.com/@maxreselling/video/7635616552343162145
ebay vintage deutsch,ebay vintage,2026-10-01,2026-10-05,naughtynailzbyalexis,naughtynailzbyalexis,1321,119,37,5,unclear (hashtags only),hashtags only,yes,,,handbags/luxury,#japaneseebay #louisvuitton #unboxing #bagcharms #vintage,"A fashion creator unboxes a vintage Louis Vuitton Papillon 26 purchased from Japanese eBay, inspects its excellent condition, and customizes it with decorative gold and pink charms.",,Raw UGC,Unboxing,false,yes,https://www.tiktok.com/@naughtynailzbyalexis/video/7691540134331682062
ebay vintage deutsch,ebay vintage,2026-10-01,2026-10-05,westhartfordwatches,West Hartford Watches,1243,58,5,,unclear (hashtags only),hashtags only,yes,,,watches,#WatchTok #watchesoftiktok #vintagewatch #vintagewatches #ebay,A vintage watch reseller on TikTok shares a surprisingly pleasant customer service story about accepting an eBay return from a buyer whose husband felt a 1940s men's watch looked too small and feminine.,,Raw UGC,Storytime,false,yes,https://www.tiktok.com/@westhartfordwatches/video/7691517441209355551
ebay haul deutsch,ebay haul,2026-09-20,2026-10-05,dombeauclair,DOM,804,82,6,6,unclear (hashtags only),hashtags only,yes,,,handbags/luxury,@ebay #vintagefashion #sustainablefashion #secondhandfashion #allblackoutfit #ebay,"A creator presents a vintage eBay haul featuring a Cole Haan bag, a Cache rabbit cardigan, a Hethco fur poncho, and wide-leg trousers, emphasizing sustainable fashion and texture.",,Raw UGC,Haul,false,yes,https://www.tiktok.com/@dombeauclair/video/7687742236339014942
ebay haul deutsch,ebay haul,2026-09-30,2026-10-05,seemingly_jen,Seemingly Jen,6347,267,35,3,unclear (hashtags only),hashtags only,yes,,,handbags/luxury,#hermeshaul #japaneseebay #luxuryhandbags #vintagehandbags #designerbags,"A fashion creator shares the second part of her eBay luxury handbag haul, reviewing two Hermes bags—a blue Picotin 18 and an orange Lindy 30—discussing pricing, condition, and authentication details.",,Raw UGC,Haul,false,yes,https://www.tiktok.com/@seemingly_jen/video/7691458597489741069
ebay haul deutsch,ebay haul,2026-10-01,2026-10-05,kerriwithani,Kerri,217,12,3,,unclear (hashtags only),hashtags only,yes,,yes,fashion/vintage,#goodwill #poshmark #vinted #ebay #thrifthaul,,,,,,no,https://www.tiktok.com/@kerriwithani/video/7691853037077384479
ebay haul deutsch,ebay haul,2026-10-04,2026-10-05,laurajaynesmith83,Laura Jayne Resells,536,10,,,unclear (hashtags only),hashtags only,yes,,yes,fashion/vintage,#bales #clothinghaul #vinted #ebay #fyp,,,,,,no,https://www.tiktok.com/@laurajaynesmith83/video/7692813044681837846
ebay kamera,ebay camera,2025-11-15,2026-10-05,bwoof43,Wooftersresale,3678,81,14,3,unclear (hashtags only),hashtags only,yes,,,cameras,#camera #ebay #garagesale #business #ecomm #reseller #ebayseller #entrepreneur #thrift #camera #sony #vintage,"A TikTok post by Wooftersresale showcasing a Sony Handycam purchased for $15 and subsequently sold on eBay for $779.95, leveraging strong visual proof and high ROI to appeal to the reseller community.",,Raw UGC,Haul,true,yes,https://www.tiktok.com/@bwoof43/video/7572923635539791159
ebay sneaker,ebay sneakers,2026-01-17,2026-10-05,youth803334,"YOUTH(80,33/34) MDY",96600,3908,59,276,unclear (hashtags only),hashtags only,no,,,sneakers,#youth_sneaker_shop #the_best_quality_we_sell,"A retail representative from YOUTH Sneaker Shop in Mandalay showcases the Dr. Martens 1461 smooth leather shoe, detailing its sizing, sole characteristics, and store location.",,Polished Creator,Review,true,yes,https://www.tiktok.com/@youth803334/video/7596204701322923272
ebay sneaker,ebay sneakers,2026-09-23,2026-10-05,flip.with.felix,FlipWithFelix,750200,14700,315,822,unclear (hashtags only),hashtags only,no,,,sneakers,#sneakerreseller #sneakermeetup #sneakerfinds #jordan #nike,"A sneaker reseller documents a garage visit to evaluate and purchase a massive 150-pair sneaker collection, negotiating a final cash and digital payment deal of $4,050 while reviewing individual shoes and boxes.",,Raw UGC,Vlog,true,yes,https://www.tiktok.com/@flip.with.felix/video/7688761835343990047
ebay sneaker,ebay sneakers,2026-10-02,2026-10-05,igfdrgj244,igfdrgj244,12600,285,6,4,unclear (hashtags only),hashtags only,no,,,sneakers,#sneakerhead #sneakers #foryou#fyp#gotsole,,,,,,no,https://www.tiktok.com/@igfdrgj244/video/7692147343214365982
ebay sneaker,ebay sneakers,2026-10-03,2026-10-05,igfdrgj244,igfdrgj244,22400,326,1,15,unclear (hashtags only),hashtags only,no,,,sneakers,#sneakerhead #sneakers #foryou#fyp#gotsole,,,,,,no,https://www.tiktok.com/@igfdrgj244/video/7692503368693992735
ebay sneaker,ebay sneakers,2026-10-03,2026-10-05,abughazi277,Abughazi#2,139,2,1,,unclear (hashtags only),hashtags only,yes,,,sneakers,#abugkicks #ebaylive,"A short TikTok video showcasing a large inventory of sneakers inside a warehouse with an upbeat rap soundtrack and a one-dollar starting price overlay, intended to drive traffic to live reselling events.",,Raw UGC,Haul,true,yes,https://www.tiktok.com/@abughazi277/video/7692480381873933581
ebay autoteile,ebay motors,2026-05-25,2026-10-05,.ebaywithhamza,@ebaywithhamza,12800,530,23,87,unclear (hashtags only),hashtags only,yes,,,car parts,#ebayuk #ebaydropshipping #ebayukautoparts #ebay,"An eBay dropshipper showcases massive daily order volume through a rapid screen recording of their Seller Hub dashboard, set to an upbeat Punjabi track.",,Screen Recording,Screen-recording,true,yes,https://www.tiktok.com/@.ebaywithhamza/video/7643772148380683541
ebay autoteile,ebay motors,2026-08-08,2026-10-05,jay53thegreat,jay53thegreat,1389,31,,,unclear (hashtags only),hashtags only,yes,,,car parts,#ebay #reseller #az #fyp #parati,"A TikTok creator and eBay reseller named Jay53thegreat breaks down how he turned a $16.49 Goodwill car headlight into over $300 in profit. Standing in his storage unit, he details the sale price, shipping arbitrage, and fee breakdowns, demonstrating the viability of reselling automotive parts.",,Raw UGC,Vlog,false,yes,https://www.tiktok.com/@jay53thegreat/video/7671538750660349215
ebay autoteile,ebay motors,2026-10-01,2026-10-05,mniautoparts,MNI Auto Parts,686,13,5,3,unclear (hashtags only),hashtags only,yes,,,car parts,#carparts #peugeot #ebayseller #auction #bargain,"An auto parts reseller showcases a newly acquired Peugeot and Citroen parts job lot, highlighting brand-new alternator belts and connectors stored in a warehouse.",,Raw UGC,Haul,true,yes,https://www.tiktok.com/@mniautoparts/video/7691725825669991702
ebay schnäppchen,ebay gem,2026-09-22,2026-10-05,heyihadthattoo,HeyIHadThatToo,2870,304,17,4,unclear (hashtags only),hashtags only,yes,,,fashion/vintage,#whatsold #ebay #reseller #resellercommunity #thrift,,,,,,no,https://www.tiktok.com/@heyihadthattoo/video/7688434993185475853
auf ebay gekauft,bought on ebay,2026-02-24,2026-10-05,aka.andrew.gb,AKA Andrew GB,762,4,,,unclear (hashtags only),,yes,,,sneakers,https://www.ebay.co.uk/itm/127196507164?mkcid=1&mkrid=710-53481-19255-0&siteid=3&campid=5339137724&toolid=80008&mkevt=1&amdata=enc%3AAQALAAAAoGfYFPkwiKCW4ZNSs2u11xCrLDD4rtLBMZFvDuAgIjBUdUd1ai9RgtsrRHo,"A short promotional video showcasing Nike Air Jordan 1 Mid sneakers through a series of crisp product photographs set to music, intended to drive traffic to an eBay listing via an affiliate link.",,Curated Aesthetic,Haul,true,yes,https://www.tiktok.com/@aka.andrew.gb/video/7610412627000315158
auf ebay gekauft,bought on ebay,2026-03-19,2026-10-05,drowningsoundz,drowningsoundz,215,17,5,1,unclear (hashtags only),hashtags only,yes,,,other/general,#weirdalyankovic #ebay,"A middle-aged creator performs an energetic drum cover of Weird Al Yankovic's song eBay in his home studio, accompanied by synchronized on-screen lyric subtitles and atmospheric string light reflections.",,Raw UGC,Cover,false,yes,https://www.tiktok.com/@drowningsoundz/video/7618997041976397086
auf ebay gekauft,bought on ebay,2026-06-24,2026-10-05,ohmygoodnes.__,𝐈𝐬𝐚𝜗𝜚𝐛𝐞𝐥𝐥𝐚,27800,1537,23,9,unclear (hashtags only),hashtags only,yes,,,other/general,@ebay #compre,"A creator humorously shares her experience buying a cosmetic pomade on eBay, only to discover upon delivery that the item is a miniature version accompanied by a sweet thank-you note.",,Raw UGC,Storytime,false,yes,https://www.tiktok.com/@ohmygoodnes.__/video/7655023802014813460
ebay echtheitsprüfung,ebay authentic,2025-11-26,2026-10-05,hensnchix,Autum l Home Chef l Gardener,306,11,14,1,unclear (hashtags only),hashtags only,yes,,,sneakers,#ebay #authenticity #Adidas #rodlaver #tennisshoes,"An online reseller vents via a close-up POV video about a pair of Adidas Rod Laver sneakers that failed eBay's authenticity check and were sent back, followed by an awkward lowball offer from the buyer asking to purchase them off-platform without verification.",,Raw UGC,Storytime,false,yes,https://www.tiktok.com/@hensnchix/video/7576868456386039054
ebay pokemon karten,ebay pokemon,2025-10-23,2026-10-05,bryan_30343,Dark,7,0,,,unclear (hashtags only),hashtags only,yes,,,pokemon/TCG,#eba #pokemon #card #bid #ouction,"A TikTok post promoting an eBay auction for a lot of 150 water-type Pokemon cards, utilizing a screen recording of the listing interface and direct overlay text to drive collector traffic.",,Screen Recording,Photo-dump,true,yes,https://www.tiktok.com/@bryan_30343/video/7564445598045211959
ebay pokemon karten,ebay pokemon,2025-10-23,2026-10-05,realrealtubers93,Drake,3,1,,,unclear (hashtags only),hashtags only,yes,,,pokemon/TCG,#eba #pokemon #card #bid #ouction,"A TikTok post featuring a screenshot of an eBay listing for a lot of 150 water-type Pokémon trading cards, designed to drive auction bids and profile engagement from collectors.",,Screen Recording,Photo-dump,true,yes,https://www.tiktok.com/@realrealtubers93/video/7564444663059336503
ebay pokemon karten,ebay pokemon,2025-10-23,2026-10-05,realtubers_93,Tubers93,7,1,,,unclear (hashtags only),hashtags only,yes,,,pokemon/TCG,#eba #pokemon #card #bid #ouction,"A TikTok post promoting an eBay auction for a lot of 150 water-type Pokemon cards, featuring a screenshot of the listing and an upbeat chiptune soundtrack.",,Screen Recording,Photo-dump,true,yes,https://www.tiktok.com/@realtubers_93/video/7564441408078171405
ebay pokemon karten,ebay pokemon,2026-01-28,2026-10-05,ljwylie.cards,LJWylie Cards,352,12,,2,unclear (hashtags only),hashtags only,yes,,,pokemon/TCG,#pokemon #pokemoncards #vintage #ebayseller #collection,"A short, aesthetic showcase of vintage Japanese Pokémon Carddass cards aimed at driving collectors to the creator's eBay store.",,Raw UGC,Haul,true,yes,https://www.tiktok.com/@ljwylie.cards/video/7600442125095865630
ebay pokemon karten,ebay pokemon,2026-08-17,2026-10-05,brickhunter18,BrickHunter,10200,102,26,11,unclear (hashtags only),hashtags only,no,,,pokemon/TCG,#pokemon #pokemontiktok #pokemoncards #pokemoncard #pokemonfan,"A TikTok unboxing video by BrickHunter showing the opening of a Pokémon Evolutions booster box and booster packs purchased from AliExpress, featuring card reveals and a call-to-action to request purchase links via direct message.",,Raw UGC,Unboxing,true,yes,https://www.tiktok.com/@brickhunter18/video/7675058738960534806
ebay pokemon karten,ebay pokemon,2026-09-09,2026-10-05,lani_cards,Lani-Cards,310,6,,,unclear (hashtags only),hashtags only,yes,,,pokemon/TCG,#PokemonTCG #pokemon #pokemoncards #pokemonkarten #ebay,"A visually polished Pokémon TCG showcase featuring popular cards arranged in an aesthetic Japanese garden setting, synchronized with an emotional pop song to engage collectors.",,Polished Creator,Aesthetic,true,yes,https://www.tiktok.com/@lani_cards/video/7683589729643793696
ebay pokemon karten,ebay pokemon,2026-10-03,2026-10-05,vikas.binder,Vikas Binder,1079,35,,,unclear (hashtags only),hashtags only,yes,,,pokemon/TCG,#pokemon #customebinder #binder #ebay #slowpoke,A custom Pokémon binder artisan uses a chaotic viral restaurant video as a comedic opening hook to promote a handmade Slowpoke-themed binder currently listed on eBay.,,Raw UGC,Review,true,yes,https://www.tiktok.com/@vikas.binder/video/7692497236147588384
ebay pokemon karten,ebay pokemon,2026-10-04,2026-10-05,pokemon.shhh,PokemonHeatwave,161,2,1,,unclear (hashtags only),hashtags only,yes,,,pokemon/TCG,#psavault #ebay #forsale #liveauction #pokemoncards,"A promotional TikTok post advertising a live auction for a graded 1999 Topps Pokémon TV Foil Ninetails card, highlighting its PSA 7 condition and vintage appeal to attract TCG collectors and bidders.",,Polished Creator,Review,true,yes,https://www.tiktok.com/@pokemon.shhh/video/7692838577683680542
ebay pokemon karten,ebay pokemon,2026-10-05,2026-10-05,tarkanvural11,Schubidubidu,93,8,,1,unclear (hashtags only),hashtags only,no,,,pokemon/TCG,#creatorsearchinsights #30thpokemonanniversary #Pokemon #pokemoncards #hit,"A visually satisfying showcase of rare holographic Pokémon trading cards inside a binder, set to an atmospheric song and tagged for the Pokémon community.","German and English card text including Trainer N, Hisuian Zorua, Drifloon, Zacian V, Jirachi ex, Morpeko, Pikachu, Pikachu ex, Mewtu ex, Lugia, and Japanese card text on Pikachu ex",Casual Snapshot,Aesthetic,false,yes,https://www.tiktok.com/@tarkanvural11/video/7693250617006918944
ebay pokemon karten,ebay pokemon,2026-10-05,2026-10-05,3xp3rt31,Mathias,204,0,,,unclear (hashtags only),hashtags only,no,,,pokemon/TCG,#Magic #Pokemon #Tradingcards #Sammelkarten #Sport,,,,,,no,https://www.tiktok.com/@3xp3rt31/video/7693249340348943648
ebay pokemon karten,ebay pokemon,2026-10-05,2026-10-05,bigrob2408,BigRob2408,80,0,,,unclear (hashtags only),hashtags only,yes,,yes,pokemon/TCG,#shopping #shop #clothing #cards #pokemon,"A TikTok screen recording showcasing a large multi-category inventory of trading cards, apparel, and collectibles on a resale shop interface, accompanied by an assertive hip-hop track and cross-platform store promotion.","Shop, Sold, Purchases, Likes, Bulk actions, My Depop, Come shop with bigrob2408, Depop, eBay, Vinted, Poshmark, view count numbers on each thumbnail, pricing numbers.",Screen Recording,Vlog,true,yes,https://www.tiktok.com/@bigrob2408/video/7693033731052834078
ebay funde,ebay finds,2026-03-23,2026-10-05,vanessa.nmi1,nessa🧚🏾‍♀️,2998,255,37,20,unclear (hashtags only),hashtags only,yes,,,car parts,#ebayfinds #vintagefinds #louisvuitton #murakami,"An enthusiastic creator unboxes a vintage eBay luxury purchase, revealing rare Louis Vuitton Murakami sandals and sharing her excitement with her fashion-focused audience.",,Raw UGC,Haul,false,yes,https://www.tiktok.com/@vanessa.nmi1/video/7620535766350925089
ebay funde,ebay finds,2026-07-28,2026-10-05,dailymelsales,Dailymel,8448,189,118,13,unclear (hashtags only),hashtags only,yes,,,other/general,#ebay #ebayreseller #resellercommunity #ebayforbeginners #funds,"An established eBay reseller expresses frustration and confusion over unexpected fund holds and drastically reduced payouts, seeking validation from fellow community members experiencing similar issues.",,Raw UGC,Personal-update,false,yes,https://www.tiktok.com/@dailymelsales/video/7667562653237267743
ebay verkaufen,(German extra),2026-06-04,2026-10-05,chillwithlill5,Lilliana | eBay Reseller,50300,2381,50,92,unclear (hashtags only),hashtags only,yes,,,other/general,#whatsoldonebay #ebayseller #reselling #resellertiktok #resellercommunity,"An eBay reseller breaks down her recent sales totaling $133 across six items, detailing sourcing costs, sale prices, and days to sell for each piece.",,Raw UGC,Haul,false,yes,https://www.tiktok.com/@chillwithlill5/video/7647527148084825357
ebay verkaufen,(German extra),2026-10-01,2026-10-05,theohiopickers,TheOhioPickers,13200,305,17,32,unclear (hashtags only),hashtags only,yes,,,other/general,#ebay #reseller #resale #goodwill #yardsale,"An e-commerce seller introduces his top-ranking eBay store by displaying his 90-day earnings of over $57,000 while demonstrating his daily product listing workflow in a home basement.",,Raw UGC,Vlog,true,yes,https://www.tiktok.com/@theohiopickers/video/7691497825728826655
ebay live deutsch,(German extra),2026-05-08,2026-10-05,uweherrmanndresden,Uwe Herrmann | Brautmode etc.,25000,1013,44,10,unclear (hashtags only),hashtags only,no,,,other/general,#hochzeit #brautkleid #abiball #konfirmation #tiktoklive,"Formalwear boutique owner Uwe Herrmann announces an upcoming interactive TikTok livestream scheduled for Saturday at 12 PM, inviting viewers to ask questions about weddings, formal dresses, and event planning.",,Raw UGC,Vlog,true,yes,https://www.tiktok.com/@uweherrmanndresden/video/7637546312094829857
ebay live deutsch,(German extra),2026-09-30,2026-10-05,ebaylivewithvookum,Vookum,666,8,2,2,unclear (hashtags only),hashtags only,yes,,,watches,#submariner #rolexwatch #ebayseller #liveauction #business,"A luxury watch reseller narrates a live digital auction for a Rolex Submariner, expressing disbelief as the watch sells for a bargain price of eleven thousand six hundred dollars.",,Raw UGC,Vlog,true,yes,https://www.tiktok.com/@ebaylivewithvookum/video/7691448790745763092
ebay live deutsch,(German extra),2026-10-03,2026-10-05,visitusawithshahid,Mr 6 T,292,6,,,unclear (hashtags only),hashtags only,yes,,,other/general,#tiktoklive #livehighlights #ebay#amazon#live,"A middle-aged e-commerce seller shares unscripted thoughts during a live stream about eBay selling requirements and his own lack of experience with live selling, broadcasting from his inventory stockroom.",,Raw UGC,Personal-update,false,yes,https://www.tiktok.com/@visitusawithshahid/video/7692472425065303327
ebay fund,(German extra),2026-01-09,2026-10-05,bookhustler27,Bookhustler27,3995,122,12,3,unclear (hashtags only),hashtags only,yes,,,fashion/vintage,"#eBayFinds
#BookReselling
#SideHustle
#ResellerLife
#BooksThatSell","A female book reseller shares her recent profitable eBay sales, showing off books like Heretics of Dune and a vintage baseball program while encouraging viewers to get back to reselling.",,Raw UGC,Vlog,false,yes,https://www.tiktok.com/@bookhustler27/video/7593413606906055991
ebay fund,(German extra),2026-04-12,2026-10-05,akee_dreamdiaries_uk,🇬🇧 AKEE Dream Diaries UK,1057,7,,,unclear (hashtags only),hashtags only,yes,,,other/general,#ebay #ebayuk #earning #SLUKMyLifeStyle,"A TikTok post by AKEE Dream Diaries UK showcasing an eBay UK account balance of £144.76 via a smartphone screenshot, accompanied by energetic Tamil background music and targeted side hustle hashtags.",,Screen Recording,Screenshot,true,yes,https://www.tiktok.com/@akee_dreamdiaries_uk/video/7627880040130399506
ebay fund,(German extra),2026-08-30,2026-10-05,e.commerce51,E commerce Expert💸,14900,403,37,29,unclear (hashtags only),hashtags only,yes,,,other/general,#ebay #ebaysales #etsyseller #ecommerce #ecommercebusiness,An e-commerce tutorial video demonstrating step-by-step how an eBay seller processes a product return and issues a refund for an item.,,Screen Recording,Tutorial,false,yes,https://www.tiktok.com/@e.commerce51/video/7679885874468801810
ebay fund,(German extra),2026-09-13,2026-10-05,arishejaz1,Arish Ejaz,24000,964,73,103,unclear (hashtags only),hashtags only,yes,,,other/general,#ebay #ebaydropshipping #foryou #ebayseller #ebayuk,"A TikTok video by Arish Ejaz showing a screen recording of an eBay UK seller dashboard with over fifty thousand pounds in sales over ninety days, accompanied by Punjabi music and relevant e-commerce hashtags.",,Raw UGC,Tutorial,false,yes,https://www.tiktok.com/@arishejaz1/video/7685127128400071956
bei ebay bestellt,(German extra),2025-10-15,2026-10-05,eileenflips,eileenflips,4560,91,3,3,unclear (hashtags only),hashtags only,yes,,,toys/collectibles,#fyp #reseller #ebayseller,"Creator eileenflips shares her frustrating first-time experience paying international customs tariffs on an eBay purchase shipped from Canada, detailing the exact cost breakdown while showcasing a Hello Kitty Bearbrick collectible.",,Raw UGC,Storytime,false,yes,https://www.tiktok.com/@eileenflips/video/7561496497808870670
bei ebay bestellt,(German extra),2026-10-01,2026-10-05,flip2profit33,flip2profit33,1231,45,8,1,unclear (hashtags only),hashtags only,yes,,,other/general,#ebayreseller #fbmarketplace #makemoney #poshmarkseller #ebay,"A TikTok reselling creator packs five distinct items sold on eBay totaling $239.97 in revenue, combining satisfying ASMR packing visuals with transparent financial proof.",,Raw UGC,Vlog,true,yes,https://www.tiktok.com/@flip2profit33/video/7691499150520634655
ebay erfahrung,(German extra),2026-01-14,2026-10-05,dot.commerce,dot.commerce,35100,1134,68,166,unclear (hashtags only),hashtags only,yes,,,other/general,#ebay#DotCommerce #daska_sialkot #ebayseller #fyp,"An e-commerce seller on TikTok shares a rapid screen recording of an operational dropshipping spreadsheet demonstrating high profit margins and ROI on eBay and AliExpress orders, targeting aspiring online entrepreneurs.",,Screen Recording,Tutorial,true,yes,https://www.tiktok.com/@dot.commerce/video/7595279386006375688
ebay erfahrung,(German extra),2026-09-30,2026-10-05,heyihadthattoo,HeyIHadThatToo,3111,356,35,5,unclear (hashtags only),hashtags only,yes,,,fashion/vintage,#whatsold #ebay #reseller #resellercommunity #thrifting,,,,,,no,https://www.tiktok.com/@heyihadthattoo/video/7691427275719314701
ebay deutschland,ebay,2026-05-17,2026-10-05,tkknownledge.ebay,TK–knownledge ebay,15200,613,17,56,not German,English/other,yes,,,other/general,Amazon to eBay DS,A short screen recording tutorial demonstrating an e-commerce arbitrage opportunity by comparing a high-sales eBay listing for a black baseball cap with its lower-priced equivalent on Amazon.,,Screen Recording,Tutorial,false,yes,https://www.tiktok.com/@tkknownledge.ebay/video/7640877574264065300
ebay deutschland,ebay,2026-06-09,2026-10-05,finestflips,finestflips,1500000,82300,401,2397,not German,English/other,yes,,,cameras,"$4,134 sold on eBay today.

The weird stuff always wins.

German Slipknot clown mask.
10ft 45-star American flag.
1950s Nikon rangefinder camera.
Vintage SLR camera.
WWII newsletter.
Vintage boombox.","A reseller showcases a $4,134 single-day eBay sales total by packing up eccentric items like a Slipknot clown mask, a vintage boombox, and an antique American flag from a crammed storage unit, driving engagement through a prompt asking viewers what item they would pick.",,Raw UGC,Vlog,true,yes,https://www.tiktok.com/@finestflips/video/7649520426279898398
ebay deutschland,ebay,2026-07-15,2026-10-05,universal_commerece_uc,UNIVERSAL COMMERECE (UC),33500,1155,106,124,not German,English/other,yes,,,other/general,Client happy. Account restored. That’s the goal.✈️📈✅#eCommerce #ebay #reinstate #mc999 #eBayStore,"A screen recording showcasing the successful reinstatement of a client's suspended eBay seller account, moving from a suspension notice to an active restored store with live sales metrics.",,Screen Recording,Review,true,yes,https://www.tiktok.com/@universal_commerece_uc/video/7662895915421715734
ebay deutschland,ebay,2026-08-12,2026-10-05,hamza.ebay.expert,Hamza Ebay Expert,3332,60,2,13,not German,English/other,yes,,,car parts,TOP 3 Dropshipping Products Viral on Ebay USA 2026 #ebay #ebayseller #dropshipping,"Hamza Ebay Expert presents a quick-fire list of three viral dropshipping products for eBay in 2026, highlighting pet cooling mats, window track cleaning brushes, and car seat gap fillers alongside their wholesale buy prices and retail sell prices.",,Polished Creator,Tutorial,true,yes,https://www.tiktok.com/@hamza.ebay.expert/video/7673247048619035912
ebay deutschland,ebay,2026-08-13,2026-10-05,sterlingco1,Sterling Commerce Group,26200,1014,46,101,not German,English/other,yes,,,other/general,"Your eBay Listing Can Make or Break Your Sale.📈

Your eBay listing is your first impression.

Optimize the title, images, price & details to turn views into sales🚀.

#ebay #sterlingcommercegroup #eb","Sterling Commerce Group delivers an educational tutorial on eBay listing optimization, breaking down why quality products fail to sell and how optimizing titles, images, and item specifics drives conversions.",,Polished Creator,Tutorial,true,yes,https://www.tiktok.com/@sterlingco1/video/7673448435554585878
ebay deutschland,ebay,2026-09-21,2026-10-05,princezeeshanhaider,𝐌𝐮𝐡𝐚𝐦𝐦𝐚𝐝𝐙𝐞𝐞𝐬𝐡𝐚𝐧,206,29,7,,not German,English/other,yes,,,other/general,"𝗚𝗲𝗿𝗺𝗮𝗻𝘆 𝗲𝗕𝗮𝘆 𝗔𝗰𝗰𝗼𝘂𝗻𝘁 — 𝗥𝗲𝗮𝗹 𝗥𝗲𝘀𝘂𝗹𝘁𝘀 𝗜𝗻 𝗠𝗼𝗻𝘁𝗵 𝟮

A new account is only the starting point.
The real focus is consistent execution and sustainable growth.

#eBay #eC","A creator showcases month-two financial results for an eBay account operating in the German market, highlighting over 3,100 EUR in revenue to demonstrate e-commerce growth strategies.",,Polished Creator,Tutorial,true,yes,https://www.tiktok.com/@princezeeshanhaider/video/7687892637352791317
ebay vintage deutsch,ebay vintage,2025-11-18,2026-10-05,lenabodenhamer,Lena Bodenhamer,1420,48,2,,not German,English/other,yes,,,fashion/vintage,This week’s eBay find #vintage #ebay #pants,"A fashion creator shares a quick, aesthetic unboxing video of vintage trousers found on eBay, demonstrating the fit in a casual home setting.",,Raw UGC,Haul,false,yes,https://www.tiktok.com/@lenabodenhamer/video/7573869767283592478
ebay vintage deutsch,ebay vintage,2025-12-20,2026-10-05,itsmiiilannn,Milan,4480,448,21,4,not German,English/other,yes,,,fashion/vintage,"couldn’t wait until the morning! * no tag but vintage fur, beautiful jacket!!!!!! obsessed @ebay","Creator Milan shares a spontaneous late-night unboxing and try-on of a vintage black fur-trimmed jacket purchased on eBay, expressing excitement over the fit and styling potential.",,Raw UGC,Haul,false,yes,https://www.tiktok.com/@itsmiiilannn/video/7585812803567570231
ebay vintage deutsch,ebay vintage,2025-12-24,2026-10-05,naemi.thrifts,Naemi Thrifts,3724,60,2,,not German,English/other,yes,,,fashion/vintage,free shipping is next level! 😱 the after christmas shopping is gonna be wild 🥳 #thriftfinds#ebayfinds#secondhandclothes#shoppingaddict,A fashion creator shares her excitement over free shipping while demonstrating how to use a secondhand shopping app to find specific clothing items.,,Raw UGC,Vlog,false,yes,https://www.tiktok.com/@naemi.thrifts/video/7587489751180021014
ebay vintage deutsch,ebay vintage,2025-12-30,2026-10-05,keshavparvathanen,Keshav Parvathaneni,194,1,,,not German,unclear,yes,,,watches,Junghans ladies quartz watch #watches #swiss #german #vintage,A concise product showcase by Keshav Parvathaneni presenting a vintage Junghans ladies quartz watch with a call-to-action directing viewers to an eBay store link.,,Raw UGC,Review,true,yes,https://www.tiktok.com/@keshavparvathanen/video/7589656276355845407
ebay vintage deutsch,ebay vintage,2026-01-11,2026-10-05,wildastervintage,wild aster vintage,17200,2243,77,54,not German,English/other,yes,,,handbags/luxury,"having a little bit too much fun on @ebay these days

#vintagehaul #vintagefinds #ponyhair #vintagecoat #vintageboots #ebayfinds","A stylish apartment-set vintage fashion haul showcasing eBay purchases of cow-print coats, unique boots, and statement bags, edited rapidly to a driving beat.",,Raw UGC,Haul,true,yes,https://www.tiktok.com/@wildastervintage/video/7594242670386597150
ebay vintage deutsch,ebay vintage,2026-01-19,2026-10-05,rimachtsirgendwie,Ri macht’s irgendwie,7088,104,7,,not German,unclear,yes,,,fashion/vintage,#ikea #interiordesign #interior #diy #ikeadeutschand @IKEA @IKEA Switzerland,"A creator chronicles her hilarious disappointment after realizing she accidentally bought the wrong colorway of a vintage IKEA cantilever chair on eBay, contrasting her new black-framed chair with her existing brown-framed set.",,Raw UGC,Vlog,false,yes,https://www.tiktok.com/@rimachtsirgendwie/video/7597042313814117654
ebay vintage deutsch,ebay vintage,2026-01-21,2026-10-05,addicting.vintage,addicting.vintage,13600,310,10,83,not German,English/other,no,,,fashion/vintage,"Tired of buying vintage from the same suppliers? 👕🚛
We’re called Addicting for a reason.
Our clients come once… and they always come back.
Vintage sourcing that keeps you coming back for more.
👉 St","Addicting Vintage showcases its Italian wholesale warehouse, highlighting over 170 clothing categories, kilo and handpick areas, and buyer perks to attract vintage resellers.",,Raw UGC,Vlog,true,yes,https://www.tiktok.com/@addicting.vintage/video/7597733573637999894
ebay vintage deutsch,ebay vintage,2026-02-04,2026-10-05,laurainbk,Laura 🗽 NYC Mom,4309,259,44,5,not German,English/other,yes,,,fashion/vintage,"I love you, @ebay !

#ebay #ebayfinds #ebayhaul #vintagehaul #vintage","A fashion creator shares a curated haul of vintage finds purchased on eBay over her 20-year membership, highlighting the benefits of secondhand shopping and natural materials.",,Raw UGC,Haul,false,yes,https://www.tiktok.com/@laurainbk/video/7603090276898426142
ebay vintage deutsch,ebay vintage,2026-02-20,2026-10-05,jannestwelve,Jannes ☆,26200,2540,25,38,not German,English/other,yes,yes,yes,fashion/vintage,Vintage Hack!! How to find cool old things for good prices🧡 #vinted #depop #kleinanzeigen #ebay #clothes,"A fashion creator shares a strategic shopping hack for vintage reselling platforms, advising viewers to search for specific product features rather than trendy keywords to avoid inflated prices.",,Raw UGC,Tutorial,false,yes,https://www.tiktok.com/@jannestwelve/video/7608983177444543766
ebay vintage deutsch,ebay vintage,2026-02-25,2026-10-05,jonathan.kirby,Jonathan Kirby,11600,628,11,5,not German,English/other,yes,,,watches,@ebay is goated,"A fashion creator shares his personal eBay watched list to demonstrate how to affordably achieve a JFK Jr.-inspired menswear aesthetic by thrifting vintage items from brands like L.L. Bean, J.Crew, and Ralph Lauren.",,Raw UGC,Tutorial,false,yes,https://www.tiktok.com/@jonathan.kirby/video/7610896012084792590
ebay vintage deutsch,ebay vintage,2026-03-17,2026-10-05,dealstreasures,AstroZig,354,2,1,,not German,English/other,yes,,,fashion/vintage,Bavaria had and still has some of the best porcelain makers and Seltmann was and is one of them. This particular 3 piece set is a beautiful Liane pattern set with a stamp showing it made between 1948,"A concise product showcase presenting a vintage Seltmann Weiden porcelain set from Bavaria, highlighting its Liane pattern and 1948-1954 maker's stamp to drive interest to an eBay store.",,Polished Creator,Review,true,yes,https://www.tiktok.com/@dealstreasures/video/7618348722719591711
ebay vintage deutsch,ebay vintage,2026-04-05,2026-10-05,nostalgia.nightmares,Nostalgia.nightmares🔮,181300,25800,410,1098,not German,unclear,yes,,,fashion/vintage,OBSESSED!!!!!!!👻💫🎃🖤 #ebay #halloween #vintage #unboxing #haul @ebay,"A creator unboxes a vintage 90s Halloween cardigan purchased on eBay, expressing intense excitement and delight over its quality and nostalgic aesthetic.",,Raw UGC,Haul,false,yes,https://www.tiktok.com/@nostalgia.nightmares/video/7625421428489325854
ebay vintage deutsch,ebay vintage,2026-04-16,2026-10-05,34vintage.de,34vintage,22600,236,8,14,not German,unclear,no,,,fashion/vintage,www.34vintage.de🛍️🛒 #vintage #vintageclothing #vintageshop #vintagewebsite #fyp,"A TikTok photo carousel by vintage online retailer 34vintage, showcasing their website interface, brand inventory, and product categories using the popular POV format set to music, encouraging viewers to visit the site and claim a discount.",,Casual Snapshot,Photo-dump,true,yes,https://www.tiktok.com/@34vintage.de/video/7629381078955937057
ebay vintage deutsch,ebay vintage,2026-05-01,2026-10-05,filmnoirswan,🦢,35400,6269,98,643,not German,English/other,yes,,,watches,"I could watch this for hours, would you believe me that it was new in box too? Someone had it sitting in their attic for two decades! This silverplated musical swan carousel came from an eBay estate s","A short, aesthetically pleasing video showcasing a rare thrifted silver musical swan carousel, accompanied by a soothing music box melody and a conversational text overlay about the item's origin.",,Curated Aesthetic,Aesthetic,false,yes,https://www.tiktok.com/@filmnoirswan/video/7635073388586798366
ebay vintage deutsch,ebay vintage,2026-05-04,2026-10-05,sellingwithsully,sellingwithsully,1438,37,14,1,not German,English/other,yes,,yes,fashion/vintage,Don't pass on the RRL jackets based on vintage military styles #ebay #entrepreneur #vinted #ebayseller #reseller,"A reseller creator shares expert sourcing advice on TikTok, advising viewers not to pass on RRL military-style jackets and showcasing high-value eBay sold listings to prove profitability.",,Raw UGC,Tutorial,false,yes,https://www.tiktok.com/@sellingwithsully/video/7636143584747523350
ebay vintage deutsch,ebay vintage,2026-05-04,2026-10-05,airliftvintage,Shopairlift,554,11,,,not German,unclear,yes,,,fashion/vintage,EBAY LIVE X AIRLIFT #liveauction #ebaylive #vintagegems #streetwearfashion #vintagegems,"Pascal 'Mecki' Gherram, founder of Airlift Vintage, explains in a studio interview why he started hosting live auctions on eBay to solve the frustrations of buying vintage clothing online, promoting upcoming live streams and a special buyer incentive.",,Polished Creator,Vlog,true,yes,https://www.tiktok.com/@airliftvintage/video/7635969194554707232
ebay vintage deutsch,ebay vintage,2026-05-05,2026-10-05,rdklinc,John Bumstead,172000,20800,361,1328,not German,English/other,no,,,fashion/vintage,The Most Beautiful Computer EVER!!!  And It’s Never Been Turned On!!!  #vintage #retro #vintagecollection #electronics,"A vintage tech collector shares the thrilling acquisition of a mint-condition, unpowered 1980 LexisNexis UBIQ legal terminal for $600, defending his decision to preserve it as a sculpture rather than turning it on or modding it.",,Polished Creator,Vlog,false,yes,https://www.tiktok.com/@rdklinc/video/7636497093795859742
ebay vintage deutsch,ebay vintage,2026-06-05,2026-10-05,samdikhani,Sam Di Khani,90600,4402,96,219,not German,English/other,yes,,,handbags/luxury,"Was absolutely blown away from the quality of these vintage designer bags from Japanese resellers on eBay!!  

#vintagedesigner #unboxing #ebayfinds #gucci #fendi","Creator Sam Di Khani unboxes two vintage designer bags purchased from Japanese eBay sellers—a rare Fendi animal-print pony hair shoulder bag and a black suede Gucci Jackie bag—reacting with ecstatic, genuine excitement over their pristine condition.",,Raw UGC,Haul,false,yes,https://www.tiktok.com/@samdikhani/video/7647765086202842389
ebay vintage deutsch,ebay vintage,2026-07-05,2026-10-05,timegamble,Timegamble,20200,533,9,18,not German,English/other,yes,,,watches,"Every day I list a new vintage watch on eBay, and every auction starts at just $1.

No reserve price. No games. Just real vintage watches and real auctions.

⌚ Follow the channel so you don’t miss tom",A watch reseller showcases a massive inventory of vintage timepieces on TikTok to drive traffic to their daily $1 no-reserve eBay auctions.,,Raw UGC,Vlog,true,yes,https://www.tiktok.com/@timegamble/video/7659133436501855508
ebay vintage deutsch,ebay vintage,2026-07-08,2026-10-05,lalaloopsylalaa,vendela🪭,92500,19300,142,483,not German,English/other,yes,,,sneakers,"I will be selling all of these on my eBay & depop
Ebay- di-munds
Depop- vendelalala
#vintagedesigner #fashion #designershoes #depop #nyc","A TikTok resale announcement by creator vendela🪭 showcasing a massive personal archive of vintage designer shoes across numerous luxury brands, directing viewers to her eBay and Depop shops to purchase items from the haul.",,Raw UGC,Haul,true,yes,https://www.tiktok.com/@lalaloopsylalaa/video/7659957185450904862
ebay vintage deutsch,ebay vintage,2026-07-30,2026-10-05,wornfromqueens,Chris,114600,9083,190,1385,not German,English/other,yes,,,handbags/luxury,Looking for a trustworthy Japanese eBay seller? 🇯🇵 This is one of my favorites. I just bought a Louis Vuitton Red Epi Blair MM for only $362 shipped (including import fees). Here’s why I recommend t,"Creator Chris recommends a Japanese eBay luxury seller named BrandStreetTokyo, showing his own recent purchase of a Louis Vuitton Red Epi Blair MM for $362 shipped to build trust and provide actionable sourcing advice.",,Raw UGC,Review,false,yes,https://www.tiktok.com/@wornfromqueens/video/7668382424748821773
ebay vintage deutsch,ebay vintage,2026-08-03,2026-10-05,hollyrosieee,Holly Rose,1456,133,6,4,not German,unclear,yes,,,fashion/vintage,make him say yes #personalstyle #ebayfinds #ebay #ebaypleaseemailme #vintagefashion,"A creator uses a comedic lipsync trend to joke about aggressively lowballing sellers on eBay, targeting the vintage fashion and online thrifting community with relatable humor.",,Raw UGC,Comedy-skit,false,yes,https://www.tiktok.com/@hollyrosieee/video/7669928053719485727
ebay vintage deutsch,ebay vintage,2026-08-08,2026-10-05,twogenerationsvintage,Two Generations Vintage,468,19,1,,not German,English/other,no,,yes,fashion/vintage,"Shop our online antique booth! FREE SHIPPING on all orders! Download the app and begin shopping! ✨🧺🦢🖤 Make us an offer! 

https://www.vinted.com/member/3172874076-2generationsvintage

#vinted #fors","A digital storefront tour showcasing 118 vintage and antique items available for purchase on a mobile marketplace app, featuring free shipping and a call to make offers.",,Screen Recording,Haul,true,yes,https://www.tiktok.com/@twogenerationsvintage/video/7671749580727307551
ebay vintage deutsch,ebay vintage,2026-08-15,2026-10-05,finestflips,finestflips,340300,14400,67,286,not German,English/other,yes,,,cameras,"$1,465.10 sold on eBay today.

RCA ribbon microphone — $925
German field telephone — $185
Vintage USPS forms — $96.85
1868 illustrated Bible — $89.25
Kodak digital camera — $85
German hymnal — $45
Por","A TikTok creator showcases a day of eBay order fulfillment, detailing seven specific vintage items sold for a combined total of $1,465.10. By pairing raw first-person storage unit picking footage with verified eBay sold listings, the creator builds high curiosity and authority in the reselling niche, ultimately driving traffic to an educational link in their bio.",,Raw UGC,Vlog,true,yes,https://www.tiktok.com/@finestflips/video/7674052592539864351
ebay vintage deutsch,ebay vintage,2026-08-18,2026-10-05,vivafalastinleen,vivafalastin 🇵🇸,789900,125200,787,2253,not German,English/other,yes,,,handbags/luxury,the requested ebay lowball haul! this isn’t everything but my brother was getting mad about how many packages showed up so i went ahead and opened these lmao yes i am sick in the head! #ebayfinds #vin,"A creator shares an unboxing of her impulsive vintage eBay lowball purchases, showcasing multiple dresses, tops, and Coach bags with humorous, self-deprecating commentary about insomnia and shopping.",,Raw UGC,Haul,false,yes,https://www.tiktok.com/@vivafalastinleen/video/7675467093701086495
ebay vintage deutsch,ebay vintage,2026-09-01,2026-10-05,yulingwu,yuling,3083,315,5,5,not German,English/other,yes,,,sneakers,"vintage sole searching ;) turns out pre-loved is the way to go for petite shoes, and it all happens on @ebay live <3 #ebaypartner","Creator Yu Ling addresses petite shoe shopping challenges by demonstrating how vintage and kids-size pre-loved footwear offers the ideal fit, while promoting eBay Live as the premier platform to source these rare items in real-time.",,Raw UGC,Tutorial,true,yes,https://www.tiktok.com/@yulingwu/video/7680648646362189087
ebay vintage deutsch,ebay vintage,2026-09-08,2026-10-05,lucy.nina22,🛵ucy,30700,4714,49,54,not German,English/other,yes,,,handbags/luxury,Thank u eBay!  (This has literally been my dream bag for years I love her sm) #ysl #yslmombasa #vintage,"A TikTok creator excitedly shares her recent secondhand luxury purchase, a vintage YSL Mombasa handbag acquired via a successful lowball offer on eBay. The casual kitchen setting, relatable bargain-hunting narrative, and genuine enthusiasm make the post engaging and culturally aligned with vintage fashion communities.",,Raw UGC,Haul,false,yes,https://www.tiktok.com/@lucy.nina22/video/7683293985422495007
ebay vintage deutsch,ebay vintage,2026-09-08,2026-10-05,bethnicole.1,Beth Nicole,3416,255,2,3,not German,English/other,yes,,yes,handbags/luxury,Girl I got you!!! #underreview #vintage #designer #ebay #vinted,"Beth Nicole presents the first part of her guide to underrated and underpriced vintage designer brands, highlighting Bally as a high-quality, budget-friendly alternative to major luxury houses like Prada.",,Raw UGC,Tutorial,false,yes,https://www.tiktok.com/@bethnicole.1/video/7683185662115187990
ebay vintage deutsch,ebay vintage,2026-09-10,2026-10-05,eggisoutside,egg,5942,543,12,14,not German,unclear,yes,,,fashion/vintage,always shop secondhand!!! #ebayfinds #cycling #bikegirl #vintagehaul #ebay,"A creator shares a secondhand cycling apparel haul from eBay, featuring brands like Patagonia, Pearl Izumi, Novara, and Orca, framed within a casual, aesthetic vlog style.",,Raw UGC,Haul,false,yes,https://www.tiktok.com/@eggisoutside/video/7683696953837849870
ebay vintage deutsch,ebay vintage,2026-09-11,2026-10-05,alexisskylarr,lex,1397,120,5,5,not German,English/other,yes,,,handbags/luxury,"Replying to @stylemeang hope this helps people find their dream vintage bags <3 

#vintagedesignerbags #vintagegucci #vintagedesigner #ebayfinds #secondhandfashion",A fashion creator responds to a follower comment by sharing practical tips on how to verify the authenticity of vintage designer bags when shopping on eBay.,,Raw UGC,Tutorial,false,yes,https://www.tiktok.com/@alexisskylarr/video/7684072382650256654
ebay vintage deutsch,ebay vintage,2026-09-12,2026-10-05,deadbrokereselling,Dead Broke Flips,11200,123,3,1,not German,English/other,yes,,,fashion/vintage,"found the holy grail of retro gaming
#eBay #thrifting #nintendo #gaming #retro","A creator captures a successful thrift store find, unearthing an official Nintendo GameCube WaveBird controller priced at five dollars and proving its seventy-nine-dollar resale value, appealing directly to retro gaming and thrifting communities.",,Raw UGC,Vlog,false,yes,https://www.tiktok.com/@deadbrokereselling/video/7684497056882248974
ebay vintage deutsch,ebay vintage,2026-09-13,2026-10-05,millierosebw,Millie,11900,886,46,74,not German,English/other,yes,,,fashion/vintage,Added three vintage fur jackets to my collection for winter 🪽✨#ebayfinds #vintagefur #coatcollection #furcoat,"Fashion creator Millie shares a vintage eBay haul featuring three real fur coats purchased for under 200 pounds each, offering styling details, price points, and shopping tips while maintaining a relatable, chatty tone.",,Raw UGC,Haul,true,yes,https://www.tiktok.com/@millierosebw/video/7684959768544300321
ebay vintage deutsch,ebay vintage,2026-09-24,2026-10-05,jordansmed,Jordan Medina,9100,575,96,7,not German,English/other,yes,,,sneakers,"I often share my big vintage coach wins but I took some big loses recently that I wanted to share, and remind everyone how easy it is to get scammed or misled by a bag listing. 

@Poshmark @ebay 

#vi","Creator Jordan Medina shares two major recent vintage bag purchasing fails—a counterfeit saddle bag bought after misreading a Poshmark listing and a moldy, crushed red bag bought impulsively on eBay—to warn fellow collectors about online shopping pitfalls.",,Raw UGC,Personal-update,false,yes,https://www.tiktok.com/@jordansmed/video/7689223673894456590
ebay vintage deutsch,ebay vintage,2026-09-26,2026-10-05,rachelinarealway,Rachel in a real way,18600,1077,15,13,not German,English/other,yes,,,fashion/vintage,Vintage online shopping when you love to find affordable clothes #vintage #vintageshopping,"A fashion creator shares her budget-friendly vintage eBay haul featuring Ralph Lauren pieces, highlighting the benefits of lowball bidding for unique, affordable clothing.",,Raw UGC,Haul,false,yes,https://www.tiktok.com/@rachelinarealway/video/7689844614995512606
ebay vintage deutsch,ebay vintage,2026-09-28,2026-10-05,ashloveskitsch,🎄Ashleigh | Vintage Holiday🎄,44700,4436,390,450,not German,English/other,no,,,fashion/vintage,"one of my holy grail vintage christmas items is finally mine!! 

the ToyMaster Electric Cardboard Fireplace with Chimney was made in the 60s and the quality and functionality has really stood the test","A vintage holiday creator unboxes and assembles a rare 1960s ToyMaster cardboard electric fireplace found on an auction site for fifty-five dollars, documenting the humorous struggles of building it and revealing the impressive finished holiday display set to classic Christmas music.",,Raw UGC,Vlog,false,yes,https://www.tiktok.com/@ashloveskitsch/video/7690378517132938509
ebay vintage deutsch,ebay vintage,2026-09-30,2026-10-05,mystical.mayhem7,Mystical Mayhem,3427,184,26,6,not German,English/other,yes,,,fashion/vintage,"✨ SHIMMERS OF SUMMER SOLSTICE ✨

🌊 Friday, October 2 • 9 PM Eastern
✨ One-week eBay auction • Link in bio

The first jar in the Solstice & Equinox Drop has arrived.

Shimmers of Summer Solstice is an","An aesthetic showcase video announcing the first vintage jewelry jar drop of the Solstice & Equinox collection, featuring ocean-themed pieces available for auction on eBay.",,Polished Creator,Aesthetic,true,yes,https://www.tiktok.com/@mystical.mayhem7/video/7691468401578986783
ebay vintage deutsch,ebay vintage,2026-10-01,2026-10-05,green.emily,Emily Green,7691,815,227,21,not German,English/other,no,,,fashion/vintage,Get that sophisticated bohemian heirloom look with vintage pieces mostly under $200.✨DM ME & I’LL REPLY W/ LINKS OR SEE SHOPMY FOR LINKS✨ LINK TO COLLECTION: https://shopmy.us/shop/collections/7960780,"Fashion creator Emily Green presents a curated collection of vintage heirloom-style pieces under $200, positioning them as an antidote to the clean girl aesthetic, and instructs viewers to comment for direct shopping links.",,Polished Creator,Tutorial,true,yes,https://www.tiktok.com/@green.emily/video/7691837441862389022
ebay vintage deutsch,ebay vintage,2026-10-01,2026-10-05,theresellcouple,theresellcouple,51800,2766,135,621,not German,English/other,no,,,other/general,"It’s actually insane how much we were able to make this month😭 We want to give all the glory to God because He is the one helping us and patterning with us as we grow this business 🙌🏻🥰 

Honoring","A reseller couple documents ten months of profit growth in their home garage business, growing from under $800 to over $5,000 a month, highlighting family teamwork, faith, and dedication.",,Raw UGC,Vlog,true,yes,https://www.tiktok.com/@theresellcouple/video/7691527005182987551
ebay vintage deutsch,ebay vintage,2026-10-01,2026-10-05,romyagape,Romy Agape,560,29,6,1,not German,English/other,yes,,,fashion/vintage,Replying to @ebay  hi my #eBay love story @ebay @eBay UK #vintage #stylist,"Creator Romy Agape records a chatty storytime reacting to eBay commenting on one of her previous videos, explaining how she successfully bid on a vintage straw boater hat after seeing it in a boutique.",,Raw UGC,Storytime,false,yes,https://www.tiktok.com/@romyagape/video/7691489822929587488
ebay vintage deutsch,ebay vintage,2026-10-02,2026-10-05,deadbrokereselling,Dead Broke Flips,164000,1179,23,25,not German,English/other,yes,,,fashion/vintage,"This is why you always check the empty containers....🤫

#thrifting #sony #thrift #reseller #ebay","A reseller shares a quick thrift store tip on TikTok by demonstrating how checking inside empty containers pays off, revealing a vintage Deluxe Talkboy priced at $5.99 that resells for $165.",,Raw UGC,Haul,true,yes,https://www.tiktok.com/@deadbrokereselling/video/7692076292446915854
ebay vintage deutsch,ebay vintage,2026-10-03,2026-10-05,nickthrowsafit,Nick,94800,15400,382,391,not German,English/other,yes,,,fashion/vintage,"I’ve seen just about every version of vintage leather jackets from @Banana Republic but I’ve never seen this one. This is the best vintage banana republic item in my collection now, and I’m glad to ha","A fashion collector named Nick documents his successful hunt on eBay for an extremely rare 1985 Banana Republic sheepskin jacket and its matching vintage holiday catalog, combining personal storytelling with archival verification.",,Raw UGC,Vlog,false,yes,https://www.tiktok.com/@nickthrowsafit/video/7692595452759297311
ebay vintage deutsch,ebay vintage,2026-10-03,2026-10-05,rustichippies,Rustic Hippies,16600,657,15,36,not German,English/other,no,,,fashion/vintage,Replying to @Laine  my hack for cheap art is do it yourself with pre matted frames from the thrift. This frame cost me less than $7 #diy #homedecor #vintagestyle #marqueeletters #art,A creator responds to a follower's question about wall art by explaining her budget-friendly DIY hack: buying pre-matted frames at thrift stores and inserting custom vintage marquee letters to create personalized wall art for under seven dollars.,,Raw UGC,Tutorial,false,yes,https://www.tiktok.com/@rustichippies/video/7692468257663569183
ebay vintage deutsch,ebay vintage,2026-10-03,2026-10-05,lex_elliott_,Alexis,717,54,7,1,not German,English/other,yes,,,fashion/vintage,feel free to put me on 2x #antiquing #thrifthauls #estatesale #ebay,,,,,,no,https://www.tiktok.com/@lex_elliott_/video/7692429438042115359
ebay vintage deutsch,ebay vintage,2026-10-04,2026-10-05,kata_valdepena,kata_valdepena,1080,82,27,,not German,English/other,yes,,,car parts,Do you think I got a good deal on this? #ebayfinds #thriftfinds #ebay #vintagejacket #thrifted I,"A fashion creator unboxes an 80s vintage Guess denim jacket purchased on eBay for approximately 38 dollars while sitting in a classic car, discussing her growing jacket collection and asking followers if she got a good deal.",,Raw UGC,Haul,false,yes,https://www.tiktok.com/@kata_valdepena/video/7692922517513571597
ebay vintage deutsch,ebay vintage,2026-10-04,2026-10-05,soldandtell,Sold & Tell,1536,64,18,3,not German,English/other,no,,,fashion/vintage,"Mistakes were made & lessons were learned 🏡​ at this Estate Sale 

Sometimes I'm too hesitant on higher dollar items. Like this incredible, vintage, round thermostat from Honeywell. Which was still n","A reseller named Aaron shares a relatable story of regret after hesitating on a $50 vintage Honeywell thermostat at an estate sale, only to discover later that it sells for $350 online.",,Raw UGC,Storytime,false,yes,https://www.tiktok.com/@soldandtell/video/7692627585548684558
ebay vintage deutsch,ebay vintage,2026-10-05,2026-10-05,nicecomps,Charity Holden 🖤,289,23,,,not German,English/other,no,,,fashion/vintage,"Ever feel like you’re doing everything right, but the algorithm is still treating your thrift flips like a ghost town? Spooookyyyyy 👻 🪦 

We are waking up your dead inventory today! 🧟 ⏰ 

Today, I’",,,,,,no,https://www.tiktok.com/@nicecomps/video/7693161713989881118
ebay vintage deutsch,ebay vintage,2026-10-05,2026-10-05,rsbrownfield,Rachael,1836,166,7,1,not German,English/other,yes,,,fashion/vintage,"the one that (almost) got away 
@ebay 
Seller: endearin63

#rachreceipts 
#fashion 
#shopping 
#vintage 
#jewelry","Creator Rachael shares a heartwarming story about tracking down a vintage brass ram-head bracelet on eBay four years after accidentally leaving it behind at a market, combining personal storytelling, genuine excitement, and a shoutout to the seller.",,Raw UGC,Storytime,true,yes,https://www.tiktok.com/@rsbrownfield/video/7692999121765977358
ebay haul deutsch,ebay haul,2025-10-26,2026-10-05,ezimamaa,Ezinne.,29700,5512,62,156,not German,English/other,yes,,yes,handbags/luxury,I love #vinted #depop #ebay #preloved,"A fashion creator shares a Vinted and eBay thrift haul featuring Y2K designer items like Ed Hardy and Dolce & Gabbana, providing actionable search terms for each piece.",,Raw UGC,Haul,false,yes,https://www.tiktok.com/@ezimamaa/video/7565536429120490774
ebay haul deutsch,ebay haul,2025-11-12,2026-10-05,quantumquillchronicles,Quantum Quill Chronicles,546,43,,,not German,English/other,yes,,,fashion/vintage,"I am on a book buying band for the Nov & Dec BUT I bought these at the end of last month and I have some pre-orders coming in otherwise hanging in strong! I should have thought of eBay earlier, so thr","A BookTok creator shares a secondhand book haul purchased on eBay despite being on a self-imposed book-buying ban for November and December, showcasing Tolkien editions, fantasy novels, and wolf-themed books.",,Raw UGC,Haul,false,yes,https://www.tiktok.com/@quantumquillchronicles/video/7571947108438166815
ebay haul deutsch,ebay haul,2026-01-16,2026-10-05,jarsbyalexiss,Alexiss,34200,636,59,12,not German,English/other,yes,,,handbags/luxury,8lb jewelry lot from eBay! #vintagejewelry #vintagejewelrycollection #jewelryhaul #unboxing #ebayfinds,"A creator unboxes an 8-pound vintage jewelry lot purchased blindly on eBay, sorting through bags of mixed necklaces and bracelets while giving unscripted commentary.",,Raw UGC,Haul,false,yes,https://www.tiktok.com/@jarsbyalexiss/video/7595752288208145695
ebay haul deutsch,ebay haul,2026-01-17,2026-10-05,susiehamman,Susie Hamman,537,21,,1,not German,English/other,yes,,,handbags/luxury,"Dipping my toes in the eBay pool

Major inspo from @Leonie von Ungern-Sternberg and @SAINT LAURENT","Creator Susie Hamman shares a luxury consignment haul featuring two jackets found on eBay, drawing inspiration from creator Leonie von Ungern-Sternberg and Saint Laurent.",,Raw UGC,Haul,false,yes,https://www.tiktok.com/@susiehamman/video/7596465005222972727
ebay haul deutsch,ebay haul,2026-03-03,2026-10-05,ellyefoley,ellye foley,3461,162,11,6,not German,English/other,yes,,,fashion/vintage,the vintage Courreges Tank might be my new fav piece 👚 i’m so passionate about shopping sustainability/ through ebay please sound off on any questions hehe #ebay #vintage #haul #sustainablefashion #s,"Creator ellye foley shares an enthusiastic vintage eBay haul featuring items from Japanese sellers for an upcoming trip to Palm Springs, highlighting specific sellers, prices, and styling ideas.",,Raw UGC,Haul,false,yes,https://www.tiktok.com/@ellyefoley/video/7612818583072034061
ebay haul deutsch,ebay haul,2026-04-05,2026-10-05,justjordansreadsss,jordannn📚🫪,1082,134,43,1,not German,English/other,yes,,,fashion/vintage,My haul from ebay finally arrived don’t sleep on ebay! I got some good ass deals especially on the series!🫪🫱🏻‍🫲🏿 #bookhaul #stephenking #dune #bookrecs #booktok,"A BookTok creator shares his recent eBay book haul, featuring vintage-cover editions of Stephen King, Gene Wolfe, Frank Herbert, and Rick Riordan books, emphasizing great deals and his preference for original cover art over modern redesigns.",,Raw UGC,Haul,false,yes,https://www.tiktok.com/@justjordansreadsss/video/7625150760254213390
ebay haul deutsch,ebay haul,2026-05-02,2026-10-05,strawberrycream.archives,nana,869,83,8,,not German,unclear,yes,,,handbags/luxury,nothing like a little retail therapy.. (*ᴗ͈ˬᴗ͈)ꕤ*.ﾟ@ebay #vintagehaul #thriftfinds #ebayhaul,"Creator Nana shares a vintage eBay haul featuring 90s/2000s Prada bags and beaded tops, while candidly reflecting on how her online shopping sprees are tied to her emotional state.",,Raw UGC,Haul,false,yes,https://www.tiktok.com/@strawberrycream.archives/video/7635439442697735454
ebay haul deutsch,ebay haul,2026-05-13,2026-10-05,chainsaw.sara23,💀Chainsaw Sara💀,385,67,18,,not German,English/other,yes,,,toys/collectibles,Here's a recent ebay haul😁🖤 #toys #vintage #vintagetoys #toycollector #haul,"A vintage toy collector shares her latest eBay lot haul, highlighting specific troll dolls, California Raisins, and fast-food promotional toys while explaining her sourcing strategy.",,Raw UGC,Haul,false,yes,https://www.tiktok.com/@chainsaw.sara23/video/7639190007797927182
ebay haul deutsch,ebay haul,2026-07-10,2026-10-05,_divakawaii,𝒹𝒾𝓋𝒶 ⊹ ࣪ ˖ ໒꒱,13500,2522,31,52,not German,English/other,yes,,,toys/collectibles,"figure unboxing/haul!!!

sorry the video is long LOL i’m getting use to actually making/editing content!! 

#fyp #figurecollection #hatsunemiku #cutecore #unboxing","A creator unboxes four newly acquired Hatsune Miku figures purchased from eBay and Facebook Marketplace, discusses minor fixes and cleaning, and reveals her expanding collection on a newly set-up display shelf.",,Raw UGC,Haul,false,yes,https://www.tiktok.com/@_divakawaii/video/7660699698503634206
ebay haul deutsch,ebay haul,2026-07-26,2026-10-05,katie.fitzsimmons,Katie (◠ᴗ◠✿),16400,126,10,3,not German,English/other,yes,,,fashion/vintage,Vintage eBay baby clothes haul!! #vintage #ebay #babyclothes #babyboy,"A pregnant creator shares an eBay and vintage store haul of clothing items she bought for her upcoming baby boy, showcasing miniature sweaters, overalls, beanies, and shirts with enthusiastic commentary.",,Raw UGC,Haul,false,yes,https://www.tiktok.com/@katie.fitzsimmons/video/7666910574571179294
ebay haul deutsch,ebay haul,2026-07-26,2026-10-05,the_fandomfairy,the_fandomfairy,7851,1194,23,19,not German,English/other,yes,,,cameras,I’m starting my Starfire curriculum so i had to grab the first text book 😋💕. i believe this is the 2011 version and i got her from ebay. #unboxingvideo #comics #dccomics #teentitans #starfire #fyp #,"A comic book creator documents the unboxing and initial inspection of 'The New Teen Titans Omnibus Volume One' purchased from eBay. Set against a warm wooden tabletop with a top-down camera angle, the video combines satisfying unboxing ASMR with playful text overlays like 'forbidden cheeto' for packing peanuts. The post connects with the comic book collecting community on TikTok through genuine enthusiasm and appreciation for classic DC artwork.",,Raw UGC,Haul,false,yes,https://www.tiktok.com/@the_fandomfairy/video/7666838380549901599
ebay haul deutsch,ebay haul,2026-07-29,2026-10-05,taylorjoyriley,Taylor Joy Riley,10600,1174,15,41,not German,English/other,yes,,,fashion/vintage,"Back with more shockingly cheap @ebay finds and today we are talking about toddler and baby stuff! Great for a gift or for your own baby OR if youre a baby reading this, you can buy these for yourself","Creator Taylor Joy Riley shares specific, affordable vintage eBay categories for baby and toddler items, complete with exact search keywords and styling insights.",,Raw UGC,Tutorial,false,yes,https://www.tiktok.com/@taylorjoyriley/video/7668037959366544654
ebay haul deutsch,ebay haul,2026-08-09,2026-10-05,stefanietaylor,stefanie taylor,900800,94700,249,794,not German,English/other,yes,,,fashion/vintage,just binged all of sterling point and now i need a whole new wardrobe of vintage tees @Prime Video @ebay,"Creator Stefanie Taylor shares her fashion obsession sparked by costume design in the show Sterling Point, guiding viewers through her exact eBay search terms and favorite vintage t-shirt and sweatshirt finds.",,Raw UGC,Vlog,false,yes,https://www.tiktok.com/@stefanietaylor/video/7672036794178751775
ebay haul deutsch,ebay haul,2026-08-10,2026-10-05,thoughts.per.page,thoughts per page 📚📖,1463,165,5,2,not German,English/other,yes,,,other/general,"before anyone comes for me, this is a collective USEDD book haul from the past few months and all the money i spent is my own!! 
books are from: 
depop 
half price 
ebay 
pango
abe’s books 
twice sold","A BookTok creator showcases a massive second-hand fantasy and romantasy book haul spanning over twenty popular titles acquired across multiple resale platforms for under $170, presented as an aesthetic photo carousel.",,Raw UGC,Haul,false,yes,https://www.tiktok.com/@thoughts.per.page/video/7672237811218648351
ebay haul deutsch,ebay haul,2026-08-15,2026-10-05,dineinherecontent,dineinhere,2263,144,13,4,not German,English/other,yes,,,handbags/luxury,i love you @ebay ❣️ #ebayhaul #vintagedesigner #clothinghaul #fashion #y2kfashion,"A fashion creator shares an enthusiastic eBay unboxing haul featuring designer vintage pieces under $100, establishing her authority as a savvy secondhand shopper.",,Raw UGC,Haul,false,yes,https://www.tiktok.com/@dineinherecontent/video/7674410728656358669
ebay haul deutsch,ebay haul,2026-08-15,2026-10-05,tinytreasurehuntofficial,TTH,1510,54,3,6,not German,English/other,yes,,,toys/collectibles,"I may have gone a little Shopkins crazy… 😂💖 I bought OVER 800 Shopkins on eBay to start building my Shopkins collection and I honestly cannot believe how many there are! 😱🛍️
This is just the begin","A creator kicks off a Shopkins collecting series by unboxing an enormous eBay haul of over 800 miniature figurines, establishing high engagement through visual scale and 2010s nostalgia.",,Raw UGC,Haul,false,yes,https://www.tiktok.com/@tinytreasurehuntofficial/video/7674256351777803542
ebay haul deutsch,ebay haul,2026-08-18,2026-10-05,alyyssat,Alyssa Tucker,558,42,1,3,not German,English/other,yes,,,other/general,Unbox this order form eBay with me!,"Alyssa Tucker shares an unboxing and honest review of a 14K gold diamond station necklace ordered from eBay for over $800. After waiting a month, she expresses disappointment that the necklace features paperclip chains instead of the expected bezel-set design shown in listing photos, and notes that the included certificate incorrectly references green emeralds.",,Raw UGC,Review,false,yes,https://www.tiktok.com/@alyyssat/video/7675504973844712735
ebay haul deutsch,ebay haul,2026-08-22,2026-10-05,naxethan,NaXEthan,48600,8329,405,1563,not German,English/other,yes,,,toys/collectibles,all of these sets and pieces together would probably run you over like 500 bucks on eBay i'm so serious. this is the Bionicle dream irl dude #Bionicle,"A creator shares his genuine disbelief and excitement over discovering a complete set of vintage Bionicle canisters in pristine condition at a thrift store for only four dollars each, sparking intense 2000s toy nostalgia.",,Raw UGC,Vlog,false,yes,https://www.tiktok.com/@naxethan/video/7676968491005611278
ebay haul deutsch,ebay haul,2026-08-26,2026-10-05,infectedmindzz,𝒶𝓁𝒾𝒾໒꒱ˎˊ˗,570,75,1,,not German,unclear,yes,,,fashion/vintage,Depop/ ebay haullllll#haul #2000snostalgia #backtoschool #fall #inspo,"A short, aesthetically curated thrift haul video showcasing 2000s mall-brand clothing items from Depop and eBay, presented through flat-lay photography on a bed and synchronized to an upbeat background track.",,Raw UGC,Haul,false,yes,https://www.tiktok.com/@infectedmindzz/video/7678392528038595870
ebay haul deutsch,ebay haul,2026-09-01,2026-10-05,vivafalastinleen,vivafalastin 🇵🇸,88100,15200,202,224,not German,English/other,yes,,,handbags/luxury,"my @ebay lowball haul part two!!! unfortunately i did sort of outdo myself, apologies in advance #clothinghaul #ebay #suewong #vintagedress","A fashion creator humorously confesses to an insomnia-fueled eBay shopping spree, unboxing and reviewing multiple vintage designer pieces including Sue Wong dresses and a Fendi bag while acknowledging her overconsumption.",,Raw UGC,Haul,false,yes,https://www.tiktok.com/@vivafalastinleen/video/7680665542763547934
ebay haul deutsch,ebay haul,2026-09-04,2026-10-05,thethriftyaudball,Audrey | Debt Ninjas,671,68,14,2,not German,English/other,yes,,,fashion/vintage,"eBay: TheThriftyAudball

As a fellow craft girly, this made me so excited to find and seriously tempted me to start cross stitching! Buuuut, I have waaay too much yarn and fabric already! Hopefully th","An enthusiastic thrift reseller shares her latest haul of 10 vintage cross-stitch kits from the late 90s and early 2000s, explaining that she plans to sell them on her eBay store while keeping one for her grandmother.",,Raw UGC,Haul,true,yes,https://www.tiktok.com/@thethriftyaudball/video/7681529811034049806
ebay haul deutsch,ebay haul,2026-09-11,2026-10-05,brycekicks,Bryson Moore,7244,258,1,1,not German,English/other,yes,,,car parts,Vintage clothing haul #ebay #vintage @ebay,"A menswear creator shares a curated haul of vintage eBay purchases including a Brooks Brothers sweater vest, a Mercedes-Benz hat, and British military wool cargo pants, highlighting prices, fit, and styling details.",,Raw UGC,Haul,false,yes,https://www.tiktok.com/@brycekicks/video/7684330105887378695
ebay haul deutsch,ebay haul,2026-09-16,2026-10-05,ibishu.pigon,IbishuPigeon,9237,592,32,15,not German,English/other,yes,,,fashion/vintage,yes i used ram to open the box #fyp #tech #ebay #unboxing #package,"A tech creator unboxes two vintage motherboards, an MSI KT3 Ultra and an Elitegroup K7S5A, acquired from eBay, sharing plans to build socket 462 systems.",,Raw UGC,Unboxing,false,yes,https://www.tiktok.com/@ibishu.pigon/video/7686146784485264662
ebay haul deutsch,ebay haul,2026-09-18,2026-10-05,johnlennonbiggestfan12,Dolly 🦢📸💋,15800,2771,96,49,not German,English/other,yes,,,fashion/vintage,EBAY AND DEPOP HAUL #1960s #60s #funny #fyp #thebeatles,"A Gen Z creator enthusiastically unboxes vintage eBay and Depop packages, revealing a pink Sears nightgown and 1965 issues of 16 Magazine while making humorous, off-the-cuff remarks about school and her thrifting addiction.",,Raw UGC,Haul,false,yes,https://www.tiktok.com/@johnlennonbiggestfan12/video/7686926058628615454
ebay haul deutsch,ebay haul,2026-09-19,2026-10-05,ebayexpertcom,Ebay expert/ Ecom solution,7905,216,36,47,not German,English/other,yes,,,other/general,"Ali express tracking issue 
When we upload tracking if you doing dropshipping from Ali express to ebay#ebayseller #OnlineBusiness #Aliexpress #fyp #onlyforyou","An e-commerce expert provides a tutorial on handling AliExpress tracking numbers when dropshipping on eBay, advising sellers to wait until packages arrive in the destination country before uploading tracking to avoid compliance issues.",,Screen Recording,Tutorial,false,yes,https://www.tiktok.com/@ebayexpertcom/video/7687273254699928854
ebay haul deutsch,ebay haul,2026-09-27,2026-10-05,charrwilliams,Char & Reub,11000,413,76,81,not German,English/other,no,,,car parts,Possibly the best carboot haul we have had🤩🤩🤩 #resellercommunity #resellertiktok #reseller #carboot #fyp,"A reselling couple showcases 33 individual items bought at a car boot sale for 141 pounds with an estimated total listing value of 1,465 pounds, presented through rapid-fire item reveals and running financial counters.",,Raw UGC,Haul,true,yes,https://www.tiktok.com/@charrwilliams/video/7690239118022036739
ebay haul deutsch,ebay haul,2026-09-27,2026-10-05,sallysfamilycloset,SallysCloset,311,12,6,,not German,English/other,yes,,,fashion/vintage,"Bread and butter clothing finds that keep my eBay store going. 🛍️

#eBayReseller #ThriftHaul #ClothingReseller","An eBay reseller demonstrates her reliable bread-and-butter clothing inventory by unpacking a storage bin of thrifted everyday mall brands, offering practical sourcing guidance for fellow online sellers.",,Raw UGC,Haul,false,yes,https://www.tiktok.com/@sallysfamilycloset/video/7690017860889988366
ebay haul deutsch,ebay haul,2026-09-28,2026-10-05,honeyotaku,Honey Otaku,427,55,5,,not German,English/other,no,,,fashion/vintage,"🎃Halloween haul! 👻🛍️
Here’s everything I picked up to make my home a little more spooky and a LOT more festive. 👻🧡

I may have gotten carried away… but honestly, no regrets. 😂

Which one would y","Honey Otaku presents a vibrant, fast-paced Halloween haul video showcasing budget-friendly thrift finds and retail purchases centered around 80s and 90s nostalgia, dog-themed trick-or-treat items, and vintage decorations.",,Raw UGC,Haul,false,yes,https://www.tiktok.com/@honeyotaku/video/7690735601758260494
ebay haul deutsch,ebay haul,2026-09-28,2026-10-05,geelongflipper,Geelong-Flipper,242,4,,,not German,English/other,no,,,other/general,Just did a MASSIVE #HAUL VIDEO! It comes out 4 October but channel members get access now. Yes I’m trying to sell YouTube channel memberships. So if you like #reseller videos come join the fun on Geel,"Reselling creator Geelong Flipper walks through his inventory warehouse in a TikTok vlog, announcing upcoming YouTube reselling haul videos and transparently pitching paid YouTube channel memberships for early access.",,Raw UGC,Personal-update,true,yes,https://www.tiktok.com/@geelongflipper/video/7690417406509878549
ebay haul deutsch,ebay haul,2026-09-29,2026-10-05,worldofdaniela,Dani Resale,5210,302,12,4,not German,English/other,yes,,,fashion/vintage,"Come check out my latest second-hand haul! If you spot a dress you love, shop it on Depop, eBay or at www.prelovedbydani.com 🛍️ I’m currently shipping across the UK and looking into shipping to Europ","A second-hand clothing reseller unpacks a thrift bundle on TikTok, showcasing seven budget-friendly items including dresses, jumpers, and a fleece, while directing viewers to her online shops and website.",,Raw UGC,Haul,true,yes,https://www.tiktok.com/@worldofdaniela/video/7690695591889784067
ebay haul deutsch,ebay haul,2026-09-29,2026-10-05,lulytoons2,Luly Escandon,268,15,2,,not German,English/other,yes,,,fashion/vintage,"When the entire thriftstore is on sale for half off, I ran.  Here is my thrift haul that will be showcasing in my eBay store LulysBooth.  Great name brand finds. so happy to share. Ready for 4th quart","A reseller shares an exciting thrift store shoe haul featuring numerous brand-name finds purchased at a 50 percent off sale, intended for her eBay store LulysBooth.",,Raw UGC,Haul,true,yes,https://www.tiktok.com/@lulytoons2/video/7690808249410505998
ebay haul deutsch,ebay haul,2026-09-29,2026-10-05,ace8mycomics,Ace8MyComics,422,67,11,3,not German,English/other,yes,,,other/general,Don’t tell Buddy but Mailbox delivered some goodies! It’s a mini haul and I’m sharing some grails with you! Lmk what you’re hunting and if you’ll be making out to #LACC next month. I’d love to see you,"A comic book creator named Chris shares his first-ever eBay mail call haul on TikTok, showcasing variant covers by acclaimed artists like Dan Mora, Hayden Sherman, and Nick Dragotta. He expresses deep gratitude for reaching 200 followers and invites his community to connect and meet up at the upcoming LA Comic Con.",,Raw UGC,Haul,false,yes,https://www.tiktok.com/@ace8mycomics/video/7690769278261333262
ebay haul deutsch,ebay haul,2026-09-30,2026-10-05,tolliversonbrand,Tolliver & Sons,404,10,2,5,not German,English/other,yes,,,other/general,"When the wife finds your eBay AND Whatnot haul...
In my defense, they were all really good deals. 😅
Fellas, where do y'all hide your knife packages? Asking for a friend. Drop your best excuse in the","A humorous skit depicting a knife collector whose innocent single delivery spirals into an absurd mountain of secret eBay and Whatnot auction boxes, culminating in a disapproving look from his wife.",,Raw UGC,Comedy-skit,true,yes,https://www.tiktok.com/@tolliversonbrand/video/7691456752323235102
ebay haul deutsch,ebay haul,2026-09-30,2026-10-05,velvetandvault,Vivienne Vale,507,24,12,5,not German,English/other,yes,,yes,fashion/vintage,"My online storefronts are up and running!!! Come see me for great finds. I also have a baby antique mall haul. My usernames: Poshmark @jheuer Vault & Velvet, Mercari Vault and Velvet, eBay Vaultandvel","A lifestyle creator joyfully announces the launch of her multi-platform online vintage storefronts—Poshmark, Mercari, eBay, and Vinted—while treating viewers to a charming haul of Christmas antiques recently sourced from an antique mall.",,Raw UGC,Haul,true,yes,https://www.tiktok.com/@velvetandvault/video/7691404683000204558
ebay haul deutsch,ebay haul,2026-09-30,2026-10-05,yellowjacketsward,yellowjacketswardrobe,1939,175,10,11,not German,English/other,yes,,,fashion/vintage,EBay’s haul for today!!! Stay tuned #yellowjackets #yj #sophiethatcher #shaunashipman #nataliescatorccio,"The creator of the TikTok account yellowjacketswardrobe shares a preview of an upcoming eBay haul featuring clothing items and costume pieces from the TV show Yellowjackets, speaking casually to fans and highlighting specific character items.",,Raw UGC,Haul,true,yes,https://www.tiktok.com/@yellowjacketsward/video/7691353266029890823
ebay haul deutsch,ebay haul,2026-09-30,2026-10-05,buffalo.erin.vint,Buffalo Erin Vintage,445,36,2,1,not German,English/other,no,,,sneakers,"What Sold as a Parttime Reseller. 
This video is exactly why you should watch what sold videos more than the haul videos. 
Major Bolo kicking us off:

YAFFA
Nike
Gap
Ravens 
and a major BoNo - Lost Wo","A part-time reseller compares the educational value of 'what sold' videos versus haul videos by breaking down the exact costs, platform fees, and net profits for five recent inventory items.",,Raw UGC,Tutorial,false,yes,https://www.tiktok.com/@buffalo.erin.vint/video/7691165460041092366
ebay haul deutsch,ebay haul,2026-10-01,2026-10-05,sentelletta,siena🍇,71400,1916,42,114,not German,English/other,no,,,other/general,birlikte magaza gezdk #bershka haul,"A creator conducts a humorous, unfiltered haul and review of items inside a Bershka store, sharply critiquing bizarre or overpriced fashion pieces.",,Raw UGC,Haul,false,yes,https://www.tiktok.com/@sentelletta/video/7691776034336754965
ebay haul deutsch,ebay haul,2026-10-01,2026-10-05,trekthrifted,Trent Thrifted,5767,229,7,10,not German,English/other,yes,,,car parts,"THE $1,100 HARLEY THRIFT HAUL 🏍️

Someone donated their entire Harley collection to my local thrift and I grabbed the standouts. 

Got there right before closing too but boy was it worth it!! Wait fo","A thrift reseller documents a major score after discovering a massive vintage Harley-Davidson t-shirt donation right before store closing, validating the find with high-dollar eBay sold comparisons and prompting audience engagement.",,Raw UGC,Haul,true,yes,https://www.tiktok.com/@trekthrifted/video/7691729315402272031
ebay haul deutsch,ebay haul,2026-10-01,2026-10-05,flipping.out.rese,Flipping Out Resell,411,17,6,1,not German,English/other,yes,,,fashion/vintage,"My listings: 

https://ebay.us/m/eneJHj

#thrifthaul #thriftstorefinds #juicewrld #thriftreseller #thriftreselling","A reseller named Dan shares a thrift haul featuring clothing items like a Juice World collab shirt, Ralph Lauren polo, Levi's 501 jeans, an Iowa polo, and a Notre Dame t-shirt, ending with a call to action for viewers to pick their favorite.",,Raw UGC,Haul,true,yes,https://www.tiktok.com/@flipping.out.rese/video/7691654137951423774
ebay haul deutsch,ebay haul,2026-10-02,2026-10-05,joshmedley,joshmedley,566,29,4,,not German,unclear,yes,,yes,fashion/vintage,Sales a ramble…. #vinted #ebay #haul #reseller #whatsold,,,,,,no,https://www.tiktok.com/@joshmedley/video/7692080416702090499
ebay haul deutsch,ebay haul,2026-10-02,2026-10-05,flipping.out.rese,Flipping Out Resell,250,16,3,1,not German,English/other,yes,,,fashion/vintage,"My listings:

https://ebay.us/m/eneJHj

#thrifthaul #funkyshirt #thriftreseller #thriftreseller #onlinereselling","A thrift reseller showcases five unique vintage shirts and shorts in a casual haul video, encouraging viewers to check out his online listings.",,Raw UGC,Haul,true,yes,https://www.tiktok.com/@flipping.out.rese/video/7692052743271222558
ebay haul deutsch,ebay haul,2026-10-03,2026-10-05,lytton_,Lytton ✨,143,29,2,,not German,English/other,yes,,,fashion/vintage,clothing haul! not everything could fit in this video so stay tuned for pt 2 #clothinghaul #ebayfinds #ebay,"An enthusiastic second-hand clothing haul featuring vintage tops, jeans, and accessories sourced from e-commerce apps.",,Raw UGC,Haul,false,yes,https://www.tiktok.com/@lytton_/video/7692568769759038750
ebay haul deutsch,ebay haul,2026-10-03,2026-10-05,beatwicefellman,beatwicefellman,1019,29,4,,not German,English/other,yes,,,handbags/luxury,laughing at my big bag of skittles in the back #haul #ebay #thrift @ebay,A creator shares a fashion haul video unboxing a $100 vintage-style purple velvet dress found on eBay after reverse-image searching an overpriced Instagram vintage account.,,Raw UGC,Haul,false,yes,https://www.tiktok.com/@beatwicefellman/video/7692545057932463374
ebay haul deutsch,ebay haul,2026-10-03,2026-10-05,awniamh,neev •ﻌ•ྀི,9018,850,31,29,not German,English/other,yes,,,handbags/luxury,i hella lowballed the seller and they accepted so i literally could not refuse 😭😭 #japaneseebay #vintagedesigner #designerjewelry,"A fashion creator shares a vintage designer jewelry haul from Japanese eBay, showcasing a gold Dior letter necklace and a silver drop-down cube necklace while explaining how she successfully lowballed the seller.",,Raw UGC,Haul,false,yes,https://www.tiktok.com/@awniamh/video/7692520078125960462
ebay haul deutsch,ebay haul,2026-10-04,2026-10-05,flipit.shipit,Flipit & Shipit,132,2,,1,not German,English/other,no,,,fashion/vintage,"We got so lucky this week at the thrift store! 

Spent $30 total and got some great pieces for our Dungeons & Dragons room for very cheap and excellent quality. 

The Hokas and the Stanley will be fas","A thrift store haul video showcasing $30 worth of purchases for a D&D room, highlighting profitable resale items like Hokas and a Stanley cup, created by Flipit & Shipit.",,Raw UGC,Haul,true,yes,https://www.tiktok.com/@flipit.shipit/video/7692865515697556766
ebay haul deutsch,ebay haul,2026-10-04,2026-10-05,flip.fusion,Flip Fusion,808400,23900,309,269,not German,English/other,no,,,handbags/luxury,This will likely go down as the heaviest load of scrap steel I’ve ever been a part of. I’ve always dreamed of the luxury of having a roll off container brought to me instead of hauling the material my,,,,,,no,https://www.tiktok.com/@flip.fusion/video/7692837012537134349
ebay haul deutsch,ebay haul,2026-10-04,2026-10-05,flipping.out.rese,Flipping Out Resell,320,20,3,1,not German,English/other,yes,,,car parts,"My listings: 

https://ebay.us/m/eneJHj

#billabong #thrifthaul #thriftreseller #resellfinds #thriftstorefinds","A thrift reseller presents five distinct clothing items found while thrifting, discussing brands, sizing, and pricing while engaging his audience to drive traffic to his online listings.",,Raw UGC,Haul,true,yes,https://www.tiktok.com/@flipping.out.rese/video/7692785075527765279
ebay haul deutsch,ebay haul,2026-10-05,2026-10-05,insidethecellardoor55,Lisa Chapple,174,10,2,1,not German,English/other,no,,,other/general,"Goodwill Bins haul from last week! 

I picked up 43 pieces, but here are some of my favorites and the style keywords I'll be using when I list them. It's not always about the brand
—style keywords mat",,,,,,no,https://www.tiktok.com/@insidethecellardoor55/video/7693222299763232030
ebay kamera,ebay camera,2025-10-07,2026-10-05,retrotechsales,retrotechsales,2572,41,,,not German,unclear,yes,,,cameras,Trying something new#ebay #fypシ゚viral #digitalcamera #viralvideos #foryoupage #xybca #depop #ebayfinds,A vintage tech reseller showcases multiple camera sales on eBay by filming satisfying ASMR-style packing footage overlaid with actual order confirmation screenshots and prices.,,Raw UGC,Vlog,true,yes,https://www.tiktok.com/@retrotechsales/video/7558327415169207583
ebay kamera,ebay camera,2025-10-30,2026-10-05,taylor_russell_,Taylor Russell,257600,38300,124,718,not German,English/other,yes,,,cameras,"A vintage EBay find is good for the soul 🎞️✨

#filmcamera #olympusstylus #35mmfilm #ebay #film","A creator shares an aesthetic unboxing video of a vintage Olympus 35mm film camera and fresh rolls of Kodak film purchased on eBay, appealing directly to the film photography community through cozy visuals and satisfying tactile details.",,Raw UGC,Vlog,false,yes,https://www.tiktok.com/@taylor_russell_/video/7567118070339112223
ebay kamera,ebay camera,2025-11-04,2026-10-05,ilovewhenitgrains,ilovewhenitgrains,15300,153,4,2,not German,English/other,yes,,,cameras,When you find a cool little camera on ebay and get excited and don’t bother to look at the rest of the pictures 😭 anyone know if its an easy fix or get my money back? 😓 #camerafail #canont60 #slrcam,"A TikTok creator shares a moment of buyer's remorse after purchasing a vintage Canon T60 camera on eBay without properly inspecting all listing photos, revealing a totally ruined shutter upon opening the back, and asks the comment section for repair or refund advice.",,Raw UGC,Personal-update,false,yes,https://www.tiktok.com/@ilovewhenitgrains/video/7568672463685487902
ebay kamera,ebay camera,2025-11-11,2026-10-05,icedvanillalatte773,!!,1400,44,,1,not German,unclear,yes,,,cameras,ebay camera finds⚡️,"A young female creator documents her first-ever eBay purchase, unboxing a Canon EOS 7D Mark II camera that arrives in surprisingly pristine condition, capturing genuine shock and excitement.",,Raw UGC,Haul,false,yes,https://www.tiktok.com/@icedvanillalatte773/video/7571567737223253303
ebay kamera,ebay camera,2025-12-12,2026-10-05,cherylliuu,cheryl,729900,69600,160,3484,not German,English/other,yes,,,cameras,"best purchase evaaa… your sign that you can buy a good digicam without breaking the bank @canonusa #digicam #digicamrecommendation #canon #canonpowershot #ebayfinds 

outfit from @Lewkin","A creator recommends the vintage Canon Powershot A540 digital camera as an affordable alternative to expensive models like the G7X, backing up her claim with photo examples and practical usage tips.",,Raw UGC,Review,true,yes,https://www.tiktok.com/@cherylliuu/video/7583034903973907743
ebay kamera,ebay camera,2026-01-17,2026-10-05,sophstarz8,soph 🦇,807700,195700,493,19300,not German,English/other,yes,,,cameras,I need to charge it IM SO EXCITED #batman #ebayfinds #camera #digicam #yayyyy,"A creator enthusiastically unboxes a vintage 2000s Batman digital camera found on eBay, capturing the playful and nostalgic mood of the digicam collecting community.",,Raw UGC,Unboxing,false,yes,https://www.tiktok.com/@sophstarz8/video/7596115830186724639
ebay kamera,ebay camera,2026-01-21,2026-10-05,bastadot,basta,818,50,3,,not German,English/other,yes,,,cameras,"and the pictures were taken on an old digital camera I got on ebay 🤭
#photograhy","A creator shares a behind-the-scenes look at how she styles and photographs silver jewelry on a white table using fresh produce and a vintage digital camera purchased on eBay, concluding with the polished final shots.",,Raw UGC,Behind-the-scenes,false,yes,https://www.tiktok.com/@bastadot/video/7597739012383608086
ebay kamera,ebay camera,2026-02-08,2026-10-05,its.sophie_a,Alima 💋,6971,221,11,21,not German,English/other,yes,,,cameras,It’s the Sony cyber-shot dsc-w80 got it from eBay #digitalcameras #foryou #pourtoiii,"A short aesthetic TikTok video where a stylish creator poses with and showcases her vintage Sony Cyber-shot digital camera to an R&B soundtrack, tapping into the Y2K tech trend.",,Raw UGC,Vlog,false,yes,https://www.tiktok.com/@its.sophie_a/video/7604625182057090326
ebay kamera,ebay camera,2026-02-08,2026-10-05,itschvtli,Chesney,2041,101,,1,not German,English/other,yes,,,fashion/vintage,top tip when getting an old camcorder is make sure that is comes with all the cords you need. I checked on eBay with the seller beforehand after learning the hard way that they don’t all come with bat,Creator Chesney shares a tip about buying vintage camcorders on eBay and provides a step-by-step tutorial on how to transfer video files from a Sony DCR-SR42 camcorder to a computer using its docking station.,,Raw UGC,Tutorial,false,yes,https://www.tiktok.com/@itschvtli/video/7604359188663274765
ebay kamera,ebay camera,2026-02-17,2026-10-05,reselleruniversity1,Reseller University,11600,422,23,19,not German,English/other,yes,,,cameras,"What sold on eBay today as a full-time reseller.
$1,423 packed & shipped.

#ebay #reselling #resell #ebayseller #pathwaygrowthchallenge","A full-time eBay reseller breaks down a single day's camera and lens sales totaling $1,423, demonstrating inventory value and packing processes while inviting viewers to follow for reselling advice.",,Raw UGC,Tutorial,true,yes,https://www.tiktok.com/@reselleruniversity1/video/7607679380176833805
ebay kamera,ebay camera,2026-02-25,2026-10-05,madisonnvaughn,Madison | NY Wedding Photog,461,10,1,,not German,English/other,yes,,,cameras,"Replying to @Gabby | Wedding Photographer yes! I ordered from ebay, the profile I ordered from was: kamakura_camera_jp in case you’re interested :)",A wedding photographer responds to a follower's comment by sharing her positive first-time experience buying a Canon EOS 1V film camera from an eBay seller named kamakura_camera_jp.,,Raw UGC,Vlog,false,yes,https://www.tiktok.com/@madisonnvaughn/video/7610936621558451470
ebay kamera,ebay camera,2026-03-03,2026-10-05,nathanm4d,Nathan M,4387,54,10,2,not German,English/other,yes,,,cameras,"Had to buy off eBay as they are discontinued, was a mission in itself to find one #fashiontiktok #sonyrx100 #digitalcameras #sony #camera","Creator Nathan M shares a quick POV unboxing video of a discontinued Sony RX100 Mark 3 digital camera purchased off eBay after a difficult search, styled for the fashion and tech TikTok community.",,Raw UGC,Haul,false,yes,https://www.tiktok.com/@nathanm4d/video/7613092179904384278
ebay kamera,ebay camera,2026-03-20,2026-10-05,htdiane,₊˚⊹ diane ₊˚⊹,10200,330,5,16,not German,English/other,yes,,,cameras,she was only $70 off ebay #fyp #photgraphy #digitalcameras #camera #canon,"A lifestyle creator shares a satisfying, aesthetic unboxing and customization video of a secondhand Canon PowerShot A570 IS digital camera purchased for $70 on eBay, styled with kawaii stickers and a beaded strap.",,Lo-fi Authentic,Tutorial,false,yes,https://www.tiktok.com/@htdiane/video/7619207649397099806
ebay kamera,ebay camera,2026-04-02,2026-10-05,dre.lucu,dre.lucu,1846,100,10,,not German,English/other,yes,,,cameras,Camera unbox with me…from eBay!! Super excited to start using my Sony A6400,A creator shares her nervous anticipation and pleasant surprise while unboxing a used Sony A6400 camera and kit lens purchased from eBay in preparation for an upcoming trip.,,Raw UGC,Unboxing,false,yes,https://www.tiktok.com/@dre.lucu/video/7624280664052976910
ebay kamera,ebay camera,2026-04-24,2026-10-05,gstudio.jpeg,g/studio,1136,9,,1,not German,English/other,yes,,,cameras,Digicam market is crazy right now #ebay #digicam #cameras #seller #pov,"A daily reselling vlog documenting day 57 of selling cameras on eBay, specifically showcasing the packaging process for a Fuji JX500 digital camera from a satisfying top-down perspective.",,Raw UGC,Vlog,true,yes,https://www.tiktok.com/@gstudio.jpeg/video/7632419302343331086
ebay kamera,ebay camera,2026-05-01,2026-10-05,theotherlauren,other lauren,151800,21400,54,89,not German,unclear,yes,,,cameras,ebay camera update #digitalcamera #fyp #relatable,"A Gen Z creator shares a casual storytime update about buying a broken red digital camera on eBay, fixing it by hitting the lens, and discovering that the previous owner left their SD card inside containing photos from a 2012 Disney trip.",,Raw UGC,Storytime,false,yes,https://www.tiktok.com/@theotherlauren/video/7634711089447456030
ebay kamera,ebay camera,2026-05-12,2026-10-05,evamikhaila1,Eva,5203,172,17,6,not German,English/other,yes,,,cameras,"Me 🤝 buying cameras on eBay 

This is the Sony cybershot DSC-W810

I am obsessed ✨📸

#digitalcameras #digitalcamera #sonycybershot #ebayfind","Eva unboxes and reviews a 50 pound Sony Cyber-shot digital camera bought on eBay, sharing her initial doubts and ultimate satisfaction with the settings and picture quality.",,Raw UGC,Vlog,false,yes,https://www.tiktok.com/@evamikhaila1/video/7639141979288292630
ebay kamera,ebay camera,2026-05-30,2026-10-05,murahindonesa77,PUSAT KAMERA ORIGINAL MURAH,4572,29,10,8,not German,English/other,no,,,cameras,"Rp 300.000
📸🔥Kodak Fz55(Hot)🔥📸 ✨Kondisi ✨ 
⟡ Digicam preloved/second  
⟡ Body mulus judge by video 
⟡ Flash aman 
⟡ Zoom in/out aman 
⟡ Lensa aman 
⟡ Foto aman 
⟡ Record aman 
⟡ Semua button aman",A concise product demonstration reel showcasing the condition and working zoom function of a preloved Kodak digital camera listed for sale.,,Raw UGC,Review,true,yes,https://www.tiktok.com/@murahindonesa77/video/7645492141178866951
ebay kamera,ebay camera,2026-06-19,2026-10-05,thinkmediaofficial,Think Media,2468,53,1,1,not German,English/other,yes,,,cameras,"$69 on eBay. And it's a legitimate camera. 🤯
Not a toy. Not a compromise.
A Sony NEX that shoots great video AND crushes it for photography. 📸🎥
Both. For $69. 💸
And here's what makes it even smart","A tech creator reviews an inexpensive used Sony NEX camera found on eBay for $69, explaining its photo and video capabilities and compatibility with the Sony E-mount lens ecosystem as a smart entry-level setup for creators.",,Polished Creator,Tutorial,false,yes,https://www.tiktok.com/@thinkmediaofficial/video/7653226463482613009
ebay kamera,ebay camera,2026-06-20,2026-10-05,deadbrokereselling,Dead Broke Flips,887600,4629,121,48,not German,English/other,yes,,,cameras,"thrifting arlo cameras at goodwill to resell on ebay 

#thrifting #eBay #bolo #thrift #reseller","A reseller documents finding valuable Arlo security camera equipment hidden inside plastic coolers at a Savers thrift store, purchasing them for $5.99 and demonstrating their high resale value on eBay.",,Raw UGC,Vlog,true,yes,https://www.tiktok.com/@deadbrokereselling/video/7653277309910125838
ebay kamera,ebay camera,2026-06-30,2026-10-05,thepiratepicker,Thepiratepicker,192,6,,,not German,English/other,yes,,,cameras,📸 I found this camera while thrifting and flipped it on eBay! 👀 Vintage cameras are one of the hottest BOLO items for resellers. Don't leave money sitting on the shelf! What camera have you found la,"A thrift reseller shares a breakdown of how he bought a vintage Canon film camera for $5 and flipped it on eBay for $49.95, providing specific camera brands to look out for to encourage viewer engagement.",,Raw UGC,Tutorial,false,yes,https://www.tiktok.com/@thepiratepicker/video/7657331807691509005
ebay kamera,ebay camera,2026-07-02,2026-10-05,skyblueskin1,skyblueskin1,529,26,16,1,not German,English/other,yes,,,cameras,"Just bought my first digital camera on eBay and perhaps the last bc that shii was STRESSFUL 😵‍💫😵‍💫😵‍💫
#camera #digitalcamera #foryou #fypシ #fy","A TikTok user documents the stressful experience of purchasing their first digital camera secondhand on eBay, featuring an unboxing of a Sony Cyber-shot DSC-HX30V.",,Raw UGC,Vlog,false,yes,https://www.tiktok.com/@skyblueskin1/video/7657944032907218184
ebay kamera,ebay camera,2026-07-06,2026-10-05,selinhatay,selinhatay,44100,7399,42,188,not German,unclear,yes,,,cameras,someone forbid ebay #photography #camera #filmphotography #35mm #filmcamera,"A lighthearted TikTok vlog where a creator humorously documents her impulsive purchase of a film camera, resonating with photography enthusiasts through relatable humor and authentic aesthetic presentation.",,Raw UGC,Vlog,false,yes,https://www.tiktok.com/@selinhatay/video/7659441611994058017
ebay kamera,ebay camera,2026-07-07,2026-10-05,realvintage831,realvintage831,714000,34200,328,1321,not German,English/other,yes,,,cameras,"BOLO! Sony A7Riii for $325 😳😳

#photography #sony #a7 #ebay #reseller","A reseller documents a local Facebook or eBay marketplace pick-up, purchasing a Sony A7Riii camera and accessories in person for $325 cash.",,Raw UGC,Vlog,false,yes,https://www.tiktok.com/@realvintage831/video/7659623656187759885
ebay kamera,ebay camera,2026-07-14,2026-10-05,resellerluke,UK Reselling | Vinted & eBay,519,12,1,1,not German,English/other,yes,,yes,cameras,Turning a £34 Vinted find into an eBay sale! 💸 Digital cameras have become one of my favourite items to flip right now. Are you selling on Vinted or eBay yet? Let me know what you think of this profi,"A UK-based reseller shares a step-by-step case study of buying a Nikon Coolpix A10 digital camera on Vinted for 34.49 pounds and reselling it on eBay for 98.60 pounds, netting a 51.40 pound profit.",,Raw UGC,Tutorial,false,yes,https://www.tiktok.com/@resellerluke/video/7662463314324229398
ebay kamera,ebay camera,2026-08-09,2026-10-05,kaylanicolemaher,KAYLA MAHER,42100,3773,49,39,not German,English/other,yes,,,cameras,"I finally caved and bought the viral Canon SX740… but I got it USED off eBay 👀📸

Upon opening the camera i was immediately impressed with the care taken when packaging the camera along with all the","A creator shares her experience buying a viral Canon SX740 digital camera secondhand on eBay, unboxing it on camera, reviewing its condition and accessories, and providing pricing details and seller recommendations.",,Raw UGC,Review,true,yes,https://www.tiktok.com/@kaylanicolemaher/video/7672156340202032398
ebay kamera,ebay camera,2026-08-25,2026-10-05,brookesbam,brookie💕,5685,485,14,7,not German,English/other,yes,,,cameras,The last camera surprised me SOOOO much what #cameras #digitalcamera #ebay #ebayfinds #bidding,"A creator unboxes and tests a bundle of three vintage digital cameras bought on eBay for ninety-seven dollars, highlighting their features and testing the mystery camera.",,Raw UGC,Haul,false,yes,https://www.tiktok.com/@brookesbam/video/7678056236138384671
ebay kamera,ebay camera,2026-09-08,2026-10-05,deadbrokereselling,Dead Broke Flips,161400,961,23,12,not German,English/other,yes,,,cameras,"Thrifting nikon coolpix cameras at goodwill to resell on ebay!

 #reseller #thrift #Sony #ebay #gaming",A thrift store reseller shares a quick POV video discovering a Nikon Coolpix camera hidden behind stationery at Deseret Industries for 7.00 dollars and demonstrating its higher resale value on eBay.,,Raw UGC,Vlog,true,yes,https://www.tiktok.com/@deadbrokereselling/video/7683252962742881550
ebay kamera,ebay camera,2026-09-16,2026-10-05,user4412332117407,user4412332117407,714,16,1,,not German,unclear,yes,,,cameras,"Insane Camera Scores 🔥
#yard_sale #vintagecameras #resellerlife #ebayhunts #thriftstorefinds","A creator documents a yard sale hunting trip, negotiating prices on vintage cameras like Canon and Nikon models while displaying resale value screenshots to highlight profitable finds.",,Raw UGC,Vlog,false,yes,https://www.tiktok.com/@user4412332117407/video/7686185216938904863
ebay kamera,ebay camera,2026-09-18,2026-10-05,richhcoco_,Coco| Boston content creator,629,61,8,,not German,English/other,yes,,,cameras,"Just a girl who loves all things cameras @ebay 

#sonycybershot #digitalcamera #ebayfinds #bostoncreator","A Boston-based creator enthusiastically unboxes a pristine vintage Sony Cyber-shot digital camera bought on eBay for $40, sharing her passion for collecting second-hand tech gear.",,Raw UGC,Haul,true,yes,https://www.tiktok.com/@richhcoco_/video/7686926226522492173
ebay kamera,ebay camera,2026-09-26,2026-10-05,resale.man2,Resale Man,31100,1170,69,68,not German,English/other,yes,,,toys/collectibles,"Part 43 | Showing some recent eBay sales and getting them packed up and ready to be shipped out. Sales include a rare goosebumps box set, video games, DVDs, and more! #packingorders #ebayseller #asmrs","Part 43 of a series by Reseller Man showcases the packing of various eBay sales, ranging from Goosebumps books and video games to calculators and plush toys. Featuring satisfying ASMR packing sounds and transparent sales data, the video provides a glimpse into the life of a part-time reseller.",,Raw UGC,Vlog,false,yes,https://www.tiktok.com/@resale.man2/video/7689852253447965965
ebay kamera,ebay camera,2026-09-28,2026-10-05,deadbrokereselling,Dead Broke Flips,350100,1015,11,22,not German,English/other,yes,,,cameras,This was hiding in plain sight… 👀 #reseller #canon #thrift #Sony #ebay,"A reseller documents a successful thrift store find, uncovering a valuable Canon film camera hidden inside a decorative cardboard box that was overlooked by store staff, and proving its profitability with eBay sold listings.",,Raw UGC,Vlog,false,yes,https://www.tiktok.com/@deadbrokereselling/video/7690425961417886989
ebay kamera,ebay camera,2026-09-29,2026-10-05,deadbrokereselling,Dead Broke Flips,174100,686,14,58,not German,English/other,yes,,,cameras,"$800+ camera set... thank you for the biggest win of the month. Found these Logi Mevo cameras sitting for $7.99. These sell for $275 EACH all day on eBay.

 #gaming #reseller #Logitech #thrift #ebay","A thrift store reseller shares a major score on TikTok, capturing the discovery of three underpriced Logitech Mevo Start cameras at Goodwill for $7.99 each and proving their $275 individual resale value on eBay.",,Raw UGC,Haul,true,yes,https://www.tiktok.com/@deadbrokereselling/video/7690961651302026510
ebay kamera,ebay camera,2026-09-29,2026-10-05,erics.zone,Eric’s zone,1014,28,,2,not German,English/other,yes,,,cameras,"$4 yard sale find… $50 on eBay! 📸💰

Would you have bought it? YES or PASS? 👇

#YardSaleFinds #eBayReseller #hustle #fyp #yardsale","A creator shares a quick POV video documenting a yard sale find, highlighting a digital camera bought for $4 that sells for $50 on eBay, prompting audience engagement through a question in the caption.",,Raw UGC,Vlog,false,yes,https://www.tiktok.com/@erics.zone/video/7690816968756088078
ebay kamera,ebay camera,2026-09-29,2026-10-05,slowpokewell,lomey,26000,492,30,30,not German,English/other,yes,,,pokemon/TCG,"i think this box was resealed 🤔 i bought it from a trustworthy ebay…🫩 

#pokemontcg #fyp #viral #pokepulls #pokemoncards","A creator films a first-person POV opening of a Japanese Pokémon TCG booster box purchased from eBay, punctuating the pack-ripping process with humorous, self-deprecating text overlays and mock valuations of the pulls.",,Raw UGC,Opening,false,yes,https://www.tiktok.com/@slowpokewell/video/7690751443745197342
ebay kamera,ebay camera,2026-09-30,2026-10-05,deadbrokereselling,Dead Broke Flips,38800,201,11,10,not German,English/other,yes,,,cameras,"the Thrift Store really used a microwave as a display case for a Sony camcorder. Paid pocket change.👀

#ebay #thrift #sony #canon #reseller","A thrift store reseller shares a quick POV video discovering a Sony Handycam hidden inside a toaster oven, purchased for $5.00 and shown to have a significantly higher resale value online.",,Raw UGC,Vlog,false,yes,https://www.tiktok.com/@deadbrokereselling/video/7691393180708670734
ebay kamera,ebay camera,2026-09-30,2026-10-05,the__artbox,ArtBoxTV,1059,100,23,3,not German,English/other,yes,,,other/general,I’m blown away at the support you guys have shown to my ACEO cards. No matter the art direction I take them in. Even still this little Windoe Kitty was the last card I expect to be in a bidding war 🙏,"An independent artist expresses genuine surprise on TikTok as a simple window cat sketch card unexpectedly sparks a bidding war on eBay, inviting his community to join the auction.",,Raw UGC,Vlog,true,yes,https://www.tiktok.com/@the__artbox/video/7691375281172466958
ebay kamera,ebay camera,2026-09-30,2026-10-05,ebaychuck23,ebaychuck23,9184,482,10,31,not German,English/other,yes,,,car parts,"Go lock in with this and I promise you you’ll see success. No, this is not a get rich quick scheme. It is a side hustle that is proven to work. #ebay #quickdrop #reselling #wholesale #targetaudience","A young creator films a casual bedroom vlog claiming to have made 40k on eBay through wholesaling high-ticket items. He uses smartphone screen recordings of customer chat logs, earnings dashboards, and product examples to substantiate his claims, ultimately offering mentorship to interested viewers.",,Raw UGC,Vlog,true,yes,https://www.tiktok.com/@ebaychuck23/video/7691165589116603678
ebay kamera,ebay camera,2026-10-01,2026-10-05,moniquei8,Monique | Relatable Mum Life🤎,1679,117,16,12,not German,English/other,yes,,,cameras,ad POV: Your pre-loved camera is helping fund your new one 😉📸 It’s free to sell on @eBay UK and so easy to list straight from the app. Sell for free now 💙,"Mom influencer Monique shares a nostalgic reflection on her old Canon camera, which captured years of family milestones, before announcing she is selling it for free on eBay UK to fund an upgrade for her growing family of five.",,Raw UGC,Vlog,true,yes,https://www.tiktok.com/@moniquei8/video/7691778437035363617
ebay kamera,ebay camera,2026-10-02,2026-10-05,mariaestefaniap,Mari | Florida photographer,347,23,12,1,not German,unclear,yes,,,cameras,"Recomienden film 🎞️ 
#ebay #filmcamera #ebayfinds #filmtok #film",A Florida wedding photographer unboxes two vintage film cameras purchased on eBay—an Olympus Superzoom 115 and a Canon Sure Shot 80 Tele—and asks her TikTok audience for film stock recommendations.,,Raw UGC,Haul,false,yes,https://www.tiktok.com/@mariaestefaniap/video/7692110275100593439
ebay sneaker,ebay sneakers,2025-11-17,2026-10-05,ks_kickss,ks_kicks,1200000,35700,874,2117,not German,English/other,no,,,sneakers,"Did she miss anything?

@Rome The Goat Shop #sneakers #fyp #sneakercon #eboy #airjordan","A sneaker expert at Sneaker Con provides a detailed, step-by-step authentication guide for a pair of black Air Jordan 5 sneakers, inspecting everything from box labels and QC stickers to stitching, hang tags, and footbed stamps before verifying them as legitimate.",,Raw UGC,Tutorial,false,yes,https://www.tiktok.com/@ks_kickss/video/7573734687223385358
ebay sneaker,ebay sneakers,2025-11-21,2026-10-05,imovebricks,iMoveBricks 👟🧱,27800,540,25,35,not German,English/other,no,,,sneakers,Are R3Ps Quality Better than Nike’s ? 🤯 Air Jordan 12 Taxi 🔥 #jordan12 #jordan #sneakers #shoes #sneakerhead,A sneaker creator uses a retail receipt and macro camera shots of stitching flaws on an authentic Air Jordan 12 Taxi to argue that replica sneakers can sometimes feature superior manufacturing quality compared to retail Nike pairs.,,Raw UGC,Review,true,yes,https://www.tiktok.com/@imovebricks/video/7575168121053433118
ebay sneaker,ebay sneakers,2026-01-02,2026-10-05,rose.khater,Rose | Sydney Vlogger,477500,13500,192,6654,not German,English/other,no,,,sneakers,"If your looking for A grade, quality sneakers then I’ve found the perfect spot for you! Super cheap pricing and new stock is always being added. @clearancesportdepot 
📍 137-139 Princess Hwy, Arncliff","A Sydney vlogger showcases a local discount sneaker warehouse featuring heavily marked-down luxury and streetwear brands, utilizing fast-paced POV shots and clear pricing callouts.",,Raw UGC,Review,true,yes,https://www.tiktok.com/@rose.khater/video/7590878986721430805
ebay sneaker,ebay sneakers,2026-02-19,2026-10-05,storageauctionpirate,storageauctionpirate,4630,52,6,1,not German,unclear,yes,,,sneakers,Shoe authentication be like @ebay #nike #fyp #foryou #tiktok #ebay,A short comedic TikTok video poking fun at sneaker authentication rituals by having a creator dramatically smell a shoebox and sneakers.,,Raw UGC,Comedy-skit,false,yes,https://www.tiktok.com/@storageauctionpirate/video/7608686357354958093
ebay sneaker,ebay sneakers,2026-03-01,2026-10-05,aminotnata,Ami ♡,23100,461,51,44,not German,English/other,yes,,,sneakers,ASICS Kayano 14 off eBay for £60… (£110 off retail) 👁️ unboxing. Shop around before you buy! #asics #asicskayano14 #kayano14 #shoerecommendations #trainers,"A fashion creator unboxes a pair of ASICS Kayano 14 sneakers bought off eBay for 60 pounds, sharing money-saving tips while bantering with a passenger.",,Raw UGC,Haul,false,yes,https://www.tiktok.com/@aminotnata/video/7612289775969537302
ebay sneaker,ebay sneakers,2026-03-30,2026-10-05,overtimekicks,Overtime Kicks,510200,32600,158,1260,not German,English/other,no,,,sneakers,I think my Jordan 4s might be FAKE 🥀 @Overtime Thomas #sneakers #shoes #stockx #nike #jordan,"Overtime Kicks visits the StockX warehouse to verify whether his Air Jordan 4s are authentic, exploring the facility, testing his guessing skills on sneakers and apparel, and revealing advanced CT scanning technology used by authenticators.",,Raw UGC,Vlog,true,yes,https://www.tiktok.com/@overtimekicks/video/7623179457456508191
ebay sneaker,ebay sneakers,2026-03-30,2026-10-05,ebaylady75,ebayLady,178,2,2,4,not German,English/other,yes,,,sneakers,"Another pair of sneakers listed 🌟👟
Link in comments 👇⬇️ 
@audicious on eBay!!!

#shoes #happy #ebay #affordable #fyp","An eBay reseller promotes a new listing of metallic silver women's sneakers through a fast-paced, rhythm-synced product showcase video on TikTok, directing users to the store link in the comments.",,Raw UGC,Haul,true,yes,https://www.tiktok.com/@ebaylady75/video/7623121933827132702
ebay sneaker,ebay sneakers,2026-04-01,2026-10-05,scottantoniolovece,Scott | Dad Hacks & Money,1688,36,7,1,not German,English/other,yes,,,sneakers,"Last 24 hours as a footwear reseller on eBay 👟📦

This is exactly why I went all in on shoes… consistent sales, solid profit, and way less hassle than clothing.

Clean → list → sell → repeat 🔁

If y","A full-time eBay shoe reseller walks through his sales over the past 24 hours, displaying specific profit margins on sneakers, boots, and remaining clothing items while explaining his decision to drop apparel from his inventory.",,Raw UGC,Vlog,true,yes,https://www.tiktok.com/@scottantoniolovece/video/7623848695548710166
ebay sneaker,ebay sneakers,2026-05-13,2026-10-05,thrift.shop.papi,thrift.shop.papi,3705,70,3,3,not German,unclear,yes,,,sneakers,Jordan 4 Ebay authentication 👟🤔 #sneakers #sneakerhead #jordan #hypebeast #fy,"A behind-the-scenes look at an eBay authenticator inspecting a pair of Jordan 4 sneakers at a Sneaker Con booth, emphasizing brand legitimacy and professional verification in the sneaker market.",,Raw UGC,Behind-the-scenes,true,yes,https://www.tiktok.com/@thrift.shop.papi/video/7639477758996876557
ebay sneaker,ebay sneakers,2026-06-04,2026-10-05,davidregalado_fw,David Regalado,5124,55,,1,not German,English/other,no,,,sneakers,One of the easiest ways to spot fake or authentic sneakers is with a blacklight. Watch what appears on this pair. #SneakerAuthentication,"A sneaker reseller demonstrates how using a UV flashlight reveals hidden authentication stamps on Nike sneaker boxes, offering a practical tip for spotting authentic versus counterfeit footwear.",,Raw UGC,Tutorial,false,yes,https://www.tiktok.com/@davidregalado_fw/video/7647329331508743454
ebay sneaker,ebay sneakers,2026-06-13,2026-10-05,menndryy,mendry,29500,1422,10,16,not German,unclear,yes,,,sneakers,"DUNK SB EBAY👟
#nike #ebay","A sneaker creator tells the story behind the legendary sliced Nike Dunk SB Ebay sneakers, detailing their 2003 origin, destruction, auction, and connection to Sandy Bodecker, before sharing his personal opinion and asking for viewer comments.",,Polished Creator,Storytime,false,yes,https://www.tiktok.com/@menndryy/video/7650941718136753430
ebay sneaker,ebay sneakers,2026-06-14,2026-10-05,alicegymmyreal,alicegymmy,12500,399,8,10,not German,unclear,yes,,,other/general,@ebay_uk #eBayLive so fun 😍😍,A relatable and humorous short-form video illustrating how getting distracted by eBay Live shopping streams interrupts daily fitness routines.,,Raw UGC,Vlog,true,yes,https://www.tiktok.com/@alicegymmyreal/video/7651157761308347670
ebay sneaker,ebay sneakers,2026-06-28,2026-10-05,deefootwork,DeeFootwork,1114,56,3,,not German,English/other,yes,,,sneakers,"Here’s some dos and donts for me when it comes to shipping off shoes 

#sneakers #sneakercommunity #shipping #jordans #ebay","A sneaker reseller shares practical dos and donts for shipping shoes based on her growing online sales, offering tips on saving boxes, requiring upfront payment with references, and purchasing shipping labels and insurance.",,Raw UGC,Tutorial,false,yes,https://www.tiktok.com/@deefootwork/video/7656505427450023198
ebay sneaker,ebay sneakers,2026-07-09,2026-10-05,sameoldseth,Seth,38200,1583,12,36,not German,English/other,yes,,,sneakers,"I finally got my FIRST pair of Travis Scott Jordan 1s, all thanks to a deal I found on eBay Live!

Now that prices have evened out, now is the perfect time to hunt down those sneakers you

missed out","Creator Seth shares his excitement over purchasing his first pair of Travis Scott Fragment Jordan 1 Low sneakers at a discount via eBay Live, promoting the eBay app and its Authenticity Guarantee.",,Polished Creator,Review,true,yes,https://www.tiktok.com/@sameoldseth/video/7660660919818669325
ebay sneaker,ebay sneakers,2026-08-05,2026-10-05,officialwheelzanddealz,Wheelz and dealz,4383,58,5,6,not German,English/other,yes,,,sneakers,"If you sell these 3 types of shoes on eBay, you could build a million-dollar business. 👟💰

No shoe is going to make you a millionaire overnight.

But consistently sourcing the right brands can help","An eBay reseller breaks down three specific running shoe models—Hoka Bondi SR, Hoka Bondi 8, and On Cloud Horizon—that yield strong resale margins, emphasizing consistent sourcing over overnight success.",,Raw UGC,Tutorial,false,yes,https://www.tiktok.com/@officialwheelzanddealz/video/7670371480764419358
ebay sneaker,ebay sneakers,2026-08-07,2026-10-05,sha.n1a,shania,3905,293,18,40,not German,English/other,yes,,,sneakers,"got em for a steal on @ebay as usual 
-
-
-
#balenciaga #citysneaker","A silent, aesthetically curated TikTok video showing the unboxing and styling of pink Balenciaga City Sneakers sourced via eBay, combining unboxing satisfaction with a subtle fashion flex.",,Raw UGC,Haul,true,yes,https://www.tiktok.com/@sha.n1a/video/7671411576271899917
ebay sneaker,ebay sneakers,2026-08-15,2026-10-05,ilovelili6969,ilovelili6969,41700,448,50,52,not German,English/other,yes,,,sneakers,I bought some playoff 8s for a good price off eBay…. Hopefully I can return this junk 🤦🏻‍♂️ #fakejordans #jordanneverdidthatmove #bts #jordans #sneakers,"A TikTok creator humorously laments buying fake Air Jordan playoff 8s off eBay that turned out to be terribly made, using the classic 'how fast do I gotta walk' meme to engage the sneakerhead community.",,Raw UGC,Comedy-skit,false,yes,https://www.tiktok.com/@ilovelili6969/video/7674338343961873695
ebay sneaker,ebay sneakers,2026-08-15,2026-10-05,cakepopgrrl,cakepopgrrl,1775,200,6,9,not German,English/other,yes,,,sneakers,"i loveee 🥹🥹 ebay my goat

#onitsukatiger #maryjaneshoes","A creator enthusiastically shares her eBay purchase of Onitsuka Tiger Mary Jane sneakers, showing detailed product shots, tag removal, and an outfit styling demonstration.",,Raw UGC,Haul,false,yes,https://www.tiktok.com/@cakepopgrrl/video/7674052071338937614
ebay sneaker,ebay sneakers,2026-09-05,2026-10-05,topshelfkicks,topshelfkicks,172900,3763,25,69,not German,English/other,yes,,,sneakers,"Did these 4's look too good to be true? Shop with us on EBay and check out our YouTube, link in bio!💥
.
.
.
#reselling #reseller #newjersey #fleamarket #vintage #sneakerhead","A sneaker reseller documents a trip to an outdoor flea market in New Jersey, haggling with vendors over prices for various Nike and Reebok kicks while driving traffic to their eBay and YouTube links.",,Raw UGC,Vlog,true,yes,https://www.tiktok.com/@topshelfkicks/video/7681725508081503501
ebay sneaker,ebay sneakers,2026-09-09,2026-10-05,theesneakerteacher,Shaun P Kicks,52600,1439,38,34,not German,English/other,no,,,sneakers,"#ICantAffordThis
The #commedesgarcons #jordan11 are TOO EXPENSIVE!

#sneakers #sneakerhead","Shaun P Kicks uses a humorous game show format on TikTok to contrast expensive Comme des Garçons Jordan 11 resale prices with more affordable Jordan 11 alternatives, targeting sneaker enthusiasts.",,Raw UGC,Review,false,yes,https://www.tiktok.com/@theesneakerteacher/video/7683608656184659213
ebay sneaker,ebay sneakers,2026-09-09,2026-10-05,kevin.p.brown,Kevin Brown,360000,55500,1219,1304,not German,English/other,no,,,sneakers,Sneakers are dead in 2026 / decline of resellers,"A creator humorously and passionately breaks down three reasons why the sneaker resale market is collapsing in 2026, citing the rise of affordable runner brands like ASICS and New Balance, predatory botting, and broader economic pressures.",,Raw UGC,Opinion,false,yes,https://www.tiktok.com/@kevin.p.brown/video/7683513409580715294
ebay sneaker,ebay sneakers,2026-09-12,2026-10-05,bagged_grafted,bagged_grafted,15000,423,7,63,not German,unclear,no,,,sneakers,"GUESS
CAREY SNEAKERS
R900","A clean, aesthetic product showcase of Guess Carey sneakers set against a white background, accompanied by bold text overlays and an upbeat vocal track.",,Polished Creator,Haul,true,yes,https://www.tiktok.com/@bagged_grafted/video/7684599991364570375
ebay sneaker,ebay sneakers,2026-09-14,2026-10-05,deefootwork,DeeFootwork,7536,265,11,46,not German,English/other,no,,,sneakers,"Several Jordans are under retail right now on SNS ❗️ Use the code BTR25

#jordans #nike #sneakernews #sneakers #sneakercommunity","Creator DeeFootwork breaks down current under-retail pricing on SNS for popular Air Jordan models, offering viewers a 25% discount code (BTR25) and exact price calculations to drive immediate purchases before stock depletes.",,Raw UGC,Tutorial,true,yes,https://www.tiktok.com/@deefootwork/video/7685380743383485727
ebay sneaker,ebay sneakers,2026-09-15,2026-10-05,thoughtvault1989,Thought vault,290400,10800,154,193,not German,English/other,no,,,sneakers,"Sneaker deal gone WRONG at the event! 🚫👟

When you’re looking for heat but end up passing on every single pair... 😅 What would you have done in this situation? Let me know in the comments! 👇

#sne","A creator vlogging at a sneaker convention examines multiple pairs of used Converse sneakers on a display table, points out that they are excessively worn, and decides to pass on buying any of them, prompting viewer engagement via the comments.",,Raw UGC,Vlog,false,yes,https://www.tiktok.com/@thoughtvault1989/video/7685633736687324429
ebay sneaker,ebay sneakers,2026-09-19,2026-10-05,haidehpdfpr,haidehpdfpr,6887,28,,3,not German,English/other,no,,,sneakers,"Spot the fake! 👟🔥 Key differences in the Dior x Air Jordan 1: check the icy sole alignment and the 'AIR DIOR' text on the wings logo! #AirJordan1Dior #SneakerLegitCheck #FakeVsReal #DiorJordan ""","A fast-paced authentication guide comparing counterfeit and authentic Dior x Air Jordan 1 sneakers, focusing on sole alignment and wings logo typography.",,Raw UGC,Tutorial,true,yes,https://www.tiktok.com/@haidehpdfpr/video/7687081251349531927
ebay sneaker,ebay sneakers,2026-09-20,2026-10-05,haidehpdfpr,haidehpdfpr,1268,6,1,,not German,English/other,no,,,sneakers,"Real vs Fake check! 👟 Spotting the key differences on the Air Jordan 1 High OG Dior sneakers, from the clear icy soles and wing logo details to the leather stitching and swoosh monogram print! 🔍👟 #",A side-by-side visual comparison tutorial pointing out the key manufacturing differences between real and fake Air Jordan 1 Dior sneakers.,,Raw UGC,Tutorial,true,yes,https://www.tiktok.com/@haidehpdfpr/video/7687439739783335171
ebay sneaker,ebay sneakers,2026-09-22,2026-10-05,kickzmedia,Kickz Media 👟,20500,169,1,12,not German,unclear,no,,,sneakers,$0 or $10.000 deal went absolutely crazy 😳🔥👟 #culturemedia #shoes #sneakers #sneakersaddict #auction,"A high-stakes sneaker convention trading video where an Asian contestant gambles his rare Air Jordan 5 Michigan sneakers in a game of rock-paper-scissors against a dealer, resulting in a frantic loss and comedic panic.",,Raw UGC,Challenge,true,yes,https://www.tiktok.com/@kickzmedia/video/7688406327567174934
ebay sneaker,ebay sneakers,2026-09-22,2026-10-05,haidehpdfpr,haidehpdfpr,15600,101,1,9,not German,English/other,no,,,sneakers,"Real vs Fake LV Trainers! 👟🔥 Don't get fooled by replicas—here’s a quick breakdown of the Louis Vuitton Trainer Denim! Comparing heel stitching, tongue branding, and premium leather textures. Which","A fast-paced authentication breakdown comparing real and fake Louis Vuitton denim sneakers through macro visual comparisons of heel stitching, tongue branding, and leather texture, designed to educate sneaker fans and drive comment engagement.",,Raw UGC,Review,false,yes,https://www.tiktok.com/@haidehpdfpr/video/7688184864142576918
ebay sneaker,ebay sneakers,2026-09-24,2026-10-05,topshelfkicks,topshelfkicks,3710,55,,,not German,English/other,yes,,,sneakers,"Did I come up on this negotiation? Shop with us on EBay and check out our YouTube, link in bio!🔥
.
.
.
#reselling #reseller #newjersey #fleamarket #sneakerhead #sneakerreseller","A sneaker reseller vlogs a live negotiation at a market convention, scoring a pair of Jordan 11 Retro Low Space Jam sneakers for $100 cash after referencing StockX market data, and drives traffic to eBay and YouTube.",,Raw UGC,Vlog,true,yes,https://www.tiktok.com/@topshelfkicks/video/7689192581162388749
ebay sneaker,ebay sneakers,2026-09-28,2026-10-05,soloaudit,Sole Audit,308,2,,1,not German,English/other,yes,,,sneakers,"Legit Checking Jordan 4 “Military” Black. This shoe is a sleeper, are these a cop or drop? #sneakers #legitcheck #legitchecking #ebaysneakers","An authentication professional performs a live legit check on a pair of Jordan 4 sneakers at an eBay-branded convention booth, inspecting key quality markers and verifying authenticity with an app scan.",,Raw UGC,Tutorial,true,yes,https://www.tiktok.com/@soloaudit/video/7690589976026680607
ebay sneaker,ebay sneakers,2026-09-29,2026-10-05,greygorilla215,Grey Gorilla,1277,47,5,,not German,English/other,yes,,,sneakers,Nobody Is Buying On eBay...💀 $300 Overnight Sales 💰👟 #eBay #Reseller #sidehustle #fyp #business,"A sneaker reseller uses sarcasm and verified order screenshots to prove that eBay sales remain strong overnight, stacking up $300 in revenue from an extensive home inventory stash to promote a reselling course.",,Raw UGC,Vlog,true,yes,https://www.tiktok.com/@greygorilla215/video/7691005353600748813
ebay sneaker,ebay sneakers,2026-09-29,2026-10-05,carbootkicks,Carboot Kicks,6488,200,3,4,not German,English/other,yes,,yes,sneakers,I Was NOT Expecting to Find THIS Many NEW Shoes at a Car Boot! 😱👟 #carbootsale #reseller #vinted #ebay #sneakers,"A sneaker reseller documents finding an unexpectedly large haul of brand new running shoes at a morning car boot sale, negotiating prices on camera.",,Raw UGC,Vlog,false,yes,https://www.tiktok.com/@carbootkicks/video/7690947272573570326
ebay sneaker,ebay sneakers,2026-09-29,2026-10-05,soleplier,SOLEPLIER,2106,35,1,1,not German,English/other,no,,,sneakers,I GOT THESE FOR $220!? 🤯 #sneakers #reseller #sneakerhead #viral #fyp,"A sneaker reseller haggles with a vendor at a convention to purchase a pair of Jordan sneakers for $220, capturing the authentic back-and-forth of street-level sneaker trading.",,Raw UGC,Vlog,true,yes,https://www.tiktok.com/@soleplier/video/7690944947863702814
ebay sneaker,ebay sneakers,2026-09-30,2026-10-05,choosingfigs,Val Bromann,1283,167,24,4,not German,English/other,no,,,sneakers,After 27 years of searching I finally found my white whale second hand find: the green suede sneakers with rainbow sides from the 1998 Delia’s catalog. I loved these shoes in high school until my hous,,,,,,no,https://www.tiktok.com/@choosingfigs/video/7691473908830162206
ebay sneaker,ebay sneakers,2026-09-30,2026-10-05,haidehpdfpr,haidehpdfpr,5760,24,1,2,not German,English/other,no,,,sneakers,"Real vs Fake Air Jordan 1 Chicago! 👟🔴⚪ Learn how to spot fake sneakers instantly! Checking the Air Jordan wings logo, stitching precision, leather texture, and Nike Air tag details. 
​#AirJordan1 #J","A fast-paced, macro-focused TikTok video by sneaker seller @haidehpdfpr comparing their Air Jordan 1 Chicago inventory ('Ours') against competitors ('Others'), using microscopic close-ups of the wings logo, stitching precision, and tongue tag trademark symbols to prove superior quality.",,Raw UGC,Tutorial,true,yes,https://www.tiktok.com/@haidehpdfpr/video/7691168630897249538
ebay sneaker,ebay sneakers,2026-10-03,2026-10-05,sellnowsell,SellNowSell,3209,12,,,not German,English/other,no,,,sneakers,"LIVE TONIGHT‼️

$1 STARTS 👟🔥

Win the bid. Pick your size. We give you options. YOU pick your favorite.

FOLLOW + turn on notifications so you know when we go LIVE 🔔

##WomensSneakers##SneakerTok##","A promotional TikTok teaser by seller SellNowSell showcasing three pairs of women's Nike sneakers ahead of a live auction starting at one dollar, leveraging close-up product visuals and an interactive comment prompt.",,Raw UGC,Haul,true,yes,https://www.tiktok.com/@sellnowsell/video/7692533638528781582
ebay sneaker,ebay sneakers,2026-10-03,2026-10-05,brkicks,B/R Kicks,14600,198,14,19,not German,unclear,no,,,sneakers,"Should kids wear their shoes or keep them as clean as possible? 🤔

(via callmechele/IG)

#jordans #school #sneakers #sneakerhead #shoes","A viral video reposted by B/R Kicks highlights the humorous debate over children wearing expensive sneakers to school, contrasting pristine new shoes with lightly scuffed ones through a relatable POV format.",,Raw UGC,Meme,false,yes,https://www.tiktok.com/@brkicks/video/7692561618147839246
ebay sneaker,ebay sneakers,2026-10-03,2026-10-05,d.onaldstreeter,DON,346,15,,1,not German,unclear,yes,,,sneakers,"PLS DONT TOUCH
#rafsimons #ebay #unboxing #sneakers #fyp @ebay","A creator unboxes a pair of pink Adidas x Raf Simons sneakers purchased through eBay, highlighting the authentication process and luxury item condition.",,Raw UGC,Unboxing,true,yes,https://www.tiktok.com/@d.onaldstreeter/video/7692532201056980238
ebay sneaker,ebay sneakers,2026-10-04,2026-10-05,sebyseb15,Sebyseb15,10600,179,6,3,not German,English/other,no,,,sneakers,"Another Crazy Sneaker Collection Spotted At The Flea Market @sellraze 

#nike #jordan #sneakers #kicks #sneakerhead","A sneaker reseller visits an outdoor flea market, uses the SellRaze app to scan and evaluate rare Nike Foamposites and Air Jordan 4s, and negotiates a purchase for 75 dollars, effectively promoting the app as a must-have tool for resellers.",,Raw UGC,Tutorial,true,yes,https://www.tiktok.com/@sebyseb15/video/7692806363105266958
ebay sneaker,ebay sneakers,2026-10-04,2026-10-05,tonyd2wild8,tonyd2wild,10700,594,13,44,not German,English/other,no,,,sneakers,"The Jordan 1 Royal is BACK 👑 October 10th, $185, full family size run, first true leather Royal since 2017. Almost 10 years. And it comes in a special box. #AirJordan1 #Jordan1Royal #Sneakers #Sneake","Sneaker creator tonyd2wild gives an enthusiastic first look at the upcoming Air Jordan 1 Royal releasing October 10th for $185, highlighting its special box, full family sizing, and upgraded tumbled leather quality.",,Polished Creator,Review,false,yes,https://www.tiktok.com/@tonyd2wild8/video/7692625591543074062
ebay sneaker,ebay sneakers,2026-10-05,2026-10-05,wholesalepalletsnearme,MARKETPLACE LIQUIDATION,91,0,,,not German,English/other,yes,,,sneakers,"AUTHENTIC SNEAKERS PALLETS 

We’ve got brand new authentic sneakers pallets available in stock for immediate delivery and pickup.
A pallet is $800 comes with 87 pairs of mixed sneakers . We’ve them in","A wholesale liquidation account showcases bulk pallets of mixed brand-name sneakers available for purchase at $800 per pallet, targeting retailers, eBay sellers, and boutique owners with an urgent call to action.",Authentic Sneakers Pallets,Raw UGC,Haul,true,yes,https://www.tiktok.com/@wholesalepalletsnearme/video/7693003850499820831
ebay sneaker,ebay sneakers,2026-10-05,2026-10-05,richstereo,Rich,5067,362,8,19,not German,unclear,no,,,sneakers,"Top 10 sneakers COMPLEX:

10 - ACTION BRONSON × NEW BALANCE 1890 “PLANET FROG”

9 - SATOSHI VANS “ROUND LUCKY CHARM” 

8 - VICTOR VICTOR × NIKE AIR FORCE 1.

7 - AYA BROWN × NIKE AIR MAX 95

6 - FREE",,,,,,no,https://www.tiktok.com/@richstereo/video/7693002511027883282
ebay sneaker,ebay sneakers,2026-10-05,2026-10-05,ho0dfairy,HOODFAiRY🧚🏽‍♀️,31500,1123,71,460,not German,English/other,no,,,sneakers,"There Were 10 Pair in Total, All Size 12 🤯😮‍💨🔥 #RossFinds #ShoeCheck #RetailTherapy #SneakerHead 👟🩵","Creator HOODFAiRY documents stumbling upon ten pairs of size 12 Air Jordan sneakers at Ross Dress for Less, purchasing multiple pairs at a steep discount, and sharing the receipt proof in a fast-paced POV vlog.",,Raw UGC,Vlog,false,yes,https://www.tiktok.com/@ho0dfairy/video/7692998893847579935
ebay autoteile,ebay motors,2025-11-13,2026-10-05,carpartguy1,Car Part Guy,999,27,9,,not German,English/other,yes,,,car parts,Some parts being listed on eBay today 😎🙏 #fyp #ebay #parts #carparts #bumper,"An automotive reseller films a quick workshop vlog showcasing various car parts being prepped and listed on eBay, transparently detailing the condition and vehicle compatibility of each item.",,Raw UGC,Vlog,true,yes,https://www.tiktok.com/@carpartguy1/video/7572204465051290902
ebay autoteile,ebay motors,2025-11-29,2026-10-05,wreckerlifejose,Wrecker Life Jose,3426,96,2,2,not German,English/other,yes,,,car parts,Auto Parts on eBay Motors #ecommerce #ebaymotors #ebay #ebayseller #autowrecking,"An auto salvage yard operator walks viewers through his rigorous cleaning, testing, and listing process for BMW X3 parts on eBay Motors, demonstrating why buying high-quality used parts from his yard is a smart alternative to buying new.",,Raw UGC,Vlog,true,yes,https://www.tiktok.com/@wreckerlifejose/video/7578231792008793375
ebay autoteile,ebay motors,2025-12-15,2026-10-05,recycledrides.ebay,Recycled Rides,3342,82,2,7,not German,English/other,yes,,,car parts,Part Out Cars on eBay! Selling car parts! 2023 Ford Escape ST! #ebay #partout #carparts #autoparts #reseller,"An automotive reseller gives TikTok viewers a preview of his latest salvage acquisition, a smashed 2023 Ford Escape ST, while showing off a new warehouse lift and directing traffic to his full-length YouTube video.",,Raw UGC,Vlog,true,yes,https://www.tiktok.com/@recycledrides.ebay/video/7584143857407790366
ebay autoteile,ebay motors,2025-12-17,2026-10-05,conanthecarguy,ConanTheCarGuy,1810,41,4,1,not German,English/other,yes,,,other/general,"Ebay $60 dollar cam unboxing still waiting on other parts
#projectcar #ls #lsswaptheworld #ebay","A DIY mechanic shares a POV unboxing video of a budget $60 eBay camshaft for an LS engine project, expressing initial skepticism and curiosity about the part's quality.",,Raw UGC,Vlog,false,yes,https://www.tiktok.com/@conanthecarguy/video/7584907578199657783
ebay autoteile,ebay motors,2026-01-20,2026-10-05,packnparts412,PackNParts412,3322,125,5,,not German,English/other,yes,,,car parts,Packing another used part before it’s gone 🚗📦  #POV #eBayParts #usedautoparts #ResellerTok #packingorders,"An independent auto parts reseller documents the rapid, satisfying fulfillment of an eBay order for an Acura fuse box, offering a behind-the-scenes look at e-commerce logistics.",,Raw UGC,Vlog,true,yes,https://www.tiktok.com/@packnparts412/video/7597427277848153357
ebay autoteile,ebay motors,2026-01-23,2026-10-05,packnparts412,PackNParts412,6615,142,9,5,not German,unclear,yes,,,car parts,Another used car part getting a second life 🚗💨 #POV #ebay #usedautoparts #packingorders #ResellerTok,"A TikTok video by PackNParts412 showing a first-person POV packing process for a used 2008 Kia Sportage climate control unit sold on eBay for $60.00, targeting the ResellerTok community with satisfying, authentic workflow footage.",,Raw UGC,Behind-the-scenes,true,yes,https://www.tiktok.com/@packnparts412/video/7598367342506118414
ebay autoteile,ebay motors,2026-02-13,2026-10-05,partsforprofit,partsforprofit,3643,159,4,8,not German,English/other,yes,,,car parts,Selling car parts at the junkyard made me $300 in 1 hour #cars #mechanic #ebay #usedcarparts #carsoftiktok #ebayseller #reseller #resellingtips,"A side-hustle creator demonstrates how to extract high-value components—a wiper motor, tail lights, and a dashboard bezel—from three different vehicles at a junkyard, breaking down purchase costs and showing proof of profitable eBay reselling.",,Raw UGC,Tutorial,false,yes,https://www.tiktok.com/@partsforprofit/video/7606442413913165070
ebay autoteile,ebay motors,2026-02-19,2026-10-05,c_guldner,Connor Guldner,28200,2374,28,24,not German,English/other,yes,,,other/general,"I’m not afraid to use eBay parts. CRX Ep. 4 🤫🚙💨

FULL BUILD ON YT

#jswap #jswaptheworld #j35 #honda #hondacrx","Connor Guldner shares a five-step checklist for prepping and rebuilding a junkyard Honda engine for his CRX J-swap project, notably advocating for cheap eBay gasket sets while insisting on OEM parts for critical seals.",,Raw UGC,Tutorial,false,yes,https://www.tiktok.com/@c_guldner/video/7608384007339822367
ebay autoteile,ebay motors,2026-02-23,2026-10-05,sas.auto.parts,SAS.AUTO.PARTS,2233,39,2,6,not German,English/other,yes,,,car parts,"1000s of engine parts on the shelf next day delivery 💥💥 ebay link in bio 
#carparts #autoparts #foryou #foryoupage #engine","An auto parts supplier utilizes raw, authentic footage of an expansive salvage yard and an overflowing dumpster of used engines to visually prove their massive inventory. Set to an aggressive electronic beat and paired with overlay text promoting next-day delivery and an eBay store link, the post functions as a direct-response commercial targeting mechanics and car owners.",,Raw UGC,Business-promo,true,yes,https://www.tiktok.com/@sas.auto.parts/video/7610174536041942294
ebay autoteile,ebay motors,2026-02-23,2026-10-05,packnparts412,PackNParts412,4087,110,6,9,not German,unclear,yes,,,car parts,Packing a sold eBay part #ebay #usedautoparts #packingorders #ResellerTok #asmr,"An ASMR-style packing video showing an eBay seller fulfilling an order for a 2005 Buick LeSabre climate control unit, featuring natural workshop sounds and a first-person workflow perspective.",,Raw UGC,Behind-the-scenes,true,yes,https://www.tiktok.com/@packnparts412/video/7610122615700671774
ebay autoteile,ebay motors,2026-02-25,2026-10-05,quatermileq,quatermileq,3907,51,3,2,not German,English/other,yes,,,car parts,"$240 eBay 5.3 LS Cam Kit 😈

Budget build season continues.
Not scared to test cheap parts and see what they’re really about.

5.3 LM7 getting a cam swap before boost 👀
Goal: chop, turbo, and 400+ hp","A car enthusiast showcases a $240 eBay cam kit for a 5.3 LS engine on a ping pong table, asking his audience if the budget parts will survive or blow the motor.",,Raw UGC,Vlog,false,yes,https://www.tiktok.com/@quatermileq/video/7610849847196896543
ebay autoteile,ebay motors,2026-03-17,2026-10-05,xlerate_auto_parts,xlerate_auto_parts,110,1,,,not German,English/other,yes,,,car parts,"Pack an order with us Ep.3. Check us out on eBay for everything 10% off until Friday, get featured with your own order in the next video!#autoparts #car #ebayautoparts #toyota","A behind-the-scenes order-packing video from Xlerate Auto Parts showing a Toyota motor cooling fan being carefully packaged in an aesthetic, satisfying ASMR style.",,Polished Creator,Behind-the-scenes,true,yes,https://www.tiktok.com/@xlerate_auto_parts/video/7618257637896998175
ebay autoteile,ebay motors,2026-03-17,2026-10-05,xlerate_auto_parts,xlerate_auto_parts,105,0,,,not German,English/other,yes,,,car parts,"Check us out on eBay in the next four days for 10% off EVERYTHING! 

https://www.ebay.com/str/xlerateautoparts?_trksid=p2332490.m570.l113337

#autoparts #car #ebayautoparts","A commercial promotional graphic by xlerate_auto_parts on TikTok announcing a 10% storewide discount on their eBay storefront running from Wednesday, March 17 to Friday, March 20, utilizing high-impact gold typography and clear urgency cues.",,High-Production,Infographic,true,yes,https://www.tiktok.com/@xlerate_auto_parts/video/7618055948547951902
ebay autoteile,ebay motors,2026-03-18,2026-10-05,partslocaluk,Parts Local UK,478,13,1,,not German,English/other,yes,,,car parts,"Buy affordable, quality used car parts from our eBay or drop us a message on Facebook! UK, based in Lancashire! 🛠️

We get new vehicles in for breaking daily, so keep an eye out for your part! ♻️

#u","A UK-based used car parts supplier demonstrates warehouse packaging while providing purchasing instructions, location details, and contact methods via on-screen text and captions.",,Raw UGC,Tutorial,true,yes,https://www.tiktok.com/@partslocaluk/video/7618592643240578326
ebay autoteile,ebay motors,2026-03-27,2026-10-05,turbo5.3zerom,turbo5.3zerom,2469,41,1,2,not German,unclear,yes,,,car parts,eBay turbo kit doing eBay turbo kit things ☠️💀..!! #boosted #nbs #gmcsierra #turbols #crewcab @DeatschWerks @Texas Speed @The Fuel Injector Clinic @JEGS Performance @CircleDTrans @AEM Electronics,A car creator uses a humorous TikTok format—warning viewers away from a cheap eBay turbo kit before showing their own project truck's engine bay and undercarriage upgrades—to connect with the LS truck enthusiast community.,,Raw UGC,Vlog,true,yes,https://www.tiktok.com/@turbo5.3zerom/video/7622008564629933342
ebay autoteile,ebay motors,2026-04-02,2026-10-05,itsthiicboii,ItsThiicBoii,38800,2874,36,18,not German,English/other,yes,,,car parts,This cheap Ebay Cold Air Intake gotta go! I went back to the stock intake! #hondadelsol #projectcar #intake #carmods #carfixtiktokcontest,"A creator swaps a cheap eBay cold air intake for a stock airbox on his 1994 Honda Del Sol project car, highlighting the realities of budget car modifications and asking followers for input on future upgrades.",,Raw UGC,Tutorial,false,yes,https://www.tiktok.com/@itsthiicboii/video/7624141068606377229
ebay autoteile,ebay motors,2026-04-03,2026-10-05,chewybuildz,ChewyBuildz,1012,37,2,2,not German,English/other,yes,,,car parts,"These new bumper parts for the Civic just arrived from eBay! Honestly, I wasn't sure what to expect, but they look and feel solid. Can't wait to get them on and see the transformation. #HondaCivic #Ci","A UK-based car creator unboxes new replacement bumper parts ordered from eBay for his project Honda Civic, expressing surprise at their high quality and excitement to begin the car's aesthetic transformation.",,Raw UGC,Vlog,false,yes,https://www.tiktok.com/@chewybuildz/video/7624435166122921248
ebay autoteile,ebay motors,2026-05-01,2026-10-05,eazybuyparts_official,EazybuyParts,757,11,1,1,not German,English/other,yes,,,car parts,"Welcome to EazzyBuyParts 🚗🔧

We offer a wide range of quality car parts at unbeatable prices.
Enjoy 20% off on all orders through our website.

⭐ 1000+ positive reviews on eBay
🚘 Vehicle sales also","A promotional brand introduction for EazzyBuyParts, an automotive parts supplier in South Yorkshire offering discounts, vehicle sales, and finance options.",,Polished Creator,Tutorial,true,yes,https://www.tiktok.com/@eazybuyparts_official/video/7634884775584484630
ebay autoteile,ebay motors,2026-05-06,2026-10-05,bmw_spares_scotland,BMW Spares Scotland,1300,34,2,,not German,English/other,yes,,,car parts,"✅ Parts now available from the 1999 E46 318ci.  Follow our eBay store for stock updates ➡️www.ebay.co.uk/str/bmwsparesscotland

#e46 #bmw #bmwspareparts #bmwsparesscotland #fife","BMW Spares Scotland documents the teardown of a 1999 BMW E46 318ci, highlighting available parts such as the engine, manual transmission, differential, headlights, and interior components to drive traffic to their eBay store.",,Raw UGC,Tutorial,true,yes,https://www.tiktok.com/@bmw_spares_scotland/video/7636772054494235926
ebay autoteile,ebay motors,2026-05-19,2026-10-05,eurogeargarage,EuroGearGarage,127,0,,1,not German,unclear,yes,,,car parts,"New Car, New Parts #bmw #ebay#smallbusiness #carparts","A short-form TikTok video by EuroGearGarage showcasing a newly acquired silver BMW SUV and its parts, utilizing fast-paced jump cuts and background music to engage automotive enthusiasts.",,Raw UGC,Vlog,true,yes,https://www.tiktok.com/@eurogeargarage/video/7641657881766399263
ebay autoteile,ebay motors,2026-05-22,2026-10-05,befoollirsi,befoollirsi,192,5,,,not German,unclear,yes,,,car parts,Why_You_Should_Never_Buy_Cheap_eBay_Parts  #titkok #ridesafe #bike #handsignals #viral,A DIY car mechanic rants about buying a cheap 20-pack of fuel filters on eBay after discovering one completely disintegrated and clogged after a short drive.,,Raw UGC,Vlog,false,yes,https://www.tiktok.com/@befoollirsi/video/7642533207065333005
ebay autoteile,ebay motors,2026-06-04,2026-10-05,paylesssalvageaut,paylesssalvageautopartsllc,971,17,1,,not German,English/other,yes,,,car parts,"Looking for quality used auto parts? We have inventory ready to go and new parts being added regularly! 🔧

Check out our eBay store or send us a message 
#carparts #salvageyard #paylesssalvageautopar",A short-form promotional TikTok video by Payless Salvage Auto Parts displaying their ready-to-ship inventory of used car parts with instructions to check their eBay store.,,Raw UGC,Vlog,true,yes,https://www.tiktok.com/@paylesssalvageaut/video/7647577311197334815
ebay autoteile,ebay motors,2026-06-17,2026-10-05,12gauge98,Z,29000,1831,54,74,not German,English/other,yes,,,car parts,B48 with an upgraded intake manifold from Majesty auto parts on eBay that comes with integrated PI!!! This upgrade will allow more headroom for timing and many more perks and it’s not just for big tur,"A car enthusiast shares an enthusiastic, firsthand review of an affordable eBay intake manifold for a BMW B48 engine, highlighting its performance benefits, integrated port injection, and a newly negotiated discount code for his followers.",,Raw UGC,Review,true,yes,https://www.tiktok.com/@12gauge98/video/7652201668225912077
ebay autoteile,ebay motors,2026-06-17,2026-10-05,richoffparts,RichOffParts,36800,1498,60,328,not German,English/other,yes,,,car parts,"Not bad 😁 EVEN with the fees it’s worth it in my opinion 💸 
#paratiiiiiiiiiiiiiiiiiiiiiiiiiiiiiii #richoffparts #sidehustle #junkyard #ebay","A side-hustle creator documents a 3-hour junkyard parts-pulling session, demonstrating the removal of car interior components and tallying up a gross profit of $680 in cash before marketplace fees.",,Raw UGC,Vlog,true,yes,https://www.tiktok.com/@richoffparts/video/7652176524933729549
ebay autoteile,ebay motors,2026-07-08,2026-10-05,handydadcooks,handydadcooks,466,12,3,,not German,English/other,yes,,,car parts,"Six months of selling used auto parts on eBay—here’s what’s working, what I’ve learned, and the biggest surprises along the way. If you’re flipping car parts or thinking about getting started, I’d lov","A side-hustle creator shares a transparent six-month financial update on selling used auto parts on eBay, detailing his investment, trip counts, revenue, and profit margins.",,Raw UGC,Personal-update,false,yes,https://www.tiktok.com/@handydadcooks/video/7660293265501015327
ebay autoteile,ebay motors,2026-07-09,2026-10-05,handydadcooks,handydadcooks,177,6,1,,not German,English/other,yes,,,car parts,"Six months of selling used auto parts on eBay—here’s what’s working, what I’ve learned, and the biggest surprises along the way. If you’re flipping car parts or thinking about getting started, I’d lov","A part-time eBay reseller shares three practical lessons learned from his first six months of selling used auto parts, covering shipping dimension accuracy, tiered ad spending up to 10 percent, and managing customer returns to build buyer confidence.",,Raw UGC,Tutorial,false,yes,https://www.tiktok.com/@handydadcooks/video/7660293846236024094
ebay autoteile,ebay motors,2026-07-19,2026-10-05,hustlewithhector,HustleWithHector,60600,2266,43,347,not German,English/other,yes,,,car parts,How to make 100k a year by going to the junkyard. Easy pulls. Easy money. Hope y’all are crushing it out there!  #eBay  #junkyard  #carparts  #reseller  #resellercommunity,"A car reseller shares a practical, step-by-step TikTok tutorial on how to make a lucrative side income by pulling small, high-demand interior trim and switch parts from junkyard vehicles and selling them online.",,Raw UGC,Tutorial,true,yes,https://www.tiktok.com/@hustlewithhector/video/7664040449002261791
ebay autoteile,ebay motors,2026-07-21,2026-10-05,davidsdailytalk,Davidsdailytalk,106200,1262,151,251,not German,English/other,yes,,,car parts,Don’t sleep on EBay! #reseller #partout #carparts #ebayseller #millionaire,"An automotive parts reseller gives a rapid tour of his backyard shed inventory setup, claiming a quarter-million-dollar annual revenue from eBay sales.",,Raw UGC,Vlog,false,yes,https://www.tiktok.com/@davidsdailytalk/video/7664823761744579854
ebay autoteile,ebay motors,2026-08-03,2026-10-05,firepunk,Firepunk,11800,411,1,8,not German,English/other,yes,,,other/general,"Are Cheap eBay or TEMU Turbo Kits Worth It? 

When you see a cheap knockoff turbo kit online, it can be tempting to save a few bucks. While the bargain turbos themselves often copy proven Garrett desi","A diesel shop expert explains why cheap eBay and Temu turbo kits fail due to inferior rubber intercooler boots, advising viewers to upgrade to V-band and Vibrant clamps for ultimate reliability.",,Raw UGC,Tutorial,true,yes,https://www.tiktok.com/@firepunk/video/7669588803752938783
ebay autoteile,ebay motors,2026-08-14,2026-10-05,hustlewithhector,HustleWithHector,177400,9513,112,1291,not German,English/other,yes,,,car parts,How to sell 70k in a month on eBay. #junkyard #reseller #carparts #ebay,"HustleWithHector presents a fast-paced tutorial on how to generate $70,000 monthly on eBay by salvaging and reselling specific high-demand car interior parts. By combining verified sales analytics with hands-on demonstrations inside wrecked vehicles at an auto salvage yard, the creator provides an actionable, highly engaging blueprint for aspiring resellers.",,Raw UGC,Tutorial,true,yes,https://www.tiktok.com/@hustlewithhector/video/7673674040560667935
ebay autoteile,ebay motors,2026-08-25,2026-10-05,jazz.cars,jazz.cars,515,9,2,1,not German,unclear,yes,,,handbags/luxury,So cute 🤪 @eBay UK #ebay #foryoupage #package #cartok #part,"A creator humorously documents opening an overly elaborate, luxury-style eBay shipping box that contains a simple, inexpensive used cup holder for a Volkswagen Polo.",,Raw UGC,Vlog,true,yes,https://www.tiktok.com/@jazz.cars/video/7677978194150018336
ebay autoteile,ebay motors,2026-08-31,2026-10-05,packnparts412,PackNParts412,3515,130,2,10,not German,English/other,yes,,,car parts,POV: the car part you just bought is packaged up already #pov #ebay #usedautoparts #packingorders #reseller,"A reseller films a silent, satisfying POV video of packing a sold Ford F350 diesel injection control module ordered on eBay, showcasing the practical workflow of a small auto parts business.",,Raw UGC,Vlog,true,yes,https://www.tiktok.com/@packnparts412/video/7680237733276650766
ebay autoteile,ebay motors,2026-09-04,2026-10-05,automotivesurplusuk,AutomotiveSurplusUK,708,3,,1,not German,English/other,yes,,,car parts,Follow us if you want to see how the coupons impact sales over the next few weeks #ebay #carparts #reseller #ebayreseller #ebayseller,"AutomotiveSurplusUK demonstrates an advanced eBay store optimization tactic on TikTok, walking viewers through how to set up tiered, date-staggered discount coupons based on inventory age and shop categories in the eBay Seller Hub.",,Polished Creator,Tutorial,true,yes,https://www.tiktok.com/@automotivesurplusuk/video/7681719475640601889
ebay autoteile,ebay motors,2026-09-08,2026-10-05,automotivesurplusuk,AutomotiveSurplusUK,739,15,1,2,not German,English/other,yes,,,car parts,Listing now live on @eBay UK #joblot #reseller #ebay #carparts #auction,"An automotive surplus seller showcases a job lot of brand new Intermotor wheel speed and lambda sensors on a workshop floor, announcing an upcoming 99p start eBay auction.",,Raw UGC,Review,true,yes,https://www.tiktok.com/@automotivesurplusuk/video/7683110916040248609
ebay autoteile,ebay motors,2026-09-15,2026-10-05,automotivesurplusuk,AutomotiveSurplusUK,481,9,,1,not German,English/other,yes,,,car parts,More new stock in #carparts #reselling #ebay #ebayseller #ebayreseller,"An automotive surplus reseller in the UK documents unpacking and sorting new pallet loads of used and new car parts for online eBay listings, highlighting specific components like dashboard vents, wing mirrors, and window regulators.",,Raw UGC,Vlog,true,yes,https://www.tiktok.com/@automotivesurplusuk/video/7685785551982595360
ebay autoteile,ebay motors,2026-09-15,2026-10-05,automotivesurplusuk,AutomotiveSurplusUK,600,4,,1,not German,unclear,yes,,,car parts,Vivaro engine wiring harness #ebay #reselling #carparts,"An automotive surplus reseller shares a quick morning win on TikTok, showing a brand new Vauxhall Vivaro wiring harness valued at 1,000 pounds that is selling to a local collector for 800 pounds.",,Raw UGC,Vlog,true,yes,https://www.tiktok.com/@automotivesurplusuk/video/7685696420577316128
ebay autoteile,ebay motors,2026-09-17,2026-10-05,automotivesurplusuk,AutomotiveSurplusUK,820,13,6,2,not German,unclear,yes,,,car parts,JLR stock sorting #landrover #jlr #carparts #ebay #ebayreseller,"An automotive surplus reseller films a POV sorting session of a box of Land Rover parts, highlighting valuable items while joking about vehicle unreliability.",,Raw UGC,Vlog,true,yes,https://www.tiktok.com/@automotivesurplusuk/video/7686481369127603478
ebay autoteile,ebay motors,2026-09-20,2026-10-05,i__themechanic,i__The Mechanic,2038,46,6,,not German,English/other,yes,,,other/general,DONT BUY EBAY $120 LS7 LIFTERS OR THIS WILL HAPPEN. I should of asked the customer where he got all his parts from before the install. Most of the stuff was BTR so i assumed they were name brand 😭 Ho,"A mechanic dismantles a V8 engine to demonstrate how a cheap eBay lifter collapsed and destroyed a cam lobe, warning viewers against using low-quality internal engine parts.",,Raw UGC,Tutorial,false,yes,https://www.tiktok.com/@i__themechanic/video/7687444662629551391
ebay autoteile,ebay motors,2026-09-22,2026-10-05,davidsdailytalk,Davidsdailytalk,2126,116,22,27,not German,English/other,yes,,,car parts,A day of pulling parts to make over $1000! #carparts #reseller #flipper #ebayseller #makemoneyonline,"A car reseller and flipper documents his day scavenging a Sacramento salvage yard for 13 specific automotive parts, breaking down his expenses, itemized receipt totals, and projected eBay profits to educate and inspire aspiring online resellers.",,Raw UGC,Vlog,false,yes,https://www.tiktok.com/@davidsdailytalk/video/7688422474265955597
ebay autoteile,ebay motors,2026-09-24,2026-10-05,caswellcustoms,Caswell Customs,822,54,6,1,not German,English/other,yes,,,car parts,Buying an EBay Special Rear defuser for my 1995 BMW 318is E36 helped me find my tires are rotted and I need to replace them! #BMW #E36 #E36Coupe #carreviewstiktokcontest #ebayparts,"A car creator shares a humorous story about how purchasing an unnecessary eBay rear diffuser for his BMW E36 led him to inspect the undercarriage and discover critically dry-rotted tires, prompting an urgent tire replacement before winter.",,Raw UGC,Vlog,true,yes,https://www.tiktok.com/@caswellcustoms/video/7689196388575382815
ebay autoteile,ebay motors,2026-09-26,2026-10-05,abwhe6,ACT Classic,237,1,,,not German,English/other,yes,,,car parts,"Did someone say let’s play Tetris?
Told me fill your van for £500 I told them let’s game! 
#classiccarparts #ebayseller","A TikTok post by ACT Classic showing a time-lapse transformation of filling a van cargo bay with classic car parts boxes for a £500 order, framed around a Tetris gameplay metaphor.",,Raw UGC,Vlog,true,yes,https://www.tiktok.com/@abwhe6/video/7689936296915127574
ebay autoteile,ebay motors,2026-09-26,2026-10-05,evanjosephog,Evan Joseph (The Open Garage),1468,46,10,15,not German,English/other,yes,,,car parts,"eBay is ending airbag sales. It sounds annoying until you think about how many questionable “new” safety parts are floating around online.

Good move, or does this just make repairing cars more expens","An automotive creator breaks down eBay's new policy banning the sale of airbags, citing safety statistics and parallel bans by Amazon and Alibaba, before asking viewers whether the move improves safety or hurts car repairers.",,Raw UGC,Opinion,false,yes,https://www.tiktok.com/@evanjosephog/video/7689682179227503903
ebay autoteile,ebay motors,2026-09-27,2026-10-05,hustlewithhector,HustleWithHector,1923,94,11,5,not German,English/other,yes,,,car parts,"How to find what sells on eBay.  

Don’t forget to subscribe to my YouTube channel as well! In depth shipping tutorials coming soon.  #eBay  #junkyard  #reseller  #salvage  #carparts","A reseller provides a clear, step-by-step tutorial on how to use the eBay app's sold-filter feature to verify demand for automotive parts before purchasing them.",,Raw UGC,Tutorial,true,yes,https://www.tiktok.com/@hustlewithhector/video/7690024662016740638
ebay autoteile,ebay motors,2026-09-29,2026-10-05,finestflips,finestflips,54400,4445,28,67,not German,English/other,yes,,,fashion/vintage,"$1,230.25 from 7 things most people would probably walk right past.

Paul McCartney vinyl — $523.50
Vintage Elvis poster  — $168.75
Disney Cinderella globe —$149
Signed Anna set    —  $141.75
Vintage","A reseller breaks down how seven seemingly unrelated vintage items found at estate sales and storage units sold on eBay for a combined total of $1,230.25, demonstrating the financial potential of diversifying product knowledge.",,Raw UGC,Vlog,true,yes,https://www.tiktok.com/@finestflips/video/7691107199531142431
ebay autoteile,ebay motors,2026-09-30,2026-10-05,collectorsociety,Collector Society,326,8,2,,not German,English/other,yes,,,car parts,"Trying to find the Dwyane Wade supercollector who needs this.

2006 Bowman Sterling Gold Refractor
Auto + Jersey
/25
PSA 10 — POP 1

Listed on eBay. Tag the biggest D-Wade collector you know 👇

#Dwya","A sports memorabilia account showcases an ultra-rare 2006 Bowman Sterling Dwyane Wade Gold Refractor Auto Jersey card graded PSA 10 Gem Mint (Pop 1), using dynamic macro video and a direct call to action to find and tag top collectors.",,Polished Creator,Showcase,true,yes,https://www.tiktok.com/@collectorsociety/video/7691421898755820814
ebay autoteile,ebay motors,2026-09-30,2026-10-05,bullrun2021,bullrun2021,1075,19,3,,not German,English/other,yes,,,car parts,Great day on the eBay #ebayseller ##ebaymotors #ebayseller #fyp #carslover,An e-commerce reseller shares a screen recording of their daily eBay sales for automotive parts to motivate viewers and challenge them to stop making excuses.,,Screen Recording,Vlog,true,yes,https://www.tiktok.com/@bullrun2021/video/7691391110110924063
ebay autoteile,ebay motors,2026-09-30,2026-10-05,palletsellers.com,Pallet Sellers,165,3,,,not German,English/other,yes,,,car parts,Insane value in these new auto parts pallets. Watch till the end to see what I listed items for on eBay. These are only $350 each  on palletsellers.com,,,,,,no,https://www.tiktok.com/@palletsellers.com/video/7691365998342999309
ebay autoteile,ebay motors,2026-10-01,2026-10-05,clarkbroscollection,CBC Sports & Outdoors,121,3,1,,not German,English/other,yes,,,sports cards,‼️ Another #mlb and #nfl autos and patch auto drop on our #ebay shop! Will all be live today! #topps #panini,CBC Sports & Outdoors promotes a new drop of high-end MLB and NFL autographed and patch trading cards available on their eBay shop.,,Polished Creator,Haul,true,yes,https://www.tiktok.com/@clarkbroscollection/video/7691657155753053471
ebay autoteile,ebay motors,2026-10-02,2026-10-05,travelandlivelife,OEMAutoPartsDirect,155,4,,,not German,English/other,yes,,,car parts,"🚨 MADDIE IS BACK Y’ALL!!! 🎉💖

She just did her FIRST eBay Live and already made a SALE!!! 📦🔥👏

Way to go, Maddie!! 🎊

🔧 OEM AUTO PARTS LIVE
📅 Monday–Friday
🎥 TWICE DAILY

Come hang out, ask","OEMAutoPartsDirect showcases staff member Maddie making her first sale on eBay Live, offering viewers deal pricing on automotive parts like a Volvo emblem.",,Raw UGC,Vlog,true,yes,https://www.tiktok.com/@travelandlivelife/video/7692216717526781198
ebay autoteile,ebay motors,2026-10-02,2026-10-05,automotivesurplusuk,AutomotiveSurplusUK,342,4,2,1,not German,unclear,yes,,,car parts,Listing more OE stock #carparts #oem #ebay #ebayseller,An automotive surplus seller gives a brief behind-the-scenes walkthrough of sorting new OEM car parts inventory to be listed on eBay over the weekend.,,Raw UGC,Behind-the-scenes,true,yes,https://www.tiktok.com/@automotivesurplusuk/video/7691994185712274710
ebay autoteile,ebay motors,2026-10-03,2026-10-05,jjs.card.ripps.an,JJ’s Card Ripps and Vlogs,162,4,,1,not German,English/other,yes,,,sports cards,"Posting some football AUTOS on my EBay store go check them out and other cards I have listed! Link in bio!!
#sportscards #ebayseller #footballcards #fyp","A sports card creator utilizes a fast-paced POV format to showcase autographed football trading cards available on their eBay store, driving audience traffic via the bio link.",,Raw UGC,Haul,true,yes,https://www.tiktok.com/@jjs.card.ripps.an/video/7692451094017920286
ebay autoteile,ebay motors,2026-10-04,2026-10-05,augiescollectible,Augies Collectibles,245,18,8,,not German,English/other,yes,,,sports cards,"Lets talk autos, what are some of the best or worst autos you have seen? #augiescollectibles #ebay #collx #whatnot #carddealerpro","A sports card shop owner reviews good versus bad athlete autographs, highlighting the trend of younger players using lazy initials instead of cursive signatures, and prompts viewers to share their own examples in the comments.",,Raw UGC,Opinion,true,yes,https://www.tiktok.com/@augiescollectible/video/7692943041102941470
ebay autoteile,ebay motors,2026-10-04,2026-10-05,leyva9897,leyva777,288,13,,,not German,unclear,yes,,,car parts,Valió la espera !!🙂‍↔️ #gti #tuning #volkswagen #auto #aodhanwheels @ebay  @Volkswagen,A silent TikTok vlog documenting the installation of new Aodhan bronze wheels and brake maintenance on a customized grey Volkswagen GTI in a residential driveway.,,Raw UGC,Vlog,false,yes,https://www.tiktok.com/@leyva9897/video/7692648615671614751
ebay autoteile,ebay motors,2026-10-05,2026-10-05,augiescollectible,Augies Collectibles,145,6,2,1,not German,English/other,yes,,,sports cards,Dont forget that on my collx and ebay you get auto discounts for multi card purchases. So swing over and check it out.....what ya waiting on! #augiescollectibles #collx #ebay #whatnot #carddealerpro,"A sports card reseller named Kevin from Augies Collectibles films a casual end-of-day update showing orders being packed for shipping, highlighting multi-card discount promotions on eBay and CollX.","CHECK ME OUT ON ALL PLATFORMS! COLLX, eBay, AUGIE'S COLLECTIBLES; DONruss, Gary Sanchez, NEW YORK, Donruss Optic, SELECT, FUTURE, GUARDIANS, LANE THOMAS, OUTFIELD, PRIZM, Bowman Chrome, Harper's Heat Check, San Antonio Spurs, 2, RC, Open, Trae Young, ATL, 99, Boston Celtics, 11, Payton Pritchard, GEOMETRIC, Keldon Johnson, USPS GROUND ADVANTAGE, THANK YOU! FOLLOW ME ON MY SOCIALS: Facebook - Augies Collectibles, Whatnot - Augiescollectibles, eBay - Augiescollectibles, collX - Augies Collectibles, THANKS FOR BEING AWESOME!, LET'S KEEP RIPPING!",Raw UGC,Vlog,true,yes,https://www.tiktok.com/@augiescollectible/video/7693018856062864671
auf ebay kaufen,how to buy on ebay,2025-10-21,2026-10-05,bobahead,iz4b3_3p,643,43,11,,not German,English/other,yes,,,pokemon/TCG,my first time buying pokémon cards on ebay! i recently got into collecting and i’ve bought so many so expect more hauls to come👀 if anyone knows more places i can get pokémon cards from for cheap do,"A creator shares her very first eBay purchase of Pokémon trading cards, showcasing a collection of Magearna and Gothorita cards while asking viewers for budget-friendly card-buying tips.",,Raw UGC,Haul,false,yes,https://www.tiktok.com/@bobahead/video/7563732250399870222
auf ebay kaufen,how to buy on ebay,2025-10-26,2026-10-05,levibrickpulse,Levibrickpulse,56200,2910,51,21,not German,English/other,yes,,,handbags/luxury,Did I get a good deal from this eBay buy? #lego#deals #legotiktok #ninjago #brickpulse,"A Lego creator unboxes a second-hand eBay purchase on a wooden table, revealing numbered Ziploc bags of brick parts, baseplates, and a container of minifigures, while prompting viewers to guess the set identity and purchase price in the comments.",,Raw UGC,Unboxing,false,yes,https://www.tiktok.com/@levibrickpulse/video/7565376702524787998
auf ebay kaufen,how to buy on ebay,2025-12-05,2026-10-05,carencr1,Caren cr,959,25,10,1,not German,unclear,yes,,,other/general,Respuesta a @user6895541268246 tienda en eBay 👀#ventasonline #mamaemprendedora #workfromhome #emprendimiento #Ebay,"A TikTok creator answers a follower's question about eBay store subscriptions, breaking down listing limits, monthly costs for the basic tier, and sharing personal lessons about sales fluctuations.",,Raw UGC,Tutorial,false,yes,https://www.tiktok.com/@carencr1/video/7580501897115602207
auf ebay kaufen,how to buy on ebay,2025-12-11,2026-10-05,joeyscottmedia,joeyscottmedia,2239,36,5,3,not German,English/other,yes,,,sneakers,Buying Used Shoes From Ebay #ebay #runningshoes #shopping #running @ebay,"A runner explains why he buys expensive running shoes used on eBay to save money, demonstrating a pair of Saucony shoes he acquired for a fraction of retail price.",,Raw UGC,Opinion,false,yes,https://www.tiktok.com/@joeyscottmedia/video/7582688108982832415
auf ebay kaufen,how to buy on ebay,2026-01-23,2026-10-05,dernsworld,The SHIELD 2.0,340,2,,,not German,unclear,yes,,,car parts,link: https://www.ebay.com/itm/266695357769?mkcid=16&mkevt=1&mkrid=711-127632-2357-0&ssspo=De3vYfbKSVW&sssrc=4429486&ssuid=De3vYfbKSVW&widget_ver=artemis&media=COPY&utm_source=ig&utm_medium=social&utm,"A quick-paced tutorial demonstrates how to install 'The SHIELD 2.0' hair clipper accessory, elevated by an overlay of the viral Shia LaBeouf 'Just Do It' meme to hook viewers, drive engagement, and push traffic to an eBay purchase link.",,Raw UGC,Tutorial,true,yes,https://www.tiktok.com/@dernsworld/video/7598402873386388749
auf ebay kaufen,how to buy on ebay,2026-02-20,2026-10-05,metamorphasteph,Metamorphasteph,116100,6184,62,1856,not German,English/other,yes,,,handbags/luxury,"Here’s a quick tutorial on how to search for Louis Vuitton bags on Japanese eBay. You can save these searches too for later and go back to them on your phone.

You really have to spend time searching","A practical TikTok tutorial by creator Metamorphasteph guiding viewers on how to navigate eBay's advanced search filters to find authentic preloved Louis Vuitton handbags shipped from Japan, complete with safety tips regarding seller reputation, import tariffs, and authentication guarantees.",,Raw UGC,Tutorial,false,yes,https://www.tiktok.com/@metamorphasteph/video/7609073773643336990
auf ebay kaufen,how to buy on ebay,2026-04-03,2026-10-05,_itsnicoleg,Life With Nicole.G,311,10,2,,not German,English/other,yes,,,handbags/luxury,So this update is to let yall know to not be scared to buy stuff off Japanese eBay. if it’s something small that need to be repaired that can be repaired at the LV store go ahead make the purchase tak,"A creator shares an encouraging update about restoring an affordable vintage luxury handbag purchased from Japanese eBay, detailing how official brand repair stores handled zipper and piping repairs, including complimentary work and a luggage tag replacement.",,Raw UGC,Vlog,false,yes,https://www.tiktok.com/@_itsnicoleg/video/7624318332195376415
auf ebay kaufen,how to buy on ebay,2026-05-25,2026-10-05,hobbyisalive,hobbyisalive,10000,128,6,5,not German,English/other,yes,,,sports cards,Finding steals on eBay,"A sports card creator shares a practical e-commerce arbitrage tip at a trade show, explaining how to find underpriced items on eBay by searching for misplaced or poorly titled listings.",,Raw UGC,Tutorial,false,yes,https://www.tiktok.com/@hobbyisalive/video/7643875451701710111
auf ebay kaufen,how to buy on ebay,2026-06-26,2026-10-05,camrynlowephotography,camrynlowephotography,672,29,9,1,not German,English/other,yes,,,handbags/luxury,Love buying stuff for less on eBay!! Half of my closet is luxury brands on eBay for 1/3 of the price! #ebayfinds #shoppinghaul #thrifting #ootd,"A creator shares an eBay fashion haul featuring discounted Lululemon joggers and a Rhode dress, candidly discussing pricing, sizing, and a dye discoloration flaw while rating each item.",,Raw UGC,Haul,false,yes,https://www.tiktok.com/@camrynlowephotography/video/7655822815983193358
auf ebay kaufen,how to buy on ebay,2026-07-26,2026-10-05,pnellymedia,pnellymedia,490,11,,3,not German,English/other,yes,,,other/general,Might have to hit the Klarna method #collection #dolls #ebay,"A creator reacts with deadpan humor to bizarre eBay listings for haunted dolls, mocking their descriptions and noting the option to purchase cursed items via Klarna installment payments.",,Raw UGC,Reaction,false,yes,https://www.tiktok.com/@pnellymedia/video/7666700370999119117
auf ebay kaufen,how to buy on ebay,2026-08-16,2026-10-05,sayatoz,sayatoz,13400,378,14,9,not German,English/other,yes,,,toys/collectibles,"That fear of being scammed is real 😭
#actionfigures #bakugo #ebay #figtok","A collector records their nervous unboxing of an eBay action figure purchase, experiencing pure panic before discovering the item is legitimate and reacting with ecstatic relief.",,Raw UGC,Vlog,false,yes,https://www.tiktok.com/@sayatoz/video/7674613399883402528
auf ebay kaufen,how to buy on ebay,2026-08-18,2026-10-05,products.reviews93,Products Reviews,173,2,,,not German,English/other,yes,,,other/general,Buy it here 👇 https://www.ebay.com/itm/357762702966?mkcid=1&mkrid=711-53200-19255-0&siteid=0&campid=5339192733&toolid=80006&mkevt=1&amdata=enc%3AAQALAAAAoGfYFPkwiKCW4ZNSs2u11xD4jg8%2BbcwAteCiKeEkECzC,"A concise product review and demonstration of a black JanSport backpack, highlighting its affordability, durability, and storage features through indoor and outdoor lifestyle clips, directing viewers to an affiliate purchasing link.",,Polished Creator,Review,true,yes,https://www.tiktok.com/@products.reviews93/video/7675479758192332062
auf ebay kaufen,how to buy on ebay,2026-08-19,2026-10-05,flip.fusion,Flip Fusion,263400,12300,143,250,not German,English/other,yes,,,other/general,"This is one of the many auction lots where I get “free” eBay inventory.  

I’ve talked about it before but scrapping and reselling play hand in hand.  They complement each other very nicely.  If you’r","A reselling creator breaks down an $85 industrial auction lot, demonstrating how sorting scrap brass covers the entire purchase cost while leaving thousands of dollars in high-value eBay inventory as free profit.",,Raw UGC,Tutorial,false,yes,https://www.tiktok.com/@flip.fusion/video/7675859371754048781
auf ebay kaufen,how to buy on ebay,2026-09-14,2026-10-05,ecombyihtsham,Ihtsham Raza,2255,68,8,9,not German,English/other,yes,,,other/general,eBay UK Winning Product 🔥 | AliExpress to eBay Dropshipping | Product Research 2026 #ebayuk #ebaydropshipping,An e-commerce tutorial video by creator Ihtsham Raza demonstrating a winning product research strategy for eBay UK dropshipping by comparing a 6.97 pound eBay listing with a 1.18 pound AliExpress wholesale source.,,Raw UGC,Tutorial,true,yes,https://www.tiktok.com/@ecombyihtsham/video/7685362139933986056
auf ebay kaufen,how to buy on ebay,2026-09-25,2026-10-05,iitz_mexi_brah,iitz_mexi_brah,1193,70,6,1,not German,English/other,yes,,,electronics,"Buying a cheap psp from ebay.
#psp  #sony  #sonypsp #playstationportable  #psp3000","A tech creator documents the process of buying a cheap Sony PSP-3000 on eBay for $65, unboxing replacement accessories including a battery and micro SD adapter, installing custom firmware, and testing various PSP and PS1 games through component cables on a modern display.",,Raw UGC,Tutorial,false,yes,https://www.tiktok.com/@iitz_mexi_brah/video/7689581475448065293
ebay schnäppchen,ebay gem,2025-10-15,2026-10-05,gionnnna,GiOnna DiSalvatore,12900,618,11,18,not German,English/other,yes,,,coins,eBay storefront in bio 🔗🔗 #ebayfinds #affordablejewelry #coinjewerly #charmnecklaces #necklacestack,"A creator shares how she accidentally received affordable eBay coin pendants for free after complaining about their small size, using the story to promote her new eBay storefront and jewelry stacking style.",,Raw UGC,Review,true,yes,https://www.tiktok.com/@gionnnna/video/7561419960187129119
ebay schnäppchen,ebay gem,2025-11-06,2026-10-05,steviesells,Stevie Sells,1500000,65400,170,241,not German,English/other,yes,,,other/general,I bought the cheapest Picasso on eBay 🖼️ #picasso #painting #ebay,"Creator Stevie Sells unboxes and inspects a 125 dollar painting purchased on eBay years ago advertised as an original Picasso, using side-by-side signature comparisons and reverse stamps to humorously debunk its authenticity.",,Polished Creator,Vlog,false,yes,https://www.tiktok.com/@steviesells/video/7569735072471862541
ebay schnäppchen,ebay gem,2025-11-29,2026-10-05,suziequelovelyfinds,suziequelovelyfinds,99,0,,,not German,English/other,yes,,,fashion/vintage,Shop and Save https://ebay.us/m/EXTgAn,"A fashion reseller posts a promotional product showcase on TikTok, featuring an editorial-style intro graphic followed by a rapid display of affordable clothing items available for purchase via an eBay affiliate link.",,Polished Creator,Haul,true,yes,https://www.tiktok.com/@suziequelovelyfinds/video/7578122854768577805
ebay schnäppchen,ebay gem,2026-01-08,2026-10-05,bestma_32_,Varon,4007,6,,1,not German,English/other,yes,,,pokemon/TCG,😱 3% off with code TAKE3 🔥🔥 PRE ORDER NOW 🔥  https://www.ebay.co.uk/itm/336369019256    #fyp #viral #trending #pokemoncommunity #pokemon,"A short promotional TikTok video by seller Varon showcasing a Japanese Pokémon booster box pre-order on eBay, featuring a 3% discount code, pricing details, seller rating, and cross-platform social media handles.",,Screen Recording,Promo,true,yes,https://www.tiktok.com/@bestma_32_/video/7592873236631768342
ebay schnäppchen,ebay gem,2026-01-21,2026-10-05,idkwhattoputasqname,Need10kfollowersforplaylist,30800,1269,33,10,not German,English/other,yes,,,toys/collectibles,I bought a Hatsune Miku figurine for less than a dollar $0.99 cents at ebay! I got so lucky thankfully the seller sent the item as I won the bid for a really low price because no one else bidded again,"An enthusiastic unboxing video showing a creator opening an eBay purchase of a Hatsune Miku winter figurine bought for under a dollar, proving the deal at the end of the clip.",,Raw UGC,Unboxing,false,yes,https://www.tiktok.com/@idkwhattoputasqname/video/7597664701543206151
ebay schnäppchen,ebay gem,2026-03-02,2026-10-05,marshalls_shop,Lou,356,6,,,not German,English/other,yes,,,other/general,"Ebay Auction Live Now!!
Hurry!! 
Snatch up this Silver Espree Necklace.
Starting bid £3.00
LINK BELOW in comments 

#auction 
#sale 
#ebayseller 
#globalshipping 
#live",A short product showcase video promoting a live eBay auction for a silver Espree necklace with a low starting bid of three pounds.,,Raw UGC,Haul,true,yes,https://www.tiktok.com/@marshalls_shop/video/7612720190014475523
ebay schnäppchen,ebay gem,2026-03-22,2026-10-05,danishuniversity.com,Danish University.com,19800,565,22,135,not German,English/other,yes,,,other/general,Trending Ecommerce Winning Products to Sell on ebay #ecom #dropshipping #ecommerce #trendingproducts #winningproducts @Danish University.ORG 📈🤝💸,"A TikTok video by Danish University.com uses a screen recording of an eBay seller account generating hundreds of paid orders and over $46,000 in revenue to promote winning e-commerce dropshipping products.",,Screen Recording,Tutorial,true,yes,https://www.tiktok.com/@danishuniversity.com/video/7620172439653420309
ebay schnäppchen,ebay gem,2026-05-30,2026-10-05,evd.sports.cards,evd.sports.cards,29300,923,114,83,not German,English/other,yes,,,sports cards,"Had a great sales day today, $84 in sales on mainly low end card orders!!  Here’s a packing tutorial for eBay Standard Envelope otherwise known as PWE.  Hope you guys enjoy and if you have any questio","A sports card reseller shares a quick daily sales update and delivers a clear, step-by-step tutorial on how to securely pack low-value trading cards using eBay Standard Envelope (PWE) shipping.",,Raw UGC,Tutorial,false,yes,https://www.tiktok.com/@evd.sports.cards/video/7645506772479921438
ebay schnäppchen,ebay gem,2026-06-03,2026-10-05,echo_vintage,Echo Vintage,3,0,,,not German,English/other,yes,,,handbags/luxury,"Ever spotted a plane flying this close?
Grab amazing bag gifts for Father’s Day!
Search echovtg on eBay for exclusive discounts✨
#FathersDaySale #DesignerBags #eBayFind#luxurybag#echovtg#eBayseller#eb","An AI-generated promotional TikTok video by Echo Vintage using a surreal paper airplane visual hook to draw viewers in, pivoting to a Father's Day gift pitch for luxury designer bags available on their eBay store.",,Cinematic,Commercial,true,yes,https://www.tiktok.com/@echo_vintage/video/7647001250579467533
ebay schnäppchen,ebay gem,2026-07-08,2026-10-05,notsonicami,⋅ʚ♡ɞ⋅,133200,17900,128,388,not German,English/other,yes,,,car parts,Only joke I got. No hate to the seller but I acc thought I found the jack pot until I looked closer 💔 #figurecollector #ddlc #ebay #kagaminelen #targetaudience,A relatable and humorous TikTok meme sharing a collector's disappointment over accidentally bidding on an empty anime figure box.,,Raw UGC,Meme,false,yes,https://www.tiktok.com/@notsonicami/video/7660278421481622815
ebay schnäppchen,ebay gem,2026-07-17,2026-10-05,maudlinoddity,maudlinoddity,2200000,417100,1191,32400,not German,English/other,yes,,,fashion/vintage,"what is the most ""out of place"" item in my wardrobe? i snagged this nwt leopard print beauty for cheap off ebay and... as you can see... still havent taken the tags off either myself! 

ive been dream","A fashion creator showcases a newly acquired vintage-style leopard print gown, sharing details about her eBay find, styling aspirations, and wardrobe fitting challenges while engaging her alternative fashion community for advice.",,Raw UGC,Vlog,false,yes,https://www.tiktok.com/@maudlinoddity/video/7663426922562538782
ebay schnäppchen,ebay gem,2026-07-26,2026-10-05,thegrungequeenn,grungequeen,7191,152,8,,not German,English/other,yes,,,fashion/vintage,"i seriously have had buyers have item in their carts for 1-2 years and never buy. i’m so confused 😭 

does anyone else have this problem? or any buyers have thoughts 🥲

#thrifthaul #goodwillbins #de","An online reseller packages a Y2K aesthetic clothing item while posting a frustrated text overlay asking why buyers leave items in their eBay carts for years without purchasing, sparking engagement from the resale community.",,Raw UGC,Vlog,false,yes,https://www.tiktok.com/@thegrungequeenn/video/7666989927917178126
ebay schnäppchen,ebay gem,2026-07-28,2026-10-05,reckdsealedandslabs,reckdsealedandslabs,143,4,,,not German,English/other,yes,,,electronics,Some of my EBay auction snipes #retrogaming #retro #RetroGaming #physicalmedia,"A short TikTok video showcasing a collector's recent eBay auction wins for retro video game titles across Game Boy Advance, Nintendo 3DS, and PlayStation.",,Raw UGC,Collection showcase,false,yes,https://www.tiktok.com/@reckdsealedandslabs/video/7667378697371962655
ebay schnäppchen,ebay gem,2026-07-30,2026-10-05,sentolaucur,Cizirichb,1432,322,,1,not German,unclear,yes,,,fashion/vintage,"episode 01 ebay

#ebay","A creator documents the step-by-step process of photographing a secondhand graphic t-shirt for an eBay listing, showcasing adjustments, detail shots, and the final upload to the platform.",,Raw UGC,Tutorial,false,yes,https://www.tiktok.com/@sentolaucur/video/7668316501098679572
ebay schnäppchen,ebay gem,2026-08-06,2026-10-05,italianloaferss,italianloafers,270800,36900,189,4676,not German,English/other,yes,,,handbags/luxury,"‼️Frammm, Shhhhhhhh‼️ I’m trying to help yall out a little if you aren’t going to Japan anytime soon. 

⚠️Ps: Remenber you have to pay those tariffs as well. You will pay them either through the vendo","A creator shares a curated list of trusted Japanese eBay vintage vendors via an iOS notes app screen recording, using a reverse-psychology warning hook to deliver high-value sourcing intelligence for luxury bag collectors.",,Screen Recording,Tip,false,yes,https://www.tiktok.com/@italianloaferss/video/7670712393256815902
ebay schnäppchen,ebay gem,2026-08-07,2026-10-05,mangomitch,MangoMitch | Reselling,163300,13600,149,2403,not German,English/other,no,,,car parts,"10 clothing brands that can resell for $100 or more 👀

Not every piece is valuable, so pay attention to the style, condition, and sold comps. How many of these have you found?

#ResellingTips #Thrift","A thrift reseller presents a curated list of ten high-value clothing brands that can command over one hundred dollars on resale markets, utilizing sold-comp screenshots and rapid jump cuts to drive high audience engagement and comments.",,Raw UGC,Tutorial,false,yes,https://www.tiktok.com/@mangomitch/video/7671318783004364063
ebay schnäppchen,ebay gem,2026-08-12,2026-10-05,byroomeleven,Room Eleven,8761,975,24,24,not German,English/other,yes,,,fashion/vintage,I KNOW I KNOW it isn’t fall yet! But there are so many cool beautiful things on eBay… and YOU TOO could get this look for much less! Subscribe to my Substack (this post is FREE 99) and check out allll,"An art director and trend researcher presents a forecasted revival of 1920s art deco and refined boho chic for the upcoming fall season, encouraging viewers to subscribe to her Substack for curated links to over a hundred vintage eBay and Etsy finds.",,Polished Creator,Tutorial,true,yes,https://www.tiktok.com/@byroomeleven/video/7672997209364827423
ebay schnäppchen,ebay gem,2026-08-12,2026-10-05,poppyseedla2024,PoppyseedLA2024,107,0,,,not German,English/other,yes,,,fashion/vintage,"Vintage 90s New Era Seattle Mariners Wool Hat! It is a classic and comfortable cap that is perfect for any die-hard fan.
Video is for demonstration purposes only. Please click the link for the real it","A polished vintage reseller promotional video highlighting a 90s New Era Seattle Mariners wool hat through macro product shots and sunlit lifestyle modeling, driving viewers to an eBay store link.",,Polished Creator,Haul,true,yes,https://www.tiktok.com/@poppyseedla2024/video/7672931742981852429
ebay schnäppchen,ebay gem,2026-08-13,2026-10-05,miyukreii,yuireii,6589,730,35,8,not German,English/other,yes,,,toys/collectibles,Forgot this was in drafts ✨Was such an easy process with eBay bids from japan!! @ebay 🩵#animetiktok #rimurutempest #blueexorcist #figures #ebayfinds,"Creator yuireii shares a sponsored haul of anime figures won through eBay bids from Japan, emphasizing the ease of the process and remarkably low prices with on-screen text overlays.",,Raw UGC,Haul,true,yes,https://www.tiktok.com/@miyukreii/video/7673545110210055438
ebay schnäppchen,ebay gem,2026-08-21,2026-10-05,sportycpa,sportycpa,5544,54,2,27,not German,English/other,yes,,,sneakers,"@adidas Canada has an extra 40% off its eBay store until 8/27. Code: ADICANADA40
*Should auto apply when adding to cart but there are 
some exclusions* #sneakershopping #runningshoes #sneakerfinds","A fitness creator shares a mid-week eBay deal for Adidas Canada offering an extra 40% off, specifically highlighting the Adizero Adios Pro 4 running shoes and providing sizing and training advice.",,Raw UGC,Tutorial,false,yes,https://www.tiktok.com/@sportycpa/video/7676297282962165000
ebay schnäppchen,ebay gem,2026-08-23,2026-10-05,hamza.ebay.expert,Hamza Ebay Expert,3389,85,5,7,not German,English/other,yes,,,other/general,"TOP 3 Dropshipping Products Viral on 2026 

#ebay #dropshipping #usa #uk #viral","An e-commerce tutorial highlighting three viral dropshipping products for 2026, complete with wholesale buying prices, retail selling prices, and target global markets.",,Polished Creator,Tutorial,true,yes,https://www.tiktok.com/@hamza.ebay.expert/video/7677285788215823634
ebay schnäppchen,ebay gem,2026-08-31,2026-10-05,wicked.goods,Wicked Goods,718,14,7,,not German,English/other,yes,,,car parts,"My sale have been crazy this past week. I’m not sure if it’s just a coincidence, if I have better items posted, or if eBay is running some sort of promotion. Have you guys noticed a change after you p","An eBay reseller questions whether purchasing a store subscription directly caused her recent surge in sales or if it was due to better inventory or platform promotions, prompting her audience to share their own experiences.",,Raw UGC,Opinion,false,yes,https://www.tiktok.com/@wicked.goods/video/7680243060319456542
ebay schnäppchen,ebay gem,2026-09-10,2026-10-05,pullpipeline,Frankie,19400,683,26,64,not German,English/other,yes,,,pokemon/TCG,Should you do free shipping? #tcg #pokemon #tcgplayer #ebay #misprint,"A TCG reseller breaks down the economics of free shipping on eBay, using data from the Baymard Institute and granular math equations to prove how a fixed pricing offset turns a loss into a profit.",,Polished Creator,Tutorial,false,yes,https://www.tiktok.com/@pullpipeline/video/7683710784353963295
ebay schnäppchen,ebay gem,2026-09-18,2026-10-05,kzedcards,KZed Cards,385,14,3,,not German,English/other,yes,,,sports cards,Help me package up an eBay sale! Be sure to check out my eBay store and CollX store for great low end deals!! #fyp #hobby #cards #collection #sportscards,"A sports card seller films a quick, relatable tutorial on packaging an eBay order, walking viewers through finding a low-cost rookie card in storage, prepping it in a team bag, and sealing it in a shell mailer.",,Raw UGC,Tutorial,true,yes,https://www.tiktok.com/@kzedcards/video/7686310672614870303
ebay schnäppchen,ebay gem,2026-09-26,2026-10-05,finestflips,finestflips,323500,18800,89,325,not German,English/other,yes,,,fashion/vintage,"$1,807.24 from 6 random things most people wouldn’t even look twice at.

Antique 7-star flag  — $1,250
Vintage film viewer  —$261.75
Russian avant boo  —  $112.49
Vintage baseball glove — $75
Vintage","A reseller documents how they made $1,807.24 on eBay by selling six uncommon antique and vintage items sourced from estate sales, emphasizing the value of learning niche categories.",,Raw UGC,Vlog,true,yes,https://www.tiktok.com/@finestflips/video/7689986498980039966
ebay schnäppchen,ebay gem,2026-09-28,2026-10-05,biggest_httyd_fann,HTTYD Lover,1774,213,3,3,not German,English/other,yes,,,toys/collectibles,this is the cloudjumper (stormcutter) action figure and this is the link: https://ebay.io/m/2jWKIH #httyd #cloudjumper #cloudjumperdragon #stormcutter #httydfigures,"An HTTYD collector showcases a rare 2014 Spin Master Cloudjumper action figure from their extensive collection, directing viewers to an active eBay auction listing to purchase it.",,Raw UGC,Review,true,yes,https://www.tiktok.com/@biggest_httyd_fann/video/7690566260291030290
ebay schnäppchen,ebay gem,2026-09-28,2026-10-05,idealcoupons,Ideal Coupon Codes,1124,5,,,not German,English/other,yes,,,other/general,"🔥 Ebay Promo Code 2026 DEAL ✅ | Ebay Coupon Code | Ebay Discount Code 🎁

Save more on your next Ebay purchase by checking the newest promotion before heading to checkout. New promotions can appear a","A practical tutorial video by IdealCoupons demonstrating how shoppers can systematically find and test working promo codes for eBay orders, combining a friendly talking-head introduction with a clear mobile screen-recording walkthrough.",,Polished Creator,Tutorial,true,yes,https://www.tiktok.com/@idealcoupons/video/7680114487461989640
ebay schnäppchen,ebay gem,2026-09-29,2026-10-05,watashiwatsuki_,Tsuki ( •̀ᴗ•́ )و ̑̑,2382,336,19,10,not German,English/other,yes,,,toys/collectibles,🩷💜🩵                                       GUYS IM FREAKING OUT I CANT BELIEVE THIS I LOVE HER SO MUCH😭😭 lowkey got a little heart attack when i unboxed the base because it had 3 holes? BUT ITS LE,"An enthusiastic anime figure collector unboxes their holy grail item, a KAngel Pop Up Parade figure purchased on eBay, expressing intense nervous excitement and delight over its details.",,Raw UGC,Haul,false,yes,https://www.tiktok.com/@watashiwatsuki_/video/7691023376835415329
ebay schnäppchen,ebay gem,2026-09-29,2026-10-05,bobdabra,Bob Dabra,1124,42,5,,not German,English/other,yes,,,fashion/vintage,Disclaimer: I still teach every-other day at the school so technically not a full timer but now I get more time to work on the vintage shop! These online sales from eBay and whatnot help keep me afloa,"A former teacher turned vintage reseller shares an honest weekly breakdown of his eBay sales, discussing the stress of his previous teaching schedule, the reality of fluctuating payouts, and the increased enjoyment of running his own business full-time.",,Raw UGC,Personal-update,true,yes,https://www.tiktok.com/@bobdabra/video/7690744749145263390
ebay schnäppchen,ebay gem,2026-10-01,2026-10-05,valuevideogames,Value_video_games,335,11,,,not German,English/other,yes,,,toys/collectibles,"It’s October!

Save 10% on Video Games and more code in bio

Shop: https://ebay.us/m/WTfSeV

•
•
•

#october #halloween #scary #spooky #retrovideogames",A small business video game store welcomes October and the Halloween season by showcasing a curated tabletop spread of horror video games and media collectibles while offering a 10% discount on their eBay store.,,Polished Creator,Promo,true,yes,https://www.tiktok.com/@valuevideogames/video/7691779430070504735
ebay schnäppchen,ebay gem,2026-10-04,2026-10-05,sportscardsboss,Sports cards Boss,236,9,,1,not German,English/other,yes,,,sports cards,"2018-19 Panini Opulence Kobe Bryant Gold Medal Auto #GM-KBR Platinum 1/1

2018 19, Panini, Kobe Bryant, Gold, #GM-KBR, numbered to 1, autographed
$25 099
Source: EBAY
Recorded sales: 1
Steal, fair dea","A sports card market content creator showcases the recent $25,099 eBay sale of a 1/1 autographed Kobe Bryant Panini Opulence card, prompting viewers to debate the valuation in the comments.",,Polished Creator,Review,true,yes,https://www.tiktok.com/@sportscardsboss/video/7692864157808479506
ebay schnäppchen,ebay gem,2026-10-05,2026-10-05,theohiopickers,TheOhioPickers,706,37,10,11,not German,English/other,yes,,,other/general,Did I make a good buy? #ebay #resale #reseller #yardsale #shed,"An online reseller gives a room-by-room tour of a newly purchased $30,000 two-story backyard shed converted into an eBay fulfillment and listing center, highlighting the infrastructure, heating, packing stations, and inventory storage before asking viewers for their evaluation.","I JUST SPENT $30,000 ON A TWO STORY SHED AND TURNED IT INTO AN EBAY STORE. IT'S 14 WIDE BY 32 LONG. I WENT WITH A GRAVEL PAD FOR THE FOUNDATION. GOT OUR PACK AND SHIP STATION. THIS IS WHERE WE PACK AND SHIP OUT ORDERS EVERY SINGLE DAY FOR EBAY. WE'VE GOT COMPLETE ELECTRIC RUNS THROUGH THE FIRST AND SECOND FLOOR. THESE CENTER TABLES I ESSENTIALLY JUST USE IN PROCESSING AND CLEANING. I'VE GOT BASEBOARD HEATERS ON EACH SIDE SPACE HEATERS HELP OUT A LITTLE BIT. PROPANE AS NEEDED. THIS IS WHERE I DO LISTING. THIS IS WHERE I SHRED CARDBOARD FOR PACKING MATERIAL. WE'VE GOT ONE WALL A C UNIT DOES A REALLY GOOD JOB OF KEEPING THE DOWNSTAIRS COOL. UPSTAIRS IS COMPLETELY DEDICATED TO LISTED INVENTORY. SO EVERYTHING THAT IS CURRENTLY FOR SALE IN OUR STORE STAYS UPSTAIRS UNTIL IT'S TIME TO PULL. AND THIS IS PART OF OUR ADVANCED SECURITY SYSTEM. HEY, DON'T COME STEAL OUR STUFF. DON'T STEAL OUR STUFF, BABY. DO YOU GUYS THINK I MADE A GOOD INVESTMENT ON THIS BUILDING? LET ME KNOW IN THE COMMENTS.",Raw UGC,Vlog,false,yes,https://www.tiktok.com/@theohiopickers/video/7693240439578610975
auf ebay gefunden,found on ebay,2025-11-18,2026-10-05,therealrabina,Cocobinaa,1238,73,7,3,not German,English/other,yes,,,car parts,"Found a gem on @eBay UK. Let me know if you guys want the seller’s name. She had quite a few stocks. 

#vintagefurcoat #fashionfinds #ukfashion #autumnoutfits #ugccontentcreator","Creator Cocobinaa shares an enthusiastic haul video on TikTok revealing a vintage fur coat scored on eBay UK, engaging her audience by offering the seller's name in exchange for comments while highlighting her genuine excitement and styling plans.",,Raw UGC,Haul,false,yes,https://www.tiktok.com/@therealrabina/video/7573991194905038102
auf ebay gefunden,found on ebay,2025-11-19,2026-10-05,wears.kristen,kristen,985,40,13,1,not German,English/other,yes,,,fashion/vintage,100% leather and less than $40!! love a good ebay find!!@KatieCasper taught me well @ebay #ebayfinds #vintageleatherjacket #leatherjacket,"A fashion creator unboxes a second-hand black leather jacket purchased on eBay for under $40, trying it on in her closet while contrasting it favorably with mass-market fast fashion alternatives.",,Raw UGC,Haul,false,yes,https://www.tiktok.com/@wears.kristen/video/7574234837574290702
auf ebay gefunden,found on ebay,2025-12-07,2026-10-05,steph_hong,steph,4330,193,43,3,not German,English/other,yes,,,fashion/vintage,The thrift gods really came through with this one. #vintagefinds #vintagefashion #driesvannoten #ebayfinds,"A fashion creator flexes a successful eBay auction win, scoring a vintage Dries Van Noten jacket for seventy-five dollars, showcasing its details and fit in a modern apartment setting.",,Polished Creator,Haul,false,yes,https://www.tiktok.com/@steph_hong/video/7581186991044300045
auf ebay gefunden,found on ebay,2025-12-22,2026-10-05,lesliedoane,Leslie Doane,183200,24700,80,185,not German,English/other,yes,,,fashion/vintage,My sister had a little Sesame Street sweater that she loved when she was little. It by mistake was sold at a thrift sale back in the early 80’s. I found it on eBay and this was her sweet reaction 🥹🎄,"A heartwarming holiday video capturing a woman's emotional reaction to receiving her lost childhood Sesame Street sweater and framed photo as a Christmas gift, surrounded by her family.",,Raw UGC,Personal-update,false,yes,https://www.tiktok.com/@lesliedoane/video/7586498919274728718
auf ebay gefunden,found on ebay,2025-12-26,2026-10-05,nativeflgirlbrooke,Brooke NorthFL Realtor🍊,498100,42800,245,2398,not German,English/other,yes,,,other/general,I was only able to find this on Ebay! #kandi #gatekeeping #loom #kandikids #plur,"A creator calls out online gatekeeping regarding a specific Kandi bead loom, revealing the product name and instruction manual to help fellow crafters find it.",,Raw UGC,Vlog,false,yes,https://www.tiktok.com/@nativeflgirlbrooke/video/7588037138449550605
auf ebay gefunden,found on ebay,2026-01-23,2026-10-05,thekinder.house,Rebekah,389,13,,,not German,English/other,yes,,,fashion/vintage,I love a good ebay find!  #ebayfinds #ebay #cottagecore #crossstitch #duck,"Creator Rebekah shares a newly arrived vintage needlepoint wall hanging purchased on eBay, discussing her transition toward cottagecore decor and asking viewers for their opinions on where and how to hang it given her home's spatial limitations.",,Raw UGC,Vlog,false,yes,https://www.tiktok.com/@thekinder.house/video/7598650333291728158
auf ebay gefunden,found on ebay,2026-01-24,2026-10-05,milanadrianna,Milan,447,15,,1,not German,English/other,yes,,,car parts,"eBay unboxing! Scored an awesome dragon jar for around $30. 

#ebay #unboxing #ebayfinds #antiques #home","Milan shares an eBay unboxing video where she reveals a blue and white ceramic dragon jar purchased for $30, styles it on her living room mantel, and asks her audience whether she should keep a separate $20 HomeGoods jar that doesn't fit her dragon theme.",,Raw UGC,Vlog,false,yes,https://www.tiktok.com/@milanadrianna/video/7599059073006374174
auf ebay gefunden,found on ebay,2026-01-26,2026-10-05,balloonsbabiesboujee,Amanda🎈🥂,599,21,5,,not German,English/other,yes,,,watches,"🤍✨ @ebay SCORE!!! ✨🤍

I just found the most gorgeous antique Wedgwood pieces on eBay and HAD to do an unboxing 😍📦
The details… the craftsmanship… the vintage elegance 😭🤍

Watch till the end to s","An aesthetic unboxing video showing a creator opening an eBay delivery containing rare lavender-blue antique Wedgwood teacups and saucers, presented in a clean white kitchen setting with engaging caption prompts.",,Curated Aesthetic,Haul,false,yes,https://www.tiktok.com/@balloonsbabiesboujee/video/7599667439365836063
auf ebay gefunden,found on ebay,2026-02-08,2026-10-05,finalbrit,Kiaa,22000,318,22,14,not German,English/other,yes,,,other/general,I’ll let you know if they respond x #toycode #ebayreseller #freetoycode #roblox #barb,"A TikTok screen recording where a creator mocks players begging for free Roblox items by typing an absurd, chaotic message to an eBay seller of a virtual face.",,Screen Recording,Meme,false,yes,https://www.tiktok.com/@finalbrit/video/7604620308548521238
auf ebay gefunden,found on ebay,2026-02-19,2026-10-05,m.e.myselfandfatigue,"Rebecca; ME, Myself, & Fatigue",432,47,4,,not German,unclear,yes,,,fashion/vintage,"eBay find!

#ebayfinds #ebayfindsuk #lamp #ebayhaul #tablelamp","Creator Rebecca shares an enthusiastic short video reviewing a quirky vintage lamp she purchased sight-unseen on eBay, delighting in its unexpected dual-lighting feature where both the top bulb and the interior base illuminate.",,Raw UGC,Haul,false,yes,https://www.tiktok.com/@m.e.myselfandfatigue/video/7608519667178654998
auf ebay gefunden,found on ebay,2026-03-05,2026-10-05,isecretlywannabeablogger,char,1766,66,12,,not German,English/other,yes,,,handbags/luxury,5 years ago at this point I guess. This was probably one of my best Japanese eBay finds came with tags !  My brain is only mildly rotted dw!  @liana.ava #vintage #brainrot #ootd #messy #losangeles,A creator shares a casual outfit check in her home entryway while rambling about a vintage Japanese eBay find and high-end bag history.,,Raw UGC,OOTD,false,yes,https://www.tiktok.com/@isecretlywannabeablogger/video/7613865378569014558
auf ebay gefunden,found on ebay,2026-03-24,2026-10-05,vanillababydoll,𝓂𝒾𝓁𝒶 ♡,330100,54800,114,2551,not German,English/other,yes,,,fashion/vintage,"got these cute flats on eBay a while ago but I’m just now gonna wear them out ♡ 
#juicycouture #y2k #balletflats  #2000snostalgia @Juicy Couture","A silent, aesthetic unboxing video featuring vintage pink lace Juicy Couture ballet flats found on eBay, presented with a cozy Y2K nostalgic tone.",,Curated Aesthetic,Haul,false,yes,https://www.tiktok.com/@vanillababydoll/video/7620887377384377631
auf ebay gefunden,found on ebay,2026-04-13,2026-10-05,foolforfate,g | messy witch🌛💋🧚🏼‍♂️🐞,4733,455,4,4,not German,English/other,yes,,,fashion/vintage,to polish or not to polish? another perfect @eBay UK antique find for my altar ✨💋💫🧚🏼‍♂️ #witchtok #witchesaltar #unboxing #ebayuk,"A WitchTok creator unboxes a vintage silver-colored heart dish found on eBay UK, asking viewers whether she should polish it, set against an aesthetic altar background.",,Curated Aesthetic,Unboxing,true,yes,https://www.tiktok.com/@foolforfate/video/7628318807622274326
auf ebay gefunden,found on ebay,2026-06-13,2026-10-05,fruitspc_yt,FruitsPC,440600,25700,229,2503,not German,English/other,yes,,,other/general,"$90 mystery ebay PC👍🔥💯🥀😈💥❤️😎👻💀

$90 for everything! That's a awesome deal I would say. Every part works fine and I got another 1050, 16GB and a awesome mobo. The PSU goes straight in the Tras","A tech creator demonstrates building a fully functional gaming PC from a ninety dollar eBay mystery bundle, showcasing the components, assembling them inside a modified cardboard box, and testing it with Cyberpunk 2077.",,Raw UGC,Tutorial,false,yes,https://www.tiktok.com/@fruitspc_yt/video/7650677902446562582
auf ebay gefunden,found on ebay,2026-06-15,2026-10-05,253attire,253Attire,209200,16800,85,643,not German,unclear,yes,,,fashion/vintage,Showing up first paid off #thrift #vintage #ebay #vintageclothes #reseller,"A vintage clothing reseller films a POV video documenting a garage sale where they stumble upon a massive pile of Y2K graphic tees and motocross apparel priced at $3 each, highlighting the success of arriving early.",,Raw UGC,Vlog,false,yes,https://www.tiktok.com/@253attire/video/7651718898093509918
auf ebay gefunden,found on ebay,2026-06-22,2026-10-05,breyerhorsecollec,breyerhorsecollector049,444,40,5,1,not German,English/other,yes,,,toys/collectibles,"Come unbox a vintage Breyer with me. lol
Thank you to my husband who got him off of eBay for me. He is so lovely 😍😄😍😄 

#unbox #vintage #breyertok #unboxing #breyerhorse #breyer","A TikTok creator shares a wholesome unboxing video of a vintage Breyer horse figurine purchased on eBay by her husband, set to an emotional soundtrack and tagged for the Breyertok community.",,Raw UGC,Unboxing,false,yes,https://www.tiktok.com/@breyerhorsecollec/video/7654296959477419295
auf ebay gefunden,found on ebay,2026-06-23,2026-10-05,hllywoodforever,hllywoodforever,7701,895,20,4,not German,English/other,yes,,,handbags/luxury,my last 6 months on ebay… greatest finds of my life 🙂‍↕️ #ebay #ebayfinds @ebay,"A fashion and lifestyle creator shares a curated haul of her best eBay purchases from the past six months, including vintage decor, designer bags, jewelry, electronics, and media.",,Raw UGC,Haul,true,yes,https://www.tiktok.com/@hllywoodforever/video/7654677486889930014
auf ebay gefunden,found on ebay,2026-06-27,2026-10-05,beckb__,becky,2150,114,10,1,not German,unclear,yes,,,fashion/vintage,finding eBay gems>> 💛#ralphlauren #ebay #vintageralphlauren,"A quick, aesthetic TikTok video by creator becky showcasing a vintage Ralph Lauren paisley maxi skirt found on eBay, paired with a white tank top and set to upbeat background music.",,Raw UGC,Haul,false,yes,https://www.tiktok.com/@beckb__/video/7656105719892053262
auf ebay gefunden,found on ebay,2026-07-02,2026-10-05,ericastephanie97,Erica ✨,934,100,2,2,not German,English/other,yes,,,fashion/vintage,SHE IS SO CUTE😭 I love @ebay !! I have the most amazing finds on there and I’m never disappointed. Made my day #vintage #swan #homedecor #lamp #ebay,"A creator shares an aesthetic unboxing of a rare vintage 1950s ceramic swan lamp purchased on eBay, emphasizing its cozy warmth and unique mid-century charm.",,Raw UGC,Haul,false,yes,https://www.tiktok.com/@ericastephanie97/video/7657725487527054606
auf ebay gefunden,found on ebay,2026-07-30,2026-10-05,sci_fi_w0rld,sci_fi_world,6350,96,7,11,not German,English/other,yes,,yes,fashion/vintage,"Off White in Tk Maxx 🤯
Vinted/Ebay: sci_fi_world
#tkmaxx #vinted #ebay #streatwear","A creator shares an exciting retail discovery video on TikTok, showing authentic Off-White t-shirts found on discount racks inside a TK Maxx store, priced at 99.99 EUR down from 325.00 EUR.",,Raw UGC,Vlog,false,yes,https://www.tiktok.com/@sci_fi_w0rld/video/7668389595913932065
auf ebay gefunden,found on ebay,2026-08-05,2026-10-05,tamzlifestyle,Tamzlifestyle,662,15,2,,not German,English/other,yes,,,electronics,"Unboxing an unused iPhone and Samsung electronic mystery box
. Wasn’t expecting what I found 📦📷 🫠 #fyp #mysterybox #iphone #samsung #ebay","Creator Tamzlifestyle unboxes an online electronic mystery box bought on eBay, expecting iPhones and Samsung devices but instead receiving a comedic avalanche of generic phone cases and screen protectors, leading to a relatable and amusing review.",,Raw UGC,Haul,false,yes,https://www.tiktok.com/@tamzlifestyle/video/7670528782226296097
auf ebay gefunden,found on ebay,2026-08-06,2026-10-05,beastbrobreaks,beastbrobreaks,5179,37,8,,not German,unclear,yes,,,sports cards,"eBay finds 

#sportscards","A sports card collector films a POV unboxing of an eBay purchase, revealing a Zion Williamson rookie card and asking viewers for their opinion on the pickup.",,Raw UGC,Haul,false,yes,https://www.tiktok.com/@beastbrobreaks/video/7670759087717616910
auf ebay gefunden,found on ebay,2026-08-09,2026-10-05,ebaybydani,eBay by Dani,31600,871,42,118,not German,unclear,yes,,,other/general,"Product hunting 5000 sold 
#ebayfinds #ebay #ebaywintern #ebayseller #ebayreseller","An eBay reselling creator shares a product research case study via screen recording, highlighting a pressure washer foam nozzle that has achieved 5,000 sales. Set to upbeat Punjabi music, the video provides actionable market intelligence for the reselling community.",,Screen Recording,Tutorial,true,yes,https://www.tiktok.com/@ebaybydani/video/7672173167506394375
auf ebay gefunden,found on ebay,2026-08-13,2026-10-05,coachbyana,coachbyana,514600,22600,247,276,not German,English/other,yes,,,handbags/luxury,Update on the $250 eBay Chanel! Just a few finishing touches left. P.S. She was supposed to be dark brown lol 😂 #vintagechanel #bagrestoration #diy #thriftfinds #ebayfinds,"A creator shares an update on restoring a $250 vintage eBay Chanel bag, taking viewers through the mesmerizing process of stripping, cleaning, and dyeing the leather to a glossy dark brown finish.",,Raw UGC,Tutorial,false,yes,https://www.tiktok.com/@coachbyana/video/7673342277636328717
auf ebay gefunden,found on ebay,2026-08-19,2026-10-05,szentkiralyiova,Adriana9,279,3,,,not German,English/other,yes,,,fashion/vintage,New items on ou Ebay account 👌,"A TikTok post by Adriana9 featuring a slideshow of children's clothing items newly listed for sale on her eBay account, complete with direct links and detailed label shots.",,Casual Snapshot,Haul,true,yes,https://www.tiktok.com/@szentkiralyiova/video/7675823027795348768
auf ebay gefunden,found on ebay,2026-08-25,2026-10-05,clarilope,Clara Lope,2828,113,5,4,not German,English/other,yes,,,fashion/vintage,come check out my finds #Ebay #vintage #ootd #fashion #secondhand,A fashion creator defends her preference for shopping on eBay by showcasing a rapid montage of stylish vintage outfits sourced entirely from the platform.,,Raw UGC,Haul,false,yes,https://www.tiktok.com/@clarilope/video/7677767099414056223
auf ebay gefunden,found on ebay,2026-09-09,2026-10-05,basedchuds,Chudpilled,696500,139000,651,32700,not German,unclear,yes,,,car parts,ebay gem,"A TikTok video featuring a Reddit screenshot of a book purchased on eBay that contains an unexpected and absurd internet caricature annotation, accompanied by a repeating looped vocal audio track.",,Raw UGC,Meme,false,yes,https://www.tiktok.com/@basedchuds/video/7683321358079528210
auf ebay gefunden,found on ebay,2026-09-20,2026-10-05,skyehitchcock,Skye Hitchcock,231100,18900,151,38,not German,English/other,yes,,,fashion/vintage,"Going back to when things were made to last!! I ordered dough hooks off ebay, so excited that I thrifted this 40 year old mixer. #thrifted #vintagefinds #vintagehome","Creator Skye Hitchcock documents her trip to a thrift store to replace a broken modern KitchenAid mixer with a vintage model, showcasing several retro options, consulting her online community, and settling on a $25 Sunbeam Mixmaster.",,Raw UGC,Vlog,false,yes,https://www.tiktok.com/@skyehitchcock/video/7687755754484321550
auf ebay gefunden,found on ebay,2026-09-20,2026-10-05,anitatinyy,anita,55500,6269,17,82,not German,unclear,yes,,,handbags/luxury,"AHHHHHHHH
#citybag #unboxing 
@ebay","An enthusiastic fashion creator shares her long-awaited purchase of a pre-owned dark grey Balenciaga City bag via eBay, discussing her extensive research, sizing decisions, and comparing it to her everyday Margiela bag.",,Raw UGC,Haul,true,yes,https://www.tiktok.com/@anitatinyy/video/7687710711606283551
auf ebay gefunden,found on ebay,2026-09-22,2026-10-05,finestflips,finestflips,100800,4202,22,41,not German,English/other,yes,,,fashion/vintage,"What sold on eBay today. Light day, five orders going out.

1870s Naval books — $225
Antique military hat — $168.75
1995 Big Comfy doll — $75
1869letters — $38.99
Burnside carbine book — $29.25

Total","A reselling creator documents a light shipping day of five niche vintage orders totaling $536.99, demonstrating that finding specialized items like antique books and military hats yields better profits than competing in saturated clothing markets.",,Raw UGC,Vlog,true,yes,https://www.tiktok.com/@finestflips/video/7688499487462919454
auf ebay gefunden,found on ebay,2026-09-24,2026-10-05,seemingly_jen,Seemingly Jen,3746,164,14,40,not German,unclear,yes,,,handbags/luxury,@Nicki💙Mom💙Wife💙Inspired Lux #japaneseebay #luxuryhandbags #designerbags #hermesbags #shopping,"Creator Seemingly Jen responds to follower questions by explaining how to search for luxury handbags from Japanese sellers on eBay, offering a detailed, step-by-step desktop walkthrough of advanced search and location filters.",,Raw UGC,Tutorial,false,yes,https://www.tiktok.com/@seemingly_jen/video/7689240130472660237
auf ebay gefunden,found on ebay,2026-09-25,2026-10-05,21stcenturybettiepage,21stcenturybettiepage,3340,316,15,6,not German,English/other,yes,,,handbags/luxury,My ebay finds as a certified shopaholic: jacket edition #fashion #vintagefashion #ebayfinds #ebay #fyp,"A fashion creator delivers an energetic and curated eBay jacket haul, showcasing specific vintage pieces from designers like Mugler, Blumarine, and Cavalli while shouting out reliable eBay sellers and providing price breakdowns.",,Polished Creator,Haul,false,yes,https://www.tiktok.com/@21stcenturybettiepage/video/7689473164585323807
auf ebay gefunden,found on ebay,2026-10-01,2026-10-05,alliestyx,alliestyx,180500,36400,403,6272,not German,English/other,no,,,toys/collectibles,"I regret to inform you that I have discovered Breyer’s Halloween horses and now my daughter wants Cryptid. Unfortunately, she is correct. Glow-in-the-dark cryptid markings, red eyes, and 25 years of s","A creator humorously laments discovering Breyer's 25-year history of Halloween-themed collectible horses after her daughter falls in love with the 2026 'Cryptid' model, leading to playful resignation about becoming a Breyer household.",,Raw UGC,Review,false,yes,https://www.tiktok.com/@alliestyx/video/7691810799303560478
auf ebay gefunden,found on ebay,2026-10-02,2026-10-05,insideedition,Inside Edition,198500,15700,311,676,not German,English/other,yes,,,cameras,"Ben Coleman thought he hit the jackpot when he found a vintage video camera for $130 on eBay. But when the camera was delivered to him, Coleman discovered something priceless inside: precious home mov","Inside Edition reports on Ben Coleman, who bought a $130 vintage video camera on eBay and discovered untouched 1998-2006 home movies inside. After posting a plea on social media, he successfully tracked down the owners—the sibling group of Abby, Ellie, Parker, and Hunter from Utah—within 24 hours, returning their cherished childhood memories.",,High-Production,News,false,yes,https://www.tiktok.com/@insideedition/video/7692214166358150414
auf ebay gekauft,bought on ebay,2025-10-24,2026-10-05,almmmers,alma 💫 bayarea food + momlife,518,29,10,,not German,English/other,yes,,,cameras,Kinda nervous buying off eBay but so far no complaints! Just wanted a fun camera to take some pics for/of my baby to look back on. (No I can’t use my phone.. already struggling with storage over here,"A Bay Area mother and creator vlogs her experience unboxing a vintage digital camera purchased on eBay from Japan, intended for capturing family memories without cluttering her phone storage, all while managing her energetic toddler.",,Raw UGC,Vlog,false,yes,https://www.tiktok.com/@almmmers/video/7564571981530549535
auf ebay gekauft,bought on ebay,2026-01-18,2026-10-05,kata_valdepena,kata_valdepena,5438,169,39,1,not German,English/other,yes,,,car parts,What I bought on @ebay 🤌🏼✨ #ebayfinds #vintage #secondhandfashion #thrifted  #tomford,"A fashion creator unboxes a pair of vintage Tom Ford sunglasses purchased on eBay, sharing her excitement and styling thoughts while sitting in her car.",,Raw UGC,Haul,true,yes,https://www.tiktok.com/@kata_valdepena/video/7596827185151790350
auf ebay gekauft,bought on ebay,2026-01-31,2026-10-05,ms_twana,Twana,2054,116,33,,not German,English/other,yes,,,handbags/luxury,"So the #PurseTok girlies got me.
I tried Japanese eBay for the first time, which is literally just buying stuff on eBay… but from Japan, in case you didn’t know. Because I didn’t. 🤣

Anyway… y’all wa","Creator Twana shares her nervous excitement and anticipation after making her very first Japanese eBay designer handbag purchase, engaging her community with an authentic, relatable vlog-style update.",,Raw UGC,Vlog,false,yes,https://www.tiktok.com/@ms_twana/video/7601607449887493407
auf ebay gekauft,bought on ebay,2026-02-03,2026-10-05,hotgirlname,j:),2546,254,5,2,not German,English/other,yes,,,car parts,unboxing an ebay mystery box!! i have two more coming in the mail so stay tuned for those!! would you keep any of these items or are they trash?! #ebay #mysterybox #unboxing #blindbox #blindboxopening,"A creator stuck at home with a cold unboxes a $24.99 eBay mystery box filled with pop culture trinkets, reacting candidly to each item while asking her audience to judge whether the haul is treasure or trash.",,Raw UGC,Vlog,false,yes,https://www.tiktok.com/@hotgirlname/video/7602688893791522062
auf ebay gekauft,bought on ebay,2026-03-10,2026-10-05,coolahhgirl1903,issf(x),8068,756,18,5,not German,English/other,yes,,,handbags/luxury,2 impulsive purchases that ended up being my favorite buys in a MINUTE #ebay #ebayfinds #firkin #unboxinghaul,A fashion creator shares an eBay unboxing haul featuring two impulse purchases—a stylish structured bag and a graphic top—cultivating an authentic and relatable aesthetic community vibe.,,Raw UGC,Haul,false,yes,https://www.tiktok.com/@coolahhgirl1903/video/7615708588278910239
auf ebay gekauft,bought on ebay,2026-04-03,2026-10-05,kendelle.hi,kendelle,2427,113,13,2,not German,unclear,yes,,,fashion/vintage,"turning off eBay notifications nneeooww 

#ebayhaul #secondhand #ebay #thrifthauls #clothinghaul","A lifestyle creator shares a humorous haul of two dresses she accidentally purchased on eBay after lowballing offers, trying them on in her bedroom while bantering about her height and ear congestion.",,Raw UGC,Haul,false,yes,https://www.tiktok.com/@kendelle.hi/video/7624630685088615710
auf ebay gekauft,bought on ebay,2026-04-15,2026-10-05,thescentbug,Simona_thescentbug,590,45,8,1,not German,English/other,yes,,,fashion/vintage,Showing you my ebay finds. Yes I shop for perfume EVERYWHERE. Let me know if you find/ found something good. #perfumetok #perfumetips #shopping #ebay,"A beauty creator shares her strategy for safely buying secondhand and travel-sized niche perfumes on eBay, showcasing specific finds from brands like Diptyque, Fugazzi, and Byredo while offering tips on avoiding counterfeits and managing shipping costs.",,Raw UGC,Review,false,yes,https://www.tiktok.com/@thescentbug/video/7629037045003881760
auf ebay gekauft,bought on ebay,2026-04-24,2026-10-05,tryit_now1,6AM Feelings,825900,18700,200,1521,not German,English/other,yes,,,other/general,Collecting Drake Ice to sell it on EBay ICEMAN OTW 😂🥶🧊 #iceman #drake #ovo #fypシ #selling,"A humorous TikTok video showing a man collecting melting ice from a public Drake art installation to jokingly sell on eBay for thousands of dollars, blending real-world absurdity with meme culture.",,Raw UGC,Meme,false,yes,https://www.tiktok.com/@tryit_now1/video/7632362306780876064
auf ebay gekauft,bought on ebay,2026-05-06,2026-10-05,user50910400695052,Ccc45,677,56,,,not German,English/other,yes,,,other/general,I Bought This Painting on Ebay for just £200_2-3,"An art conservator documents the meticulous cleaning and historical attribution of a 19th-century marine oil painting by Wesley Elbridge Webber, purchased on eBay for £200. Through satisfying before-and-after visual reveals and deep biographical research, the video combines aesthetic ASMR with educational art history.",,Polished Creator,Tutorial,false,yes,https://www.tiktok.com/@user50910400695052/video/7636758100850134303
auf ebay gekauft,bought on ebay,2026-05-16,2026-10-05,itsmatttoyou,Matt | Brit in Chicago,9415,209,21,18,not German,English/other,yes,,,handbags/luxury,"I bought a Louis Vuitton bag from a Japanese eBay seller and now we’re finding out if it was a bargain or a mistake 😭📦

#japaneseebay #louisvuitton #luxuryfinds #vintagebag #designerbags","A British creator living in Chicago unboxes a vintage bronze Louis Vuitton Vernis bag purchased from a Japanese eBay seller for around 120-130 pounds, enthusiastically reviewing its immaculate condition and discussing how he justified the purchase.",,Raw UGC,Unboxing,false,yes,https://www.tiktok.com/@itsmatttoyou/video/7640435907950120214
auf ebay gekauft,bought on ebay,2026-05-20,2026-10-05,forrestsautoreviews,Forrest Jones,633400,55500,237,598,not German,English/other,yes,,,car parts,"Buying cars online is easy now thanks to @ebaymotors Secure Purchase protects you up to $100K, giving you more confidence when you’re making a big purchase like this. Search for your next vehicle on e","Creator Forrest Jones delivers an energetic, sponsored UGC walkthrough for eBay Motors Secure Purchase, using his newly purchased vintage car and a smartphone app demonstration to show how online car buying can bypass the DMV, eliminate delivery friction, and provide buyer confidence.",,Raw UGC,Tutorial,true,yes,https://www.tiktok.com/@forrestsautoreviews/video/7642083042894335246
auf ebay gekauft,bought on ebay,2026-05-26,2026-10-05,the.geek.cabal,The Geek Cabal,291,25,1,,not German,unclear,yes,,,car parts,Most recent eBay purchases. #tmek #ebay #sega32x #retrogaming #fyp,"A retro gaming creator discusses recent eBay purchases including a GBA cartridge, an N64 box, and a rare 32X retail store display card, engaging his audience in a discussion about collecting ephemera.",,Raw UGC,Vlog,false,yes,https://www.tiktok.com/@the.geek.cabal/video/7644187090611227934
auf ebay gekauft,bought on ebay,2026-06-01,2026-10-05,hangoutwithj,Jose,106500,11600,42,144,not German,English/other,yes,,,fashion/vintage,"unboxing my new to me ipod nano 7th generation. it was a bidding war and in the last second i bid an extra dollar and won🤭

#ebay #ipod #apple #unbox #ipodnano","An aesthetic POV unboxing video of a thrifted iPod Nano 7th generation in chartreuse yellow bought on eBay, capturing the nostalgic appeal of vintage personal electronics.",,Raw UGC,Unboxing,false,yes,https://www.tiktok.com/@hangoutwithj/video/7646532578681392415
auf ebay gekauft,bought on ebay,2026-06-15,2026-10-05,.lee.guevara,♯ ⋮ 𝘓𝘦𝘦 .ᐟ ☭,67500,13100,106,370,not German,English/other,yes,,,fashion/vintage,⚠️⚠️I GOT THIS ON EBAY OFF OF SOMEONE WHO PREVIOUSLY OWNED/WORE IT DONT ATTACK ME⚠️⚠️ I also got the book written about him (which I’ve already read but wanted my own copy which is also pre-owned) #ch,"A TikTok user shares their newly arrived secondhand Che Guevara t-shirt purchased on eBay, preemptively asking viewers not to attack them while displaying archival footage.",,Raw UGC,Personal-update,false,yes,https://www.tiktok.com/@.lee.guevara/video/7651772533498301709
auf ebay gekauft,bought on ebay,2026-06-28,2026-10-05,fyndli,Philip | Fyndli,833,13,5,,not German,English/other,yes,,,other/general,"AMD Radeon RX 6900 XT NITRO+ SE 16GB eBay Unboxing 👀

One of my latest eBay finds 📦

#ebay #unboxing #gpu #graphicscard #pcgaming #tech #gamingpc #ebayfinds #shorts","A silent, satisfying first-person POV unboxing and cleaning video of a second-hand AMD Radeon RX 6900 XT graphics card purchased on eBay, featuring ASMR-style physical interactions, dust blowing, and slime cleaning.",,Raw UGC,Unboxing,false,yes,https://www.tiktok.com/@fyndli/video/7656470935800778006
auf ebay gekauft,bought on ebay,2026-07-03,2026-10-05,born75aus,Born75,673500,22600,50,134,not German,English/other,yes,,,other/general,"I bought this cheap eBay air filter from China expecting it to be average at best. After working through a hot, dry, dusty Australian summer, I pulled it apart to see how it really performed. Safe to","An off-road enthusiast tests a budget eBay air filter through a harsh Australian summer, demonstrating via close-up inspection that despite heavy exterior dust accumulation, the filter successfully kept the interior clean.",,Raw UGC,Review,false,yes,https://www.tiktok.com/@born75aus/video/7658434161052536084
auf ebay gekauft,bought on ebay,2026-07-13,2026-10-05,maggiemcgaugh,Maggie McGaugh,586300,25500,77,158,not German,English/other,yes,,,handbags/luxury,If you’ve ever been tempted by an eBay mystery box… here you go.,"Creator Maggie McGaugh purchases a $32 eBay mystery box to test if it is a scam, unboxing a series of random, mismatched items including a smelly beanie, a fantasy book, gift bags, a phone case, an egg tray, a men's shirt, a necklace that immediately breaks, and Christmas storage, ultimately concluding that while the items technically total over $32 in retail value, she had no use for any of them.",,Raw UGC,Haul,false,yes,https://www.tiktok.com/@maggiemcgaugh/video/7662102260599541022
auf ebay gekauft,bought on ebay,2026-07-21,2026-10-05,pinkhoneyari,å🫧,2852,114,6,3,not German,English/other,yes,,,other/general,ntm on the braids im taking them out next week 🧍‍♀️#ebay #ipad,"A creator shares a quick, silent vlog-style video of herself unboxing an iPad purchased from eBay, capturing the satisfying reveal of the device.",,Raw UGC,Haul,false,yes,https://www.tiktok.com/@pinkhoneyari/video/7665106092984126734
auf ebay gekauft,bought on ebay,2026-08-01,2026-10-05,user6659978521314,Lenna Peavy.hamy,105,0,,,not German,English/other,yes,,,other/general,I bought a $24.99 Damascus Knife From Ebay. I Couldn't Believe What I Received!-4,"A creator tests a cheap $24.99 eBay Damascus knife, exposing it as soft, unhardened metal with faux grain structure that fails completely under basic stress.",,Raw UGC,Review,true,yes,https://www.tiktok.com/@user6659978521314/video/7668945385796209934
auf ebay gekauft,bought on ebay,2026-08-10,2026-10-05,late_summer,T H E R E S A S U M M E R,18500,1839,78,285,not German,English/other,yes,,,car parts,Japanese EBay come to the front immediately!!! #japanese #ebay #vintage #lv,A creator documents her nervous real-time unboxing of her first vintage luxury bag purchased from a Japanese eBay seller while sitting in her car outside a DHL depot.,,Raw UGC,Vlog,false,yes,https://www.tiktok.com/@late_summer/video/7672497254510431510
auf ebay gekauft,bought on ebay,2026-08-12,2026-10-05,mayback789,May back 👜,293300,13500,46,115,not German,English/other,yes,,,other/general,I Bought The CHEAPEST Apple on Ebay!  (1),"A fast-paced, entertaining tech review where a creator unboxes a twenty-dollar iPad Mini purchased on eBay, testing its functionality, speakers, and apps while maintaining an energetic and humorous persona.",,Raw UGC,Review,false,yes,https://www.tiktok.com/@mayback789/video/7673140556146429197
auf ebay gekauft,bought on ebay,2026-08-27,2026-10-05,giacasale,Gia Casale ♡,2676,138,3,4,not German,English/other,yes,,,other/general,ok where was this when I was a college student?? #ebay #ipad,"Gia Casale reviews and sets up a $50 iPad 6th generation purchased on eBay, demonstrating its functionality and sharing bargain shopping advice.",,Raw UGC,Tutorial,false,yes,https://www.tiktok.com/@giacasale/video/7678519310616251679
auf ebay gekauft,bought on ebay,2026-09-04,2026-10-05,justzikora,ZiBarbie🎀,11700,966,34,30,not German,English/other,yes,,,handbags/luxury,"My baby had a baby 🫶🏾
#louisvuitton #japaneseebay #luxuryfinds #lvpapillon #fyp😍","A fashion creator shares an exciting unboxing of a vintage Louis Vuitton Papillon 30 sourced via Japanese eBay, set against the backdrop of her extensive luxury handbag collection.",,Polished Creator,Haul,false,yes,https://www.tiktok.com/@justzikora/video/7681534119334989087
auf ebay gekauft,bought on ebay,2026-09-09,2026-10-05,itzjustchrizz,itzjustchrizz,327900,34300,615,873,not German,English/other,yes,,,fashion/vintage,Weird shit Wednesday 🕷️🪦🥀 some of the things I got off EBay!,"An eccentric collector showcases his recent eBay purchases of vintage oddities, including a human hair wreath, a 1950s ventriloquist dummy, a mortuary rotary phone, insect shadow boxes, and taxidermy, fostering a quirky and authentic community connection.",,Raw UGC,Vlog,false,yes,https://www.tiktok.com/@itzjustchrizz/video/7683566378212707598
auf ebay gekauft,bought on ebay,2026-09-12,2026-10-05,_jens_addiction,Jens Addiction,19700,822,71,104,not German,English/other,yes,,,handbags/luxury,"What did I buy!? Would you buy lost packages that were authenticated by eBay?  

Sorry if you lost your package… 🫠 

We buy a lot of lost packages but this was the first time we had the opportunity t","A reseller unboxes a $600 mystery box of lost freight containing eBay-authenticated luxury clothing items like Moncler, Louis Vuitton, and Chrome Hearts, inviting viewers to guess if she made a profit.",,Raw UGC,Haul,true,yes,https://www.tiktok.com/@_jens_addiction/video/7684498288107670797
auf ebay gekauft,bought on ebay,2026-09-13,2026-10-05,anallely.agustin,Anallely Agustin Bello,1093,84,23,,not German,English/other,yes,,,other/general,"Unboxing my best eBay win of the month 🖤🖤✨
 -.
Quick unboxing of this absolute beauty for the spooky/fall setup 🕯️🦇. The best part wasn't just how cute Jack and Zero look, but how little I paid wi",An unboxing video showing the step-by-step opening and testing of a Nightmare Before Christmas Scentsy warmer purchased via an eBay auction for Halloween decor.,,Raw UGC,Haul,false,yes,https://www.tiktok.com/@anallely.agustin/video/7684840540080278814
auf ebay gekauft,bought on ebay,2026-09-26,2026-10-05,diedremarlaaa,Diedre Marla,7085,357,42,12,not German,English/other,yes,,,handbags/luxury,"POV: you took a chance on Japanese eBay and she arrived 😍🤎

Unboxing my pre-loved Louis Vuitton Speedy 25 from Japan 🇯🇵 I’ve been wanting a speedy LV bag, but couldn't decide on price and felt lik","Creator Diedre Marla unboxes a pre-loved Louis Vuitton Speedy 25 purchased from a Japanese seller on Ebay, expressing excitement over the excellent condition and affordable price point.",,Raw UGC,Vlog,true,yes,https://www.tiktok.com/@diedremarlaaa/video/7689700449263373581
ebay echtheitsprüfung,ebay authentic,2025-10-10,2026-10-05,clevercubancards,Clever Cuban Cards,5730,203,36,3,not German,English/other,yes,,,sports cards,What do you think about the eBay authenticity guarantee program? On one hand that provides an extra layer of protection and security for those who are new to the hobby. At the same time as somebody wh,"A sports card creator shares his frustration with eBay's mandatory authenticity guarantee program for graded cards, citing a 16-day shipping delay on a $300+ Corbin Carroll rookie auto purchase and arguing that experienced collectors should be allowed to opt out.",,Raw UGC,Opinion,false,yes,https://www.tiktok.com/@clevercubancards/video/7559701097791622430
ebay echtheitsprüfung,ebay authentic,2025-11-03,2026-10-05,ks_kickss,ks_kicks,3400000,138600,825,1456,not German,English/other,yes,,,sneakers,"Your watching a Master at work!
#sneakers #ebay #fyp #travisscott #sneakercon 

Feat.
@Rome The Goat Shop","A first-person perspective video capturing a live authentication of Travis Scott Jordan 1 sneakers at Sneaker Con, showcasing expert inspection steps and ending with a successful verification.",,Raw UGC,Review,false,yes,https://www.tiktok.com/@ks_kickss/video/7568514169650056478
ebay echtheitsprüfung,ebay authentic,2025-11-04,2026-10-05,rio_the_watcher,rio_the_watcher,10300,221,27,17,not German,English/other,yes,,,watches,John Buckley Expose EBay’s Authentication Process! Does this make you second guess a purchase? @John Buckley @tuscanyrosegroup  #rolex #luxurywatches #watchdealer #fyp,"A creator reacts to vintage watch dealer John Buckley exposing eBay's authentication process for passing a watch with a custom, aftermarket Buckley dial.",,Raw UGC,Reaction,false,yes,https://www.tiktok.com/@rio_the_watcher/video/7568918790851808543
ebay echtheitsprüfung,ebay authentic,2025-12-23,2026-10-05,godwillbedone316,godwillbedone316,176,2,,,not German,English/other,yes,,,coins,"How to see if u got a real or fake I got, got on eBay send my refund pls","A frustrated TikTok creator demonstrates a magnet test for silver coins after purchasing a counterfeit item on eBay, warning viewers to be careful.",,Raw UGC,Personal-update,false,yes,https://www.tiktok.com/@godwillbedone316/video/7586872784093973791
ebay echtheitsprüfung,ebay authentic,2026-01-11,2026-10-05,bent.cards,Bentley | Bentcards,4760,59,25,7,not German,English/other,yes,,,pokemon/TCG,"If you ever wanted to check out how eBay identification packs their orders, here is an unboxing .","A trading card creator unboxes and reviews his first eBay-authenticated purchase over $250, showcasing the packaging, presentation box, certificate insert, and PSA graded Pokemon card slab.",,Raw UGC,Review,false,yes,https://www.tiktok.com/@bent.cards/video/7594225473773751607
ebay echtheitsprüfung,ebay authentic,2026-01-14,2026-10-05,cue_tip,cue_tip_,2279,104,7,,not German,unclear,yes,,,sneakers,Legit check?#fyp #xyzbca #ebay #sneakers #funny,A humorous short-form video featuring a creator with an exaggerated hairstyle performing a satirical legit check on StockX sneakers using a fictional eBay checker.,,Raw UGC,Comedy-skit,false,yes,https://www.tiktok.com/@cue_tip/video/7595067452820573471
ebay echtheitsprüfung,ebay authentic,2026-02-23,2026-10-05,dulcemari1089,🫧Dulcemar🩷,1180,52,23,,not German,English/other,yes,,,handbags/luxury,"Ill love her either way. 
Who else just had to have a bag from japanese ebay? 
#lvspeedy #vintagebags #foryoupage #momtok #japaneseebay @ebay","A creator shares a storytime video about deciding to finally authenticate her vintage Louis Vuitton Speedy 30 bag purchased years ago from Japanese eBay, prompted by seeing another creator discover a fake bag from a reseller. She walks through the submission process on realauthentication.com and expresses that she will still love the bag even if it turns out to be unauthentic.",,Raw UGC,Vlog,false,yes,https://www.tiktok.com/@dulcemari1089/video/7610158565365419294
ebay echtheitsprüfung,ebay authentic,2026-03-23,2026-10-05,dupuies_treasures,dupuiestreasures,392,8,1,,not German,English/other,yes,,,other/general,"Replying to @Marcy 2025 

Answering a question about authentication on eBay, I hope this helped at least someone!!🥰 Ask me any more questions you guys may have about reselling!!

#ebay #reseller #aut","An experienced reseller uses a TikTok video response to explain eBay's authentication process to a follower, clarifying that while pre-authentication isn't mandatory, she uses third-party apps for peace of mind before shipping items to eBay's authentication center.",,Raw UGC,Tutorial,false,yes,https://www.tiktok.com/@dupuies_treasures/video/7620480926509796639
ebay echtheitsprüfung,ebay authentic,2026-03-25,2026-10-05,trilogyjewellers,Trilogy Jewellers,4371,103,3,3,not German,English/other,yes,,,car parts,Our authenticity check for the EBay Live Auctions! 🔥🔥  https://www.ebay.co.uk/ebaylive/events/Q2vBsQI9wKSGuvIS - Join us at 5pm on eBay live #ebay #auction #rolex,"A jewelry dealer addresses audience skepticism about upcoming one-pound eBay live auctions by unboxing a Rolex Submariner white gold model, displaying its official paperwork, and explaining the platform's authentication process.",,Polished Creator,Tutorial,true,yes,https://www.tiktok.com/@trilogyjewellers/video/7621176879864614166
ebay echtheitsprüfung,ebay authentic,2026-04-12,2026-10-05,movementandtimenj,movementandtimenj,942,43,17,12,not German,unclear,yes,,,watches,Vintage Rolex 16030 datejust unboxing see how eBay authenticity guarantee works #watchtok #unboxing #rolex #ebay #watchaddict @ebay @ROLEX @Vookum,"A creator shares an unboxing and review of his first vintage luxury watch, a 1981 Rolex Datejust 16030 purchased through eBay, highlighting the authentication process and watch details.",,Raw UGC,Vlog,false,yes,https://www.tiktok.com/@movementandtimenj/video/7627917047581789453
ebay echtheitsprüfung,ebay authentic,2026-04-21,2026-10-05,joylaraye,joylaraye,1913,48,6,2,not German,English/other,yes,,,handbags/luxury,Authentication fail and recovery…#ebay #ebayseller #ebayreseller #resellcommunity #luxuryreseller,"An experienced eBay reseller recounts the stressful experience of having her second-ever authenticated luxury bag sale fall through due to an undisclosed minor staining flaw noted by eBay authenticators, detailing how she resolved the issue, relisted the bag, and learned a valuable lesson about thorough listing photography.",,Raw UGC,Storytime,false,yes,https://www.tiktok.com/@joylaraye/video/7631019714449263903
ebay echtheitsprüfung,ebay authentic,2026-05-19,2026-10-05,waxandslabstcg,Wax&Slabs,127100,3590,37,147,not German,English/other,yes,,,other/general,"Bro pulled up to our table asking if his eBay slabs were real 👀 so we gave him the crash course on spotting fakes with blacklights, watermarks, and hidden details 🔦💎

#collectacon #gradedcards #pok","A trading card vendor at a convention assists a collector concerned about the authenticity of eBay purchases by demonstrating three methods to verify PSA graded card slabs: seller feedback evaluation, holographic label inspection, and blacklight watermark detection.",,Raw UGC,Tutorial,true,yes,https://www.tiktok.com/@waxandslabstcg/video/7641691827522833695
ebay echtheitsprüfung,ebay authentic,2026-06-04,2026-10-05,jordansmed,Jordan Medina,9582,390,77,9,not German,English/other,yes,,,handbags/luxury,"@ebay you need to hire authenticators with the proper credentials and expertise if you are going to force this service! 

I know this is a dumb problem to have but as a collector I just want the bag ","A vintage fashion collector vents on TikTok about eBay's mandatory authentication program failing to verify a rare Bonnie Cashin Coach bag, forcing a refund instead of consulting her expertise, accompanied by screenshot receipts of customer service messages.",,Raw UGC,Rant,false,yes,https://www.tiktok.com/@jordansmed/video/7647358425264852237
ebay echtheitsprüfung,ebay authentic,2026-08-15,2026-10-05,rebreath,rebreath,14600,1155,39,38,not German,unclear,yes,,,sneakers,"Love eBay 

#reseller #fashion #ebay #fyp #rebreath","A creator shares his unfiltered opinion on the best sneaker resale platforms for authentication, praising eBay and GOAT for catching counterfeit shoes and asking viewers for their preferred sites.",,Raw UGC,Opinion,false,yes,https://www.tiktok.com/@rebreath/video/7674339102220717334
ebay echtheitsprüfung,ebay authentic,2026-09-07,2026-10-05,jadesshenker,Jade Shenker,43500,795,25,7,not German,English/other,yes,,,handbags/luxury,What do we think #ebayminikelly,"A fashion creator documents her frantic rush to an authentication appointment for two expensive mini Kelly bags she recently purchased on eBay and Grailed, balancing financial anxiety with excitement.",,Raw UGC,Vlog,false,yes,https://www.tiktok.com/@jadesshenker/video/7682899788316085534
ebay echtheitsprüfung,ebay authentic,2026-09-21,2026-10-05,juwhang,Add_sports_cards,892,14,2,,not German,English/other,yes,,,sports cards,#sportscards #michaeljordan mailday from #ebay authenticity guarantee via #psagrading,"A sports card collector records a mailday unboxing video showing several authenticated Michael Jordan cards received through eBay's Authenticity Guarantee program, discussing condition checks and pricing milestones.",,Raw UGC,Vlog,false,yes,https://www.tiktok.com/@juwhang/video/7688088127398743310
ebay echtheitsprüfung,ebay authentic,2026-09-25,2026-10-05,rob.resells,Rob_Quan,1523,58,3,4,not German,English/other,yes,,,sneakers,eBay guarantee program and why you should use it,"An experienced eBay seller with over 10,000 sales shares a detailed story about how the platform's authenticity guarantee program protected him from an unfair buyer return on a pair of Air Jordan sneakers.",,Raw UGC,Opinion,false,yes,https://www.tiktok.com/@rob.resells/video/7689296026674449678
ebay pokemon karten,ebay pokemon,2025-10-12,2026-10-05,musdaloose_tcg,moose,4165,67,3,1,not German,English/other,yes,,,pokemon/TCG,"Did I just get scammed on eBay?  
Opening the 20th anniversary Pokemon set Generations
#pokemon #pokemoncards #fypシ #pokemoncenter #pokemontcg","A Pokémon TCG collector investigates a potentially resealed Generations booster pack purchased on eBay, working through doubts about its authenticity before opening it to reveal classic cards, culminating in a valuable holographic Gengar pull supported by market value overlays.",,Raw UGC,Review,false,yes,https://www.tiktok.com/@musdaloose_tcg/video/7560482050613005623
ebay pokemon karten,ebay pokemon,2025-12-02,2026-10-05,ashley_pokepalace_1,Ashley_Pokepalace_1,76,1,,1,not German,English/other,yes,,,pokemon/TCG,"New cards posted on our eBay store! Link in bio. 
Thank you for watching and supporting our business!

#Japanesepokemoncards #pokemonforsale #pokemonshop #pokemoncardcollector #ebayseller","A short promotional video by an eBay card seller showcasing newly listed Japanese Pokémon trading cards, utilizing visual card fanning and clear on-screen text to drive traffic to their store link.",,Raw UGC,Haul,true,yes,https://www.tiktok.com/@ashley_pokepalace_1/video/7579095785971764511
ebay pokemon karten,ebay pokemon,2025-12-19,2026-10-05,jlripz,jlripz,4162,40,31,2,not German,English/other,yes,,,pokemon/TCG,"I bought this PSA 10 from eBay and as you can hear, it is not snugly in place. 

There is always a little movement from the cards because they’re not all the exact same size. But, I’ve never had a sla","Creator JLRipz shares a video discussing a PSA 10 graded Pokémon card purchased from eBay that exhibits unusual looseness and rattling inside the slab, inviting community feedback.",,Raw UGC,Review,false,yes,https://www.tiktok.com/@jlripz/video/7585544096689753375
ebay pokemon karten,ebay pokemon,2026-02-04,2026-10-05,celestial_pulls7,Celestial_pulls,804,14,2,,not German,English/other,yes,,,pokemon/TCG,https://ebay.us/m/7DkNvN      Our first two orders on our eBay have now been confirmed and packaged make sure to click the link and check it out there might be something you are looking for we also ha,"A small independent Pokémon card seller documents packaging their first two eBay orders, featuring close-ups of Japanese TCG cards like Hydreigon ex and Luxray, while driving traffic to their eBay store and social media channels.",,Raw UGC,Vlog,true,yes,https://www.tiktok.com/@celestial_pulls7/video/7603154213857692950
ebay pokemon karten,ebay pokemon,2026-03-24,2026-10-05,clovrcards,Clovr Cards,1800000,45100,355,2454,not German,English/other,no,,,pokemon/TCG,"We opened a $40,000 1st Edition Base Set Pack 🤯💥

Shoutout to @Patrick Wieland & Warbuxbtc for joining the stream and putting on an absolute MOVIE 🎥🍿🔥

#whatnotpartner #pokemoncommunity #pokémont","Streamers open a $40,000 1st Edition Base Set Pokémon pack live on Whatnot, tracking the rising value of pulled cards up to over $68,000 after revealing a holographic Hitmonchan.",,Raw UGC,Unboxing,true,yes,https://www.tiktok.com/@clovrcards/video/7620921104114240781
ebay pokemon karten,ebay pokemon,2026-04-09,2026-10-05,roko.tcg,ROKO TCG,1295,21,2,2,not German,English/other,yes,,,pokemon/TCG,"🌈Just listed onto eBay Rainbow Pickachu Vmax from vivid voltage ⚡
ebay: roko.tcg
#tcgcards #pokemon #tcgpokemon #tcgcollector #pokemoncommunity","A short-form video showcasing the Rainbow Pikachu VMAX card from the Pokemon Vivid Voltage expansion to promote its listing on eBay, utilizing macro videography and dramatic music to capture collector attention.",,Raw UGC,Haul,true,yes,https://www.tiktok.com/@roko.tcg/video/7626712074730736918
ebay pokemon karten,ebay pokemon,2026-05-14,2026-10-05,pokekid539,………..……………………………………………………………..,12300,114,23,4,not German,English/other,no,,,pokemon/TCG,#pokemon #scammed #pokemoncards #amazon @Amazon  I bought this directly from Amazon and looks resealed #fyp,"A Pokemon card collector inspects a newly delivered booster bundle purchased from Amazon, pointing out suspicious plastic seals and uneven box firmness to ask viewers whether they believe the product has been resealed.",,Raw UGC,Personal-update,false,yes,https://www.tiktok.com/@pokekid539/video/7639898262736096543
ebay pokemon karten,ebay pokemon,2026-05-15,2026-10-05,unluckypackpulls,UnluckyPulls,575,9,5,1,not German,English/other,yes,,,pokemon/TCG,"Part 2 of the #eBay #Pokémon #card #mystery lot 
Bunch of exs with some common and full art exs mixed. Crobat was my favorite card pulled form this lot","A creator showcases part two of an eBay Pokémon card mystery lot, highlighting the value and variety of ex and full-art cards while prompting viewers to share their own best pulls in the comments.",,Raw UGC,Collection,false,yes,https://www.tiktok.com/@unluckypackpulls/video/7640213028767599902
ebay pokemon karten,ebay pokemon,2026-05-20,2026-10-05,alldaycardboard,Alldaycardboard,479,13,5,,not German,English/other,yes,,,pokemon/TCG,A great EBay find this week! #pokemon #pokemoncards #pokemontiktok #tcgcollector #tradingcards,"A creator shares an eBay haul of Pokemon trading cards, walking the viewer through the unboxing process and showcasing various graded and raw cards while prompting audience engagement.",,Raw UGC,Haul,false,yes,https://www.tiktok.com/@alldaycardboard/video/7641916021833501982
ebay pokemon karten,ebay pokemon,2026-05-27,2026-10-05,zokaalcollectibles,Zokaal Collectibles,276200,8287,133,2017,not German,English/other,yes,,,pokemon/TCG,I bought a $1000 booster pack on eBay! #ascendedheroes #pokemon #godpack #pikachu #mewtwo,"A collector unboxes an expensive $1,000 heavy Pokemon booster pack purchased on eBay, weighing it on a digital scale and revealing a series of rare holographic cards.",,Raw UGC,Opening,false,yes,https://www.tiktok.com/@zokaalcollectibles/video/7644673150604578062
ebay pokemon karten,ebay pokemon,2026-06-05,2026-10-05,spacemantcg,SpacemanTCG,271,14,6,,not German,English/other,yes,,,pokemon/TCG,Vintage Pokémon cards just went live on my eBay! Watch the highlights & grab your favorite before it's gone 🔥🎴 #Pokemon #Vintage #pokemoncommunity #pokemoncards,"A creator showcases a collection of vintage Pokemon cards being listed on eBay, rapidly flipping through protected cards to drive buyer interest.",,Raw UGC,Haul,true,yes,https://www.tiktok.com/@spacemantcg/video/7647992093922708769
ebay pokemon karten,ebay pokemon,2026-06-06,2026-10-05,pdxmon,PDXmon,158700,4650,116,1197,not German,English/other,no,,,pokemon/TCG,"🚨FAN ART ALERT 🚨 Kanto Starter Evolutions in the NEW Futuristic Rare Style ✨

Featuring Bulbasaur, Ivysaur, Venusaur, Charmander, Charmeleon, Charizard, Squirtle, Wartortle, and Blastoise in a stunn","PDXmon showcases a complete set of custom futuristic Kanto starter evolution Pokémon cards with stunning holographic effects, inviting viewers to pick their favorite line.",,Polished Creator,Showcase,false,yes,https://www.tiktok.com/@pdxmon/video/7648366594439122207
ebay pokemon karten,ebay pokemon,2026-06-11,2026-10-05,pokemonyayy,Pokemon Yayy,105300,4420,83,1035,not German,unclear,no,,,pokemon/TCG,Japanese pokemon at MSRP! #pokemon #pokemoncards #pokemontcgcommunity #pokemoncommunity #pokemontcg,"A concise, tutorial-style TikTok video by creator Pokemon Yayy demonstrating how collectors can secure Japanese Pokémon card expansion boxes at retail MSRP on Amazon Japan by using browser translation tools and signing up for invitation drops, while directing traffic to an exclusive Discord community.",,Raw UGC,Tutorial,false,yes,https://www.tiktok.com/@pokemonyayy/video/7650291854063226143
ebay pokemon karten,ebay pokemon,2026-06-29,2026-10-05,neo_retro_corner,NeoRetro Corner,138,3,,,not German,English/other,yes,,,pokemon/TCG,"Stock is low at the moment, but I hope to get more cards soon!

#ebayseller
#ebaylisting
#pokemon
#pokemontcg
#pokemontcgcommunity","A TikTok video by NeoRetro Corner reviewing a five-card vintage Pokémon lot being sold on eBay, highlighting individual card names, language versions, and wear conditions.",,Raw UGC,Review,true,yes,https://www.tiktok.com/@neo_retro_corner/video/7656898003852168462
ebay pokemon karten,ebay pokemon,2026-07-04,2026-10-05,ossiesnaps,ossiesnaps,188100,4032,260,285,not German,English/other,no,,,pokemon/TCG,Bought some Pokémon cards from temu😲...are they Real or Fake? #reseller #sidehustle #pokemoncards #temu,"A creator unboxes Pokémon cards purchased from Temu in the back of his car, questioning their authenticity and inviting viewers to debate whether they are real or fake in the comments.",,Raw UGC,Review,true,yes,https://www.tiktok.com/@ossiesnaps/video/7658739041260539166
ebay pokemon karten,ebay pokemon,2026-07-24,2026-10-05,nostaljosh,nostaljosh,11400,163,7,1,not German,English/other,no,,yes,pokemon/TCG,"at least i have my perfect & classic fit sleeves from @thefanatikobrand to save the cards 😭 | gifted*

#pokemoncards #pokemon #pokemonmemes #pokemontradingcards #vinted 

@Pokémon/ポケモン【公式】 
@Pokémon","A TikTok creator pokes fun at the anxiety of buying Pokémon cards on Vinted by unboxing a card from an iPhone box, then humorously resolves the tension by showcasing Fanatiko card sleeves as the ultimate protection.",,Raw UGC,Meme,true,yes,https://www.tiktok.com/@nostaljosh/video/7666044179671223573
ebay pokemon karten,ebay pokemon,2026-07-25,2026-10-05,average_player42,Average_player42,221,9,2,,not German,English/other,yes,,,pokemon/TCG,Thank you for everyone who has ordered from my ebay store more singles to come just wait on my next big purchase! #pokemon #ebay #pokemoncards #cutecards #pokemontiktok #resell,"An independent eBay Pokémon card seller records a quick thank-you video for a buyer named Jamie who placed the largest order of his first month, rewarding them with extra bonus cards and a discount code.",,Raw UGC,Vlog,true,yes,https://www.tiktok.com/@average_player42/video/7666321520976727310
ebay pokemon karten,ebay pokemon,2026-07-26,2026-10-05,card_dons,Card Dons,71700,3484,132,277,not German,English/other,no,,,pokemon/TCG,"HOW TO START A POKEMON COLLECTION FROM SCRATCH!
MAKE SURE TO FOLLOW!
#pokemon #pokemoncards #pokemontcg #pokemoncommunity #pokemoncollector","A Pokemon card content creator delivers a concise, highly structured tutorial for beginners on how to start a collection from scratch, recommending specific purchase categories like illustration rares, sealed booster boxes, and graded PSA 10 cards while avoiding loose packs.",,Polished Creator,Tutorial,false,yes,https://www.tiktok.com/@card_dons/video/7666790155117792545
ebay pokemon karten,ebay pokemon,2026-07-30,2026-10-05,buzzcardstcg,BuzzCardsTCG,379,10,2,,not German,English/other,yes,,,pokemon/TCG,I think this card is cool part 122. New auctions go live every single day on the BuzzCards eBay page. Link in bio. #pokemon #pokemoncards #pokemontcg #pokemontiktok #ebay,"A trading card business showcases a Mew Pokémon card as part 122 of their ongoing daily series, directing viewers to their eBay store auctions via the link in bio.",,Raw UGC,Vlog,true,yes,https://www.tiktok.com/@buzzcardstcg/video/7668184910351404302
ebay pokemon karten,ebay pokemon,2026-08-04,2026-10-05,pokedoc.tcg,PokeDoc TCG,84600,724,38,178,not German,English/other,no,,,pokemon/TCG,"Results good or not, we no bragging. We prove with every card
结果好不好，不靠嘴巴说
我们靠每一张卡牌证明

 #pokemontcg #psa10  #kl
 #新山 #马来西亚","A Pokémon card restoration specialist humorously demonstrates fixing a white dot on a vintage Dragonite card, promoting his service through relatable collector banter and physical comedy.",,Raw UGC,Tutorial,true,yes,https://www.tiktok.com/@pokedoc.tcg/video/7670029112324492565
ebay pokemon karten,ebay pokemon,2026-08-06,2026-10-05,pandaztcg,PandazTCG,11300,100,25,3,not German,English/other,yes,,,pokemon/TCG,"Imagine paying full price for a fake and HP card😭 @ebay gimme my refund 

#ebay #pokemon #pomemontcg #pokemoncommunity #pokemoncards","A Pokémon TCG collector humorously vents about receiving a fake Gengar VMAX card from eBay, utilizing dramatic operatic music and POV framing to drive high engagement from the community.",,Raw UGC,Meme,false,yes,https://www.tiktok.com/@pandaztcg/video/7670895649650494742
ebay pokemon karten,ebay pokemon,2026-08-13,2026-10-05,tcgdials,PrimeColl,539,25,17,3,not German,unclear,no,,,pokemon/TCG,Does anyone remember Pokemon Half Legend Cards,"A short nostalgic TikTok video showcasing rare vintage Pokemon Legend half-cards on a bed, prompting viewers to recall the collectible card game era.",,Raw UGC,Vlog,false,yes,https://www.tiktok.com/@tcgdials/video/7673504034950565142
ebay pokemon karten,ebay pokemon,2026-08-16,2026-10-05,thricebakedjake,TBJ,720200,48100,782,17000,not German,English/other,no,,,pokemon/TCG,"In 2020 I was moving out of my parents' house. I needed cash and I needed fewer boxes, so a lot of cards went out the door.
Looking back, some of those I'd keep today. But I don't regret selling. Thos","A Pokemon TCG collector reflects on selling off valuable sealed product and graded cards in early 2020 for nominal sums, calculating that keeping those four items would have yielded over $66,000 in modern market value.",,Polished Creator,Storytime,false,yes,https://www.tiktok.com/@thricebakedjake/video/7674668034174307615
ebay pokemon karten,ebay pokemon,2026-08-17,2026-10-05,tinnytrash0,TinnyTrash0,31900,440,49,162,not German,English/other,yes,,,other/general,I am seeking clarification regarding the $80 submission fee for graded cards. It appears that purchasing a pre-graded card on eBay and subsequently submitting it for grading incurs a cost that is $30,A creator records their computer screen while questioning why PSA card grading costs $80 directly when eBay offers a Value Plus tier for $49.99 on cards bought through their platform.,,Screen Recording,Opinion,false,yes,https://www.tiktok.com/@tinnytrash0/video/7675082386471767326
ebay pokemon karten,ebay pokemon,2026-08-18,2026-10-05,magicloop69,Magic Loop,762,10,2,,not German,English/other,yes,,,pokemon/TCG,"This Card Is Gorgeous 🤩

1st Ed Charizard in a bgs 9 up right now on our weekly eBay auction!! Make sure to get your bids in 🙌🏻

#pokemoncards #pokemontcg #pokemoncommunity","A trading card dealer uses a suspenseful vault-opening POV sequence to reveal a rare BGS 9 1st Edition Charizard, driving viewers to an active eBay auction where the card is listed at $37,500.",,Polished Creator,Review,true,yes,https://www.tiktok.com/@magicloop69/video/7675183316059852054
ebay pokemon karten,ebay pokemon,2026-08-24,2026-10-05,otakugoat215,Otaku D. Goat,461,8,1,,not German,English/other,yes,,,pokemon/TCG,Go shop with @DigiArcher for your pokemon card needs also check they eBay page out a lot of great cards on there 😤😤😤 #pokemon #pokemoncards #collection #viralvideo #fyp,"A TikTok post by Otaku D. Goat showcasing several affordably priced, professionally graded Pokemon cards to promote seller @DigiArcher and their eBay storefront, targeting TCG collectors.",,Casual Snapshot,Haul,true,yes,https://www.tiktok.com/@otakugoat215/video/7677723912314047774
ebay pokemon karten,ebay pokemon,2026-08-26,2026-10-05,pullpipeline,Frankie,114700,4449,122,428,not German,English/other,yes,,,pokemon/TCG,How I ship my cards under $20 #ebay #pokemon #tcgplayer #tcg,"A trading card reseller shares a cost-saving tutorial on how to ship Pokémon cards under $20 using affordable materials like envelopes and penny sleeves instead of expensive bubble mailers, aiming to reduce shipping overhead.",,Polished Creator,Tutorial,false,yes,https://www.tiktok.com/@pullpipeline/video/7678426998988885279
ebay pokemon karten,ebay pokemon,2026-08-31,2026-10-05,pullpipeline,Frankie,78300,4113,87,598,not German,English/other,yes,,,pokemon/TCG,My Non-“tax bro” process that I wish I knew earlier (not professional tax advice). #tcg #pokemon #tcgplayer #ebay,"A Pokémon card seller shares practical non-professional tax advice for new eBay and TCG merchants, emphasizing the importance of a dedicated business account to simplify bookkeeping, prove cost basis, and avoid double taxation.",,Polished Creator,Tutorial,false,yes,https://www.tiktok.com/@pullpipeline/video/7680315427741895967
ebay pokemon karten,ebay pokemon,2026-09-07,2026-10-05,cardladtroy,CardLad Troy,660,49,10,6,not German,English/other,yes,,yes,pokemon/TCG,"I truly think I have an issue with Vinter and just buying Pokemon Singles in General - even the postman said - you always get lots sent to this house ha ha 

Today was a mix of Wailmers and Prismtaic","Creator CardLad Troy shares an enthusiastic mailday haul of Pokemon card singles purchased from Vinted and eBay, showcasing cards for his Wailmer and Prismatic master sets while shouting out fellow collectors.",,Raw UGC,Vlog,false,yes,https://www.tiktok.com/@cardladtroy/video/7682865354611232022
ebay pokemon karten,ebay pokemon,2026-09-07,2026-10-05,tcgkings.official,tcgkings.official,651,19,1,1,not German,English/other,yes,,,pokemon/TCG,"6 SIRs for ONE person on eBay Live 😳🔥

Catch us on eBay Live and don’t miss the next stream 🔥

#TCGKings #eBayLive #PokemonTCG #PokemonCards #pokemonpulls",A trading card store stream host reacts with absolute disbelief and excitement as a single customer pulls six Special Illustration Rare (SIR) cards in a row during an eBay Live session.,,Raw UGC,Reaction,true,yes,https://www.tiktok.com/@tcgkings.official/video/7682688837260217620
ebay pokemon karten,ebay pokemon,2026-09-08,2026-10-05,socaltuft,Socal Tuft,108300,2412,174,214,not German,English/other,yes,,,pokemon/TCG,I rather it be in a top loader and envelope then in the box with no top loader 🤦‍♂️ #ebaysellers #pokemoncards #pokemontiktok #pokemon #mewtwo,"A Pokemon card collector expresses frustration in his car after receiving a $120 Mewtwo and Mew GX card shipped with zero protection, using it as an example of poor eBay seller etiquette.",,Raw UGC,Vlog,false,yes,https://www.tiktok.com/@socaltuft/video/7683229553329753375
ebay pokemon karten,ebay pokemon,2026-09-10,2026-10-05,holohedge,HoloHedge,5195,167,9,,not German,English/other,yes,,,pokemon/TCG,What I Learned After 1 Month of Starting a Pokemon Business From $0 - Day 24 #pokemoncards #pokemontcg #pokemonbusiness #pokemoncollector #ebaystore,"On day 24 of his challenge to build a Pokemon business from zero dollars, creator HoloHedge shares that the biggest lesson learned isn't about cards at all, but rather overcoming the paralysis of overthinking through immediate action.",,Raw UGC,Vlog,true,yes,https://www.tiktok.com/@holohedge/video/7684014806134705438
ebay pokemon karten,ebay pokemon,2026-09-15,2026-10-05,drewthecarpetguy,Drew,103900,4078,105,884,not German,English/other,no,,,pokemon/TCG,This card could pay for your kids to go to college! #pokemoninvesting #ysrbt #fyp,"A Pokemon card collector humorously pitches the Snorlax promo card from the 151 set as an essential investment vehicle, comparing its potential growth to aggressive financial guru strategies.",,Raw UGC,Review,false,yes,https://www.tiktok.com/@drewthecarpetguy/video/7685568032126536991
ebay pokemon karten,ebay pokemon,2026-09-17,2026-10-05,adomingo3,Anthony Domingo,611900,80900,410,26900,not German,English/other,no,,,pokemon/TCG,I think I know what happened to those missing 30th Anniversary Pokémon cards. #pokemon #pokemoncards #pokemontiktok #sopranos #sopranostok,A humorous TikTok post by Anthony Domingo that uses a clipped scene from The Sopranos to jokingly blame characters Christopher Moltisanti and Bobby Baccalieri for a real-world stolen shipment of 30th Anniversary Pokémon cards in Delaware.,,Raw UGC,Meme,false,yes,https://www.tiktok.com/@adomingo3/video/7686643704743857422
ebay pokemon karten,ebay pokemon,2026-09-17,2026-10-05,pokellector_cards,Pokellector Cards LLC,1000000,42300,389,970,not German,unclear,no,,,pokemon/TCG,HOLY FAHHHHHH🗣️ #rayquaza #pokemontiktok #pokemon #pokemoncards #pokemoncommunity,"A Pokémon card collector opens a Roaring Skies booster pack, excitedly pulling a rare Pikachu and a high-value Rayquaza EX card while displaying estimated market values.",,Raw UGC,Opening,true,yes,https://www.tiktok.com/@pokellector_cards/video/7686326587708443935
ebay pokemon karten,ebay pokemon,2026-09-21,2026-10-05,cards_paradise,Cards_paradise,6546,221,20,8,not German,English/other,no,,,pokemon/TCG,All these cards available on my depop #pokemontiktok #pokemon (giving away the dragonite v and reshiram ex),"A TikTok post by Cards_paradise showcasing a collection of rare Pokémon cards available for purchase on Depop, incentivized by a giveaway of Dragonite V and Reshiram EX cards.",,Raw UGC,Haul,true,yes,https://www.tiktok.com/@cards_paradise/video/7688101945264901406
ebay pokemon karten,ebay pokemon,2026-09-21,2026-10-05,thepokebindertcg,ThePokeBinderTCG,37100,1197,41,79,not German,English/other,no,,,pokemon/TCG,"How vendors price out thousands of cards accurately 👀
We’re partnering up with @double.holo to change up the game in the pokemon space! #sponsored #pokemon #pokemoncollecting 

How to price pokemon t","A trading card store vendor demonstrates how the DoubleHolo app uses a rapid card scanner to instantly pull live market pricing from TCGplayer, solving a major bottleneck for collectors and sellers.",,Raw UGC,Tutorial,true,yes,https://www.tiktok.com/@thepokebindertcg/video/7687789806864108813
ebay pokemon karten,ebay pokemon,2026-09-24,2026-10-05,2.__dh,ㄷ,202500,7857,513,716,not German,English/other,no,,,pokemon/TCG,It’s a trading card GAME #pokemon #dragapult,"A short, engaging POV video asserting that Pokémon trading cards are meant for playing rather than just collecting, demonstrated through rapid deck shuffling and card reveals.",,Raw UGC,Opinion,false,yes,https://www.tiktok.com/@2.__dh/video/7688944120349445389
ebay pokemon karten,ebay pokemon,2026-09-25,2026-10-05,thecardscience,The Card Science,71900,2068,242,626,not German,English/other,yes,,,pokemon/TCG,"Classic Collection Lugia is EXPLODING in Price! Demand is STRONG on this card, so man selling. 

What do you guys think?? 

#Pokemonmarketupdate #BudgetPokemonCards #pokeinvesting #undervaluedpokemonc","A Pokemon card market creator analyzes the rapid price increase of the 30th Anniversary Crystal Lugia card using live eBay and TCGPlayer screenshots, noting high demand and dwindling supply.",,Raw UGC,Opinion,false,yes,https://www.tiktok.com/@thecardscience/video/7689577436694039822
ebay pokemon karten,ebay pokemon,2026-09-25,2026-10-05,thepapapokemon,ThePapaPokemon,2743,80,14,2,not German,English/other,yes,,,pokemon/TCG,"I sold a card for $1.99. I kept $1.41 🧾

Fee: 34¢. Supplies: 22¢. Card: 2¢. Shipping: you pay it.

Sell it for under $1.99? I pay the 78¢ shipping myself.

The card is the cheapest thing in the envel","A Pokemon card reseller breaks down the exact profit margins and hidden costs of selling a $1.99 card on Ebay, proving that after fees, supplies, and shipping, profits are much lower than expected.",,Raw UGC,Tutorial,false,yes,https://www.tiktok.com/@thepapapokemon/video/7689570879163993358
ebay pokemon karten,ebay pokemon,2026-09-25,2026-10-05,dabirddy0,DaBirddy,7099,101,11,21,not German,unclear,yes,,,pokemon/TCG,All dayyy baby. #vintagepokemon #pokemon #pokémoncards #pokemoncards,"A concise tutorial demonstrating a high-speed workflow for pricing vintage Pokemon cards on eBay using voice search and shortcut hardware, targeting card collectors and resellers.",,Raw UGC,Tutorial,false,yes,https://www.tiktok.com/@dabirddy0/video/7689551225871682830
ebay pokemon karten,ebay pokemon,2026-09-25,2026-10-05,ttvprojectsash,Sasha Scrub,447,11,,1,not German,English/other,yes,,,pokemon/TCG,Just Sold! go to my ebay page: PixelVaultStudio to view my inventory! #Pokémon #pokemontcg #pokemoncards #pokemoncards #tradingcards,"A silent TikTok video showcasing the packaging of Pokémon trading cards for an eBay sale, featuring close-ups of rare cards and mailing supplies to direct viewers to the creator's store.",,Raw UGC,Vlog,true,yes,https://www.tiktok.com/@ttvprojectsash/video/7689519136115821856
ebay pokemon karten,ebay pokemon,2026-09-28,2026-10-05,awsome.apps,Awsome Apps,118100,833,7,76,not German,unclear,no,,,pokemon/TCG,Smoothest scanner ever #pokemontiktok #pokemoncards #pokemon #pokemonfan #pokemoncommunity,"A slick promotional tech demo showcasing an ultra-fast Pokemon card scanning and valuation app, leveraging satisfying ASMR-like card sliding and rhythmic editing to highlight app performance.",,Raw UGC,Tutorial,true,yes,https://www.tiktok.com/@awsome.apps/video/7690709538676231457
ebay pokemon karten,ebay pokemon,2026-09-29,2026-10-05,swinn.ss,Shawn.Swinford,8379,109,52,7,not German,English/other,no,,,pokemon/TCG,"Going through my childhood Pokémon card collection to see if I accidentally have something valuable 👀
#pokemon #tradingcards #vintagepokemon #cardcollection #pokemoncards",A creator showcases his childhood Pokémon card binder and presents a series of rare holographic vintage cards while wondering about their monetary value.,,Raw UGC,Collection showcase,false,yes,https://www.tiktok.com/@swinn.ss/video/7691002575599996191
ebay pokemon karten,ebay pokemon,2026-09-30,2026-10-05,redpacketcards,Red Packet Tom,10800,328,5,3,not German,English/other,no,,,pokemon/TCG,"People were worried about Charizard so here is the aftermath again

#Pokemon #Pokemontcg #Pokemoncommunity #shorts #reels #fyp","Two Pokémon creators react with utter disbelief and excitement upon discovering a rare Chinese-language gold foil Charizard card during an unboxing session, utilizing high-energy comedic performance and fast-paced editing to entertain collectors.",,Raw UGC,Reaction,false,yes,https://www.tiktok.com/@redpacketcards/video/7691343375454244117
ebay pokemon karten,ebay pokemon,2026-10-01,2026-10-05,boostersandbangers,Boosters & Bangers,201500,7648,456,587,not German,English/other,no,,,pokemon/TCG,The problem with modern Pokemon #pokemon #pokemoncardstcg #vending #pokemoncards,"An interviewer talks with a convention vendor about the declining market value of modern Pokemon sealed products and graded cards due to relentless corporate reprinting, contrasting them with safer vintage investments.",,Raw UGC,Interview,false,yes,https://www.tiktok.com/@boostersandbangers/video/7691164800021318926
ebay pokemon karten,ebay pokemon,2026-10-01,2026-10-05,snorcatt,Snorcat,297,36,2,,not German,English/other,yes,,,pokemon/TCG,"NOW THAT’S A PULL! 

https://ebay.io/m/ioeX4E

#PokemonCards #PokemonTCG #PokemonPulls #Collector #SnorcatTreasures@pulsetcg.app","A creator performs a satisfying ASMR unboxing of a Pokémon 30th Knock Out Collection box, pulling several cards including a valuable Mew ex full art rare, accompanied by an upbeat remix of the Pokémon theme song.",,Raw UGC,Unboxing,true,yes,https://www.tiktok.com/@snorcatt/video/7691629298725276950
ebay pokemon karten,ebay pokemon,2026-10-02,2026-10-05,mgcolxcards,MGcolxcards,134,1,,,not German,English/other,yes,,,pokemon/TCG,"Mew is real and it's in my shop 🩷✨

Mew 065/128 · Rare Holo
30th Celebration · NM
$3.25

eBay: https://www.ebay.com/itm/227525427833
More: linktr.ee/mgcollx

#Mew #PokemonTCG #Pokemon30th #PokemonCar","A short-form product showcase highlighting a rare holographic Mew Pokemon card available for purchase, targeted at collectors via TikTok.",,Polished Creator,Review,true,yes,https://www.tiktok.com/@mgcolxcards/video/7692117598812572958
ebay pokemon karten,ebay pokemon,2026-10-02,2026-10-05,catchandcreate,catchandcreate,664,26,8,1,not German,English/other,yes,,,pokemon/TCG,"Day 89 of making videos to grow my shop. Appreciate all the support and all who buy 🫶🏼
#pokemon #packingorders #ebayseller #sahm","A stay-at-home mom documents day 90 of her e-commerce shop by filming a satisfying, itemized packing video for a Pokemon card order, highlighting every expense from card value to shipping fees.",,Raw UGC,Vlog,true,yes,https://www.tiktok.com/@catchandcreate/video/7692041579405626654
ebay pokemon karten,ebay pokemon,2026-10-03,2026-10-05,jlln.html,JJlllvvn.mp5,34400,1770,34,87,not German,unclear,no,,,pokemon/TCG,Ayoo #pokemon #thrift #pokemoncards,"A TikTok creator films a quick POV clip in a thrift store toy aisle after spotting a Pokemon Mewtwo Mayhem theme deck priced at $1.99, using on-screen text to ask if the find is impressive.",,Raw UGC,Vlog,false,yes,https://www.tiktok.com/@jlln.html/video/7692584908765596941
ebay pokemon karten,ebay pokemon,2026-10-03,2026-10-05,jasosludge,JasoSludge,389,18,8,,not German,English/other,yes,,,pokemon/TCG,Don’t fall for the hype it’s going to go down 😏 #pokemontcg #pokemon30thanniversary #TikTokCreatorSearchInsightsIncentive #pokémonpokémon,"Creator JasoSludge reviews exorbitant eBay prices for the Pokemon 30th Anniversary Lugia card, decides to open booster packs instead, and tallies the financial results across six packs while reacting to each card.",,Raw UGC,Review,false,yes,https://www.tiktok.com/@jasosludge/video/7692581841777298701
ebay pokemon karten,ebay pokemon,2026-10-03,2026-10-05,lachlan,PWR Lachlan,167900,9423,180,302,not German,English/other,no,,,pokemon/TCG,"This Pokemon Card Is Worth $100,000+ 🤯 #fyp #lachlan #fortnite #gaming","Creator PWR Lachlan reacts with extreme shock upon discovering that a Mewtwo Gold Star Pokémon card has achieved a Gem Mint 10 grade, verifying its status as a six-figure collectible through recent auction data.",,Polished Creator,Review,false,yes,https://www.tiktok.com/@lachlan/video/7692577793913343240
ebay pokemon karten,ebay pokemon,2026-10-03,2026-10-05,pikavault1,Pikavault ⚡️,253,4,,2,not German,unclear,yes,,yes,pokemon/TCG,Gorgeous alohan vulpix box. Available!!! Check out our vinted or ebay ! #pokemon #vulpix #snow #cosy #cute,"A visually polished product showcase highlighting a custom Alolan Vulpix Pokémon merchandise box, utilizing cozy aesthetics and clear calls to action to drive sales on Vinted and eBay.",,Curated Aesthetic,Haul,true,yes,https://www.tiktok.com/@pikavault1/video/7692479544711793942
ebay pokemon karten,ebay pokemon,2026-10-03,2026-10-05,catchandcreate,catchandcreate,371,18,6,2,not German,English/other,yes,,,pokemon/TCG,"Day 91 of making videos to grow my eBay shop 🙌🏼 
#pokemon #packingorders #ebayseller #sahm","A stay-at-home parent and eBay reseller films Day 91 of their shop growth journey by packing a Pokémon card order in a first-person POV video, itemizing every supply and fee cost on screen.",,Raw UGC,Vlog,true,yes,https://www.tiktok.com/@catchandcreate/video/7692417036282006814
ebay pokemon karten,ebay pokemon,2026-10-03,2026-10-05,vikas.binder,Vikas Binder,316,21,1,1,not German,English/other,yes,,,pokemon/TCG,eBay in the comments #pokemon #customebinder #bedazzled #handmade #ebay,"A short, engaging product showcase utilizing a classic Pokémon anime meme to reveal a meticulously handcrafted, bead-mosaic Slowpoke trading card binder available for purchase on eBay.",,Polished Creator,Showcase,true,yes,https://www.tiktok.com/@vikas.binder/video/7692408409777311008
ebay pokemon karten,ebay pokemon,2026-10-04,2026-10-05,pdxmon,PDXmon,729,32,2,2,not German,English/other,no,,,pokemon/TCG,"🚨 FAN ART ALERT! 🔥 A DARK ANIME STYLE Pokémon set is in the works! 🖤 

Starting with all 9 Kanto Starters and their evolutions, but YOU get to decide what comes next! 👀 

The 9 most-commented Poké","PDXmon showcases a custom-designed dark anime Pokémon card set featuring all nine Kanto starters and their evolutions, prompting viewers in the caption and on-screen text to comment on which Pokémon should be included next.",,Polished Creator,Showcase,true,yes,https://www.tiktok.com/@pdxmon/video/7692938623607409950
ebay pokemon karten,ebay pokemon,2026-10-04,2026-10-05,pokemontomars,PokemonToMars,9263,506,4,322,not German,English/other,no,,,pokemon/TCG,A First Ever Statement from this new BRAND NEW policy CHANGE. #pokemonpulls #pokemoncards #pokemongo,"A Pokémon card creator shares a step-by-step tutorial on how to use rain check forms at Hobby Lobby to reserve out-of-stock trading card inventory, demonstrated through real-time footage of picking up secured Victini V boxes.",,Raw UGC,Tutorial,false,yes,https://www.tiktok.com/@pokemontomars/video/7692937120863898910
ebay pokemon karten,ebay pokemon,2026-10-04,2026-10-05,epochvaulttcg,Epoch Vault,831,26,26,1,not German,English/other,yes,,,pokemon/TCG,I’ve been banned by @ebay for no reason as a seller and customer. What should I do? #ebay #ebayseller #pokemon #onepiece,"A trading card reseller vlogs about his frustration after eBay permanently banned both his selling and buying accounts without explanation right after he achieved top seller status, prompting him to consider shifting his business fully to TikTok live shopping.",,Raw UGC,Rant,true,yes,https://www.tiktok.com/@epochvaulttcg/video/7692934476275420429
ebay pokemon karten,ebay pokemon,2026-10-04,2026-10-05,collectorscache,Collector’s Cache,153200,7750,31,170,not German,English/other,no,,,pokemon/TCG,"IT. IS. REAL. 🫪

All your favorites. One place. Pokémon, Sports, One Piece, Yu-Gi-Oh!, MTG & MORE 👇🏻

🌐 www.collectorscache.com
📍 13354 College Blvd, Lenexa, KS
📬 teamcache@collectorscache.com","A TikTok video by Collector's Cache showing a customer opening Pokémon card packs in-store, discovering an exceptionally rare gold Mew card, and celebrating with the staff.",,Raw UGC,Vlog,true,yes,https://www.tiktok.com/@collectorscache/video/7692836193867795726
ebay pokemon karten,ebay pokemon,2026-10-04,2026-10-05,kindacollectible,KindaCollectible,1166,24,2,,not German,English/other,yes,,,pokemon/TCG,"All current EX stamps posted on the eBay. Can do 10-15% off if doing feeless. 

#pokemoncards #pokémon #pokemontcg #pokemoncommunity #pokemon","A Pokémon card seller showcases their current inventory of holographic EX-era cards spread across a table, flipping through the stack to demonstrate condition while offering discounts for direct off-platform transactions.",,Raw UGC,Review,true,yes,https://www.tiktok.com/@kindacollectible/video/7692832890064735518
ebay pokemon karten,ebay pokemon,2026-10-04,2026-10-05,yuriy.george,Yuriy.George,125700,6420,245,466,not German,English/other,no,,,pokemon/TCG,Which cards did I miss? #pokemoncards #cardshow #pokemon #market #vendor,,,,,,no,https://www.tiktok.com/@yuriy.george/video/7692819523656813837
ebay pokemon karten,ebay pokemon,2026-10-04,2026-10-05,thecardscience,The Card Science,5603,149,14,11,not German,English/other,no,,,pokemon/TCG,"Is it time to buy modern Pokemon? Vintage is EXPLODING in price. 

What do you guys think? 

#Pokemonmarketupdate #BudgetPokemonCards #pokemon30thanniversary #pokeinvesting #pokemoncardstobuy",A data-driven market update where creator The Card Science analyzes surging vintage Pokemon card prices and questions whether investors should pivot back to buying undervalued modern cards.,,Polished Creator,Opinion,false,yes,https://www.tiktok.com/@thecardscience/video/7692794456763927822
ebay pokemon karten,ebay pokemon,2026-10-04,2026-10-05,gabecollects1,Gabe Collects,7370,134,12,32,not German,English/other,no,,,pokemon/TCG,"Did You Catch any 30th at Hobby?
#pokemon #pokemontiktok #reels #pokemoncards #pokemoncommunity",A Pokemon creator documents finding and unboxing a massive retail stock haul of Pokémon 30th Sticker Collection products inside a Hobby Lobby store.,,Raw UGC,Vlog,false,yes,https://www.tiktok.com/@gabecollects1/video/7692776823305866527
ebay pokemon karten,ebay pokemon,2026-10-05,2026-10-05,al_karton,AL_KARTON,93,0,,,not German,unclear,no,,yes,pokemon/TCG,Neue Karten gelistet ✌🏻 #pokemon #vinted,"A short promotional video by seller AL_KARTON displaying high-grade Japanese Pokemon cards newly listed on Vinted, utilizing clean product videography and beat-synced editing.",2022 POKEMON JPN SWSH FA/PIKACHU DARK PHANTASMA #073 MINT 9 167390909 PSA; 2019 P.M. JPN. SUN & MOON MEWTWO & MEW GX TAG TEAM GX ALL STARS #052 MINT 9 130663990 PSA,Polished Creator,Haul,true,yes,https://www.tiktok.com/@al_karton/video/7693259000174890273
ebay pokemon karten,ebay pokemon,2026-10-05,2026-10-05,cardboard.by.del,Cardboard by Del,303,8,,,not German,English/other,yes,,,pokemon/TCG,The Safe and Cheap Way to Ship Your Graded Cards #sportscards #pokemoncards #startabusiness #ebayseller #vendor,"Cardboard by Del presents a practical tutorial for eBay sellers on how to ship graded sports and Pokémon card slabs safely and cheaply using a two-layer bubble wrap and double mailer method, concluding with a walkthrough of eBay supply discount coupons.","Ship Trading Card Slabs Safely & Cheaply; Today, let's discuss how to ship one of these things; Cardboard By Del, 100% positive feedback, 308 followers, 6.6K items sold; OVER SIX THOUSAND ITEMS ON EBAY; A HUNDRED PERCENT POSITIVE FEEDBACK; 2 Bubble Wraps for $300 Cards; Ship Trading Cards Safely with Double Bubble Mailers; FULL VIDEOS ON YouTube SEARCH FOR CARDBOARD BY DEL; SHIP SLABS SAFE & CHEAP",Raw UGC,Tutorial,false,yes,https://www.tiktok.com/@cardboard.by.del/video/7693205456604450061
ebay pokemon karten,ebay pokemon,2026-10-05,2026-10-05,otakuverseshop,OtakuVerse Shop,144,0,,,not German,English/other,yes,,,pokemon/TCG,"Freshly pulled Pokemon cards now avaliable on our eBay store - link is in our bio or drop us a message in the comments 
#pokemontiktok #pokemoncards #assendedheros #destinedrivals",OtakuVerse Shop promotes the availability of freshly pulled single Pokemon cards on their eBay store by pairing official Scarlet and Violet Destined Rivals Team Rocket artwork with an instrumental version of the original Pokemon anime theme song.,SINGLE CARDS NOW AVAILABLE IN EBAY STORE!; @OTAKUVERSESHOP; POKEMON TRADING CARD GAME; SCARLET AND VIOLET DESTINED RIVALS,Polished Creator,Promotion,true,yes,https://www.tiktok.com/@otakuverseshop/video/7693122364917271830
ebay pokemon karten,ebay pokemon,2026-10-05,2026-10-05,tagteampulls01,Packamon,240,4,,,not German,English/other,no,,,pokemon/TCG,We got a hit 🤩🤩 #pokemon #cards #online,A mobile screen recording of a Pokémon TCG Pocket booster pack opening that reveals several cards and culminates in pulling a rare Mars Trainer card.,"RIPPING ANOTHER POKEMON TCGP PACK!!; SPACE-TIME SMACKDOWN; Palkia; POKEMON TRADING CARD GAME Pocket; A2; 10:45; 4G; 89; NEW; STAGE 1 Lumineon; HP 90; Waterfall 50; NO. 3407 Neon Pokémon HT: 2'11' WT: 52.9 lbs.; Weakness +20; retreat; Wish its shining light, it lures its prey close. However, the light also happens to attract ferocious fish Pokémon—its natural predators.; Tap and hold; BASIC Mow Rotom; HP 80; Energy Cutoff 30; Flip a coin. If heads, discard a random Energy from your opponent's Active Pokémon.; NO. 3479 Plasma Pokémon HT: 1' 0' WT: 0.7 lbs.; This lawn mower is one of the household appliances that led to the development of the Rotom Dex.; BASIC Magnemite; HP 60; Ram 10; NO. 0081 Magnet Pokémon HT: 1' 2' WT: 13.2 lbs.; The electromagnetic waves emitted by the units at the sides of its head repel antigravity, which allows it to float.; BASIC Frost Rotom; HP 80; Blizzard 30; This attack also does 10 damage to each of your opponent's Benched Pokémon.; This Rotom has entered a refrigerator. It jogs around gleefully when it gets cold so as freeze the area around it.; Supporter; TRAINER; Mars; Your opponent shuffles their hand into their deck and draws 1 card for each of their remaining points needed to win.; You may only 1 Supporter card during your turn.; HITTTT!!",Screen Recording,Vlog,false,yes,https://www.tiktok.com/@tagteampulls01/video/7693018167832038670
ebay funde,ebay finds,2025-10-31,2026-10-05,thriftyphoebe,Phoebe Augier,3700000,5695,45,124,not German,English/other,yes,,,car parts,Obsessed with my latest @ebay_uk find! So many vintage gems waiting to be found! ✨ #eBayFindsUK #prelovedwardrobe #vintagefinds AD,"Fashion creator Phoebe Augier partners with eBay UK to showcase a thrifted brown suede jacket from her 'manifestation list', demonstrating how to style it for three different occasions while encouraging audience engagement through a voting prompt.",,Polished Creator,Tutorial,true,yes,https://www.tiktok.com/@thriftyphoebe/video/7567422393384275222
ebay funde,ebay finds,2025-11-04,2026-10-05,_meganvail,Megan Vail,1900000,7578,38,134,not German,unclear,yes,,,fashion/vintage,eBay finds = parent win 💸 @eBay UK #eBayFindsUK,"Creator Megan Vail shares a practical parenting hack in a sponsored post for eBay UK, demonstrating how buying baby items secondhand or discounted on the platform saves money without compromising on quality.",,Raw UGC,Vlog,true,yes,https://www.tiktok.com/@_meganvail/video/7568845033386822934
ebay funde,ebay finds,2025-11-17,2026-10-05,mustafarizwanecommerce,Mustafa Rizwan Ecommerce Acade,6680,140,11,17,not German,English/other,yes,,,other/general,Ebay How to Add Tracking Number #ebay #fyp #foryou #ecommerce #youtube,A practical tutorial demonstrating how to copy tracking numbers from a carrier page and update an eBay order in the seller hub.,,Screen Recording,Tutorial,false,yes,https://www.tiktok.com/@mustafarizwanecommerce/video/7573777295115029767
ebay funde,ebay finds,2025-11-18,2026-10-05,warehousewondershq,Warehousewondershq,735,3,,3,not German,English/other,yes,,yes,fashion/vintage,Find us on eBay by typing in the search bar “warehousewondershq” please feel free to message me when any questions🫶 #reseller #ebay #vinted #preloved #fyp,"An eBay reseller showcases a curated selection of preloved items including apparel, electronics, and gear through a dynamic mobile screen recording.",,Screen Recording,Haul,true,yes,https://www.tiktok.com/@warehousewondershq/video/7574148516134604054
ebay funde,ebay finds,2025-11-19,2026-10-05,warehousewondershq,Warehousewondershq,737,0,,,not German,English/other,yes,,yes,fashion/vintage,All available now on our eBay and vinted!!! #ebay #reseller #vinted #fyp #viral,"A TikTok post by Warehouse Wonders HQ showcasing a curated selection of secondhand items available on their eBay and Vinted stores, featuring clothing, appliances, and gear with transparent pricing and seller ratings.",,Raw UGC,Haul,true,yes,https://www.tiktok.com/@warehousewondershq/video/7574517774005882134
ebay funde,ebay finds,2026-01-05,2026-10-05,shopcasachic,Julie / CasaChic,34600,1242,61,254,not German,English/other,yes,,,other/general,"Most eBay sellers don’t realize you can turn off buyer checkout notes — and in many cases, you should.
Those notes are easy to miss and buyers sometimes use them to ask for things that don’t align wit",An e-commerce creator provides a step-by-step TikTok tutorial explaining why and how eBay sellers should disable buyer checkout notes on desktop to protect their accounts from missed handling instructions.,,Raw UGC,Tutorial,false,yes,https://www.tiktok.com/@shopcasachic/video/7591988573767732511
ebay funde,ebay finds,2026-01-22,2026-10-05,nyizzleee,★ ny in nyc ★,15800,1021,32,47,not German,English/other,yes,,,handbags/luxury,My small but mighty collection of vintage designer 🛍️ @ebay #ebayjapan #ebayjapanseller #ebay #ebayfinds #vintagedesigner,"A fashion creator presents a haul of vintage designer bags and wallets purchased from eBay Japan, detailing prices, seller names, item conditions, and shopping tips for luxury resale.",,Raw UGC,Haul,false,yes,https://www.tiktok.com/@nyizzleee/video/7597980770325515550
ebay funde,ebay finds,2026-02-02,2026-10-05,olmas.world,olmas.world,459,12,,2,not German,English/other,yes,,,toys/collectibles,"Won a £10,000 eBay Up & Running Grant for my small business — still doesn’t feel real!

I’m sharing the real journey from here: business, family, chaos, growth and figuring life out as I go. Follow an","A small business owner shares her authentic excitement and backstory after winning a 10,000 pound eBay grant, connecting her success to resilience, late-diagnosed ADHD, and the memory of her late mother.",,Raw UGC,Personal-update,true,yes,https://www.tiktok.com/@olmas.world/video/7602334309395238166
ebay funde,ebay finds,2026-02-12,2026-10-05,sydneyfrostt,Sydney Frost,7545,291,7,1,not German,English/other,yes,,,fashion/vintage,Kicking off this series with a bang #ebayfinds #ebaytips,"Sydney Frost kicks off a new series on her favorite eBay finds by showcasing an unusual stained glass swan lamp, encouraging followers to explore secondhand platforms for both clothing and homeware.",,Raw UGC,Vlog,false,yes,https://www.tiktok.com/@sydneyfrostt/video/7606060632055500045
ebay funde,ebay finds,2026-02-21,2026-10-05,somekindoftini,Valen Sicilia,22900,2008,39,60,not German,English/other,yes,,,fashion/vintage,@HHG inspired!! After months of eBay notifications finally scored the perfect one #ebayfinds #secondhandfinds #magazineclutch #ootdinspo,"Fashion creator Valen Sicilia excitedly unboxes a vintage magazine clutch she purchased on eBay after months of searching, explaining how she plans to style it with basic outfits in Miami.",,Raw UGC,Haul,false,yes,https://www.tiktok.com/@somekindoftini/video/7609145173976665374
ebay funde,ebay finds,2026-02-27,2026-10-05,brookeregisterwilson,Brooke Register Wilson,1858,103,15,2,not German,English/other,yes,,,fashion/vintage,purchase of the year 🤌🏻👏🏻 @ebay #vintagefashion #vintagevibes #ebayfinds,A fashion creator shares her favorite vintage eBay jacket and recent denim purchases in a casual bathroom try-on video.,,Raw UGC,Haul,true,yes,https://www.tiktok.com/@brookeregisterwilson/video/7611687755080289550
ebay funde,ebay finds,2026-03-08,2026-10-05,shopcasachic,Julie / CasaChic,5217,153,4,9,not German,English/other,yes,,,sneakers,"INAD cases on eBay are not harmless. They cost sellers two-way shipping, affect your service metrics, and if your rate is higher than other sellers eBay can even charge an extra 5% final value fee in","An experienced eBay reseller shares a cautionary tale about a high-risk buyer who inquired about ill-fitting shoes and mentioned another platform in messages, using the situation to explain how Item Not As Described (INAD) cases and bot triggers threaten seller metrics and fees.",,Raw UGC,Tutorial,false,yes,https://www.tiktok.com/@shopcasachic/video/7614887833286741278
ebay funde,ebay finds,2026-03-20,2026-10-05,jennyflynnn,Jenny,45400,3827,133,220,not German,English/other,yes,,,watches,The high of winning an eBay auction is indescribable                                                   #ebay #vintagefinds #watchcollector #comethriftwithme #thriftingfinds,"Creator Jenny shares a thrilling vintage eBay shopping success story, revealing how she won a 1970s Cartier Tank watch for $475 after trying on an expensive retail version in New York City, concluding with a call-to-action for her Substack.",,Raw UGC,Vlog,false,yes,https://www.tiktok.com/@jennyflynnn/video/7619429457463364895
ebay funde,ebay finds,2026-03-24,2026-10-05,jacindabean,Jacindabean,6717,277,13,5,not German,English/other,yes,,,fashion/vintage,One of my best eBay vintage home decor finds 👀 These stunning 1970s vintage Mikasa  Hoya Japan crystal glasses! Now I need to grow my vintage drinkware collection lol #ebayfinds #thriftfinds #vintage,"A lifestyle creator shares her excitement over unearthing a set of 1970s Mikasa Hoya Japan crystal glasses on eBay, combining aesthetic home decor inspiration with a casual unboxing format.",,Polished Creator,Haul,false,yes,https://www.tiktok.com/@jacindabean/video/7620963533009800461
ebay funde,ebay finds,2026-04-16,2026-10-05,goproxo,Pri M | Beauty + Fashion 💗✨,106000,1689,30,256,not German,English/other,yes,,,handbags/luxury,My first Fendi Baguette 🥖 #creatorsearchinsights #vintagefendibaguette #ebayvintagefinds #fendibaguette #vintagedesigner,"A fashion creator excitedly unboxes and models her first vintage Fendi Baguette bag, capturing the emotional high of purchasing a long-desired luxury item through joyful facial expressions and stylish presentation.",,Raw UGC,Haul,false,yes,https://www.tiktok.com/@goproxo/video/7629403958062238990
ebay funde,ebay finds,2026-04-26,2026-10-05,valsecretaccount1,Val secret account,14300,589,11,6,not German,English/other,yes,,,other/general,"Among my heart racing experience with ebay. But thankfully ebay also solves issues for the client, just slower than backmarket… dm to order…

#valsecretaccount #fyp #kenyantiktok🇰🇪 #refurbishediphon","A Kenyan phone-importing creator shares a stressful story about nearly losing a client's 40,000 KES on eBay to a ghost seller, detailing how eBay eventually issued a full refund after 30 days, reinforcing her reliability as an import agent.",,Raw UGC,Storytime,true,yes,https://www.tiktok.com/@valsecretaccount1/video/7633014511426866450
ebay funde,ebay finds,2026-04-27,2026-10-05,cosmicdealheather,Cosmic Heather 🛸,864900,141700,265,3488,not German,unclear,yes,,,fashion/vintage,Stumbled into some gold #thriftfinds #reseller #vintage #vintagefinds #ebay,"A creator showcases a unique vintage 1987 Kenmore refrigerator desk stationery set found at a thrift store, revealing its clever miniature food-themed office supplies and sharing that it sold on eBay for $89.99.",,Raw UGC,Review,true,yes,https://www.tiktok.com/@cosmicdealheather/video/7633497079393815839
ebay funde,ebay finds,2026-05-12,2026-10-05,taylorbrisbane,taylor paige,7265,840,36,14,not German,English/other,yes,,,fashion/vintage,"grab your popcorn this is a long one

#haul #vintagefinds #secondhand #ebayfinds","Taylor Paige shares a lengthy collective vintage clothing haul from eBay, Poshmark, and Depop, candidly reviewing the fit, style, and pricing of each dress, top, and skirt.",,Raw UGC,Haul,false,yes,https://www.tiktok.com/@taylorbrisbane/video/7639006183252184351
ebay funde,ebay finds,2026-05-16,2026-10-05,homestretchinteriors,homestretchinteriors,1282,74,9,1,not German,English/other,yes,,,fashion/vintage,My first major love might be @ebay 💕 #homestretchinteriors #haul #ebayhaul #ebayfinds #trinketshelf,"An enthusiastic home decor creator shares an eBay unboxing video where she reveals a large vintage wooden trinket shelf, appealing to fellow thrifting and vintage collecting enthusiasts.",,Raw UGC,Haul,false,yes,https://www.tiktok.com/@homestretchinteriors/video/7640292659436866847
ebay funde,ebay finds,2026-05-18,2026-10-05,hayaalsaid_,haya alsaid,1438,67,4,1,not German,English/other,yes,,,handbags/luxury,big fan of ebay recently! @ebay #secondhandfashion #ebayfinds #chanel #chanelflats,"Creator Haya Alsaid unboxes a pair of secondhand Chanel ballet flats purchased on eBay, expressing excitement over finding her desired item in good condition and at a reasonable price, concluding with a successful try-on.",,Raw UGC,Haul,false,yes,https://www.tiktok.com/@hayaalsaid_/video/7641322165949713694
ebay funde,ebay finds,2026-05-21,2026-10-05,autolister.io,autolister.io,41700,509,34,201,not German,unclear,yes,,,car parts,"Don’t fall behind!!!
#ebay #ebayseller #thrift #reseller #autolister",A software demonstration video showing how autolister.io converts bulk clothing photographs into ready-to-publish eBay listings in twenty seconds.,,Polished Creator,Tutorial,true,yes,https://www.tiktok.com/@autolister.io/video/7642136419992980749
ebay funde,ebay finds,2026-05-31,2026-10-05,fringeandfinesse,Fringe & Finesse | Bags,361,13,,2,not German,English/other,yes,,,handbags/luxury,"Sometimes the best designer finds aren’t in stores—they’re hiding on eBay. 🤍

brainstorming now what to do to her…

#VintageFinds
#VintageFendi
#EbayFinds
#VintageHandbags
#FringeAndFinesse",A creator shares her latest eBay purchase—a vintage white Fendi shoulder bag showing mild age and yellowing—discussing its condition and asking viewers to stay tuned for restoration ideas.,,Raw UGC,Vlog,true,yes,https://www.tiktok.com/@fringeandfinesse/video/7645858292505316622
ebay funde,ebay finds,2026-06-08,2026-10-05,jerry.stealthy,Jared,14600,544,203,20,not German,English/other,yes,,,car parts,PLEASE help me by commenting and tagging @ebay to make them accountable for screwing people over on a daily basis. #ebay #fraud #stealing #awareness #money,"A long-time eBay seller with a 23-year history vents about a fraudulent buyer scam involving a motorcycle engine return, resulting in a severe financial loss after eBay sided with the buyer and kept selling fees. The creator calls on his audience to tag eBay and demand accountability.",,Raw UGC,Rant,false,yes,https://www.tiktok.com/@jerry.stealthy/video/7649161595074940174
ebay funde,ebay finds,2026-07-01,2026-10-05,kkstreasuretrove,Kks Treasure Trove,5938,260,14,18,not German,English/other,yes,,,car parts,"🏆 Our Top 5 Most Sold Items on eBay! 🏆

We’ve sold a lot of unique treasures over the years, but these five items have been the biggest hits. Think you know what took the # 1 spot? You may be shocke","A small business owner counts down her top five best-selling items on eBay, ranging from figurines and plates to embroidery kits, Barbies, and religious items, engaging her audience with a surprising number one reveal.",,Raw UGC,Vlog,true,yes,https://www.tiktok.com/@kkstreasuretrove/video/7657688634790808863
ebay funde,ebay finds,2026-07-17,2026-10-05,theauctioneersdaughter,Taylor I Auctioneers Daughter,20200,794,13,15,not German,English/other,yes,,,fashion/vintage,framed fan from eBay #vintagedecor #vintagehome #collectedhome #antique #antiquefinds,"A humorous TikTok showing an eBay antique purchase fail where the wrong item was delivered, framed with ironic text about the seller's mistake.",,Raw UGC,Meme,false,yes,https://www.tiktok.com/@theauctioneersdaughter/video/7663644906795060511
ebay funde,ebay finds,2026-07-21,2026-10-05,bwoof43,Wooftersresale,824,17,4,1,not German,unclear,yes,,,fashion/vintage,Insane find again! #ebay #reseller #flip #thrift #garagesalefinds,"A TikTok reselling video showing a thrifted Epson scanner bought for $30 that immediately sold on eBay for nearly $400, providing concrete proof of a lucrative flip.",,Raw UGC,Haul,false,yes,https://www.tiktok.com/@bwoof43/video/7665075418936003854
ebay funde,ebay finds,2026-07-26,2026-10-05,ehub_solutions,✨E-Hub Solutions ✨💸,18400,590,144,44,not German,English/other,yes,,,other/general,"Permanently Removed From Account 🙌🏼✌🏻😀

#ecommercewithwaqas #ebay #selling #dropshipping #viral","An e-commerce tutorial video showing how to clear policy violations from an eBay seller account, utilizing a before-and-after screen recording format.",,Screen Recording,Tutorial,true,yes,https://www.tiktok.com/@ehub_solutions/video/7666915049033764117
ebay funde,ebay finds,2026-07-29,2026-10-05,frankie_hutchings,Frankie,164600,3271,784,152,not German,English/other,yes,,yes,fashion/vintage,EBay is Dead #reselling #reseller #vintedseller #ebayseller,"A reselling creator uses a provocative hook about eBay's decline to discuss marketplace strategies, ultimately advising sellers to cross-list rather than abandon established platforms.",,Raw UGC,Opinion,false,yes,https://www.tiktok.com/@frankie_hutchings/video/7667990020237593878
ebay funde,ebay finds,2026-08-20,2026-10-05,fourzeros0000,Fourzeros0000,3159,202,9,2,not German,English/other,yes,,,fashion/vintage,Lessons on how to shop on eBay. Lesson 1 -how to not get scammed. #ebay #secondhandfashion #vintagefashion #ebayfinds #fashiontiktok,"A fashion creator with twenty years of eBay experience shares the first installment of a tutorial series on how to avoid scams while shopping on secondhand marketplaces, detailing four key red flags through a mix of talking-head advice and app screenshots.",,Raw UGC,Tutorial,false,yes,https://www.tiktok.com/@fourzeros0000/video/7676170720627445005
ebay funde,ebay finds,2026-08-22,2026-10-05,ldlg78,Lizeth,4981,130,7,2,not German,English/other,yes,,,car parts,Thanks to @ebay for the great find! I love finding great goodies on my eBay app! #ebayfinds #ebaylife #runningsunglasses #mauijim @Maui Jim,"A creator shares a secondhand shopping win on eBay, showing off two pairs of discounted Maui Jim running glasses and asking her audience to choose their favorite.",,Raw UGC,Review,true,yes,https://www.tiktok.com/@ldlg78/video/7676878267839728926
ebay funde,ebay finds,2026-08-25,2026-10-05,juniper.lane.vint,Juniper Lane,5698,184,24,16,not German,English/other,yes,,yes,fashion/vintage,Vinted vs eBay. I’ve been using both. Which one do you prefer? #vinted #ebay #reseller #ebayseller #sidehustle,"A reseller compares the pros and cons of selling clothes on Vinted versus eBay across four key categories: relisting, holiday mode, sales speed, and pricing fairness.",,Raw UGC,Review,false,yes,https://www.tiktok.com/@juniper.lane.vint/video/7678067336376536342
ebay funde,ebay finds,2026-08-27,2026-10-05,justdoinganythinggirl,justdoinganythinggirl,935,65,2,2,not German,English/other,yes,,,handbags/luxury,Shopping in Japan but online #shoppingmakesefeel #justagirl #ilikenicethings #japaneseebay #ebay,"A silent, aesthetic TikTok unboxing video showing the opening of an international package from Japanese eBay containing a vintage Louis Vuitton handbag.",,Raw UGC,Haul,false,yes,https://www.tiktok.com/@justdoinganythinggirl/video/7678701369024384278
ebay funde,ebay finds,2026-08-27,2026-10-05,xox.demi,xo.demi | UGC✨,5462,203,17,12,not German,English/other,yes,,,other/general,"FAQ: Is eBay legit? Can I buy from the Philippines? All your questions answered! 🛒✨ Plus, check my Pinterest board for trusted stores.

#EbayFAQ #ebayfinds #onlineshoppingtips #refurbished #shoppingh","A UGC creator provides a step-by-step FAQ guide for buying safely on eBay from the Philippines, covering legitimacy, international shipping, seller ratings, and refurbished gadgets.",,Raw UGC,Tutorial,true,yes,https://www.tiktok.com/@xox.demi/video/7678631941289053447
ebay funde,ebay finds,2026-08-28,2026-10-05,giselle_ng,Giselle | Curated Life |,54500,133,4,,not German,English/other,yes,,,handbags/luxury,Thank you eBay seller for bringing a little happiness to my otherwise very sad week #ebay #ebayfinds #vintagebag #prada #vintagedesigner,"Lifestyle creator Giselle opens an eBay unboxing video by sharing the sad news of her French bulldog Max passing away, explaining how her new vintage Prada handbag purchase provides a small moment of happiness during a difficult week.",,Raw UGC,Vlog,false,yes,https://www.tiktok.com/@giselle_ng/video/7679190287046003982
ebay funde,ebay finds,2026-08-28,2026-10-05,jessamineblack,Jessamine Black,8375,804,16,17,not German,English/other,yes,,,fashion/vintage,my version of a ring pop @ebay 💍 #ebayfinds #ebay #vintagejewelry #auction #ringpop,"Creator Jessamine Black unboxes a thirty-dollar sterling silver aquamarine cocktail ring won at an eBay auction, praising its high profile and comparing it to a ring pop.",,Raw UGC,Haul,true,yes,https://www.tiktok.com/@jessamineblack/video/7678866400135482638
ebay funde,ebay finds,2026-09-01,2026-10-05,thegreatkc,KC VANISH,15300,2034,22,29,not German,English/other,yes,,,other/general,Using eBay Live to help turn my jewelry into home decor @ebay #ebaypartner #homefinds #archivefashion #homedecor #homeinspo,"A fashion creator demonstrates how to elevate apartment coffee table styling by combining silver archive jewelry with discounted crystal spheres purchased via eBay Live, blending personal aesthetic curation with sponsored shopping.",,Polished Creator,Tutorial,true,yes,https://www.tiktok.com/@thegreatkc/video/7680589245773303053
ebay funde,ebay finds,2026-09-02,2026-10-05,danelia_arista,Danelia,9373,799,25,4,not German,English/other,yes,,,other/general,This all came together btw #silverjewelry #jewelryhaul #jewelrytok #ebayfinds,"A fashion creator demonstrates how to achieve an expensive layered silver jewelry look affordably using eBay finds, emphasizing smart shopping over high spending.",,Raw UGC,Haul,false,yes,https://www.tiktok.com/@danelia_arista/video/7680840527259962637
ebay funde,ebay finds,2026-09-02,2026-10-05,jacindabean,Jacindabean,1217,61,12,,not German,English/other,yes,,,handbags/luxury,Haul of all my latest finds from eBay Live! #ebaypartner @ebay,"Creator Jacindabean shares a sponsored haul of her latest secondhand and beauty finds purchased via eBay Live, highlighting a vintage pink Y2K Coach shoulder bag, Aestura skincare cream, and Biodance face masks while demonstrating how to use the eBay app for live shopping.",,Raw UGC,Haul,true,yes,https://www.tiktok.com/@jacindabean/video/7680736700519255310
ebay funde,ebay finds,2026-09-07,2026-10-05,jadesshenker,Jade Shenker,105400,3670,142,72,not German,English/other,yes,,,car parts,I’m locking my credit card until further notice #ebayfinds,"Creator Jade Shenker unboxes an expensive exotic-skin Hermes Kelly bag purchased from eBay reseller Privé Edité, expressing visible nervousness and asking her audience to help her figure out if she got scammed.",,Raw UGC,Haul,false,yes,https://www.tiktok.com/@jadesshenker/video/7682854108918844702
ebay funde,ebay finds,2026-09-07,2026-10-05,buy.or.bin,Buy or Bin,3259,87,8,3,not German,English/other,yes,,yes,fashion/vintage,"EBay and Vinted sales total for a week of solo reselling , £5000 sales in a week on eBay is it really summer slow down ? #ebayseller #ebayreseller #vinted #vintageclothing #prelovedclothes","A solo reselling creator shares his weekly earnings of 720 pounds on Vinted and nearly 4,800 pounds on eBay while on holiday, using platform dashboards to debunk the myth of a summer sales slowdown.",,Raw UGC,Vlog,false,yes,https://www.tiktok.com/@buy.or.bin/video/7682712957389671712
ebay funde,ebay finds,2026-09-09,2026-10-05,jadesshenker,Jade Shenker,38100,1098,49,35,not German,English/other,yes,,,handbags/luxury,@ebay we need to have a talk… #hermeskelly #ebayhermeskelly #ebayfinds,"Jade Shenker reviews two designer handbags purchased on eBay, revealing them to be embarrassingly poor counterfeits despite high price tags, blending luxury fashion content with self-deprecating humor.",,Raw UGC,Review,false,yes,https://www.tiktok.com/@jadesshenker/video/7683344645094493471
ebay funde,ebay finds,2026-09-17,2026-10-05,stillselling.co,stillselling.co,5324,245,13,16,not German,English/other,yes,,,electronics,"📞 How to contact eBay customer support & get the eBay callback option!

Are you an eBay seller looking for eBay customer service, eBay seller support, or the “Have Us Call You” eBay option? In this v",A practical tutorial video for eBay sellers demonstrating how to locate the missing customer service callback option by switching between different regional eBay domains in the browser.,,Screen Recording,Tutorial,false,yes,https://www.tiktok.com/@stillselling.co/video/7686595889233808647
ebay funde,ebay finds,2026-09-17,2026-10-05,gold.dust.digs,Gold Dust Digs,2238,95,6,10,not German,English/other,yes,,,fashion/vintage,"I found this painting sitting in the Goodwill Bins after someone else threw it back. 😳 I decided to take a chance on it and paid just $5.

Once I got it home, I researched the signature and discovere","A thrift creator shares how she rescued a discarded oil painting from a Goodwill bin for $5, identified it as an original Vivian Love floral work, and resold it on eBay for $525, generating high engagement and inspiring fellow resellers.",,Raw UGC,Storytime,false,yes,https://www.tiktok.com/@gold.dust.digs/video/7686590104030448910
ebay funde,ebay finds,2026-09-19,2026-10-05,kellyjobeauty,✨Kelly Jo✨,35500,3369,135,56,not German,English/other,yes,,,fashion/vintage,"I LOVE jewelry! All kinds, fine, fun, gold, silver. I don’t discriminate! But one of my favorite things to hunt for second hand, are sterling silver bracelets. Here’s some of my favorite pieces in my","Kelly Jo presents her curated collection of second-hand sterling silver bracelets sourced from platforms like eBay and Etsy, showcasing chunky links, charm bracelets, and bangles with enthusiastic commentary.",,Raw UGC,Collection showcase; Haul; Personal-update,false,yes,https://www.tiktok.com/@kellyjobeauty/video/7687242268754889998
ebay funde,ebay finds,2026-09-24,2026-10-05,vintasticfindz,vintasticfindz,4061,474,17,46,not German,English/other,yes,,yes,fashion/vintage,"POV: You find the ultimate Reseller spot 📦🤩
Dream of every Reseller 🔥
#reseller #reselling #thrifting #vinted #ebay","A viral meme targeted at online resellers on TikTok, celebrating the logistical relief of finding a single drop-off point that accepts packages from all major courier services.",,Raw UGC,Meme,false,yes,https://www.tiktok.com/@vintasticfindz/video/7689115456170478881
ebay funde,ebay finds,2026-09-29,2026-10-05,amber_resells,Amber Resells,1090,69,4,3,not German,English/other,yes,,,sneakers,Found $80 EBay sale in the FREE BOX!! #ebay #resellercommunity,"A reseller creator shares a haul from garage sales in Cincinnati with her mom, highlighting three major scores including a free Nike vintage hoodie, a $10 Coach bag, and a $20 Bosch angle finder, concluding with a call-to-action for comments.",,Raw UGC,Haul,false,yes,https://www.tiktok.com/@amber_resells/video/7690989576210451726
ebay funde,ebay finds,2026-10-01,2026-10-05,pigeonfleamarket,Pigeon Flea Market,5322,102,68,3,not German,English/other,yes,,yes,car parts,"The era of eBay reselling is long over but what do you guys think? 
#vintedreselling #reselleruk #resellingtips #resellercommunity #ebayreselling","A UK reseller uses a provocative clickbait title and screen recording of his YouTube studio to argue that eBay reselling is dead, actively encouraging audience debate in the comments.",,Raw UGC,Opinion,false,yes,https://www.tiktok.com/@pigeonfleamarket/video/7691742676277890326
ebay funde,ebay finds,2026-10-02,2026-10-05,autumn.forrest,autumn! 🌷,2023,300,10,4,not German,unclear,yes,,,handbags/luxury,thank u @DadLife !!!!!! #secondhandfashion #thrift #ebayfinds #secondhanddesigner,A creator shares an enthusiastic story about how she finally tracked down her dream designer sweater after ten months of searching by finding an old video on TikTok and messaging the reseller.,,Raw UGC,Vlog,false,yes,https://www.tiktok.com/@autumn.forrest/video/7692148274865655053
ebay funde,ebay finds,2026-10-02,2026-10-05,herdebtfreeeraa,Herdebtfreeera,703,20,5,,not German,English/other,yes,,yes,fashion/vintage,"Our first EBAY order ! So happy and so excited ! 

How are we all doing this week with reselling ?

#reseller #ebay #ebayreseller #vinted #payoffdebt",A reselling creator celebrates her first eBay order—a vintage teddy bear bought for $1 and sold for $20—while detailing her family's debt payoff journey from a home bedroom studio.,,Raw UGC,Vlog,false,yes,https://www.tiktok.com/@herdebtfreeeraa/video/7691869253976345887
ebay funde,ebay finds,2026-10-03,2026-10-05,thestackreport,Georgia - Smoothie London,21500,2327,22,126,not German,English/other,yes,,,fashion/vintage,An excellent use of free will I must say 🐅 #vintagefurniture #tigerprint #ebayfinds,"A creator humorously documents buying a flamboyant, fluffy tiger-print home bar off eBay for 160 pounds, showcasing her father's proud reaction in their modern kitchen.",,Raw UGC,Vlog,false,yes,https://www.tiktok.com/@thestackreport/video/7692491348389219606
ebay funde,ebay finds,2026-10-03,2026-10-05,ebayexpertcom,Ebay expert/ Ecom solution,4248,185,23,83,not German,English/other,yes,,,other/general,"Trending supplier for USA and UK
If you are doing dropshipping on ebay and don't work with ali express and amazon then explore this trending and best supplier in USA and UK#ebay #supplier#OnlineBusine","An e-commerce creator provides a tutorial on trending dropshipping suppliers for the USA and UK, reviewing platforms like SaleYee, Shein, TangBuy, Spocket, SaleHoo, GoDropship, Banggood, OnBuy, and Costco as alternatives to AliExpress and Amazon.",,Raw UGC,Tutorial,false,yes,https://www.tiktok.com/@ebayexpertcom/video/7692477584830975254
ebay funde,ebay finds,2026-10-04,2026-10-05,mangomitch,MangoMitch | Reselling,9338,43,3,5,not German,English/other,yes,,,fashion/vintage,"His girl really said “donate it all” 😭

Then I found the Double RL…

$100+ pair of jeans hiding at Goodwill 👀

#thrifting #goodwill #reseller #ebay #ralphlauren","A reseller shares a TikTok video of a thrift store find, joking that a spiteful girlfriend mistakenly donated an expensive pair of Double RL jeans, substantiated by showing the brand labels and a comparable resale price.",,Raw UGC,Vlog,true,yes,https://www.tiktok.com/@mangomitch/video/7692951034439798046
ebay funde,ebay finds,2026-10-05,2026-10-05,book.of.kat,Kat | The Corporate Dropout,473,24,5,,not German,English/other,no,,yes,fashion/vintage,"I see sooo many people right now getting into buying & selling on Vinted. Little do they know, this is how the obsession (or new business) starts.  Years ago, I started by selling a few things here an",A TikTok creator humorously documents how her initial goal of decluttering her house through online selling turned into an obsession where she now hoards inventory in her garage.,,Raw UGC,Vlog,false,yes,https://www.tiktok.com/@book.of.kat/video/7692991731494571294
ebay verkaufen,(German extra),2025-12-04,2026-10-05,finestflips,finestflips,2500000,100600,382,2775,not German,English/other,yes,,,watches,"What sold on eBay today as a full-time reseller.
$465 packed and shipped.
Watch this.

#reseller #ebay #packingorders #grinding #hustle","A full-time eBay reseller documents fulfilling and packing seven specific orders totaling $465, taking viewers from inventory retrieval in a storage unit to dropping off boxes at the post office.",,Raw UGC,Vlog,true,yes,https://www.tiktok.com/@finestflips/video/7580064938589195550
ebay verkaufen,(German extra),2025-12-06,2026-10-05,flipstoprofit,flipstoprofit,97300,544,18,72,not German,English/other,yes,,,fashion/vintage,Since starting to list 65 items a day on eBay we have seen a huge spike in sales 🤑 #reselling #ebay #productphotography #thriftfinds #homebusiness,"An eBay reseller demonstrates his daily product photography workflow in a home studio, accompanied by a caption detailing his strategy of listing 65 items a day to drive sales growth.",,Raw UGC,Vlog,false,yes,https://www.tiktok.com/@flipstoprofit/video/7580752216764517645
ebay verkaufen,(German extra),2025-12-17,2026-10-05,chillwithlill5,Lilliana | eBay Reseller,1400000,64200,306,2027,not German,English/other,yes,,,fashion/vintage,$450 in sales! #reseller #whatsoldonebay #resellertiktok #shippingorders #shipwithme,"An eBay reseller documents the packing process for a batch of twelve sold vintage items totaling $450 in sales, featuring item close-ups, listing screenshots with pricing, and satisfying ASMR packing visuals.",,Raw UGC,Vlog,false,yes,https://www.tiktok.com/@chillwithlill5/video/7584616893361753374
ebay verkaufen,(German extra),2026-01-12,2026-10-05,resale.man2,Resale Man,6072,255,6,,not German,English/other,yes,,,cameras,"Quick video showing me packing some of my recent eBay sales and getting them ready for shipping. Sales include DVDs, ps3 controllers and audiobooks! #reseller #packingorders #sidehustle #ebay #shippin",A faceless creator showcases a batch of recent eBay sales—ranging from retro video game controllers and DVD sets to sci-fi books and audiobooks—by packing them on camera while overlaying actual sales receipts and prices.,,Raw UGC,Vlog,false,yes,https://www.tiktok.com/@resale.man2/video/7594604360533822775
ebay verkaufen,(German extra),2026-02-04,2026-10-05,finestflips,finestflips,403500,17600,167,467,not German,English/other,yes,,,fashion/vintage,"$700 day on eBay.
No hype. No shortcuts.
Just inventory, discipline, and showing up.

Most people scroll.
I pack orders.

#reseller #entrepreneur #sidehustle #smallbusiness #thrifted","A first-person perspective vlog detailing a $700 sales day on eBay, breaking down specific sold items and demonstrating the packing process to emphasize hard work over get-rich-quick hype.",,Raw UGC,Vlog,false,yes,https://www.tiktok.com/@finestflips/video/7603157928400506142
ebay verkaufen,(German extra),2026-03-16,2026-10-05,otoniel_ca,Otoniel_ca,10400,301,8,16,not German,unclear,yes,,,other/general,Cómo vender por eBay?🤔👁️#ebayseller #revender #ebay #ebayseller,"A creator documents his first attempt at selling clothes on eBay using ChatGPT for instructions, transitioning from an improvised backdrop to taking product photos on his bed as daylight fades.",,Raw UGC,Vlog,false,yes,https://www.tiktok.com/@otoniel_ca/video/7617933151632887071
ebay verkaufen,(German extra),2026-03-22,2026-10-05,sellerecomerce,E Commerce With Ahmad,496,17,3,1,not German,unclear,yes,,,other/general,ebay Account USA details #reselling #dropshipping #sidehustle #aliexpressfinds #ebay #smallbusiness #entrepreneurlife #workfromhome #workfromhome #usabusiness #salesonline #ecommercebusiness ##ecomtip,"A TikTok video by E Commerce With Ahmad displaying a screen recording of an eBay Seller Hub dashboard for account bestvalue7hub, accompanied by e-commerce hashtags.",,Raw UGC,Tutorial,true,yes,https://www.tiktok.com/@sellerecomerce/video/7620036671660133654
ebay verkaufen,(German extra),2026-03-25,2026-10-05,earn.with.mubeenn,Earn with Mubeen,34300,1895,78,237,not German,English/other,yes,,,other/general,How to create ebay seller account In pakistan #ebay #ebayseller #ebaypartner #ecommerce,An ecommerce educator outlines a step-by-step method for Pakistani residents to establish a verified eBay seller account without relying on third-party agencies.,,Raw UGC,Tutorial,true,yes,https://www.tiktok.com/@earn.with.mubeenn/video/7621082416022555925
ebay verkaufen,(German extra),2026-03-30,2026-10-05,earninguides,Earning Guides,298700,14800,182,1651,not German,English/other,yes,,,other/general,"Step-by-Step eBay Product Listing Tutorial 🛒 | Beginner to Pro Selling Guide
#ProductListing #eBaySelling #eCommerce #Dropshipping #MakeMoneyOnline","An instructional tutorial video by Earning Guides demonstrating how to list products on eBay using AliExpress sourcing, complete with sales history checks and profit margin calculations.",,Screen Recording,Tutorial,true,yes,https://www.tiktok.com/@earninguides/video/7623002472658914582
ebay verkaufen,(German extra),2026-04-08,2026-10-05,frankie_hutchings,Frankie,5800000,175300,1436,23100,not German,English/other,yes,,yes,fashion/vintage,What a looks like as a full time Vinted & eBay Reseller #reseller #vintedseller #reselling,"A day-in-the-life video depicting the step-by-step daily routine of a full-time Vinted and eBay reseller, highlighting tasks from prepping and photographing stock to listing, printing labels, and packing orders.",,Raw UGC,Day-in-the-life,false,yes,https://www.tiktok.com/@frankie_hutchings/video/7626432853227900162
ebay verkaufen,(German extra),2026-05-28,2026-10-05,finestflips,finestflips,478000,20400,83,501,not German,English/other,yes,,,watches,"$1350 Sold on ebay today!

$535 antique mineral water sign.
1933 Chicago World’s Fair clown.
Vintage advertising tins.
Old violin.
Theatre ticket stubs.
Vintage watchmaker tools.

People walk past thi","A reseller documents a profitable day on eBay totaling $1,350 across six vintage items sourced from a crowded storage unit, engaging viewers by showcasing the high resale value of everyday overlooked antiques.",,Raw UGC,Vlog,true,yes,https://www.tiktok.com/@finestflips/video/7645070233807375646
ebay verkaufen,(German extra),2026-05-30,2026-10-05,frankie_hutchings,Frankie,150100,5751,52,329,not German,English/other,yes,,yes,toys/collectibles,Everything I sold today as a full time eBay reseller  #reseller #vintedseller #ebayseller #reselling,"A full-time eBay reseller documents a day of fulfilling and dispatching online orders in his inventory room, highlighting sales figures and item specifics through pop-up graphics.",,Raw UGC,Vlog,false,yes,https://www.tiktok.com/@frankie_hutchings/video/7645739803345997078
ebay verkaufen,(German extra),2026-06-15,2026-10-05,raheem.fayyaz,Raheem 🇬🇧🇵🇰,161200,3895,132,715,not German,English/other,yes,,,other/general,Ebay £13000 sales this month #ebay #uk #usa,"A UK-based creator demonstrates his £13,000 monthly eBay sales revenue while cruising on an Amsterdam canal, urging viewers to move beyond low-wage shift work and start online businesses.",,Raw UGC,Personal-update,false,yes,https://www.tiktok.com/@raheem.fayyaz/video/7651714378277883158
ebay verkaufen,(German extra),2026-06-17,2026-10-05,frankie_hutchings,Frankie,131600,6303,160,479,not German,English/other,yes,,yes,fashion/vintage,Day in the life of a full time reseller #resellercommunity #reselling #vintedseller #ebayseller,"A concise, satisfying day-in-the-life video following a full-time Vinted reseller through ironing, photographing, listing, picking, and packing 40 items in an organized studio space.",,Raw UGC,Day-in-the-life,false,yes,https://www.tiktok.com/@frankie_hutchings/video/7652406077287353622
ebay verkaufen,(German extra),2026-06-20,2026-10-05,aliyaa1415,Aliya Iftikhar,14200,666,33,13,not German,unclear,yes,,,toys/collectibles,#fypシ゚viral #uktiktok🇬🇧ukviral #ebayreseller #ebaydropshipping #ebayusa,"An eBay reseller in the UK shares a screen recording of their Seller Hub dashboard, highlighting over 400 orders, strong sales figures, and expressing gratitude for their business growth.",,Raw UGC,Personal-update,false,yes,https://www.tiktok.com/@aliyaa1415/video/7653601171940150548
ebay verkaufen,(German extra),2026-07-19,2026-10-05,malikmuneeb43430,Muneeb | eBay Seller,76600,1101,50,140,not German,English/other,yes,,,other/general,Sold more than thousands pieces of neck fan in one month #ecommerce #ebay #foryou #uk #fan,"An e-commerce seller documents selling over 1,000 neck fans in 30 days, using smartphone dashboard recordings and physical product showcases to build authority and demonstrate online business success.",,Raw UGC,Vlog,true,yes,https://www.tiktok.com/@malikmuneeb43430/video/7664345510987271432
ebay verkaufen,(German extra),2026-07-29,2026-10-05,jemmy_li,Jemmy_Li🇨🇳,8991,203,9,34,not German,English/other,yes,,,toys/collectibles,Which Chinese 🇨🇳 products resell on eBay make you millionaire ?! #china#resellercommunity #reselltips,"A quick-paced e-commerce sourcing listicle where an Asian creator in a warehouse outlines five major product categories—Dyson, Lego, Philips Electronics, Toys, and Perfume—to buy from China and resell on eBay.",,Raw UGC,Tutorial,true,yes,https://www.tiktok.com/@jemmy_li/video/7667892640549063969
ebay verkaufen,(German extra),2026-08-01,2026-10-05,finestflips,finestflips,547000,31700,118,623,not German,English/other,yes,,,fashion/vintage,"$1,125.75 sold on eBay today.

Lionel train lot — $399
Vintage Schlitz motion light — $240
Tiger wall fan — $149
Antique printer’s drawer — $140
Special Forces medical manual — $93.50
Graphic trench c","A TikTok reseller showcases $1,125.75 in daily eBay sales across seven diverse vintage and antique items, demonstrating the packing process from warehouse storage to post office drop-off while advocating for category diversification in resale.",,Raw UGC,Vlog,true,yes,https://www.tiktok.com/@finestflips/video/7669119045035232543
ebay verkaufen,(German extra),2026-08-08,2026-10-05,stillselling.co,stillselling.co,40200,1725,334,129,not German,English/other,yes,,,other/general,"90% of eBay sellers make this listing mistake… 👀

Your eBay product description can make your listing look either professional or amateur. In this video, I’m showing you how to create a clean eBay HT","A tutorial demonstrating how to use ChatGPT to convert raw AliExpress product descriptions into clean, professional HTML for eBay listings.",,Screen Recording,Tutorial,false,yes,https://www.tiktok.com/@stillselling.co/video/7671674197306821906
ebay verkaufen,(German extra),2026-08-08,2026-10-05,prosperdigitalpk,Prosper Digital Official,32800,1619,71,210,not German,English/other,yes,,,other/general,"Want to start an eBay business from Pakistan? 🇵🇰

In this video, I'll explain the complete roadmap for starting an eBay business in Pakistan, from account creation and product research to sourcing,",,,,,,no,https://www.tiktok.com/@prosperdigitalpk/video/7671624751667825941
ebay verkaufen,(German extra),2026-08-10,2026-10-05,captian_of_ecommerce,💸E-commerce with Sajid,4630,187,6,18,not German,English/other,yes,,,other/general,How to Increase Click-Through Rate & Sales on eBay!#ebay #ecomerce #ebaywintern #bussinestips#trending,An e-commerce tutorial video demonstrating how eBay sellers can increase their click-through rate and sales by customizing their primary listing image with badges like free shipping.,,Raw UGC,Tutorial,false,yes,https://www.tiktok.com/@captian_of_ecommerce/video/7672414468038511890
ebay verkaufen,(German extra),2026-08-12,2026-10-05,mangomitch,MangoMitch | Reselling,20700,703,17,164,not German,English/other,yes,,,toys/collectibles,"Turning $25 into $650 at the Goodwill bins 👀 Which item was the best pickup?

#GoodwillBins #ThriftHaul #ResellerTok #ThriftFinds #eBayReseller","A reseller demonstrates how to turn a small $25 investment into $650 in potential profit by sourcing brand-name clothing and collectibles at a Goodwill Outlet bin store, showcasing 14 specific thrift finds paired with their verified eBay market values.",,Raw UGC,Haul,true,yes,https://www.tiktok.com/@mangomitch/video/7673156431830437151
ebay verkaufen,(German extra),2026-08-16,2026-10-05,andrewentrekin34,Andrew Entrekin,968700,8414,111,353,not German,unclear,yes,,,coins,"Makes life so much easier photographing clothing! 👕

#fyp #reseller #ebay #clothes #sidehustle","A quick, silent tutorial demonstrating a simple photography hack for online clothing resellers: using a coin to hold down curling tags while photographing garments.",,Raw UGC,Tutorial,false,yes,https://www.tiktok.com/@andrewentrekin34/video/7674677986104315150
ebay verkaufen,(German extra),2026-08-24,2026-10-05,ae.dropshippes,Aedropshippes.com,43800,2033,52,425,not German,English/other,yes,,,car parts,5 #Regularproducts for #autodropshipping with #aedropshippes #ebayautodropshipping #ebayproductsuk,"An e-commerce tutorial video where a creator demonstrates five high-selling regular products for automated eBay dropshipping using aedropshippes.com, showing profit margins and step-by-step store integration.",,Raw UGC,Tutorial,true,yes,https://www.tiktok.com/@ae.dropshippes/video/7677618829232672023
ebay verkaufen,(German extra),2026-08-25,2026-10-05,sterlingco1,Sterling Commerce Group,26600,1167,27,265,not German,English/other,yes,,,other/general,"5 Chrome Extensions Every eBay Seller Needs 🚀

• 🔎 Find winning products faster
• 📊 Analyze competitors & product demand
• 💰 Check pricing and profit potential
• ⚡ Speed up your eBay product resea","Sterling Commerce Group presents a practical tutorial detailing five essential Chrome extensions for eBay and AliExpress sellers to streamline product research, analyze competitors, and optimize sales.",,Polished Creator,Tutorial,false,yes,https://www.tiktok.com/@sterlingco1/video/7678028597684129046
ebay verkaufen,(German extra),2026-08-31,2026-10-05,ecomora93,Ecom Blueprint,7740,455,16,33,not German,English/other,yes,,,car parts,"Don’t let your eBay listings end when your product goes out of stock! 🚨
In this video, I show you a simple one-step eBay setting that can help keep your listings active instead of ending automaticall",An e-commerce creator provides a step-by-step tutorial for eBay beginners on how to enable the setting that keeps out-of-stock multi-quantity listings active.,,Screen Recording,Tutorial,false,yes,https://www.tiktok.com/@ecomora93/video/7680280961917013269
ebay verkaufen,(German extra),2026-08-31,2026-10-05,kaebryans88,Kae•brayan Peña,44600,1062,21,93,not German,unclear,yes,,,toys/collectibles,Tesoros para revender en eBay #revendedorenebay #tesorospararevender #comovenderenebay #viraltiktok #trucospararevender,"A reseller walks through a thrift store demonstrating how to spot valuable items like vintage electronics, retro toys, and video games, and use the eBay app filters to check sold listings and calculate potential profit.",,Raw UGC,Tutorial,false,yes,https://www.tiktok.com/@kaebryans88/video/7679981386895314206
ebay verkaufen,(German extra),2026-09-01,2026-10-05,charrwilliams,Char & Reub,104200,6448,256,1464,not German,English/other,yes,,yes,car parts,What a full time Vinted and eBay reseller sells in 24 hours 🔥💵 #resellercommunity #reseller #resellertiktok #ebay #fyp,"A full-time reselling couple breaks down every item they sold on eBay and Vinted over a 24-hour period, detailing purchase prices from car boot sales and final sale values to demonstrate their business success.",,Raw UGC,Vlog,false,yes,https://www.tiktok.com/@charrwilliams/video/7680586102532558102
ebay verkaufen,(German extra),2026-09-02,2026-10-05,finestflips,finestflips,631300,45300,137,1080,not German,English/other,yes,,,sneakers,"$900.47 from 10 eBay sales.

Paint, a Halloween mask, old paper, a Call of Duty collectible, car audio, a doll, a film camera, Stüssy, shoes and more.

That’s one of the biggest things I’ve learned re","A reselling creator documents ten successful eBay sales totaling $900.47, sourced from estate sales and storage units. By showing the physical items, the original purchase cost, the eBay app sale confirmation, and the packing process, the creator educates viewers on finding hidden value in diverse categories and drives traffic to a free checklist at FinestFlips.com.",,Raw UGC,Vlog,true,yes,https://www.tiktok.com/@finestflips/video/7681070950527290655
ebay verkaufen,(German extra),2026-09-07,2026-10-05,supplyworldwideofficial,SupplyWorldwide,25200,1719,46,158,not German,English/other,yes,,,car parts,Literally anyone can do this #ebayseller #sidehustle #targetaudience #onlinebusiness #ecommerce,"A young creator demonstrates an eBay dropshipping method using private supplier spreadsheets and real-time listings, leveraging a stack of cash and dashboard revenue metrics to drive traffic to his digital product link in bio.",,Raw UGC,Tutorial,true,yes,https://www.tiktok.com/@supplyworldwideofficial/video/7682657125302078751
ebay verkaufen,(German extra),2026-09-08,2026-10-05,thearnoldresells,Arnold Resells,16600,746,23,46,not German,English/other,yes,,yes,fashion/vintage,The only eBay reselling guide you’ll ever need #ebay #reselling #vinted #resell,"A concise, actionable tutorial by creator Arnold Resells on how to set up a new eBay account and bypass algorithm restrictions using an auction-listing strategy.",,Raw UGC,Tutorial,false,yes,https://www.tiktok.com/@thearnoldresells/video/7683207590876024096
ebay verkaufen,(German extra),2026-09-10,2026-10-05,ecomgrowthhub1,Saad ahmaad,37200,1120,25,286,not German,unclear,yes,,,other/general,ebay Dropshipping Items    #onlinebusiness #ecommerce #halloweenlook #halloween,"A short-form e-commerce tutorial by creator Saad ahmaad listing eight hot-selling Halloween products for dropshipping businesses in 2026, featuring b-roll footage of physical retail goods and local price tags.",,Raw UGC,Tutorial,true,yes,https://www.tiktok.com/@ecomgrowthhub1/video/7684058895270087957
ebay verkaufen,(German extra),2026-09-10,2026-10-05,richinrags,Rich in Rags,99400,6775,96,759,not German,English/other,yes,,yes,watches,"This reselling method could make you rich.

If you want to start reselling on Vinted and eBay, learning your numbers will help you turn occasional sales into a sustainable reselling business.
 

I sou","A practical 10-step tutorial on building a reselling business from zero capital, delivered with high-energy jump cuts by a creator in front of a vintage clothing rack.",,Raw UGC,Tutorial,true,yes,https://www.tiktok.com/@richinrags/video/7683920854664613142
ebay verkaufen,(German extra),2026-09-10,2026-10-05,flipstoprofit,flipstoprofit,12100,567,22,96,not German,English/other,yes,,,other/general,"$30K+ months. 6,800+ listings. 70 new items a day…📦
One of the biggest things we’ve learned while scaling is that every new level exposes a new bottleneck.
First you need more inventory. Then you nee","A top 1% eBay reselling couple breaks down their exact operational blueprint, detailing how they source inventory consistently, maintain 6,800+ items with sequential SKUs, list 70 items daily, and generate over $30K in monthly sales across multiple platforms.",,Raw UGC,Tutorial,true,yes,https://www.tiktok.com/@flipstoprofit/video/7683704371242093854
ebay verkaufen,(German extra),2026-09-11,2026-10-05,finestflips,finestflips,45600,2786,50,52,not German,English/other,no,,,coins,"Still going through the storage unit I bought for $220.

Found a vintage coin collection, even more rock albums, vintage fishing gear, more WWII items, and an entire tote of Girls Gone Wild DVDs and V","A storage unit hunter showcases the eclectic and surprisingly valuable contents of a $220 unit he purchased, featuring everything from vintage coins and rock music LPs to military memorabilia, musical instruments, and adult media.",,Raw UGC,Vlog,true,yes,https://www.tiktok.com/@finestflips/video/7684062257868934430
ebay verkaufen,(German extra),2026-09-14,2026-10-05,sunnifortheplot,𝕤𝕦𝕟𝕟𝕚 ✿ 𝕣𝕖𝕒𝕕𝕤📖,374900,17200,219,200,not German,English/other,yes,,,other/general,"no bc genuinely why is it 77,000 on ebay and ITS SOLD. 
#sarahjmaas #acotar #acomaf #acourtofthornsandroses","A BookTok creator humorously contemplates selling her beat-up library-stamped copy of Sarah J. Maas's A Court of Mist and Fury after seeing an inflated 77,000 dollar listing on eBay, appealing directly to the fantasy book community.",,Raw UGC,Meme,false,yes,https://www.tiktok.com/@sunnifortheplot/video/7685190783892327710
ebay verkaufen,(German extra),2026-09-15,2026-10-05,dorblyushechka,Ботунчик,94500,3321,46,155,not German,unclear,yes,,,other/general,TW:im gonna reroot her soon #monsterhigh #mh #mattel #cleodenile #ebay,A satirical TikTok video utilizing the GRWM format to mock overpriced doll resale culture by showing a severely damaged Monster High Cleo de Nile doll priced at $250.,,Raw UGC,Meme,false,yes,https://www.tiktok.com/@dorblyushechka/video/7685751236821273874
ebay verkaufen,(German extra),2026-09-16,2026-10-05,nolan.dykstra,Nolan Dykstra,346,22,,,not German,English/other,yes,,,other/general,"My Latest EBay Sales!
-
#Ebay #Reseller #EbaySeller #Resellers #Resell","An eBay reseller shares a quick, text-driven breakdown of his recent item sales and prices, offering satisfying proof of concept for aspiring resellers.",,Raw UGC,Vlog,false,yes,https://www.tiktok.com/@nolan.dykstra/video/7686265607855033613
ebay verkaufen,(German extra),2026-09-20,2026-10-05,ecommercelift,EcomLift,9312,410,44,38,not German,English/other,yes,,,other/general,"🚀 Complete eBay Roadmap — Step by Step!
Starting your eBay journey from Pakistan? 🇵🇰
From account setup → product research → listing → sales growth, this roadmap covers the important steps you need","A young Pakistani e-commerce creator delivers a practical, step-by-step roadmap for beginners wanting to learn how to sell on eBay, emphasizing the realistic timeframe of eight months to a year of consistent effort.",,Raw UGC,Tutorial,false,yes,https://www.tiktok.com/@ecommercelift/video/7687595095230647560
ebay verkaufen,(German extra),2026-09-22,2026-10-05,melsdebtpayoff,MelsDebtPayoff,3775,68,54,,not German,English/other,yes,,,other/general,Calling all eBay resellers! Please help a sister out here! My listings aren’t getting viewed do I need to be promoting is this where we’re at now with eBay? #EBay #resellercommunity #sidehustle #genx,"A Gen-X reseller vents on TikTok about getting zero views on her revamped eBay account, asking her community if paid promotion has become mandatory.",,Raw UGC,Personal-update,false,yes,https://www.tiktok.com/@melsdebtpayoff/video/7688405652951043359
ebay verkaufen,(German extra),2026-09-25,2026-10-05,essentix.pk,Essentix.pk,10500,556,27,24,not German,English/other,yes,,,other/general,"From zero to eBay seller — learn the game, stay consistent, and keep growing. 🔥

#eBay #eBaySelling #eBayBusiness #Dropshipping #OnlineBusiness","An e-commerce team showcases their 20-day eBay profit spreadsheet and dashboard analytics while working in an office, aiming to inspire aspiring online sellers through transparent financial proof.",,Raw UGC,Vlog,true,yes,https://www.tiktok.com/@essentix.pk/video/7689379914541272341
ebay verkaufen,(German extra),2026-09-26,2026-10-05,lexyagamy,Alex • RGV Toy Hunter,7205,55,54,17,not German,English/other,yes,,,other/general,"#eBaySeller #ResellerLife #USPS #ShippingProblems #ShippingFees. Compas! We finally made a sale on eBay! 😂🔥

Look at this! Sold it for $114.99. Not bad, right?

Well… hold on a damn minute! 💀

USPS","An eBay seller shares a humorous and painful screen recording of an order sale where unexpected USPS shipping adjustments and platform fees slashed his $114.99 sale down to just $12.40 in actual earnings, resonating strongly with the reseller community.",,Raw UGC,Meme,false,yes,https://www.tiktok.com/@lexyagamy/video/7689712245948927246
ebay verkaufen,(German extra),2026-09-27,2026-10-05,packmysales0,packmysales0,7107,344,7,1,not German,English/other,yes,,,other/general,Hope you Like It #foryou #ebay #roadto1k #viral #games,"A creator documents packing three items sold on eBay from a cluttered bedroom, highlighting sale prices and shipping them via DHL lockers in a satisfying, fast-paced POV format.",,Raw UGC,Vlog,false,yes,https://www.tiktok.com/@packmysales0/video/7690086948639083808
ebay verkaufen,(German extra),2026-09-28,2026-10-05,bees.bargains,bees.bargains,3930,190,26,3,not German,English/other,yes,,yes,fashion/vintage,Really pleased with all these orders because I haven’t listed very much because I haven’t been feeling very well but back on top form now🙂🙂#reseller #followme #sold #vintedseller #ebayseller,"A full-time reseller reviews her weekend sales inside her storage unit, detailing purchase costs and selling prices for dozens of items while sharing that she is recovering from an illness.",,Raw UGC,Vlog,false,yes,https://www.tiktok.com/@bees.bargains/video/7690502311667322134
ebay verkaufen,(German extra),2026-09-29,2026-10-05,poppixresells,poppixresells,975,48,3,1,not German,English/other,yes,,,other/general,"Y’all gotta stop sleeping on this‼️‼️message me for my vendors📲📲
#sidehustleforbeginners #ebayseller #dropshipping #reselling #ecommerce","A creator shares an instructional tutorial on how to make money via eBay drop shipping using a 1:1 supplier catalog, demonstrating the workflow from finding trending items to listing them at a markup and fulfilling orders through messaging.",,Raw UGC,Tutorial,true,yes,https://www.tiktok.com/@poppixresells/video/7691016226037861662
ebay verkaufen,(German extra),2026-10-01,2026-10-05,charrwilliams,Char & Reub,5461,185,24,13,not German,English/other,yes,,yes,car parts,24 hours of sales as a full time Vinted & eBay reseller 🤩🤩 #resellercommunity #resellertiktok #reseller #ebay #fyp,"A full-time reselling couple breaks down their last 24 hours of sales across Vinted and eBay, itemizing car boot sale purchase prices against resale platform earnings to demonstrate their business model.",,Raw UGC,Vlog,false,yes,https://www.tiktok.com/@charrwilliams/video/7691728182688419094
ebay verkaufen,(German extra),2026-10-03,2026-10-05,westonecom,westonecom,262,6,4,,not German,English/other,yes,,,other/general,basic overview of how to move into ebay dropshipping high ticket sales,"A young creator delivers a quick, raw explainer on how to execute high-ticket dropshipping from Amazon to eBay, concluding with a call to action for his website.",,Raw UGC,Tutorial,true,yes,https://www.tiktok.com/@westonecom/video/7692567296312675597
ebay verkaufen,(German extra),2026-10-04,2026-10-05,ecommercewithhasan,E-CommerceWithHasan,161,19,12,,not German,unclear,yes,,,other/general,Selling Limit Increases #ebay #dropshipping #viralvideo #usa #foryou,"A screen recording of an eBay Seller Hub dashboard showcasing sales data, traffic metrics, and selling limits, accompanied by upbeat background music to appeal to e-commerce entrepreneurs.",,Screen Recording,Tutorial,true,yes,https://www.tiktok.com/@ecommercewithhasan/video/7692640537945427201
ebay live deutsch,(German extra),2026-04-04,2026-10-05,marlonhammer,Marlon Hammer,158300,13000,56,84,not German,English/other,yes,,,other/general,"Was macht er da😳
#gitarre #reaktion #deutschemusik #sänger","A creator poses as an eBay beginner buying a guitar to surprise a seller with his advanced musical talent, culminating in an impressive jam session.",,Raw UGC,Challenge,false,yes,https://www.tiktok.com/@marlonhammer/video/7624850255502265632
ebay live deutsch,(German extra),2026-04-10,2026-10-05,ebayforsellersuk,eBay for Sellers UK,5877,119,2,3,not German,English/other,yes,,,electronics,"You’re closer to selling on eBay Live than you think 💭

@kershkicks breaks down how easy it is to get started on our real-time livestream shopping experience. 

Is your business ready to tune in? Sub","An energetic retail creator demonstrates for eBay for Sellers UK how simple and inexpensive it is to set up an eBay livestream using just a laptop, phone, and a fifteen-pound ring light.",,Raw UGC,Tutorial,true,yes,https://www.tiktok.com/@ebayforsellersuk/video/7627145110286798102
ebay live deutsch,(German extra),2026-05-28,2026-10-05,toddpulls_cards,Jordan,1100000,420,4,22,not German,English/other,yes,,,sneakers,"eBay Live is the perfect place to add a new card to your PC! Chat with sellers, bid on cards in real time, and never miss a show by saving your favourite sellers and setting reminders. A great communi","A sponsored tutorial by creator Jordan explaining how trading card collectors can use eBay Live to find, bid on, and purchase cards from trusted sellers in real time.",,Raw UGC,Tutorial,true,yes,https://www.tiktok.com/@toddpulls_cards/video/7644921441288342787
ebay live deutsch,(German extra),2026-05-29,2026-10-05,emmarosevanderhoek,Emma Rose ꧂,6000000,2770,43,114,not German,English/other,yes,,,handbags/luxury,hunting vintage designer just got more fun with eBay Live #AD #eBayLive @eBay UK,"Fashion creator Emma Rose shares her secondhand luxury shopping tips in a sponsored tutorial for eBay Live, demonstrating how to find and bid on vintage designer bags in real-time.",,Raw UGC,Tutorial,true,yes,https://www.tiktok.com/@emmarosevanderhoek/video/7645323105749011733
ebay live deutsch,(German extra),2026-06-04,2026-10-05,ebayforsellersuk,eBay for Sellers UK,806300,960,6,27,not German,English/other,yes,,,other/general,"Starting eBay Live and don't know where to begin? 👀 From getting your stock and packaging ready to scheduling,@Sam.Sells.Stuff is sharing his top 5 tips so your first show is a success!

Apply to sta","An eBay seller shares five practical tips for beginners starting their first eBay Live stream, combining actionable e-commerce advice with humor and prop demonstrations in a branded collaboration format.",,Polished Creator,Tutorial,true,yes,https://www.tiktok.com/@ebayforsellersuk/video/7647578972238187798
ebay live deutsch,(German extra),2026-06-15,2026-10-05,allset2424,Allset24,1428,57,3,2,not German,English/other,yes,,,sports cards,Recapping my first week of eBay live. This past week was my first ever live selling shows and they were better than I could have expected. I completely understand how people get addicted to streaming,"A creator shares an authentic, transparent breakdown of his first week streaming sports card auctions on eBay Live, detailing his metrics across three shows, celebrating unexpected revenue growth, and inviting viewers to his next scheduled broadcast.",,Raw UGC,Personal-update,true,yes,https://www.tiktok.com/@allset2424/video/7651684155893353758
ebay live deutsch,(German extra),2026-06-20,2026-10-05,jay.alters,jay.alters,874,17,3,,not German,English/other,yes,,,other/general,"It’s happening! The auction is live ☺️

eBay page: jay.alters

Good luck to everyone who is planning to participate - thank you all for your support in this, and on all of my work! 

#frieren #mtgalte","A creator announces the launch of an eBay auction for a custom hand-painted Magic: The Gathering alter card featuring Frieren, driving traffic from TikTok to their online storefront.",,Polished Creator,Personal-update,true,yes,https://www.tiktok.com/@jay.alters/video/7653470337614499088
ebay live deutsch,(German extra),2026-07-15,2026-10-05,luisapiou,Luisa Piou,153700,8460,77,77,not German,English/other,yes,,,handbags/luxury,soooo I hit the pre loved designer jackpot with livestream shopping. eBay Live is officially my new favorite hobby #ebaypartner @ebay,"Fashion creator Luisa Piou shares her positive experience using eBay Live for pre-owned designer shopping in a sponsored partnership post. She unboxes two luxury bags won during live auctions—a burgundy Dior and an off-white Miu Miu—and demonstrates how to style complete outfits around each piece, highlighting the thrill of livestream shopping.",,Polished Creator,Vlog,true,yes,https://www.tiktok.com/@luisapiou/video/7662804453719854367
ebay live deutsch,(German extra),2026-07-22,2026-10-05,fosteringafortune,fosteringafortune,4333,94,7,13,not German,English/other,yes,,,other/general,"Thinking about trying eBay Live? Here are a few things I wish I’d known before I did my first shows. Hopefully these tips will save you some time, avoid a few mistakes, and make your first live a litt","A reseller with 18 months of experience shares five practical lessons and mistakes from her first two eBay Live shows, offering actionable tech and logistical advice for other online sellers.",,Raw UGC,Tutorial,false,yes,https://www.tiktok.com/@fosteringafortune/video/7665143527764004118
ebay live deutsch,(German extra),2026-08-31,2026-10-05,thefashionoutlettiktok,TheFashionOutlet,2330,22,4,7,not German,English/other,yes,,,handbags/luxury,"DON’T WALK, RUN! 🏃‍♂️💨 Going live on eBay right now with designer, anime, skate, and streetwear starting at just $10! Pull up for crazy steals, unique accessories, and mystery surprises 
🔗 Tap the",An energetic promotional video by TheFashionOutlet showcasing affordable streetwear inventory and directing viewers to an active eBay live shopping stream.,,Raw UGC,Vlog,true,yes,https://www.tiktok.com/@thefashionoutlettiktok/video/7680322394086477086
ebay live deutsch,(German extra),2026-09-01,2026-10-05,thefashionoutlettiktok,TheFashionOutlet,64000,117,1,5,not German,English/other,yes,,,handbags/luxury,"DON’T WALK, RUN! 🏃‍♂️💨 Going live on eBay right now with designer, anime, skate, and streetwear starting at just $10! Pull up for crazy steals, unique accessories, and mystery surprises #fyp#viral#f","Two creators energetically promote a live eBay clothing sale featuring $10 designer, anime, skate, and streetwear items inside a stockroom setting, encouraging viewers to tap the link and join immediately.",,Raw UGC,Vlog,true,yes,https://www.tiktok.com/@thefashionoutlettiktok/video/7680677690180898079
ebay live deutsch,(German extra),2026-09-08,2026-10-05,nataliaspotts,Natalia,2108,60,1,4,not German,English/other,yes,,,handbags/luxury,Peep all the rare pieces I’m after during the eBay Endless Runway live auction! 🤩 ebay.com/TheArchive #eBayLive #eBaypartner #ad @ebay,"Fashion creator Natalia promotes an upcoming eBay live archival fashion auction hosted by Jenna Lyons in partnership with the CFDA, sharing her personal wishlist of designer vintage pieces.",,Raw UGC,Vlog,true,yes,https://www.tiktok.com/@nataliaspotts/video/7683230603826728222
ebay live deutsch,(German extra),2026-09-08,2026-10-05,itscassiethorpe,CA$$IE,3671,329,19,4,not German,English/other,yes,,,cameras,"You're invited! Join me and @Bagriculture for an @ebay Live on September 10 at 4 PM EST on the eBay app.
So many fabulous pieces will be up for grabs on eBay Live: tune in to shop, bid in real time, a","Fashion creator CA$$IE invites her audience to an upcoming eBay Live luxury handbag shopping event hosted with Bagriculture, using an NYC street-style aesthetic, dynamic movement, and direct-to-camera delivery to drive tune-in engagement.",,Polished Creator,Promotion,true,yes,https://www.tiktok.com/@itscassiethorpe/video/7683209270648900866
ebay live deutsch,(German extra),2026-09-09,2026-10-05,ttaanyaa,Tanya,19600,1217,11,20,not German,English/other,yes,,,handbags/luxury,I probably shouldn't be telling you about this auction.... But you could match me and own your own fashion history! Tune in tonight at 7:30PM EST on eBay Live. Link in bio. #eBayLive #eBaypartner #ad,"A fashion creator teams up with eBay to promote an upcoming live auction of archival 90s and early 2000s designer pieces, showcasing items from Gucci, Tom Ford, and Yves Saint Laurent while driving viewers to save items on the app.",,Polished Creator,Tutorial,true,yes,https://www.tiktok.com/@ttaanyaa/video/7683610851001060638
ebay live deutsch,(German extra),2026-09-12,2026-10-05,dillonwilliams.tcg,DillonWilliams.tcg,3296,108,7,3,not German,English/other,yes,,,pokemon/TCG,"All in a days work.

#pokemon #ebay #pokemoncards","A Pokemon card streamer gives viewers an authentic, high-energy point-of-view look into the frantic, messy reality of hosting live card auctions on eBay.",,Raw UGC,Vlog,true,yes,https://www.tiktok.com/@dillonwilliams.tcg/video/7684791071309597960
ebay live deutsch,(German extra),2026-09-16,2026-10-05,kaylahharden,Kaylah,1663,147,5,4,not German,English/other,yes,,,watches,"I found the best pre-love pieces on eBay live, perfect for my fall style. Watch shop fashion on eBay live. @ebay #ebaylive #ebaypartner #ad","Fashion creator Kaylah demonstrates how she sources unique vintage pieces using eBay Live, blending a talking-head style outfit showcase with screen recordings of live luxury fashion auctions to promote the platform.",,Polished Creator,Tutorial,true,yes,https://www.tiktok.com/@kaylahharden/video/7686180341203193101
ebay live deutsch,(German extra),2026-09-25,2026-10-05,the_figment_guy,Figmentguypins,1910,75,9,7,not German,English/other,yes,,,toys/collectibles,"Here’s the quick and easy way to price your pins for absolutely free

No reason to pay for any apps

@ebay app is absolutely free to price you pins

#disneypins #disneypintrading #pintrading #disneywo","A Disney pin creator shares a step-by-step tutorial on how to price collectible pins for free using the eBay mobile app's image search feature rather than paying for dedicated pricing apps, establishing practical authority and value for the pin trading community.",,Polished Creator,Tutorial,false,yes,https://www.tiktok.com/@the_figment_guy/video/7689554897057942797
ebay live deutsch,(German extra),2026-09-27,2026-10-05,ebaybydani,eBay by Dani,1970,95,3,7,not German,unclear,yes,,,other/general,"ebay uk winning product 
#winningproduct #ebay #ebayseller #ebayreseller #foryou","An e-commerce sourcing account shares a winning product on eBay UK—a 65W fast charger—complete with sales volume and pricing data, while promoting a product hunting service to viewers.",,Screen Recording,Tutorial,true,yes,https://www.tiktok.com/@ebaybydani/video/7690030639659109639
ebay live deutsch,(German extra),2026-09-27,2026-10-05,melodie_maker,melodie-maker,376,76,16,5,not German,English/other,yes,,,other/general,"She walked into the darkness carrying one small light. 🏮✨
The deeper Isla went, the brighter her lantern became.

A story about courage, tenacity, and trusting the path—even when you can’t see where","An independent artist showcases an original miniature fantasy painting titled 'Woods of Silon' held against a natural clover background, directing viewers to an eBay listing via the caption and on-screen text.",,Raw UGC,Aesthetic,true,yes,https://www.tiktok.com/@melodie_maker/video/7690027130083609887
ebay live deutsch,(German extra),2026-09-28,2026-10-05,allset2424,Allset24,1074,60,19,2,not German,English/other,yes,,,sports cards,"If you need me, I’ll be stuck shipping all day 😂 

Had a bonkers eBay sales weekend (awesome “problem” to have) mixed with packing orders from my eBay live yesterday so yeah I’ll be shipping all day","An eBay sports card reseller humorously documents the massive backlog of 270 orders he has to ship following a successful weekend and live-streaming event, balancing his side hustle with his normal 9-to-5 job.",,Raw UGC,Vlog,false,yes,https://www.tiktok.com/@allset2424/video/7690578410778725662
ebay live deutsch,(German extra),2026-09-28,2026-10-05,melodie_maker,melodie-maker,410,87,18,1,not German,English/other,yes,,,toys/collectibles,"Update: SOLD

“Caravan to Elora” ACEO (Art Cards Editions and Collectibles) is now live on eBay.

Link is in bio or Search ACEO melodie-maker 

Three travelers set out across the endless desert, each",An independent artist uses a short-form aesthetic video on TikTok to announce that their original miniature ACEO painting titled 'Caravan to Elora' is now available for purchase on eBay.,,Raw UGC,Aesthetic,true,yes,https://www.tiktok.com/@melodie_maker/video/7690394218006629663
ebay live deutsch,(German extra),2026-09-30,2026-10-05,shadesofchelsea,Chelsea | Culture & Collabs,572,70,5,1,not German,English/other,yes,,,handbags/luxury,"Okay, shopping for handbags on @ebay Live is actually the cheat code. I'm shopping for my next vintage luxury handbag, and between the vetted sellers, seeing the condition live, and finding those hard","A creator shares her positive experience discovering luxury handbag shopping on eBay Live, emphasizing the benefits of vetted sellers, live condition checks, and hard-to-find vintage pieces in a sponsored partnership post.",,Polished Creator,Review,true,yes,https://www.tiktok.com/@shadesofchelsea/video/7691403052770741535
ebay live deutsch,(German extra),2026-09-30,2026-10-05,onedotdash_collectibles,onedotdash_collectibles,2362,968,1,,not German,English/other,no,,,coins,"‼️STARTING TOMORROW‼️ 

We’re going to have more live streams coming your way. That means more chances to score great items and great deals. Tomorrow we’re streaming coins all day and jewelry in the a","A polished promotional video announcing expanded live stream schedules for coins and jewelry starting October 1st, utilizing motion graphics, branded emblems, and an upbeat musical background.",,Polished Creator,Announcement,true,yes,https://www.tiktok.com/@onedotdash_collectibles/video/7691365064258915614
ebay live deutsch,(German extra),2026-10-01,2026-10-05,moondoggys_breaks,Moondoggys_Breaks,1527,73,4,13,not German,English/other,yes,,,sports cards,"JOSHUA PATRICK ALLEN IS HIM!!! MVP!!! Holy smokes we are red hot!!! Join us on eBay live every weekday starting at 4 pm PST!!! ITS A MOVIE EVERYDAY!!! 🌎🌎🌎🌎🌎 @Topps 
-
#sportscards #bills #joshall","A sports card breaker goes wild on TikTok after pulling an extremely rare Josh Allen red refractor autograph card numbered 5 of 5 from Topps Chrome football during a live stream, promoting their daily eBay shows.",,Raw UGC,Review,true,yes,https://www.tiktok.com/@moondoggys_breaks/video/7691731269662575885
ebay live deutsch,(German extra),2026-10-02,2026-10-05,ebay,ebay,1671,32,6,,not German,English/other,yes,,,toys/collectibles,"Nobody:
Absolutely nobody:
Gronk: I have 8 days to become the most powerful comic fan alive 🦸

With PCBHobby as his mentor, @gronk’s official superhero training is underway. See how he honed his powe","NFL star Rob Gronkowski visits a comic book store to undergo comical superhero training with PCB Hobby experts ahead of his New York Comic Con appearance on eBay Live. The video blends humorous dialogue about Gronk's lack of comic knowledge, showcases of expensive graded comic books and action figures, and a high-energy promotional call-to-action.",,Polished Creator,Comedy-skit,true,yes,https://www.tiktok.com/@ebay/video/7692088697486888205
ebay live deutsch,(German extra),2026-10-03,2026-10-05,the_stud_city,Stud City,922,44,2,,not German,English/other,yes,,,watches,"Join us on eBay live as we celebrate 10,000 followers with some crazy $1 starts on retired and rare Lego! Of course doing penny drops to celebrate the occasion🫡

On eBay live this Saturday at 6pm cst","A high-energy promotional announcement for an eBay live auction celebrating 10,000 followers with rare Lego sets starting at one dollar.",,Polished Creator,Promo,true,yes,https://www.tiktok.com/@the_stud_city/video/7692564389894901023
ebay live deutsch,(German extra),2026-10-03,2026-10-05,tdsbreaksphilly,Triple Diamond Sports Philly,6033,13,1,2,not German,English/other,no,,,sports cards,"HE CALLED IT! Watch us pull a ONE OF ONE Superfractor Star Wars Chrome Autograph ‼️ 😮
Live breaks and personals on TikTok Daily!
#thehobby #topps #starwars #fyp","Triple Diamond Sports Philly captures an authentic, high-energy live stream moment pulling a rare 1-of-1 Topps Chrome Star Wars Krrsantan Superfractor autograph card, generating instant excitement and showcasing the thrill of hobby card breaking.",,Raw UGC,Unboxing,true,yes,https://www.tiktok.com/@tdsbreaksphilly/video/7692228265951382798
ebay live deutsch,(German extra),2026-10-04,2026-10-05,sportscardsnonsense,Sports Cards Nonsense,173,3,,,not German,English/other,yes,,,sports cards,"TONIGHT 8PM est. on eBay Live I am going to have a MONSTER live show!

Tons of vintage hall of famers and all the big names you all love to collect! 🐐

Tune in at 8 and check out the link in bio to s","A sports card influencer promotes an upcoming eBay Live auction by displaying a high-end inventory of vintage and modern graded cards featuring legendary athletes, driving urgency and directing viewers to his bio link.",,Raw UGC,Promo,true,yes,https://www.tiktok.com/@sportscardsnonsense/video/7692945093057121550
ebay live deutsch,(German extra),2026-10-04,2026-10-05,visitusawithshahid,Mr 6 T,831,21,,1,not German,unclear,yes,,,other/general,#tiktoklive #livehighlights #ecomerce #ebay selling,A retail store owner conducts a TikTok live stream warning beginner e-commerce sellers about the difficulties of selling branded goods on Amazon and eBay.,,Raw UGC,Tutorial,false,yes,https://www.tiktok.com/@visitusawithshahid/video/7692855755136978207
ebay live deutsch,(German extra),2026-10-05,2026-10-05,tdsbreaksphilly,Triple Diamond Sports Philly,4585,21,2,3,not German,English/other,no,,,sports cards,"He found an actual SIGNED JERSEY hidden inside of this SINGLE PACK! 😱 Have you ever seen this before?!
Live breaks and personals on TikTok Daily!
#topps #nba #basketball #cards #sportscards","A live sports card streamer pulls a rare autographed jersey redemption card for Stephen Curry out of a single Topps Chrome pack, generating genuine excitement and celebrating a major hobby hit on TikTok.",HE FOUND AN ACTUAL SIGNED JERSEY HIDDEN INSIDE OF THIS SINGLE PACK! 3; FULL CASE!; 2026 BOWMAN; TRIPLE DIAMOND SPORTS & COLLECTIBLES; PSA DEALER; Redemption Card Congratulations! You are due to receive an Autographed jersey of Stephen Curry from 2026 Topps Chrome Update Basketball Expires 7/31/2028; CURRY 30,Raw UGC,Vlog,true,yes,https://www.tiktok.com/@tdsbreaksphilly/video/7693202205159050510
ebay fund,(German extra),2025-10-17,2026-10-05,king.satori,kumbalisatori,4531,90,100,7,not German,English/other,yes,,,other/general,"When you sell $2,000 on eBay… and they take $540 in fees 😤
#e#ebayr#resellerss#sidehustles#smallbusinessf#fees","An e-commerce seller vents frustration over high eBay fees by displaying actual app screenshots showing over $500 in deductions on $2,000 in sales, announcing his intention to stop selling on the platform.",,Raw UGC,Rant,false,yes,https://www.tiktok.com/@king.satori/video/7562284682969206047
ebay fund,(German extra),2026-01-18,2026-10-05,sludgemetalprincess,boopyshmurda,341100,70700,287,2078,not German,English/other,yes,,,fashion/vintage,the masterful techniques behind how i find all my beautiful vintage collection on ebay :) #thrifting #secondhand #thriftfinds #ebay,A fashion creator delivers a satirical yet highly informative tutorial on how to use eBay for vintage and Y2K clothing by shifting search psychology and filter settings.,,Raw UGC,Tutorial,false,yes,https://www.tiktok.com/@sludgemetalprincess/video/7596509561415077134
ebay fund,(German extra),2026-01-20,2026-10-05,owl_academia,owl_academia,4844,56,6,2,not German,English/other,yes,,,other/general,"Replying to @DEW🎀 | SAHM it’s free to sell on eBay BUT after you sell something there’s a fee. And that fee typically runs 17-18% after all is said and done (depends on what you list). Yes, that’s hi","A creator answers a viewer's question about whether selling on eBay is free, explaining that while listing items is free up to a point, final value fees typically total 17-18%, which is standard across marketplaces.",,Raw UGC,Tutorial,false,yes,https://www.tiktok.com/@owl_academia/video/7597463244621581623
ebay fund,(German extra),2026-01-29,2026-10-05,flowenssportscards,Flowens Sports Cards,5688,76,21,3,not German,English/other,yes,,,sports cards,eBay holding funds until delivery! Be paitent and consistent it will end soon! #sportscards #cardsforsale,"A sports card reseller provides reassurance and practical advice to beginners frustrated by eBay holding funds on shipments, explaining the threshold for faster payouts and encouraging consistency.",,Raw UGC,Tutorial,false,yes,https://www.tiktok.com/@flowenssportscards/video/7600574059994156301
ebay fund,(German extra),2026-02-26,2026-10-05,tiffinieeileen,Tiffinie Eileen,11300,719,64,35,not German,English/other,yes,,,other/general,Please let me know if you have any questions. We can all eat. This is a great way to make money but it does take work. Some nights I’m up until 2am. #reseller #ebay #ebayseller #ebayreseller #unemploy,A practical tutorial and personal update where a creator shares hard-earned advice on starting an eBay reselling business after losing her federal career.,,Raw UGC,Tutorial,false,yes,https://www.tiktok.com/@tiffinieeileen/video/7611197777451683102
ebay fund,(German extra),2026-04-03,2026-10-05,tceckert0301,GramsPopsVintage - Grams,5128,97,14,25,not German,English/other,yes,,,car parts,eBay listing hack! Used an AI agent with a staff account to create drafts from a spreadsheet. Saved so much time! #eBayTips #AI #SmallBusiness #SellerHacks #Ecom,"An e-commerce creator shares a practical workflow on TikTok for using an AI agent via a restricted eBay staff account to automate listing drafts from a spreadsheet, establishing high utility and driving traffic to his YouTube channel.",,Raw UGC,Tutorial,false,yes,https://www.tiktok.com/@tceckert0301/video/7624533319505513742
ebay fund,(German extra),2026-05-18,2026-10-05,thriftyynative,ThriftyNative,41300,2751,69,619,not German,English/other,yes,,,handbags/luxury,"My super simple inventory system that keeps everything organized and easy to find 🙌 No more digging through bins or losing items. Everything I use is linked in my bio!

#ResellerCommunity #eBaySeller","A home-based online reseller demonstrates a streamlined, low-cost inventory management system utilizing corrugated boxes, clear poly bags, and sequential number stickers to eliminate lost items and streamline shipping.",,Raw UGC,Tutorial,true,yes,https://www.tiktok.com/@thriftyynative/video/7641344422453579022
ebay fund,(German extra),2026-05-20,2026-10-05,mikebawesome,𝓜𝓲𝓴𝓮 🧟‍♀️,7748,149,4,1,not German,English/other,yes,,,other/general,fighting off the ebay bidders one by one- 💋 (yes i know her arms broke but it’s an easy fix) #cacupid #monsterhigh #fyp #fypシ #fypシ゚viral,"A TikTok creator shares a screen recording of the final tense seconds of winning an eBay auction for a rare Monster High C.A. Cupid doll, captioned with humor about outbidding competitors and repairing the doll's broken arms.",,Screen Recording,Vlog,false,yes,https://www.tiktok.com/@mikebawesome/video/7642118273235963149
ebay fund,(German extra),2026-05-20,2026-10-05,scubastevethrifts,Scubastevethrifts,45800,2174,130,242,not German,English/other,yes,,,other/general,"Shipping on eBay, how to with full explanation!  If you have more questions just let me know. #ebay #resellercommunity #reseller","An experienced eBay reseller provides a comprehensive, step-by-step tutorial on how to handle shipping, comparing shipping methods, recommending flat rate pricing to protect profit margins, and outlining essential supplies like poly mailers, scales, and thermal printers.",,Raw UGC,Tutorial,false,yes,https://www.tiktok.com/@scubastevethrifts/video/7642021013462584607
ebay fund,(German extra),2026-05-20,2026-10-05,bentley.ebayhelp,bentley.ebayhelp,44400,2061,97,189,not German,English/other,yes,,,other/general,"If you were looking to get more sales or start a store on eBay, here is a way that you can help your algorithm to be the most beneficial to the platform itself",An e-commerce creator provides three tactical steps for eBay sellers to optimize their store performance through daily listing habits and rapid shipping timers.,,Polished Creator,Tutorial,false,yes,https://www.tiktok.com/@bentley.ebayhelp/video/7641959144102055181
ebay fund,(German extra),2026-05-28,2026-10-05,ecomclub.co,ecomclub.co,42800,2046,105,159,not German,English/other,yes,,,watches,Using EBay On VPS? Watch This Complete Video For Clarity #ebay #vps #sales #ecommerce,"An e-commerce expert explains the critical rule that eBay accounts must be accessed using IP addresses matching the account's country domain, warning against mismatched VPS setups that lead to account suspensions, and concluding with a call to action for consulting services at ecomclub.co.",,Polished Creator,Tutorial,true,yes,https://www.tiktok.com/@ecomclub.co/video/7644949548846042376
ebay fund,(German extra),2026-05-29,2026-10-05,supplyworldwideofficial,SupplyWorldwide,66000,2438,112,143,not German,English/other,yes,,,electronics,eBay is where it’s at yall #internetmoney #motivation #ebayselling #dropshipping #sidehustle,"A side-hustle creator demonstrates an eBay dropshipping method on a laptop while showcasing physical cash, ultimately directing viewers to buy supplier spreadsheets through a link in their bio.",,Raw UGC,Tutorial,true,yes,https://www.tiktok.com/@supplyworldwideofficial/video/7645180550810029343
ebay fund,(German extra),2026-06-05,2026-10-05,bostoncardhunter,Boston Card Hunter,12400,76,31,3,not German,unclear,yes,,,car parts,eBay,"A creator calls out eBay's automated feedback system for generating fake positive reviews, using a live screen recording of the app interface as concrete proof to argue that online ratings have lost their meaning.",,Raw UGC,Opinion,false,yes,https://www.tiktok.com/@bostoncardhunter/video/7647920914193026334
ebay fund,(German extra),2026-06-25,2026-10-05,shehnoor.marketer,Shehnoor Marketer,76300,3183,82,308,not German,English/other,yes,,,other/general,"Summers products for ebay 🇬🇧
#ebay #ebayseller #ebayfinds #tiktokmademebuylt","An e-commerce supplier demonstrates a winning summer product on a wholesale website, explaining bulk pricing tiers and discounts for UK eBay and TikTok shop sellers.",,Polished Creator,Tutorial,true,yes,https://www.tiktok.com/@shehnoor.marketer/video/7655335687541378326
ebay fund,(German extra),2026-07-06,2026-10-05,resellingmom,Lindsay - SAHM & Reseller,20100,472,68,57,not German,English/other,yes,,,other/general,"I can’t be the only one who sells on eBay and didn’t know this was a thing?!?

#ebayseller #ebaytips #resellertips #resellingcommunity #reseller",An eBay reseller shares a counterintuitive shipping tip about how entering a three-pound weight instead of two pounds can sometimes result in lower postage rates on U.S.P.S. Ground shipments.,,Raw UGC,Tip,false,yes,https://www.tiktok.com/@resellingmom/video/7659512365947309343
ebay fund,(German extra),2026-07-14,2026-10-05,ecomclub.co,ecomclub.co,9462,405,13,28,not German,English/other,yes,,,other/general,Best Product To Sell On EBay In Summer. Winning Product For EBay. #ebay #sales #uk,"An e-commerce creator presents a data-backed tutorial identifying portable handheld fans as a top-selling, high-profit seasonal product for eBay UK, urging viewers to follow for more insights.",,Polished Creator,Tutorial,true,yes,https://www.tiktok.com/@ecomclub.co/video/7662377866067315976
ebay fund,(German extra),2026-07-21,2026-10-05,the.curious.collector,The Curious Collector,7194,442,43,14,not German,English/other,yes,,,toys/collectibles,"Man why’d you all have to say yes? I thought I was gonna get at least one declined offer 😭

#insomnia #audhd #fairytopia #alvinandchipmunks #swanlake @ebay","A creator shares a humorous, self-deprecating story about her insomnia-fueled habit of making lowball offers on eBay, only to wake up and discover that every single seller accepted—resulting in an accidental spending spree on vintage toys and posters.",,Raw UGC,Storytime,false,yes,https://www.tiktok.com/@the.curious.collector/video/7664998383999831310
ebay fund,(German extra),2026-07-22,2026-10-05,revivedtoresell,Revived to Resell,42600,602,44,49,not German,English/other,yes,,,other/general,"If you sell on eBay, here’s a simple negotiation strategy that has helped me increase my average sale price without losing many sales. Instead of immediately sending a counteroffer, I like to message","An experienced eBay reseller shares a proven negotiation tactic for handling lowball offers: messaging buyers through the eBay web browser to test a midpoint price before sending an official counteroffer. Backed by real app screenshots and clear step-by-step instructions, the tutorial provides actionable value for online sellers looking to maximize margins.",,Polished Creator,Tutorial,false,yes,https://www.tiktok.com/@revivedtoresell/video/7665491513559862559
ebay fund,(German extra),2026-07-22,2026-10-05,ecomgrowthhub1,Saad ahmaad,1071,48,18,1,not German,English/other,yes,,,other/general,"eBay account is back on track after Permanent Suspension.
#ebay #ecommerce #onlinebusiness #foryou #viral","An ecommerce service provider demonstrates the successful reversal of an eBay permanent suspension and MC999 error code, utilizing screen recording proof to drive direct messaging inquiries.",,Raw UGC,Tutorial,true,yes,https://www.tiktok.com/@ecomgrowthhub1/video/7665270677099990293
ebay fund,(German extra),2026-08-10,2026-10-05,finestflips,finestflips,88000,6351,32,126,not German,English/other,yes,,,fashion/vintage,"$695.89 worth of eBay orders getting packed today. 📦

1940s Chicago White Sox pennant — $339.15
Kasey Kahne Vitaminwater diecast — $65
1992 Basketball Is Life sweatshirt — $33.75
Vintage Spanish wide","A reseller documents packing and shipping $695.89 worth of diverse vintage eBay orders, highlighting specific profit items and driving viewers to a link in bio.",,Raw UGC,Vlog,true,yes,https://www.tiktok.com/@finestflips/video/7672195401730002207
ebay fund,(German extra),2026-08-24,2026-10-05,the_grim_reefer.x_x,The Grim reefer😮‍💨,106700,1568,135,22,not German,English/other,yes,,,car parts,This is by far the best ya to win an EBay auction EVERY time🤣 Gonna put This Ek civic cluster in the 90 civic wagon👀🔥#honda #civic #diy #carmodification #fyp,"A car enthusiast shares a humorous TikTok screen recording of winning an uncontested eBay auction for a Honda Civic gauge cluster, satirizing auction sniping strategies with energetic music and self-deprecating text overlays.",,Raw UGC,Meme,false,yes,https://www.tiktok.com/@the_grim_reefer.x_x/video/7677602902482898189
ebay fund,(German extra),2026-08-25,2026-10-05,finestflips,finestflips,139700,10900,57,191,not German,English/other,yes,,,fashion/vintage,"$1,616.49 in eBay sales from seven completely different items.

The biggest was an 1885 Japanese woodblock print I bought for $50 and sold for $599. An unused Wizard of Oz VHS display sold for $299, w","A reseller showcases how they packed seven distinct items sold on eBay for a total of $1,616.49, highlighting profit margins and sourcing origins for items like Japanese woodblock prints and vintage displays to educate aspiring resellers.",,Raw UGC,Tutorial,true,yes,https://www.tiktok.com/@finestflips/video/7677766728935345439
ebay fund,(German extra),2026-08-28,2026-10-05,mrreptastic_backup,Reptastic Backup,10400,629,45,33,not German,English/other,yes,,,other/general,How do you dropship on eBay? #ebayseller #dropshipping #sidehustle #sourcingfromchina,"An anonymous creator provides a clear, step-by-step tutorial on how to dropship on eBay using UK warehouse suppliers, substantiated by real seller dashboard screenshots.",,Raw UGC,Tutorial,false,yes,https://www.tiktok.com/@mrreptastic_backup/video/7679160045476596995
ebay fund,(German extra),2026-08-29,2026-10-05,rivetbay,RivetBay,778,24,3,,not German,English/other,yes,,,other/general,Why Are eBay Sales So Slow? Depop Is Showing Before eBay Listings—Here’s Why You Need to Crosslist #eBaySales #eBaySeller #DepopSeller #Crosslisting #ResellerCommunity,"An online reseller vents about eBay pushing competitor Depop and live events ahead of actual search listings, using this algorithmic frustration to pitch Nifty crosslisting software with a discount code.",,Raw UGC,Rant,true,yes,https://www.tiktok.com/@rivetbay/video/7679383853508693262
ebay fund,(German extra),2026-08-31,2026-10-05,scalecrestcommerce,ScaleCrest Commerce,3865,164,8,37,not German,English/other,yes,,,other/general,"🚨 eBay MC011 Restriction? Know What You’re Dealing With.
An MC011 restriction can be stressful for any eBay seller — especially when you're preparing to scale your store for Q4.

In this video, I bre","An educational e-commerce tutorial breaking down eBay MC011 account restrictions, their primary causes, and actionable steps to resolve them before the Q4 selling season, presented by ScaleCrest Commerce.",,Screen Recording,Tutorial,false,yes,https://www.tiktok.com/@scalecrestcommerce/video/7680215201450396936
ebay fund,(German extra),2026-09-03,2026-10-05,thethriftytriple,Carlee | The Thrifty Triple,3244,205,34,7,not German,English/other,yes,,,other/general,"eBay Seller Clinic Series | Takeaway 8: Promotions 

I sat down one-on-one with an @ebay Seller Advisor to review my store and discuss ways to improve visibility and sales. In this series, I'm sharing","An experienced eBay reseller breaks down five different eBay promotional tools based on insights from a one-on-one seller advisor session, advising peers to set ad rate caps and optimize listings before spending advertising money.",,Raw UGC,Tutorial,false,yes,https://www.tiktok.com/@thethriftytriple/video/7681382058500836621
ebay fund,(German extra),2026-09-05,2026-10-05,thetresamigos.shop,Eileen_TheReseller_Mama,7068,270,179,9,not German,English/other,yes,,,other/general,"Am I the only reseller seeing a major slowdown on eBay lately? I know summer slowed down is real, but I haven’t made any major changes to my store and eBay just hasn’t been performing like it normally","A reseller rants about a sudden, unexplained drop in her eBay sales during the summer, contrasting it with her booming Depop store and calling on fellow e-commerce sellers to share their experiences.",,Raw UGC,Rant,false,yes,https://www.tiktok.com/@thetresamigos.shop/video/7682125079077162254
ebay fund,(German extra),2026-09-08,2026-10-05,theohiopickers,TheOhioPickers,136700,5200,175,1171,not German,English/other,yes,,,other/general,A day in the life of a full time reseller #ebay #reseller #yardsale #yardsalefinds,"An Ohio-based full-time eBay reseller shares an authentic, fast-paced day-in-the-life vlog documenting every stage of their business operations from 7:00 AM order fulfillment through yard sale sourcing, Goodwill bin diving, cleaning, and afternoon listing.",,Raw UGC,Day-in-the-life,false,yes,https://www.tiktok.com/@theohiopickers/video/7683193018278481182
ebay fund,(German extra),2026-09-09,2026-10-05,talhaecom1,Talha | eCommerce Expert,9174,329,19,42,not German,English/other,yes,,,other/general,"US eBay dropshipping is all about consistency 📦🔥
Find the right products, list consistently & scale smart. 🇺🇸🚀
#eBayDropshipping #eBayUSA #Dropshipping #eCommerce #eBaySeller","An e-commerce creator shares a screen recording of their eBay Seller Hub dashboard, scrolling rapidly through hundreds of shipped orders for diverse dropshipped products, accompanied by Punjabi music and an overlay asking what is being sold.",,Screen Recording,Vlog,true,yes,https://www.tiktok.com/@talhaecom1/video/7683462847380065544
ebay fund,(German extra),2026-09-11,2026-10-05,pineywoodsvintage,Ashley✨Piney Woods Vintage,1954,100,51,3,not German,English/other,yes,,,other/general,"eBay sellers, HELP! 🚨 Has anyone found a workaround for this? I have multiple orders sold with eBay Standard Envelope, but when I go to ship, my only options are Ground Advantage and above. eBay says","An eBay reseller uses a talking-head format to vent about a platform bug preventing her from using the eBay Standard Envelope shipping option, resulting in account defects, while asking her community for a workaround.",,Raw UGC,Rant,false,yes,https://www.tiktok.com/@pineywoodsvintage/video/7684319050603777294
ebay fund,(German extra),2026-09-13,2026-10-05,zkincare,zion,7465,770,49,9,not German,English/other,yes,,,fashion/vintage,"at least temporarily, I’ve been on a bidding spree lately 🫪 @ebay #ebayfinds #ebayjewelry #ebayhaul #vintagejewelry #sterlingsilverjewelry","A creator shares an overwhelming and aesthetically pleasing haul of vintage silver jewelry acquired on eBay, using self-deprecating text to humorously confess to a compulsive bidding habit.",,Raw UGC,Haul,true,yes,https://www.tiktok.com/@zkincare/video/7685109013129743647
ebay fund,(German extra),2026-09-15,2026-10-05,patchpapi,patchpapi,4032,55,50,5,not German,English/other,yes,,,other/general,"eBay ships a 1oz item with tracking for $0.78. Add materials and you're at $0.98 total per order. This is why the envelope system works. Guide in bio.

#ebay #ebaystandardenvelope #sidehustle #ebaysel","An experienced eBay seller breaks down the exact cost of shipping light items using eBay standard envelopes, demonstrating how to ship with tracking for under a dollar.",,Raw UGC,Tutorial,true,yes,https://www.tiktok.com/@patchpapi/video/7685755912316898574
ebay fund,(German extra),2026-09-16,2026-10-05,supplyworldwideofficial,SupplyWorldwide,17800,618,40,439,not German,English/other,yes,,,car parts,Selling on eBay is way better than any Shopify website #ebay #sidehustle #onlinebusiness #reselling #targetaudience,A young creator demonstrates how to make thousands in weekly profit by dropshipping products from a supplier spreadsheet onto eBay without handling inventory.,,Raw UGC,Tutorial,true,yes,https://www.tiktok.com/@supplyworldwideofficial/video/7685979797373160734
ebay fund,(German extra),2026-09-17,2026-10-05,bentley.ebayhelp,bentley.ebayhelp,7503,88,19,5,not German,English/other,yes,,,other/general,Here’s a little eBay tip. It does not cost anything to sign up for eBay,"An e-commerce creator provides a quick, transparent breakdown of the true costs associated with signing up for an eBay account and launching a basic storefront.",,Raw UGC,Tutorial,false,yes,https://www.tiktok.com/@bentley.ebayhelp/video/7686519032249355533
ebay fund,(German extra),2026-09-20,2026-10-05,classicdansales,Classic Dan Sales,6390,125,37,3,not German,English/other,yes,,,car parts,"This is a risky move but it's one that I've done before and it has paid off for me in some ways and cost me money in other ways. Lets see what happens

#stockclearancesale #ebay #ebayreseller #reselle","An eBay reseller facing inventory gridlock shares his risky plan to delete 400 listings and run them as auctions, asking his audience to predict his earnings in the comments.",,Raw UGC,Vlog,false,yes,https://www.tiktok.com/@classicdansales/video/7687716861542206742
ebay fund,(German extra),2026-09-21,2026-10-05,jay.ar3,Big Boss JR the Credit God,227200,26200,1656,15200,not German,English/other,no,,,other/general,"Comment “BOSS” if you’re looking for funding opportunities for your business.

Women entrepreneurs and moms building businesses may have access to grant programs that can help with startup costs, equi","Big Boss JR the Credit God presents a curated list of eight business grants specifically for mothers and female entrepreneurs, detailing each grant name and award amount ranging from $10,000 to $100,000.",,Raw UGC,Tutorial,true,yes,https://www.tiktok.com/@jay.ar3/video/7688128346860866829
ebay fund,(German extra),2026-09-21,2026-10-05,thethriftytriple,Carlee | The Thrifty Triple,4206,168,41,10,not German,English/other,yes,,,car parts,"🚨 USPS rates JUST went up… and another increase is coming. 📦

If you sell @ebay , make sure you know the difference between the September 19 rate change and the temporary holiday pricing that starts","A full-time eBay reseller delivers an urgent advisory warning her community about two separate USPS shipping rate increases happening within a 15-day window before Q4, contrasting automatic calculated shipping adjustments with manual flat rate decisions and prompting viewers to share their strategies in the comments.",,Raw UGC,Tutorial,false,yes,https://www.tiktok.com/@thethriftytriple/video/7688087159634496782
ebay fund,(German extra),2026-09-21,2026-10-05,shopcasachic,Julie / CasaChic,468,24,1,2,not German,English/other,yes,,,other/general,Replying to @Mommatoateen one of the great things about selling on eBay is their international shipping program #EbayInternationalShipping #EbaySeller @ebay,An experienced eBay seller with 26 years of tenure replies to a follower's comment to explain how eBay's international shipping program eliminates customs and loss headaches for online merchants.,,Polished Creator,Tutorial,false,yes,https://www.tiktok.com/@shopcasachic/video/7687621739043491103
ebay fund,(German extra),2026-09-21,2026-10-05,shopcasachic,Julie / CasaChic,15600,392,116,81,not German,English/other,yes,,,other/general,Your shipping labels on eBay may be a little more expensive this morning. Here’s everything you need to know #EbayTips #EbayShipping.,"A reselling creator delivers breaking news to eBay sellers about unannounced USPS shipping rate increases taking effect immediately, breaking down the exact cost jumps by weight and zone and warning sellers to update free shipping models to protect their profits.",,Raw UGC,Inform,false,yes,https://www.tiktok.com/@shopcasachic/video/7687967774890593566
ebay fund,(German extra),2026-09-22,2026-10-05,regalravenpro,Heidi | Thrifter & Reseller,892,55,10,2,not German,English/other,yes,,,other/general,"It is eBay quarterly credit time!!
#reseller #ebay #ebayseller #ebaystore #resellingtips","An experienced eBay reseller reminds fellow sellers about their impending quarterly store credits, explains which store tiers qualify for the $25 credit, shares her personal strategy of buying shipping supplies, and prompts viewers to share their own purchases in the comments.",,Raw UGC,Tutorial,false,yes,https://www.tiktok.com/@regalravenpro/video/7688381502677208350
ebay fund,(German extra),2026-09-27,2026-10-05,kirsty_reseller,kirsty_reseller,17700,229,25,17,not German,English/other,yes,,,toys/collectibles,"These 90s Toys Are Worth More Than You Think 💰 
#eBayReseller #eBayTips #90sToys
#VintageToys #SideHustleUK","An eBay reseller breaks down three valuable 90s toys—Baby Sinclair, Jibber Jabbers, and the Talkboy—showing real sold prices to inspire viewers to search their childhood homes for hidden resale value.",,Raw UGC,Tutorial,false,yes,https://www.tiktok.com/@kirsty_reseller/video/7690301504359599392
ebay fund,(German extra),2026-09-27,2026-10-05,reseller.dan,reseller.dan,24000,222,2,3,not German,English/other,yes,,,cameras,“It’s below that they are selling for on eBay” 😳 #ResellerDan #CarBootSale #CarBootFinds #ResellingUK #eBayReseller,"A UK reseller visits a car boot sale, spots a vintage Canon digital camera priced at fifty pounds, checks its functionality, and compares it to higher eBay sold listings to demonstrate potential profit.",,Raw UGC,Vlog,true,yes,https://www.tiktok.com/@reseller.dan/video/7690279684268969238
ebay fund,(German extra),2026-09-27,2026-10-05,monsterhighhunter1,MONSTER HIGH HUNTER FOR SALE,721,20,1,1,not German,English/other,yes,,,sneakers,"G1 MH Dolls for sale

Urgently trying to raise funds so all prices are REASONABLY negotiable 

(most recently sold eBay listings are price reference) 

•

Selling from outside Dayton, Ohio

•

Everyth","A TikTok sales post by a private collector listing rare Generation 1 Monster High dolls and YRU platform shoes to raise urgent funds, featuring itemized pricing and handwritten verification notes.",,Raw UGC,Haul,true,yes,https://www.tiktok.com/@monsterhighhunter1/video/7690056391922322709
ebay fund,(German extra),2026-09-28,2026-10-05,thetresamigos.shop,Eileen_TheReseller_Mama,1088,65,6,2,not German,English/other,no,,,sneakers,"Weekend sales as a full-time reseller 👟📦 Another busy weekend of selling shoes across multiple platforms! Here’s a look at what sold, what’s shipping out, and how the weekend turned out for my resel","A full-time reseller shares a transparent breakdown of their weekend sales volume, revenue, and profit across multiple e-commerce platforms, utilizing physical proof and detailed analytics.",,Raw UGC,Vlog,false,yes,https://www.tiktok.com/@thetresamigos.shop/video/7690615581363440910
ebay fund,(German extra),2026-09-30,2026-10-05,charrwilliams,Char & Reub,6308,264,22,27,not German,English/other,yes,,yes,car parts,24 hours of sales 🤩🔥 #resellercommunity #resellertiktok #reseller #ebay #fyp,"A full-time reseller couple on TikTok breaks down their inventory sales over a 24-hour period, detailing car boot purchase prices against Vinted and eBay resale prices to demonstrate side-hustle profitability.",,Raw UGC,Vlog,false,yes,https://www.tiktok.com/@charrwilliams/video/7691346399266589974
ebay fund,(German extra),2026-09-30,2026-10-05,shopcasachic,Julie / CasaChic,8923,297,40,50,not German,English/other,yes,,,other/general,"So far, I’m only hearing that new Ebay accounts are getting this option, but Ebay has announced it on their Seller pages, so it may be coming to other Sellers soon.  As soon as I learn more,, I’ll pos","An e-commerce creator shares breaking news about eBay's new Ship With eBay shipping program, advising new sellers on what to look out for without panicking or changing existing listings.",,Raw UGC,News,false,yes,https://www.tiktok.com/@shopcasachic/video/7691285323355032862
ebay fund,(German extra),2026-10-01,2026-10-05,doinglifeandglowing,Glowing Up My Best Life,347,1,,1,not German,English/other,yes,,yes,fashion/vintage,"That's £9.50 into my emergency pot and £4.00 towards next months bills. 

Not to shabby. 

#TrustingTheProcess
#eBay
#eBaySales
#PayingOffDebt 
#SmallAmountsBigRewards","A creator documents a successful day of eBay reselling after a slow period on Vinted, breaking down exact item sales, split payments with a friend, and how the earnings are allocated toward emergency savings and bills.",,Raw UGC,Vlog,false,yes,https://www.tiktok.com/@doinglifeandglowing/video/7691824446704733462
ebay fund,(German extra),2026-10-01,2026-10-05,drippinaccessories,Drippin Accessories,8024,501,18,23,not German,English/other,yes,,,handbags/luxury,💕 lately Japanese @ebay has been a hit for me lol its honestly a hit or miss over there 🥹 #japaneseebay #ebayfinds #bagtok #fypシ゚viral #fyppppppppppppppppppppppp,A luxury reseller shares her sourcing secret—buying vintage bags on Japanese eBay—explaining how she scores incredible deals and shares them with her followers on her Instagram story while urging viewers to follow her page.,,Raw UGC,Vlog,false,yes,https://www.tiktok.com/@drippinaccessories/video/7691642119328386334
ebay fund,(German extra),2026-10-03,2026-10-05,saltwatersidehustle,Saltwater Side Hustle,811,21,6,1,not German,English/other,yes,,,other/general,"6 eBay Sales That Help Fund My Fishing Addiction 🎣💰

Description:
Welcome to Saltwater Side Hustle! 🌊

Here are 6 items that recently sold for me on eBay. I’m retired, I resell on the side, and the","A retired reseller shares six recent eBay sales that generated funds for his fishing hobby, using a talking-head format on a kayak followed by an eBay listing slideshow to drive viewer comments.",,Raw UGC,Vlog,false,yes,https://www.tiktok.com/@saltwatersidehustle/video/7692446653348891917
ebay fund,(German extra),2026-10-04,2026-10-05,poppixresells,poppixresells,524,24,6,3,not German,English/other,yes,,,other/general,"This side hustle is so easy if you do it right‼️‼️message me for suppliers or any help📲📲
#ecommerce #resellertips #ebayreseller #dropshipping #sidehustlesecrets","A practical tutorial on eBay dropshipping targeting aspiring resellers, utilizing screen recordings of actual order dashboards and supplier catalogs to demonstrate how to achieve daily passive income.",,Screen Recording,Tutorial,true,yes,https://www.tiktok.com/@poppixresells/video/7692922771843714334
bei ebay bestellt,(German extra),2025-10-17,2026-10-05,t.theo_logan,Theo,304500,10000,629,97,not German,English/other,yes,,,watches,"First time buying a watch off eBay and this happens… something was definitely off with the watch. Planning to dig deeper into some reference photos, and take it to the store to verify my suspicions.","A watch enthusiast documents his first time buying a watch off eBay, experiencing a suspenseful unboxing where he discovers inconsistencies that lead him to suspect the watch is a fake.",,Raw UGC,Unboxing,false,yes,https://www.tiktok.com/@t.theo_logan/video/7562184416529845559
bei ebay bestellt,(German extra),2025-11-03,2026-10-05,rizzzbrand1122,Rizzz Brand,15300,192,7,68,not German,English/other,yes,,,electronics,Iphone buy from Ebay 🇬🇧🇬🇧 #iphone #ebay,"A creator shares a viral story in Urdu about someone who ordered an iPhone on eBay, paid for it, and received peanuts instead, using the narrative to highlight online shopping risks.",,Raw UGC,Storytime,false,yes,https://www.tiktok.com/@rizzzbrand1122/video/7568434267471121666
bei ebay bestellt,(German extra),2025-11-12,2026-10-05,nwa.otu.network,Nwa Otu Network,92700,3542,229,868,not German,English/other,yes,,,other/general,Step-by-Step Guide to eBay Dropshipping #fypp #fyp #trending #nigeriatiktok🇳🇬🇳🇬🇳🇬 #dropshipping,"A practical, screen-recorded tutorial by a Nigerian creator explaining how to dropship products from Temu or Shein onto eBay, detailing account setup, Payoneer integration, product listing, and order fulfillment.",,Raw UGC,Tutorial,false,yes,https://www.tiktok.com/@nwa.otu.network/video/7571774398256991506
bei ebay bestellt,(German extra),2025-11-16,2026-10-05,doreen.ebay.coach,Doreen Ebay Reseller,3408,114,8,2,not German,English/other,yes,,,other/general,I bought a wholesale lot for $3000 and Superbox deactivated my entire lot #ebay #ebayseller #ebayreseller #resellercommunity #reseller,"An experienced eBay reseller shares a dramatic, ongoing story about buying a $3,000 wholesale lot of streaming boxes, facing policy violations and alleged extortion, and discovering that the manufacturer remotely deactivated her entire inventory.",,Raw UGC,Storytime,false,yes,https://www.tiktok.com/@doreen.ebay.coach/video/7573124820410371341
bei ebay bestellt,(German extra),2025-11-26,2026-10-05,ecom_afnan,ecom_afnan,5937,251,19,18,not German,English/other,yes,,,other/general,Order Processing EBay to AliExpress free shipping #foryou #trending #ecommerce #ebay,"An e-commerce creator shares a practical screen-recorded tutorial demonstrating how to process an eBay order by purchasing and shipping the item from AliExpress with free shipping, set to upbeat Punjabi background music.",,Screen Recording,Tutorial,true,yes,https://www.tiktok.com/@ecom_afnan/video/7576984318694722834
bei ebay bestellt,(German extra),2025-12-12,2026-10-05,ae.dropshippes,Aedropshippes.com,193900,11400,179,2122,not German,English/other,yes,,,other/general,Top 3 Local 🇬🇧 Suppliers for eBay. #ebaysupplier #localsupplier #draliraza #tecnobuddy #aedropshippes,"An ecommerce creator breaks down the top three local UK suppliers for eBay dropshipping and wholesale, highlighting Ven-Dens, AE Wholesale, and Avasam while providing practical category use cases for each.",,Raw UGC,Tutorial,true,yes,https://www.tiktok.com/@ae.dropshippes/video/7582946484803341590
bei ebay bestellt,(German extra),2025-12-17,2026-10-05,jrideflips,Jride Flips,19200,711,10,64,not German,English/other,yes,,,car parts,5 best selling items on eBay,"An experienced eBay reseller named Jride Flips shares five surprising, highly profitable product categories to flip on eBay—remote controls, specialized power cords, vintage kitchen appliances, car stereos, and video games—backed by physical inventory footage and real sales screenshots.",,Raw UGC,Tutorial,true,yes,https://www.tiktok.com/@jrideflips/video/7584884773466770701
bei ebay bestellt,(German extra),2026-01-28,2026-10-05,itswaz0,Waz| Bomane salon hairstylist,827,23,8,,not German,English/other,yes,,,handbags/luxury,Ordered a bag from eBay 😍#japaneseebay #ebay #ebayfinds,"A beauty/fashion creator shares her excitement over receiving a pre-owned Louis Vuitton Keepall 55 bag ordered from a Japanese eBay seller, documenting the unboxing process from a casual apartment floor setting.",,Raw UGC,Haul,false,yes,https://www.tiktok.com/@itswaz0/video/7600492473621761310
bei ebay bestellt,(German extra),2026-03-22,2026-10-05,taiz_xh,Taiz,16500,193,24,,not German,English/other,yes,,,electronics,"Phones from eBay UK finally arrived 🇬🇧📦 Let’s see what we got… Would you buy phones from eBay?”
#TechTok
#PhoneUnboxing
#GadgetHaul
#ZambiaTikTok
#PhoneUnboxing","A creator unboxes four smartphones ordered from eBay UK, showcasing an iPhone 14 Pro, Huawei P Smart, Samsung Galaxy S22 Ultra, and Google Pixel 6 Pro in a casual restaurant setting.",,Raw UGC,Haul,false,yes,https://www.tiktok.com/@taiz_xh/video/7619996872656096533
bei ebay bestellt,(German extra),2026-04-02,2026-10-05,kaelee.marie,Kaelee- FTM • Home • Thrift,9857,387,49,9,not German,English/other,yes,,,handbags/luxury,My first purchase from Japanese eBay that started an addiction #japaneseebay #vintagelouisvuitton #louisvuitton #speedy35,"A creator shares her positive experience buying a vintage Louis Vuitton Speedy 35 from Japanese eBay, detailing the bag's condition, a missing rivet issue resolved with a partial refund and manufacturer repair, and her overall satisfaction with the bargain.",,Raw UGC,Review,false,yes,https://www.tiktok.com/@kaelee.marie/video/7623974113777945887
bei ebay bestellt,(German extra),2026-04-25,2026-10-05,ambitiouslychels,Chels,1371,36,23,1,not German,English/other,yes,,,cameras,The storage in my phone is thanking me 😌  #sonyalpha #sonycamera #ebayfinds #camera #sonyalpha6600,"A creator eagerly unboxes a second-hand Sony a6600 camera package purchased on eBay for $900, cycling through nervous anticipation, joyful relief, and self-deprecating admissions of camera illiteracy while engaging her audience for validation.",,Raw UGC,Vlog,false,yes,https://www.tiktok.com/@ambitiouslychels/video/7632695579281231134
bei ebay bestellt,(German extra),2026-05-11,2026-10-05,ahmad_boss03,The Dollar boy 💵💰,46000,1883,44,202,not German,unclear,yes,,,other/general,"ebay product hunting.
#findyourcore #dollar #onlineshopping #ebayseller #ebay","An e-commerce tutorial demonstrating how to evaluate product demand on eBay by checking total sold counts and purchase history timestamps, then finding cheaper sourcing options on AliExpress.",,Polished Creator,Tutorial,true,yes,https://www.tiktok.com/@ahmad_boss03/video/7638535013599956242
bei ebay bestellt,(German extra),2026-05-21,2026-10-05,xavidude,Xavi-Man Comics,280,10,2,1,not German,English/other,yes,,,other/general,I just got my second comicbook order eBay! #comictok #unboxing #comic #dc #comics,"A comic book creator on TikTok shares his second-ever eBay purchase, unboxing volume one of the 2000s Batgirl run, discussing pricing, reading order, and his excitement to dive into the series.",,Raw UGC,Vlog,false,yes,https://www.tiktok.com/@xavidude/video/7642384443570670879
bei ebay bestellt,(German extra),2026-06-02,2026-10-05,whoistinadal,TINA DAL 🤍,1296,63,6,,not German,unclear,yes,,,car parts,vintage dior #japaneseebay #ebayfinds #vintagebag #vintagedior #diorbag,"A fashion creator excitedly unboxes her first vintage Dior handbag purchased via eBay from Japan, evaluating its pristine condition, noting minor stickiness, and offering to share seller and authentication details with her audience.",,Raw UGC,Haul,false,yes,https://www.tiktok.com/@whoistinadal/video/7646609874050223373
bei ebay bestellt,(German extra),2026-06-03,2026-10-05,rrr_lights,collite59,2628,81,19,6,not German,English/other,yes,,,other/general,"Go get them on eBay right now 
#rc #ebay#mn82 #fyp 
Customers@Thttoura79 @BNB GQ","A short promotional showcase of custom LED halo lights for RC cars, highlighting wiring and glowing components with a direct call to action to buy on eBay.",,Raw UGC,Review,true,yes,https://www.tiktok.com/@rrr_lights/video/7647107314477976850
bei ebay bestellt,(German extra),2026-06-30,2026-10-05,ineedaman1008,💗monster high💗,58100,2606,181,51,not German,English/other,yes,,,watches,i was stressed that someone was gonna bid but i took that shirt from 41 people💪#elissabat #monsterhigh #ebay #auction #2014,"A Monster High collector shares a screen recording of the tense final seconds of winning an eBay auction for a rare Elissabat doll outfit, triumphing over 41 other interested watchers after six years of searching.",,Raw UGC,Personal-update,false,yes,https://www.tiktok.com/@ineedaman1008/video/7657216970374302990
bei ebay bestellt,(German extra),2026-07-01,2026-10-05,indyabooji_rebornbaby,IndyaCollection,364600,25300,685,450,not German,English/other,yes,,,other/general,Packing my first eBay order!🥹📦 thank you so much for supporting my small business. More dolls are available through my link in my bio!💓##smallbusiness##ebayseller##packingorders##reborndoll##shopsm,"A small business creator celebrates packing her very first eBay order of a handmade reborn doll, showing the styling process and included accessories while expressing gratitude to her supporters.",,Raw UGC,Vlog,true,yes,https://www.tiktok.com/@indyabooji_rebornbaby/video/7657361244273315103
bei ebay bestellt,(German extra),2026-07-11,2026-10-05,apopkateezorlando,Patrick💪Orlando🇺🇸Apopkateez,337,9,2,5,not German,unclear,yes,,,watches,#apopkacoins #ebayseller #ebay.com #greatgiftideas #brandnew,An e-commerce seller showcases a brand new Casio Forester watch with all packaging elements to promote an active eBay listing.,,Raw UGC,Review,true,yes,https://www.tiktok.com/@apopkateezorlando/video/7661395410585390367
bei ebay bestellt,(German extra),2026-07-24,2026-10-05,tina_the_bookwitch,Tina the BookWitch📚,299,22,2,,not German,English/other,yes,,,other/general,"Come with me to unbox my eBay book order 📚📦 I've never ordered from here before 🫣 
#booktok #unboxingvideo #bookunboxing #throneofglass #ebayfinds","BookTok creator Tina unboxes an expensive eBay purchase of the Throne of Glass paperback box set, expressing relatable anxiety and ultimate joy over finding the complete collection in great condition.",,Raw UGC,Haul,false,yes,https://www.tiktok.com/@tina_the_bookwitch/video/7666222413960465694
bei ebay bestellt,(German extra),2026-07-28,2026-10-05,ihtishamuzairllc,Ihtisham Uzair LLC,67500,3650,105,213,not German,English/other,yes,,,other/general,"How To Handle Return On Ebay 
.
.
Ebay 
Ebay dropshiping 
E-commerce 
#ebay #ecommerce",An e-commerce creator explains a practical strategy for handling low-value eBay returns by offering partial refunds instead of accepting physical returns to minimize shipping loss.,,Polished Creator,Tutorial,false,yes,https://www.tiktok.com/@ihtishamuzairllc/video/7667576312864738591
bei ebay bestellt,(German extra),2026-08-06,2026-10-05,anika_c88,Anikaslife,1045,15,3,1,not German,English/other,yes,,,handbags/luxury,I am so impressed and I got so lucky off of @eBay Australia buying this bag from Japan! Definitely check it out if you’re interested. #louisvuitton #ebay #designerbag #haul #fyp,"An enthusiastic creator unboxes a vintage red Louis Vuitton Epi leather bag purchased from Japan via eBay Australia for 165 Australian dollars, expressing genuine shock and satisfaction at its pristine condition.",,Raw UGC,Haul,true,yes,https://www.tiktok.com/@anika_c88/video/7671067612968799509
bei ebay bestellt,(German extra),2026-08-19,2026-10-05,chickenlover616,BALDI 😇,22600,1120,,20,not German,unclear,yes,,,toys/collectibles,Thanks mom 🔥 || #baldi #bbieal #figure #ebay,"A TikTok user posts a humorous meme combining a serious hustle culture voiceover with screenshots and physical footage of rare Baldi's Basics action figures, creating an ironic commentary on toy collecting.",,Raw UGC,Meme,false,yes,https://www.tiktok.com/@chickenlover616/video/7675543280360181022
bei ebay bestellt,(German extra),2026-08-20,2026-10-05,vari_collection,Vari,1142,55,5,7,not German,English/other,yes,,,other/general,"#ILLIT | I got this album off of eBay and I’m so happy with my all the inclusions and my pulls!
#yunahillit #yunah #kpopalbum #gllit 

Something a bit different from manga but I had to show it off! Al","A K-pop fan unboxes the Yunah version of ILLIT's 'I Got Your Back' album purchased from eBay, showing off inclusions, photocards, CD, and posters with enthusiastic on-screen text.",,Raw UGC,Haul,false,yes,https://www.tiktok.com/@vari_collection/video/7676186298474024206
bei ebay bestellt,(German extra),2026-08-29,2026-10-05,ryrotech,Akechi #1 Hater,7400000,583400,4040,245900,not German,English/other,yes,,,fashion/vintage,https://ebay.io/m/M5fJLN YOU GUYS DEMANDED SO HERES THE AUCTION Isreality #verity #thrift #isreal #thrifthaul #rare,"A satirical TikTok post showcasing a bizarre thrifted shot glass with an Israeli flag smiley face, captioned with ironic overexcitement and an eBay link.",,Raw UGC,Meme,true,yes,https://www.tiktok.com/@ryrotech/video/7679489816156835086
bei ebay bestellt,(German extra),2026-08-29,2026-10-05,salemtechsperts,Salem Techsperts,272300,33900,383,2969,not German,English/other,yes,,,other/general,I Bought a DISGUSTING Bug Infested Broken Xbox off eBay & I'm Determined to Fix It! But first I have to clean it! #tech#technology#techtok #tiktoklearningcampaign#pc,"A tech repair creator documents the intense cleaning process of an Xbox Series X purchased from eBay that arrived heavily infested with dead cockroaches. Through deadpan narration, visual shock tactics, and fast-paced editing, he chronicles the eight-hour decontamination process before attempting the hardware repair.",,Raw UGC,Tutorial,false,yes,https://www.tiktok.com/@salemtechsperts/video/7679312407650487565
bei ebay bestellt,(German extra),2026-09-10,2026-10-05,nextwaveebay,Next wave,6246,236,9,47,not German,English/other,yes,,,other/general,Orders on ebay #ebaytopseller #ebaytopseller #lahorevibes #ebay,"An e-commerce seller showcases their high daily order volume on an eBay management dashboard, set to energetic regional music to project business success and inspire entrepreneurial viewers.",,Screen Recording,Day-in-the-life,true,yes,https://www.tiktok.com/@nextwaveebay/video/7683961111678307604
bei ebay bestellt,(German extra),2026-09-16,2026-10-05,hollyhistory7.ebay,hollyhistory7 ebay,6750,154,6,4,not German,unclear,yes,,,watches,Timeless Orient 3 Star Vintage ⌚️ #VintageVibes #MensWatch #eBay #eBayStore #eBaySeller https://ebay.us/m/fhLYcN,"A silent 36-second product showcase video displaying a vintage Orient 3 Star wristwatch held in hand, highlighting its dial, case condition, and bracelet for potential eBay buyers.",,Raw UGC,Review,true,yes,https://www.tiktok.com/@hollyhistory7.ebay/video/7686130050923498768
bei ebay bestellt,(German extra),2026-09-17,2026-10-05,weatherlord_wx,max,13200,159,44,3,not German,English/other,yes,,,other/general,was worrying it might not be real (it was my first ever ebay order) but super glad it’s real and very cheap price #fyp #ebay #jersey #patriots #christiangonzalez https://ebay.io/m/9gKe4w,"A first-time eBay buyer records a live reaction video unboxing a $56 New England Patriots Christian Gonzalez jersey, validating that the item is genuine and easing initial anxieties about online resale marketplaces.",,Raw UGC,Unboxing,false,yes,https://www.tiktok.com/@weatherlord_wx/video/7686619610036096270
bei ebay bestellt,(German extra),2026-09-18,2026-10-05,finestflips,finestflips,236300,16500,59,304,not German,English/other,yes,,,other/general,"What sold on eBay 📦 $945.21 across 9 orders.

1874–78 U.S. Naval Institute books — $225
33 rock cassettes — $153.50
26 rock cassettes — $17.71
40 rock cassettes — $81
WWII-era Navy signal flag — $140","An eBay reseller breaks down nine recent online sales totaling $945.21, showcasing the sourcing costs, sale prices, and packaging process for each item while directing viewers to a bio link for reselling education.",,Raw UGC,Vlog,true,yes,https://www.tiktok.com/@finestflips/video/7687009146301844766
bei ebay bestellt,(German extra),2026-09-19,2026-10-05,elisapur,elisa,238600,61700,218,3509,not German,English/other,yes,,,watches,"Scored a toshiba crt on ebay 🤧 best day of my life !!!!

#scream #2000snostalgia #horrormovies #dvds #crt","A creator shares their excitement over scoring a vintage Toshiba CRT television on eBay, setting it up in an autumn-decorated room to watch the movie Scream on DVD.",,Raw UGC,Vlog,false,yes,https://www.tiktok.com/@elisapur/video/7687279311413382413
bei ebay bestellt,(German extra),2026-09-24,2026-10-05,_twistok_,Twistok,629500,6644,341,414,not German,English/other,yes,,,other/general,TIV 2 models are restocking today!!! Get them on eBay #TIV #tiv2 #stormchasing #3dprinting #interceptor,"A promotional restock video by creator Twistok announcing an upcoming drop of custom 3D-printed TIV 2 storm interceptor models on eBay, utilizing dramatic outdoor B-roll and clean studio product rotation.",,Polished Creator,Tutorial,true,yes,https://www.tiktok.com/@_twistok_/video/7689064848973466911
bei ebay bestellt,(German extra),2026-09-26,2026-10-05,richoffebay1,Rich Off EBay,505,16,1,3,not German,unclear,yes,,,other/general,"Easy 2K a Week!!!

#money 
#Dropshipping 
#ebay
#rich 
#Reselling","A side hustle tutorial creator demonstrates an eBay dropshipping method using high-ticket items like Dyson hair tools and Oakley sunglasses, supporting the claim with dashboard earnings and cash visuals before directing viewers to purchase a supplier list via their bio link.",,Raw UGC,Tutorial,true,yes,https://www.tiktok.com/@richoffebay1/video/7689996096453512479
bei ebay bestellt,(German extra),2026-09-26,2026-10-05,beeridropshipper07,Beeridropshipper,5397,217,4,14,not German,unclear,yes,,,other/general,"eBay Buyer Refund Request 
#ebay #ebaystore #ecommerce",An e-commerce tutorial video demonstrating how eBay sellers should handle out-of-stock items by having buyers request cancellations first to protect seller account performance.,,Screen Recording,Tutorial,false,yes,https://www.tiktok.com/@beeridropshipper07/video/7689709349962403079
bei ebay bestellt,(German extra),2026-09-28,2026-10-05,justinprice68,Hand_of_Artakha,1048,93,6,2,not German,English/other,yes,,,other/general,"Build by Grant Reyes 
“I recently bought several used lots on eBay, and finished my first MOC in 20+ years.
After sorting through the lots— I ended up finding parts for 5 out of 6 Toa, so I made my ow","A creator showcases their first custom Bionicle build in over twenty years, constructed entirely from random eBay lot parts, complete with an imaginative lore explanation for its asymmetrical design.",,Raw UGC,Vlog,false,yes,https://www.tiktok.com/@justinprice68/video/7690705540896361759
bei ebay bestellt,(German extra),2026-10-01,2026-10-05,xcommerce_,Xcommerce,14100,612,16,142,not German,English/other,yes,,,other/general,"eBay Q4 Product Research: Which Halloween Products Should You List?

#eBayQ4 #eBayProductResearch #eBaySelling #eBaySuspension #AsadEcom

.
.
.
.
.
.
.
.
.
.

eBay Q4 product research, eBay Q4 selling","An e-commerce expert and CEO of Xcommerce delivers an urgent tutorial on how to find winning, policy-compliant Halloween products on eBay for Q4. By walking viewers through live product research, keyword optimization via ChatGPT, and policy violation checks, the creator demonstrates how to maximize seasonal profits while avoiding permanent account suspension.",,Polished Creator,Tutorial,true,yes,https://www.tiktok.com/@xcommerce_/video/7691681155569028370
bei ebay bestellt,(German extra),2026-10-01,2026-10-05,hollyhistory7.ebay,hollyhistory7 ebay,3707,99,4,2,not German,unclear,yes,,,car parts,Classic Orient 3 Star Automatic Watch⏱️🇯🇵 #VintageStyle #MensWatch #eBay #eBayStore #eBaySeller https://ebay.us/m/Zx1ORf,"A short, silent product showcase video presenting a vintage Orient 3 Star Automatic watch for sale on eBay, highlighting its dial aesthetics, case back details, and mechanical day-date function.",,Raw UGC,Review,true,yes,https://www.tiktok.com/@hollyhistory7.ebay/video/7691667975794855169
bei ebay bestellt,(German extra),2026-10-02,2026-10-05,girlchan.finds,Girlchan.finds,225700,53900,334,11300,not German,unclear,yes,,,fashion/vintage,"Halloween costume idea :D

#ebay #poshmark #ebayfinds #halloweencostume #spongebobsquarepants","A creator presents a humorous Halloween costume idea on TikTok, recommending 'Gangster SpongeBob' and showcasing real thrift listings from eBay and Poshmark to assemble the look.",,Raw UGC,Tutorial,false,yes,https://www.tiktok.com/@girlchan.finds/video/7692130352407563551
bei ebay bestellt,(German extra),2026-10-03,2026-10-05,finestflips,finestflips,79000,5675,34,92,not German,English/other,yes,,,fashion/vintage,"$1,206.25 from 8 random things worth knowing about.

American Legion archive — $499
Giant Build-A-Bear — $225
Vintage Dr Pepper sign — $165
Vintage parody T-shirt — $99
Signed Bears helmet — $75
Gas p","A reseller shares an earnings breakdown of eight diverse items sold on eBay for a total of $1,206.25, demonstrating item sourcing, profit margins, and packaging in a fast-paced POV format.",,Raw UGC,Review,true,yes,https://www.tiktok.com/@finestflips/video/7692587635218468127
bei ebay bestellt,(German extra),2026-10-04,2026-10-05,uk.view.us.viral,Uk.view.us.viral,73400,4507,16,8,not German,English/other,yes,,,sneakers,iPhone 17 for £490 on eBay Were are you looking#yeezy #shoes #footwear #designer,,,,,,no,https://www.tiktok.com/@uk.view.us.viral/video/7692931841396985110
bei ebay bestellt,(German extra),2026-10-04,2026-10-05,penny.renee,❌️Penny Renee ✝️ GLP1,1281,23,1,4,not German,English/other,yes,,yes,fashion/vintage,Trash to Treasure #trashtotreasure #ebay #vinted #reseller,"Creator Penny Renee uses a live eBay screen recording to demonstrate how empty cardboard toilet paper and paper towel rolls successfully sell as craft supplies, encouraging viewers to monetize their household trash instead of throwing it away.",,Screen Recording,Tutorial,false,yes,https://www.tiktok.com/@penny.renee/video/7692867974478187789
bei ebay bestellt,(German extra),2026-10-05,2026-10-05,deadbrokereselling,Dead Broke Flips,9390,106,12,9,not German,English/other,yes,,,fashion/vintage,"Who in their right mind would DONATE a graded copy of zelda!😲🤯

#retro #gaming #nintendo #ebay #reseller","A thrift store reseller captures the shocking moment they discover a professionally graded and sealed copy of Zelda Ocarina of Time Master Quest priced at only fifty dollars in a thrift store bin, worth nearly nine hundred dollars on the resale market.","Who in their right mind would DONATE this?...😲🤯; The Legend of Zelda: Ocarina of Time / Master Quest; 2003 GameCube; Made in USA; 66279-001; PSA; 9.2; Sealed A; 1998 GAME OF THE YEAR CLASSIC NINTENDO 64 VERSION; TWO-GAME BONUS DISC; NEVER BEFORE RELEASED; F-ZERO; NOT FOR RESALE; Sold Sep 11, 2025; Legend of Zelda Ocarina of Time Master Quest Nintendo GameCube Brand New; $899.99",Raw UGC,Vlog,false,yes,https://www.tiktok.com/@deadbrokereselling/video/7693211977706966285
ebay erfahrung,(German extra),2025-11-10,2026-10-05,tradingtnt,Trading TnT,561,13,3,,not German,unclear,yes,,,other/general,Another Sales Review #tradingtnt #ebay #fyp #reseller #stuff,"An online reseller named Trading TnT reviews five diverse items sold over the weekend—ranging from retro video games to electrical breakers and remote controls—totaling $109 in revenue, highlighting the satisfying nature of small, cumulative e-commerce sales.",,Raw UGC,Vlog,true,yes,https://www.tiktok.com/@tradingtnt/video/7571125121138609438
ebay erfahrung,(German extra),2025-11-13,2026-10-05,doreen.ebay.coach,Doreen Ebay Reseller,15700,296,23,4,not German,English/other,yes,,,other/general,I purchased a wholesale lot for $3200  and this is what happened! #ebay #ebayseller #ebayreseller #ebaysellers #resellercommunity,"A veteran eBay reseller shares a dramatic story about investing $3,000 in a wholesale lot of technical boxes, quickly selling several items at a profit, only to receive a threatening message from the supplier about price policy violations.",,Raw UGC,Storytime,false,yes,https://www.tiktok.com/@doreen.ebay.coach/video/7572315314898160910
ebay erfahrung,(German extra),2025-11-14,2026-10-05,tinyhawke,tinyhawke,714,12,6,,not German,English/other,yes,,,fashion/vintage,"4 neutral Reviews on my ebay account, I was a little confused on why I received these and tried to reconcile as much as I can but I have never gotten any responses from these customers. Some people ju","An eBay reseller shares a compilation of four confusing neutral reviews where buyers left positive comments but neutral star ratings, accompanied by POV thrift store footage and an upbeat chiptune soundtrack, expressing mild bemusement and resilience.",,Raw UGC,Vlog,false,yes,https://www.tiktok.com/@tinyhawke/video/7572642452931202359
ebay erfahrung,(German extra),2025-12-08,2026-10-05,mikalaleinani,MikalaLeinani,5630,101,18,,not German,English/other,yes,,,other/general,"Yoooo I see why amazon is winning just based off of shipping ALONE!

Cause I been waiting on my package and babyyyyyyyyy I still got to wait another 3-4 days until it arrives. It’s already been like 3","A creator rants about her first-time experience ordering from eBay, complaining about the slow shipping times compared to Amazon.",,Raw UGC,Personal-update,false,yes,https://www.tiktok.com/@mikalaleinani/video/7581543048644021534
ebay erfahrung,(German extra),2025-12-09,2026-10-05,bagschase,Bags Chase Ltd,4935,62,8,4,not German,English/other,yes,,,handbags/luxury,"Japanese eBay hype? Let's unbox and I'll tell you my experience. We, at Bags Chase sells Preloved Louis Vuitton too and we are very experienced in vintage bags. Anyway, try us. I'm sure it won't be yo","A vintage bag reseller unboxes a Louis Vuitton Speedy 30 bag to critique the hidden costs of buying from Japanese eBay, using a comedic fake tax story to transition into promoting her own UK-based pre-loved luxury shop.",,Raw UGC,Review,true,yes,https://www.tiktok.com/@bagschase/video/7581880740930030850
ebay erfahrung,(German extra),2025-12-11,2026-10-05,prosperdigitalpk,Prosper Digital Official,125400,13900,144,99,not German,English/other,yes,,,other/general,"Ebay , Payoneer OTP issue Fixed for Life time | By prosper digital

#cassini #ebayseller #ecommerce #ebay #dropshipping",A digital creator and e-commerce educator named Prosper Digital Official provides a step-by-step tutorial in Urdu on how to permanently bypass SMS OTP verification issues on eBay and Payoneer by setting up Google Authenticator.,,Polished Creator,Tutorial,false,yes,https://www.tiktok.com/@prosperdigitalpk/video/7582570737626631445
ebay erfahrung,(German extra),2025-12-16,2026-10-05,demingai,Demi,90300,8359,109,70,not German,English/other,yes,,,other/general,well didn’t even know u could buy advent calendars from eBay or am I old 💀🤪😬 #makeupreview #adventcalendar #unboxing #honestreview #holidaygifts,"Creator Demi unboxes part 2 of an eBay-purchased NYX Cosmetics advent calendar, reviewing items like butter gloss, finishing powder, and setting spray before spontaneously transforming the review into a full-face makeup challenge using only the calendar's contents.",,Raw UGC,Tutorial,false,yes,https://www.tiktok.com/@demingai/video/7584577520062795022
ebay erfahrung,(German extra),2025-12-29,2026-10-05,dqb2enjoyer,Perry!!🦌ᔦꙬᔨ,69100,1632,141,30,not German,English/other,yes,,,pokemon/TCG,"im actually so disappointed i wanted to play omega ruby so bad and now i cant☹️ // i literally tried everything i checked the region, cleaned the game card with alcohol, did loads of research and no o","A TikTok user shares a brief, frustrating video of a secondhand Pokemon Omega Ruby cartridge failing to load on their Nintendo 2DS, using dramatic sad music and an overlay warning to discourage buying used games on eBay.",,Raw UGC,Personal-update,false,yes,https://www.tiktok.com/@dqb2enjoyer/video/7589275227167771926
ebay erfahrung,(German extra),2026-02-18,2026-10-05,earninguides,Earning Guides,17400,837,71,76,not German,English/other,yes,,,other/general,"Learning of E-commerce | 
Ebay Dropshipping Full Course Step by Step Guide
#ecommerce #ebay #dropshipping #online #earninguides","An instructional tutorial explaining the differences between personal and business accounts on eBay, detailing the specific documentation and requirements needed for different regions.",,Polished Creator,Tutorial,true,yes,https://www.tiktok.com/@earninguides/video/7608065574588992771
ebay erfahrung,(German extra),2026-02-19,2026-10-05,notslickynuff,$lick ⛓️🌎⚡️,120,2,,,not German,English/other,yes,,,electronics,pt.2 of the storytime on why i hate ebay #fyp #youtube #rant #smallcreators #commentary #rematch,"Creator '$lick' shares part two of an ongoing storytime about a frustrating eBay selling experience involving a laptop sale, shipping delays during a winter storm, and an unexpected email received over Valentine's Day weekend.",,Raw UGC,Storytime,false,yes,https://www.tiktok.com/@notslickynuff/video/7608664989909454094
ebay erfahrung,(German extra),2026-03-11,2026-10-05,pickingjunkaddict,PickingJunkAddict,2490,117,22,3,not German,English/other,yes,,,other/general,"eBay… you did what??!!! 
The drama with EB continues. I did however have a great experience with eBay customer service this time. How has your experience been with claims with eBay? #resellercommunity","An eBay reseller recounts a stressful customer dispute involving a broken table, a problematic buyer, and a surprising positive resolution through eBay customer service.",,Raw UGC,Personal-update,false,yes,https://www.tiktok.com/@pickingjunkaddict/video/7616106020359654670
ebay erfahrung,(German extra),2026-03-13,2026-10-05,victoriagrundy607,vicster,257,0,,,not German,English/other,yes,,,sneakers,"Some more amazing feedback on ebay: vickigrundy
Trainers, clothing at bargain prices.
Cheaper than Retail.
#retail #cheap #footwear #shoes #deals",A TikTok video featuring a mobile screen recording of an eBay seller named vickigrundy highlighting glowing customer feedback and 100 percent positive ratings for discounted trainers and clothing.,,Screen Recording,Review,true,yes,https://www.tiktok.com/@victoriagrundy607/video/7616834524508425494
ebay erfahrung,(German extra),2026-03-31,2026-10-05,stellefellows,StelleFellows,470,12,8,3,not German,English/other,yes,,,handbags/luxury,I always have a great experience with @eBay Australia. I love that they physically authenticate and handle your purchase with so much care. #vintage #handbag #ebayfinds #chanel #fyp,"An influencer showcases a newly acquired vintage Chanel handbag purchased through eBay Australia, highlighting the platform's physical authentication process and careful packaging through an aesthetic unboxing sequence.",,Polished Creator,Haul,true,yes,https://www.tiktok.com/@stellefellows/video/7623241202724375829
ebay erfahrung,(German extra),2026-05-13,2026-10-05,cosmicdealheather,Cosmic Heather 🛸,59500,1649,112,72,not German,English/other,yes,,,car parts,I promise you will be fine buying on eBay #ebay #ebayseller #ebayreseller #explained,"An experienced eBay seller rants in her car about consumer perceptions of online scams, reassuring buyers that they are 100% protected while venting about how easily sellers get exploited by platform return policies.",,Raw UGC,Rant,false,yes,https://www.tiktok.com/@cosmicdealheather/video/7639474407253003550
ebay erfahrung,(German extra),2026-05-19,2026-10-05,pabbot2,Helsbellssells,638,15,3,,not German,English/other,yes,,yes,car parts,"My experience of selling on eBay.
It’s only been a month but I have suddenly seen a flurry of sales.
If you have any #ebay questions let me know in the comments and I will try and answer them. Likewis","A beginner eBay reseller shares her excitement over receiving her first flurry of sales, compares the platform favorably to Vinted, and invites audience questions and tips.",,Raw UGC,Vlog,false,yes,https://www.tiktok.com/@pabbot2/video/7641587865654185238
ebay erfahrung,(German extra),2026-06-28,2026-10-05,haroonmalikk,Haroon Malik | 🎬 Ai Creator,4550,164,11,15,not German,English/other,yes,,,other/general,"🚀 Episode 7: Top 2 USA suppliers for eBay dropshipping with fast & reliable shipping. 🇺🇸
.
.
#foryou #ebay #dropshipping #viral #usasuppliers 
.
.
(eBay Dropshipping, USA Suppliers, eBay USA, Fast","Episode 7 of an eBay dropshipping tutorial series targeting Pakistani entrepreneurs, presenting USADrop and Wholesale2B as top reliable US suppliers with fast delivery times.",,Polished Creator,Tutorial,true,yes,https://www.tiktok.com/@haroonmalikk/video/7656499318852979989
ebay erfahrung,(German extra),2026-06-29,2026-10-05,pwe_warehouse,PWE Warehouse,151,1,1,,not German,English/other,yes,,,sports cards,Just another terrible eBay experience #cardshop #cardstore #ebay,"A card shop owner vents in a raw voiceover while revealing a horribly packed bulk eBay purchase of sports cards, debating whether it is worth sorting through or simply returning.",,Raw UGC,Rant,false,yes,https://www.tiktok.com/@pwe_warehouse/video/7656854857311096094
ebay erfahrung,(German extra),2026-07-13,2026-10-05,spark_freedom,Spark_Freedom,261,25,10,,not German,English/other,yes,,,other/general,"eBay Live first show update!! Here are some positives and negatives about doing eBay live. 

Now a lot of the negatives are because of first time user error because there is no practice mode. But it’s","A creator shares an honest review of the pros and cons of her first eBay Live selling experience, highlighting software quirks and user errors.",,Raw UGC,Personal-update,false,yes,https://www.tiktok.com/@spark_freedom/video/7662003025526967582
ebay erfahrung,(German extra),2026-07-21,2026-10-05,darknoursepower,darknoursepower,27000,1501,188,143,not German,English/other,yes,,,car parts,It's been a crap 2 days. #mentalhealth #scam #ebay #paypal #fyp,"A distressed creator vents in her car about an elaborate eBay and PayPal scam that drained over $8,000 from her bank account, detailing her frustrating battles with customer service and corporate buck-passing.",,Raw UGC,Rant,false,yes,https://www.tiktok.com/@darknoursepower/video/7665089864995491103
ebay erfahrung,(German extra),2026-08-13,2026-10-05,hobbyoverhype,HobbyOverHype,16500,391,24,14,not German,English/other,yes,,,other/general,"Paying taxes on eBay at the end of the year for your business.  I understand that selling these cheap cards may not be worth it to a lot of people, but I see it as a small amount for a bigger picture.","An eBay trading card reseller responds to critics who claim selling low-value cards is unprofitable, breaking down unit economics, platform fees, and how micro-profits compound and serve as tax-deductible business reinvestments over time.",,Raw UGC,Opinion,false,yes,https://www.tiktok.com/@hobbyoverhype/video/7673540426732817677
ebay erfahrung,(German extra),2026-08-14,2026-10-05,relauren,ReLauren,15800,2099,13,80,not German,English/other,yes,,,other/general,certified refurbished on ebay for the win!! we don’t need new tech 🙃🙃,"Creator ReLauren shares a public service announcement advising viewers to check eBay's 'certified refurbished' filter before purchasing new electronics, using her recent discounted Dyson Airwrap purchase as a prime example.",,Raw UGC,Vlog,false,yes,https://www.tiktok.com/@relauren/video/7673571215268728094
ebay erfahrung,(German extra),2026-08-28,2026-10-05,storyblueaux,storyblueaux,162400,3270,32,102,not German,English/other,yes,,,other/general,He sold me on ebay,"A comedic Roblox skit where a younger brother lists his older brother on eBay, leading to a hilarious auction escalation involving their dad and a rubber duck.",,Polished Creator,Comedy-skit,false,yes,https://www.tiktok.com/@storyblueaux/video/7679109770904735006
ebay erfahrung,(German extra),2026-08-29,2026-10-05,resellingwithkj,KJsRetroSupply,2467,93,18,,not German,English/other,yes,,yes,sneakers,My First Ebay Loss #vinted #reselling #ebay,"An online reseller recounts his first negative eBay experience where a buyer requested a return after two weeks, suspected of swapping their old damaged shoes for the good pair he shipped.",,Raw UGC,Storytime,false,yes,https://www.tiktok.com/@resellingwithkj/video/7679446210775649568
ebay erfahrung,(German extra),2026-08-30,2026-10-05,commercetogether381,ali raza,14600,576,64,109,not German,English/other,yes,,,other/general,"In this video, I’ll guide you step-by-step on what to check and how to clean up your ended listings properly. 💻✅ Follow for more eBay tips, account management & eCommerce strategies! #eBay #ebayselle",An ecommerce creator provides a step-by-step tutorial for eBay sellers on how to permanently delete ended and policy-violated listings to prevent account charges.,,Raw UGC,Tutorial,false,yes,https://www.tiktok.com/@commercetogether381/video/7679827302158617876
ebay erfahrung,(German extra),2026-08-31,2026-10-05,learnbyhafizhamza,learn by Hafiz Hamza,39300,1381,122,184,not German,English/other,yes,,,other/general,"Education Video For Beginners 👍 
#ebay #ebayseller 
#foryoupage❤️❤️ 
#onlinebusiness 
#ecommerce",An e-commerce creator presents a case study on TikTok analyzing a successful Pakistani-based eBay seller account to encourage beginners and dispel fears about international selling restrictions.,,Raw UGC,Tutorial,false,yes,https://www.tiktok.com/@learnbyhafizhamza/video/7680248791785573640
ebay erfahrung,(German extra),2026-08-31,2026-10-05,sammi_spaghetti_art,Sammi_Spaghetti_Art,1606,117,104,4,not German,English/other,yes,,,other/general,"It actually pisses me off. Most buyers will run for the hills if I charge shipping but it is outrageous, and this is after eBay gets theirs. It's hard to be an artist or small creator 😭 It feels absu","An independent artist vents on TikTok about eBay changing shipping rules for art pieces priced over $20, forcing sellers to use expensive ground shipping instead of cheap standard envelopes.",,Raw UGC,Personal-update,false,yes,https://www.tiktok.com/@sammi_spaghetti_art/video/7679987718406835470
ebay erfahrung,(German extra),2026-09-01,2026-10-05,drewtheeater,Drew The Eater,80900,1438,322,20,not German,English/other,yes,,,other/general,"Sold a $49.99 copy of Shin Megami Tensei IV: Apocalypse. Bubble-wrapped it, boxed it, shipped it. Buyer opens a return claiming I sent an empty box.

His proof? A photo of a Kidde smoke and carbon mon",An experienced eBay seller vents about a fraudulent buyer claiming he sent an empty box for a video game while providing photo evidence of an entirely different product box.,,Raw UGC,Storytime,false,yes,https://www.tiktok.com/@drewtheeater/video/7680704038744231199
ebay erfahrung,(German extra),2026-09-04,2026-10-05,graceandtreasure.co,Grace & Treasure | Reseller 🌸,2228,81,81,8,not German,English/other,yes,,,car parts,"Once again, you can learn from my mistakes 😅
-
Do you guys pay for an eBay subscription? Anything I am missing here?
-
I couldn’t believe how much money I had spent on insertion fees. I will admit th","A reseller creator shares a vulnerable update about losing money on unexpected eBay insertion fees due to an automated cross-listing app setting, asking her community for advice on whether paid subscriptions are worth it.",,Raw UGC,Vlog,false,yes,https://www.tiktok.com/@graceandtreasure.co/video/7681508230761155871
ebay erfahrung,(German extra),2026-09-11,2026-10-05,ebaybyzaidi,Ebay By Zaidi,10100,377,13,59,not German,English/other,yes,,,other/general,Replying to @mentor_is_mentor eBay listing policy volition apeal #ebay #ebaybyzaidi #foryoupage #uk #ecommerce,Ebay By Zaidi provides a step-by-step TikTok tutorial for eBay sellers on how to appeal a listing policy violation using ChatGPT and the eBay resolution centre.,,Screen Recording,Tutorial,false,yes,https://www.tiktok.com/@ebaybyzaidi/video/7684261806302317845
ebay erfahrung,(German extra),2026-09-14,2026-10-05,richoffebay1,Rich Off EBay,3056,76,5,7,not German,unclear,yes,,,other/general,"eBay drop shipping made me rich!!!

#ebay 
#dropshipping 
#money 
#30k
#reselling","A creator demonstrates an eBay dropshipping method on a computer screen, claiming over $16,000 in sales over 60 days without handling or shipping any physical products.",,Raw UGC,Tutorial,false,yes,https://www.tiktok.com/@richoffebay1/video/7685532230478794015
ebay erfahrung,(German extra),2026-09-15,2026-10-05,tiktok_tisha0827,TikTokTisha,793,59,12,,not German,English/other,yes,,,other/general,What a great start to my day that I wanted to share with you. A positive experience on ebay,"Creator TikTokTisha shares an emotional, heartwarming anecdote about a buyer on eBay who responded with unexpected kindness and grace after she made an honest mistake on a listing.",,Raw UGC,Vlog,false,yes,https://www.tiktok.com/@tiktok_tisha0827/video/7685723316807601422
ebay erfahrung,(German extra),2026-09-18,2026-10-05,ecomclub.co,ecomclub.co,3144,190,6,5,not German,English/other,yes,,,other/general,How To Handle Damaged Item Dispute On EBay #ebay #ecommerce #uk #dropshipping,"An e-commerce expert provides practical guidance on how eBay dropshippers should handle buyer disputes regarding damaged items, advocating for partial refunds over full refunds to protect profit margins.",,Polished Creator,Tutorial,true,yes,https://www.tiktok.com/@ecomclub.co/video/7686866739249859848
ebay erfahrung,(German extra),2026-09-19,2026-10-05,nifluencer,Nifluencer,5102,170,59,17,not German,English/other,yes,,,fashion/vintage,Worst year ever for #eBay and #reselling,"An experienced online reseller delivers an authentic, frustrated rant about why reselling on eBay has become increasingly difficult due to inflation, high gas and grocery prices, aggressive thrift store pricing driven by AI tools, and rising platform fees.",,Raw UGC,Rant,false,yes,https://www.tiktok.com/@nifluencer/video/7687374554506808589
ebay erfahrung,(German extra),2026-09-23,2026-10-05,nexifyscale.com,nexifyscale.com,946,61,7,3,not German,English/other,yes,,,electronics,Need Ebay experts and freshers in Daska #ebay #viral #nexifyscale #sales #hiring,"A recruitment advertisement by NexifyScale in Daska, Pakistan, targeting eBay experts and freshers by showcasing high-performing seller metrics on a laptop alongside professional office branding.",,Polished Creator,Behind-the-scenes,true,yes,https://www.tiktok.com/@nexifyscale.com/video/7688853196596432148
ebay erfahrung,(German extra),2026-09-23,2026-10-05,arishejaz1,Arish Ejaz,6720,285,22,14,not German,unclear,yes,,,toys/collectibles,"New account ✅ 
#ebay #ebayseller #ebayuk #ebaydropshipping #foryou","Arish Ejaz shares a screen recording of a newly created UK eBay seller account, displaying initial sales figures, traffic metrics, and seller level status, accompanied by a Punjabi soundtrack and relevant e-commerce hashtags.",,Raw UGC,Personal-update,false,yes,https://www.tiktok.com/@arishejaz1/video/7688741319274974484
ebay erfahrung,(German extra),2026-09-24,2026-10-05,kafezone0,Faisal || Kafezone,1276,66,19,7,not German,English/other,yes,,,other/general,"eBay is NOT DEAD in 2026 😤 77+ Orders in 24 Hours Alhamdulillah 😎
While you're still thinking, we're printing labels 📦
Comment ""EBAY"" and I'll send you my free winning products list.
@ebay @eBay UK","An e-commerce seller showcases a live screen recording of their eBay store dashboard demonstrating over 77 orders in 24 hours and significant overall revenue to prove the platform remains highly profitable in 2026, driving lead generation through a comment-based giveaway.",,Raw UGC,Vlog,true,yes,https://www.tiktok.com/@kafezone0/video/7689220353427541270
ebay erfahrung,(German extra),2026-09-27,2026-10-05,annesousa3862,Anne Unfiltered,896,18,2,1,not German,English/other,yes,,,fashion/vintage,My eBay experience #selling #flip #self #ebay #makemoneyonline,"A creator named Anne shares her recent experience reselling thrifted wooden plates on eBay, discussing her pricing strategy and motivation for side-hustling.",,Raw UGC,Vlog,false,yes,https://www.tiktok.com/@annesousa3862/video/7690036321808600333
ebay erfahrung,(German extra),2026-10-01,2026-10-05,roh.boz54,roh boz,368,19,15,,not German,English/other,yes,,,car parts,"Got my first counterfeit makeup items on @ebay today. Thankfully eBay is making the return easy, but be careful girls, people out here are selling blatantly counterfeit items #yslfake #counterfeit #eb","A beauty creator vents from her car after accidentally purchasing a counterfeit YSL eyeshadow palette on eBay, detailing the exact packaging and product flaws that exposed it as a fake.",,Raw UGC,Rant,false,yes,https://www.tiktok.com/@roh.boz54/video/7691788632834821390
