community,country,account,account_type,post_date,pulled_date,account_name,format,views,likes,comments,shares,is_outlier,caption_language,flag,caption,item_id,url
sports cards,Germany,ndbreakstcg,creator,2026-08-22,2026-10-05,ND Breaks,video,1095,24,3,14,False,hashtags only,,"Topps NBA Update 2026 
Cooper Flagg #topps",789347a1e2b5ba55fd0f8c21,https://www.tiktok.com/@ndbreakstcg/video/7676901125118905633
sports cards,Germany,smexycards,creator,2026-10-05,2026-10-05,Smexycards,video,143,3,2,0,False,German,,"Erster Eindruck der neuen PSG Winners Collection Box 👀
#fussball #sportscards #topps #psg #parissaintgermain",4cb10f80247579c602eb3698,https://www.tiktok.com/@smexycards/video/7693220063201004822
sports cards,Germany,smexycards,creator,2026-10-03,2026-10-05,Smexycards,video,3076,73,1,1,False,English/other,,"One of One aus DFB Luminance 😍
#fussball #sportscards #panini #dfb #oneofone",53a535ef31aebe3d8b0cb106,https://www.tiktok.com/@smexycards/video/7692452755515903254
sports cards,Germany,smexycards,creator,2026-10-01,2026-10-05,Smexycards,video,5149,79,0,2,False,German,,"Case Hit 🔥
Plus oder Minus Part 137 - Topps Premier League Flagship 
#fussball #sportscards #topps #challenge #premierleague",dbcd573a50a962bbaab27b57,https://www.tiktok.com/@smexycards/video/7691732178165632278
sports cards,Germany,smexycards,creator,2026-09-29,2026-10-05,Smexycards,video,1565,31,0,1,False,German,,"Plus oder Minus Part 136 - Topps UCC Museum
#fussball #sportscards #topps #challenge #museum",1c00b293285b40e1e880e627,https://www.tiktok.com/@smexycards/video/7691002234141674774
sports cards,Germany,smexycards,creator,2026-09-28,2026-10-05,Smexycards,video,15700,271,10,3,False,German,,"Plus oder Minus Part 135 - Topps UCC Museum
#fussball #sportscards #topps #challenge #museum",b981c1b9d8d2258c999bfda5,https://www.tiktok.com/@smexycards/video/7690606108670479638
sports cards,Germany,smexycards,creator,2026-09-26,2026-10-05,Smexycards,video,5187,128,3,0,False,English/other,,"3 Top Hits in einer Box 🔥
Topps UCC Museum 2025/26
#fussball #sportscards #topps #karetsas #zidane",4bec3eb39cb00bc922540e26,https://www.tiktok.com/@smexycards/video/7689870608133360918
sports cards,Germany,smexycards,creator,2026-09-24,2026-10-05,Smexycards,video,12300,279,3,28,True,German,,"One of One True Gold Lion aus Premier League Flagship Hobby Box 🔥🔥
Mit echtem Gold überzogen 🤯
#fussball #sportscards #topps #premierleague #oneofone",c880dd81f91dbc1b0f871ae3,https://www.tiktok.com/@smexycards/video/7689111211685825814
sports cards,Germany,smexycards,creator,2026-09-23,2026-10-05,Smexycards,video,1369,18,6,0,False,German,,"Die erste Box Flagship Premier League und direkt so ein Hit 😯🔥
#sportscards #fussball #topps #premierleague #lampard",259eae01b3113c549ac8bd12,https://www.tiktok.com/@smexycards/video/7688750256871312662
sports cards,Germany,smexycards,creator,2026-09-22,2026-10-05,Smexycards,video,10700,201,1,2,False,English/other,,"Erster Eindruck zum neuen Topps UCC Museum 2025/26 Set 👀
#fussball #sportscards #topps #museum #fy",b25cf8f1a4b5dc0e682bb9ff,https://www.tiktok.com/@smexycards/video/7688381964360994070
sports cards,Germany,smexycards,creator,2026-09-21,2026-10-05,Smexycards,video,3552,58,0,0,False,English/other,,"Ibrahimovic Stained Glass aus Panini Select Ligue 1 🔥
#sportscards #fussball #panini #ibrahimovic #casehit",2b58ad7fd1e0b94944f3d10c,https://www.tiktok.com/@smexycards/video/7688012930553564438
sports cards,Germany,smexycards,creator,2026-09-19,2026-10-05,Smexycards,video,4891,120,7,1,False,English/other,,"Vini Jr. Autogramm /5 aus Inception 🤩
#sportscards #fussball #topps #vinijr #inception",80ea72dacdec90101e7beeb3,https://www.tiktok.com/@smexycards/video/7687300309802110230
sports cards,Germany,smexycards,creator,2026-09-18,2026-10-05,Smexycards,video,4515,103,7,1,False,English/other,,"Superfractor 1/1 Williamson aus Arsenal Chrome 😍
#fussball #sportscards #topps #oneofone #arsenal",3bd7e46e8f3113ab08c7320b,https://www.tiktok.com/@smexycards/video/7686864301038030102
sports cards,Germany,smexycards,creator,2026-09-11,2026-10-05,Smexycards,video,4503,75,2,1,False,English/other,,"2 zu 10 Autogramme in einer Box 😍
Panini Luminance DFB
#sportscards #fussball #panini #dfb #musiala",dfde7512573fb98e87e02d7f,https://www.tiktok.com/@smexycards/video/7684306042548669718
sports cards,Germany,smexycards,creator,2026-09-09,2026-10-05,Smexycards,video,2108,33,0,0,False,German,,"Das neue Panini Set DFB Luminance 🔥
Wie findet ihr die Designes? 👀
#fussball #sportscards #panini #dfb #fy",f44e021c3e949f74696ddce9,https://www.tiktok.com/@smexycards/video/7683543192578329858
sports cards,Germany,smexycards,creator,2026-09-04,2026-10-05,Smexycards,video,9066,155,5,0,False,German,,"Die Chase Karte aus Arsenal Chrome 😍
#fussball #sportscards #topps #maxdowman #fy",b64a8e7be69a9574ffcc8fcb,https://www.tiktok.com/@smexycards/video/7681716186668682518
sports cards,Germany,smexycards,creator,2026-09-02,2026-10-05,Smexycards,video,8462,235,9,3,False,English/other,,"Haaland One of One aus Club Legacyz 🔥
#fussball #sportscards #oneofone #haaland #fy",e003b144c7561cf7b537d274,https://www.tiktok.com/@smexycards/video/7680961399153085718
sports cards,Germany,smexycards,creator,2026-08-31,2026-10-05,Smexycards,video,4123,73,2,0,False,English/other,,"Gestern wurden wieder einige Kracher gezogen 🔥
Stream Highlights Folge 7 #topps #fussball #sportscards #bestof #messi",755dab5af523ee37ac70a3a9,https://www.tiktok.com/@smexycards/video/7680232912142273794
sports cards,Germany,smexycards,creator,2026-08-29,2026-10-05,Smexycards,video,1632,41,3,0,False,English/other,,"Zwei /25 Marks of Excellence Bayern Legend Autogramme 🔥 
#sportscards #topps #fussball #challenge #bayernmunich",0da62e08ffbba9c8f22cd0f2,https://www.tiktok.com/@smexycards/video/7679482160591539478
sports cards,Germany,smexycards,creator,2026-08-27,2026-10-05,Smexycards,video,1246,18,1,0,False,English/other,,"Max Dowman Rainbow Flick 😍
Stream Highlights - Folge 6 
#sportscards #topps #fussball #bestof #maxdowman",7243d3d03543c950a04a26a7,https://www.tiktok.com/@smexycards/video/7678722297947032854
sports cards,Germany,smexycards,creator,2026-08-26,2026-10-05,Smexycards,video,4740,97,1,0,False,English/other,,"Barcelona Silver Signings gezogen 👀 
#topps #sportscards #fussball #challenge #fy",2127bc8128579300ae507813,https://www.tiktok.com/@smexycards/video/7678355110531009814
sports cards,Germany,smexycards,creator,2026-08-24,2026-10-05,Smexycards,video,6896,169,2,2,False,English/other,,"2x PSG Autogramm zu 10 🔥 
#sportscards #fussball #topps #inception #challenge",33b1ecd458aaef726ce5560b,https://www.tiktok.com/@smexycards/video/7677628770638974230
sports cards,Germany,smexycards,creator,2026-08-22,2026-10-05,Smexycards,video,5923,237,5,6,False,German,,"SUPERCUP 2026 - BVB FOCUS AUF DER SPIELERBANK GEÖFFNET 👀👀🖤💛
@toppsfc #sportscards #topps #fussball #sportscardcollector #supercup",e209fe51e451df332ca3aabb,https://www.tiktok.com/@smexycards/video/7676924464491187478
sports cards,Germany,smexycards,creator,2026-08-22,2026-10-05,Smexycards,video,4988,108,4,1,False,English/other,,"Unsere dritte One of One Printing Plate aus Inception 😍
#sportscards #topps #fussball #inception #oneofone",49203251e29c8f1b75bf13b1,https://www.tiktok.com/@smexycards/video/7676883168158338307
sports cards,Germany,smexycards,creator,2026-08-21,2026-10-05,Smexycards,video,8518,163,3,3,False,German,,"Wir haben 4 Marks of Excellence Autogramme in 5 Boxen gezogen 🤯
#topps #sportscards #fussball #inception #drogba",288c8a792a5cb61d8e64de4b,https://www.tiktok.com/@smexycards/video/7676538939619986710
sports cards,Germany,smexycards,creator,2026-08-20,2026-10-05,Smexycards,video,6403,125,4,5,False,German,,"Die nächste Silver Signings 🔥 
#topps #sportscards #fussball #inception #martinez",e0ed4d3b8d5d7746a7b56857,https://www.tiktok.com/@smexycards/video/7676146211602074902
sports cards,Germany,smexycards,creator,2026-08-19,2026-10-05,Smexycards,video,2223,50,0,0,False,English/other,,"Inception hat wieder komplett geliefert 😍 
Stream Highlights Folge 5 
#sportscards #topps #fussball #bestof #inception",cb5ba5403c5ccb3f2c1dbd50,https://www.tiktok.com/@smexycards/video/7675754263825435926
sports cards,Germany,smexycards,creator,2026-08-18,2026-10-05,Smexycards,video,5072,121,2,5,False,English/other,,"Zwei Bundesliga Legenden /5 Autogramme 🔥 
#sportscards #topps #fussball #legend #ribery",2333c1e914b60dde88fe24d4,https://www.tiktok.com/@smexycards/video/7675404566862646550
sports cards,Germany,smexycards,creator,2026-08-17,2026-10-05,Smexycards,video,6544,141,2,7,False,German,,"Was eine schöne Karte 😍 
#topps #sportscards #fussball #inception #torres",a05c4b82e17f4d404f98422d,https://www.tiktok.com/@smexycards/video/7675029299841305878
sports cards,Germany,smexycards,creator,2026-08-16,2026-10-05,Smexycards,video,8363,311,6,15,True,German,,"Endlich habe ich ihn gezogen 🤩 
#sportscards #topps #fussball #challenge #neymar",4d13cc606fdc258594598659,https://www.tiktok.com/@smexycards/video/7674653021577563414
sports cards,Germany,smexycards,creator,2026-08-15,2026-10-05,Smexycards,video,7508,208,7,5,False,English/other,,"Silver Signings von Wayne Rooney 🔥 
#sportscards #topps #fussball #inception #rooney",05254aed381734409b364a91,https://www.tiktok.com/@smexycards/video/7674289322404678934
sports cards,Germany,smexycards,creator,2026-08-14,2026-10-05,Smexycards,video,6241,144,0,7,False,English/other,,"3x zu 5 Patches aus Inception 😍 
#sportscards #topps #fussball #inception #bestof",943d657b8902d9455ac3680d,https://www.tiktok.com/@smexycards/video/7673925849644551427
sports cards,Germany,smexycards,creator,2026-08-13,2026-10-05,Smexycards,video,7004,223,7,12,False,English/other,,"Disney Woody Autogramm zu 5 unterschrieben von Tom Hanks 😍
 #topps #sportscards #disney #woody #tomhanks",94093c0d9d84b6b733752939,https://www.tiktok.com/@smexycards/video/7673547344859925762
sports cards,Germany,smexycards,creator,2026-08-12,2026-10-05,Smexycards,video,6086,113,2,1,False,English/other,,"Es wurden einige Top Rookies gezogen 👀 
#topps #sportscards #fussball #inception #maxdowman",d76ccdfa3f6e5b2cfb808f72,https://www.tiktok.com/@smexycards/video/7673166478748683542
sports cards,Germany,smexycards,creator,2026-08-11,2026-10-05,Smexycards,video,6238,166,4,1,False,German,,"Mein beste Freund lässt sich wieder blicken 🤝 
#sportscards #fussball #topps #lennartkarl #inception",13f83966407566afb83790f5,https://www.tiktok.com/@smexycards/video/7672803198687546647
sports cards,Germany,smexycards,creator,2026-08-10,2026-10-05,Smexycards,video,17100,359,8,28,True,English/other,,"Max Dowman One of One Printing Plate 😍
#sportscards #fussball #topps #oneofone #maxdowman",d8fb291d2c0ef2f4bbb17a6b,https://www.tiktok.com/@smexycards/video/7672424291597618454
sports cards,Germany,smexycards,creator,2026-08-09,2026-10-05,Smexycards,video,8940,190,2,2,False,German,,"HSV Legende, Bowman zu 25 und mehr 👀
Stream Highlights Folge 4 
#topps #sportscards #fussball #bestof #hit",105a7f45282383864dcc831e,https://www.tiktok.com/@smexycards/video/7672053182159260950
sports cards,Germany,smexycards,creator,2026-08-08,2026-10-05,Smexycards,video,5693,116,3,2,False,German,,"Plus oder Minus Part 134 - Topps Pristine Premier League 
#sportscards #topps #fussball #challenge#premierleague",9cd5117653c7bc128c680d4a,https://www.tiktok.com/@smexycards/video/7671704725921778966
sports cards,Germany,smexycards,creator,2026-08-07,2026-10-05,Smexycards,video,2015,34,0,0,False,German,,"Es wurde eine Manga Karte gezogen 👀
Stream Highlights Folge 3
#sportscards #topps #fussball #bestof #prizm",ac5680e6463cba72aa8b7e59,https://www.tiktok.com/@smexycards/video/7671326482865687830
toys/collectibles,Germany,anime.mura2,shop,2026-10-05,2026-10-05,Anime Mura Berlin,video,144,13,1,0,False,German,,"DANDADAN FANS AUFGEPASST!

Neue Dandadan-Produkte sind bei Anime Mura eingezogen! Von neuen Figuren bis zu weiteren Blindboxen für eure Sammlung, schaut vorbei und sichert euch eure Favoriten! 

#dandadan #animefigure #dandadanmanga #blindbox #okarun",e9d0782fda69133f107b22c7,https://www.tiktok.com/@anime.mura2/video/7693242858920250656
toys/collectibles,Germany,anime.mura2,shop,2026-10-04,2026-10-05,Anime Mura Berlin,video,628,50,2,4,False,English/other,,"NEUE FIGUREN BEI ANIME MURA 

Unser Figuren-Regal hat wieder Nachschub bekommen!

Neu dabei sind Charaktere aus:
🧪 Dr. Stone
👊 Jujutsu Kaisen
🪚 Chainsaw Man
🔫 Sakamoto Days

#chainsawman #sakamotodays #jujutsukaisen #drstone #animefigure",43b68f045fa711632235c1e8,https://www.tiktok.com/@anime.mura2/video/7692754927805844769
toys/collectibles,Germany,anime.mura2,shop,2026-10-03,2026-10-05,Anime Mura Berlin,video,514,47,1,0,False,German,,"One Piece Nachschub bei Anime Mura!

Brandneue Figuren & Blindboxen sind eingezogen und einige eurer alten Favoriten sind endlich wieder auf Lager! 

#onepiece #onepieceanime #animefigure #blindbox #ruffy",bf1e51cedf7ce1c525eeffda,https://www.tiktok.com/@anime.mura2/video/7692455216628649248
toys/collectibles,Germany,anime.mura2,shop,2026-10-01,2026-10-05,Anime Mura Berlin,video,2755,370,4,43,True,German,,"Anlässlich zur neuen Staffel von „Die Tagebücher der Apothekerin“ haben wir ganz viele tolle Produkte für Euch restockt. Kommt vorbei, solange der Vorrat reicht.

#maomao #theapothecarydiaries #jinshi #animefigure #fyp",51c89a57e7ef82541b922f8e,https://www.tiktok.com/@anime.mura2/video/7691712725264649505
toys/collectibles,Germany,anime.mura2,shop,2026-09-30,2026-10-05,Anime Mura Berlin,video,2898,406,11,39,True,German,,"Wir haben neue Produkte von Jojo‘s Bizarre Adventure für Euch! Kommt vorbei, solange der Vorrat reicht.

#jojos #jojosbizarreadventure #jba #animefigure #blindbox",557e2d36ede04af75e71faf0,https://www.tiktok.com/@anime.mura2/video/7691341321306492192
toys/collectibles,Germany,anime.mura2,shop,2026-09-29,2026-10-05,Anime Mura Berlin,video,1032,76,0,4,False,German,,"Es warten wieder richtig tolle Blindboxen auf Euch, kommt vorbei, solange der Vorrat reicht!

#blindbox #pokemon #leagueoflegends #spyxfamily #himoutoumaruchan",025ab6120ac5787330d5516c,https://www.tiktok.com/@anime.mura2/video/7691022829185240352
toys/collectibles,Germany,anime.mura2,shop,2026-09-25,2026-10-05,Anime Mura Berlin,video,1718,121,0,14,False,German,,"Wir haben eine neues One Piece Ichiban Kuji in unserer Fiale in Steglitz. Kommt vorbei, um tolle Gewinne abzustauben. Wir wünschen euch ganz viel Glück! 

#ichibankuji #onepiece #onepieceanime #animefigure #luffy",30694c674377f544d04c0065,https://www.tiktok.com/@anime.mura2/video/7689534285514083616
toys/collectibles,Germany,anime.mura2,shop,2026-09-24,2026-10-05,Anime Mura Berlin,video,1102,82,1,1,False,German,topic not in caption,"ANIME MURA WEEKLY PICKS

Heute mit super niedlichen Studio Ghibli Produkten. Was ist euer lieblings Studio Ghibli  Film?

#Ghibli #studioghibli #ghiblimovie #animestore #totoro",b33aa863d55bc7e2e92efee4,https://www.tiktok.com/@anime.mura2/video/7689120149621706016
toys/collectibles,Germany,anime.mura2,shop,2026-09-23,2026-10-05,Anime Mura Berlin,video,1287,114,2,3,False,German,,"NEW FIGURES AT ANIME MURA! 

Neue Figuren sind bei uns eingezogen! Mit dabei sind unter anderem Hatsune Miku, Albedo aus Overlord, Haruna & Lala aus To Love-Ru Darkness und noch mehr! 

Kommt vorbei und entdeckt unsere neuesten Figuren im Store, solange der Vorrat reicht!

#hatsunemiku #overlord #albedo #animefigure #animestore",037f771d3d6ebaca7b3d021e,https://www.tiktok.com/@anime.mura2/video/7688746205932834081
toys/collectibles,Germany,anime.mura2,shop,2026-09-22,2026-10-05,Anime Mura Berlin,video,1293,81,0,5,False,German,,"POKÉMON BLIND BOXES 

Wir haben ganz, ganz viele Pokémon Blindboxen bei Anime Mura und heute zeigen wir euch unsere allerneuesten! Eine ganz besondere ist sogar dabei: Sie kann Musik machen! 

Natürlich haben wir noch viele weitere Pokémon Blindboxen für euch vor Ort. Kommt vorbei und entdeckt eure Favoriten, solange der Vorrat reicht!

#pokemon #blindbox #pokemontiktok #mysterybox #fyp",53437f58d0f17b8ed0c8bc54,https://www.tiktok.com/@anime.mura2/video/7688421302360755489
toys/collectibles,Germany,anime.mura2,shop,2026-09-20,2026-10-05,Anime Mura Berlin,video,6263,511,4,48,True,German,,"Was es wohl mit dieser Box auf sich hat?

Nochmal vielen Dank an @Malina Florentine 🧋🌈🧸 für dieses tolle Projekt 🫶

#animestore #trinkets #trinketbox #mysterybox #trade",846633a4e7517673148a8dd9,https://www.tiktok.com/@anime.mura2/video/7687557456326692129
toys/collectibles,Germany,anime.mura2,shop,2026-09-19,2026-10-05,Anime Mura Berlin,video,1055,81,4,3,False,German,,"What our anime figures sound like…

Und falls ihr euch jetzt fragt, woher ihr diese tollen Figuren  bekommt: Wir haben viele neue Anime-Figuren bei uns im Store!
Von bekannten Klassikern bis zu aktuellen Favourites, schaut vorbei und entdeckt eure nächste Lieblingsfigur. 

📍 Kommt in einem unserer Anime Mura Stores vorbei!

#animestore #animefigures #animetok #animefigurecollector #animeintro",902e3c81824abe025f462380,https://www.tiktok.com/@anime.mura2/video/7687158148712516897
toys/collectibles,Germany,anime.mura2,shop,2026-09-18,2026-10-05,Anime Mura Berlin,video,5740,222,5,58,True,German,,"Mofusand-Fans, das Warten hat ein Ende! 

So leicht war’s noch nie, an süßen Mofusand-Merch zu kommen! Bei Anime Mura haben wir gleich 5 verschiedene Blindbox-Serien mit unterschiedlichen Themen für euch und natürlich ist die große Frage: Welche Katze zieht ihr? 

Kommt vorbei, sucht euch eure Lieblingsbox aus und mit ein bisschen Glück wartet eure Traumkatze auf euch!

#Mofusand #BlindBox #mysterybox #kawaii #AnimeTok",0252760f0e6d555df4e20606,https://www.tiktok.com/@anime.mura2/video/7686944797248081185
toys/collectibles,Germany,anime.mura2,shop,2026-09-17,2026-10-05,Anime Mura Berlin,video,1454,92,1,10,False,German,,"Anime Mura Weekly Picks:

Wer keine Jubiläumskarten bekommen hat, kann vielleicht Trost in unseren neuen Jubiläums-Blindboxen finden. Natürlich haben wir noch viel mehr Pokémon Merch für Euch in unseren Stores. Welche Generation ist Euet Favorit? 

#pokemon #pokemontiktok #pokemoncommunity #pokemontgc #blindbox",e39ff44dded38354820d6dd0,https://www.tiktok.com/@anime.mura2/video/7686571279490485536
toys/collectibles,Germany,anime.mura2,shop,2026-09-16,2026-10-05,Anime Mura Berlin,video,878,74,3,3,False,German,,"Neue Blind Boxes sind eingezogen!

Von Naruto, Genshin Impact, Dandadan & ALIEN STAGE bis hin zu vielen weiteren Serien und cute Überraschungen gibt es bei uns einiges zu entdecken! 

#genshin #naruto #alienstage #dandadan #blindbox",dd644871761d62f50d31546d,https://www.tiktok.com/@anime.mura2/video/7686150275974876449
toys/collectibles,Germany,anime.mura2,shop,2026-09-15,2026-10-05,Anime Mura Berlin,video,24100,2198,19,431,True,German,,"Hello Kitty × Steiff 

Zwei absolute Kult-Ikonen treffen aufeinander! Bei uns findet ihr viele tolle Produkte aus der limitierten Hello Kitty × Steiff Kollektion, perfekt für alle Sanrio- und Steiff-Fans! 

Und hier noch zum Fun Fact: Passend zum Jahr 1974, in dem Hello Kitty ihr Debüt feierte, gibt es von Steiff eine ganz besondere Hello Kitty Limited Edition, die auf nur 1.974 Stück weltweit limitiert ist. Ein echtes Sammlerstück!
Diese ganz besondere 1.974er-Edition haben wir leider nicht bei uns im Store, dafür findet ihr bei uns viele andere tolle Produkte aus der Hello Kitty × Steiff Kollektion.

#hellokitty #sanrio #steiff #hellokittyfinds #fyp",6169f8709eebfcb84ad0cf91,https://www.tiktok.com/@anime.mura2/video/7685827881280294177
toys/collectibles,Germany,anime.mura2,shop,2026-09-14,2026-10-05,Anime Mura Berlin,video,3478,223,3,36,True,German,,"Miffy Fans aufgepasst, denn wir haben ganz viele Blindboxen für Euch!

🐰Handyhalterung

🐰Raumduft

🐰Klick-Tastatur

🐰Plüsch-Anhänger

Kommt vorbei, solange der Vorrat reicht 🥰

#miffy #miffylover #blindbox #nijntje #fyp",0fc1920bc727c4f407bd1768,https://www.tiktok.com/@anime.mura2/video/7685413969787505953
toys/collectibles,Germany,anime.mura2,shop,2026-09-13,2026-10-05,Anime Mura Berlin,video,1602,139,5,9,False,English/other,,"House Tour Time bei Anime Mura in the Playce am Potsdamer Platz 🥰

#animestore #animefigure #animetok #foryoupage❤️❤️ #fyp",6a4aab5188eda3a69a3f4454,https://www.tiktok.com/@anime.mura2/video/7684967651201928480
toys/collectibles,Germany,anime.mura2,shop,2026-09-12,2026-10-05,Anime Mura Berlin,video,3787,383,11,25,False,German,,"Bibedi Babedi…Miku? 🪄

Wir haben wieder neue, wunderschöne Miku Figuren für Euch, aber auch niedliche Blindboxen und Anhänger! Kommt vorbei, solange der Vorrat reicht. Wir freuen uns auf Euch!

#hatsunemiku #miku #vocaloids #animestore #foryoupage❤️❤️",ffe45161218bdc007cb46c60,https://www.tiktok.com/@anime.mura2/video/7684554755930082593
toys/collectibles,Germany,anime.mura2,shop,2026-09-11,2026-10-05,Anime Mura Berlin,video,3134,236,5,27,False,English/other,,"POV: You tripped and fell into Anime Mura

#animestore #blindbox #foryoupage❤️❤️",4ccdcf298bb674d28c39660b,https://www.tiktok.com/@anime.mura2/video/7684303377852812576
toys/collectibles,Germany,anime.mura2,shop,2026-09-10,2026-10-05,Anime Mura Berlin,video,1109,114,11,5,False,German,,"Anmie Muras Weekly Picks, heute mit Gisele!

Was ist euer Lieblingsprodukt bei Anime Mura?

#hatsunemiku #miku #vocaloids #figure #animestore",4605be01dcb2e66072498776,https://www.tiktok.com/@anime.mura2/video/7683923805756050720
toys/collectibles,Germany,anime.mura2,shop,2026-09-09,2026-10-05,Anime Mura Berlin,video,857,64,4,3,False,German,,"Neue Blindboxen bei Anime Mura! 

Ob Minecraft, HoYoverse, Sanrio, One Piece oder andere süße Überraschungen, bei uns gibt’s wieder jede Menge neue Blindboxen zu entdecken. Kommt vorbei, solange der Vorrat reicht!

Welche würdet ihr zuerst aufmachen?

#blindbox #mysterybox #minecraft #hoyoverse #sanrio",8f05810fa9cbd868cf0f7935,https://www.tiktok.com/@anime.mura2/video/7683549731020229921
toys/collectibles,Germany,anime.mura2,shop,2026-09-08,2026-10-05,Anime Mura Berlin,video,953,68,6,2,False,German,,"Von cute bis badass, wir haben mal wieder ordentlich weiblichen Zuwachs im Store! Kommt vorbei, solange der Vorrat reicht.

#animestore #animefigures #figurecollector #fyp #animetok",58a3ecd5a1aac1989bb9bb33,https://www.tiktok.com/@anime.mura2/video/7683223750640209185
toys/collectibles,Germany,anime.mura2,shop,2026-09-07,2026-10-05,Anime Mura Berlin,video,1439,139,3,1,False,hashtags only,,"Idee: @takumi.dusseldorf 

#animestore #animefigures #animemura #relatablememes #animetok",32068b37fa6ceb24af11ff6a,https://www.tiktok.com/@anime.mura2/video/7682808608811273505
toys/collectibles,Germany,anime.mura2,shop,2026-09-06,2026-10-05,Anime Mura Berlin,video,1305,105,4,5,False,German,,"Für alle Alien Stage Fans haben wir gleich mehrere neue Blind Box Serien am Start, aber natürlich auch Restock eurer Favoriten 💫 

Kommt vorbei und entdeckt eure Favoriten bei uns im Store! 💙

#alienstage #alienstageedit #blindbox #mysterybox #animestore",4057dd73e5ae439f3747e496,https://www.tiktok.com/@anime.mura2/video/7682360097791642912
toys/collectibles,Germany,anime.mura2,shop,2026-09-05,2026-10-05,Anime Mura Berlin,video,3552,274,13,23,False,German,,"Egal ob Gamer, Anime-Fan oder C-Drama-Gucker, bei uns gibt’s die passende Blindbox für jeden!

Neu bei uns:

🎎 Heaven Official’s Blessing Blindboxen
⚡ Pokémon 30th Anniversary Starter Blindboxen
🍀 Black Clover Bag Clips
🌱Animal Crossing Blindboxen

#blindbox #mysterybox #animestore #foryoupagе #animetok",0bc7455b721f42292b6f2586,https://www.tiktok.com/@anime.mura2/video/7681957899597335840
toys/collectibles,Germany,anime.mura2,shop,2026-09-04,2026-10-05,Anime Mura Berlin,video,2291,160,8,32,False,German,topic not in caption,"Ihr wolltet mehr Hoyoverse, ihr bekommt mehr Hoyoverse!

Einiges an Restock ist wieder bei uns eingetroffen, aber auch die brandneue miHoYo Honkai: Star Rail: Fingertip
Keycap Series Vol. 1. Kommt vorbei, solange der Vorrat reicht. Wir freuen uns auf Euren Besuch!

#hoyoverse #genshin #honkaistarrail #honkai #genshinimpact",5c9f206d3ff4dca222f7f726,https://www.tiktok.com/@anime.mura2/video/7681697057450544416
toys/collectibles,Germany,anime.mura2,shop,2026-09-03,2026-10-05,Anime Mura Berlin,video,744,52,4,0,False,German,,"ONE PIECE NEUHEITEN

Es sind wieder neue, ganz tolle One Piece Produkte bei uns eingetroffen. Für Sammler aller Art ist etwas dabei, egal ob Figuren oder Karten. Natürlich haben wir auch noch allerhand weitere One Piece Produkte vor Ort. Kommt vorbei! 

#onepiece #onepieceanime #animefigure #animestore #onepiececards",21b0a77e45cd1c99a63d3182,https://www.tiktok.com/@anime.mura2/video/7681328103905332512
toys/collectibles,Germany,anime.mura2,shop,2026-09-03,2026-10-05,Anime Mura Berlin,video,949,96,3,12,False,German,,"Death Note Restock 

Neue Death Note Produkte sind bei uns eingetroffen! Neben zwei verschiedenen Blindboxen und einer coolen Cappy findet ihr bei uns auch weitere Death Note Schlüsselanhänger und Figuren. Natürlich nur solange der Vorrat reicht.

Welche Death Note Produkte würdet ihr euch noch bei uns wünschen?

#DeathNote #LightYagami #Ryuk #animestore #Blindbox",b6366b62dfc10558edb06702,https://www.tiktok.com/@anime.mura2/video/7681226081919143201
toys/collectibles,Germany,anime.mura2,shop,2026-09-02,2026-10-05,Anime Mura Berlin,video,1377,126,5,5,False,German,,"NEW JJK ITEMS ARE HERE!

Neue Jujutsu Kaisen Produkte sind bei uns eingetroffen, plus Restocks von euren Favorites! 

Neu dabei:

🩷 2 neue Figuren von Yuji und Takaba

♥️ Plüsch-Anhänger

🖤 Bag Clip Blind Packs

Und für alle, die gewartet haben: 

💙 2 eurer Lieblingsfiguren sind wieder zurück! 

…und natürlich gibt’s noch viel mehr JJK bei uns im Store 📍

#jujutsukaisen #jjk #gojo #animefigure #animetok",d93d258013ecf37480cb417f,https://www.tiktok.com/@anime.mura2/video/7681001642119957792
toys/collectibles,Germany,anime.mura2,shop,2026-09-01,2026-10-05,Anime Mura Berlin,video,2006,187,8,10,False,German,,"Assassination Classroom ist bei uns eingezogen!

Neue Blindboxen und gleich zwei Koro-sensei Figuren warten auf euch! Kommt vorbei, solange der Vorrat reicht.

#assasinationclasrooom #korosensei #animetok #animefigure #blindbox",6e181d24a21a9a4af120c9c7,https://www.tiktok.com/@anime.mura2/video/7680630772780256544
toys/collectibles,Germany,anime.mura2,shop,2026-08-31,2026-10-05,Anime Mura Berlin,video,4890,662,27,57,True,German,,"NEW DEMON SLAYER FIGURES 

Drei Hashira, drei absolute Fan-Favorites! Obanai, Giyu & Sanemi sind neu bei uns im Anime Mura eingezogen! 

Welchen Hashira würdet ihr euch sofort schnappen? 

📍Kommt vorbei und entdeckt noch viele weitere Anime-Figuren, Blind Boxes & Collectibles von Demon Slayer bei uns!

#demonslayer #hashira #sanemi #obanai #giyu",707138dff8e47a177a6a6b98,https://www.tiktok.com/@anime.mura2/video/7680232656801369377
toys/collectibles,Germany,anime.mura2,shop,2026-08-30,2026-10-05,Anime Mura Berlin,video,910,78,1,4,False,German,topic not in caption,"Ihr denkt dass ist ausgedacht..? Es basiert auf wahrer begebenheit ☠️ 

#animetok #relatablevideos #einzelhandelleben #karens #animefyp",76296a38fe057852767183e2,https://www.tiktok.com/@anime.mura2/video/7679849695090461984
toys/collectibles,Germany,anime.mura2,shop,2026-08-29,2026-10-05,Anime Mura Berlin,video,7885,1257,21,154,True,German,,"Neue Figuren aus der verrückten Welt von JoJo’s Bizarre Adventure sind bei Anime Mura eingetroffen! 

Von ikonischen Charakteren bis hin zu den unverwechselbaren Looks und Posen, JoJo’s ist einfach einzigartig. 

Ob Stardust Crusaders, Diamond is Unbreakable oder Golden Wind, welche JoJo’s-Ära ist eure liebste? 

Kommt vorbei und entdeckt die neuen Figuren bei Anime Mura! 

#jojos #jojosbizarreadventure #animefigures #jojopose #animestore",c8c2b0211241a340102fecb4,https://www.tiktok.com/@anime.mura2/video/7679365984288820513
toys/collectibles,Germany,anime.mura2,shop,2026-08-28,2026-10-05,Anime Mura Berlin,video,1526,128,0,4,False,German,,"Bitte nicht nachmachen. 😂
#animemura #fyp #animeshop #funny #blindbox",cd9e531c529a08d2b3911680,https://www.tiktok.com/@anime.mura2/video/7679112446111534368
toys/collectibles,Germany,anime.mura2,shop,2026-08-27,2026-10-05,Anime Mura Berlin,video,605,60,1,1,False,German,,"Anime Mura Weekly Picks!

Heute wird’s richtig süß und ein bisschen kunstvoll! Diese Sanrio Blind Boxen verbinden eure liebsten Sanrio Charaktere mit berühmten Kunstwerken!

Welche Kombination würdet ihr am liebsten ziehen? ✨

#sanrio #sanriotiktok #blindbox #myterybox #hellokitty",c9f96902da08850a9fdcf3e8,https://www.tiktok.com/@anime.mura2/video/7678775727638072609
toys/collectibles,Germany,anime.mura2,shop,2026-08-26,2026-10-05,Anime Mura Berlin,video,1510,98,4,9,False,German,,"New Blind Boxes at Anime Mura! 

Bei uns sind wieder jede Menge neue Blind Boxes von Heaven Official’s Blessing eingetroffen. 

🍁 All for play Heaven Official's Blessing Dan Qing Feng Hua Series Blind Box

🍂 All for play Heaven Official's Blessing Campus ScenerySeries Blind Box 

🧡All for play Heaven Official's Blessing Fu Jin Juan (Scroll) Series Blind Box 

Also: Augen zu, Box auswählen und hoffen, dass dein Lieblingscharakter drin ist!

#heavenofficalsblessing #blindbox #mysterybox #foryoupage❤️❤️ #animestore",d2fe56e1d430a0e7b42f072c,https://www.tiktok.com/@anime.mura2/video/7678356580672310560
toys/collectibles,Germany,anime.mura2,shop,2026-08-25,2026-10-05,Anime Mura Berlin,video,3689,309,7,27,False,German,,"NEW BLIND BOXES 

Bei Anime Mura sind jetzt ganz viele neue Detective Conan Blind Boxes eingetroffen! Von Plüsch Blind Boxes über Keychains bis hin zu den Fairy Tales & Detective Theater Serien, da ist für jeden Conan-Fan etwas dabei! Kommt vorbei, solange der Vorrat reicht.

#detectiveconan #conan #blindbox #animestore #mysterybox",85552d53f0e1fbd5a510f2ca,https://www.tiktok.com/@anime.mura2/video/7678030496131009824
toys/collectibles,Germany,anime.mura2,shop,2026-08-24,2026-10-05,Anime Mura Berlin,video,1722,141,4,5,False,German,,"NEW RESTOCK! 

Eure Lieblingskarten sind wieder da! 

🍥 Naruto
⭐ JoJo’s Bizarre Adventure
🌸 Kamisama Kiss

Und natürlich haben wir noch viele weitere Restocks & neue Karten für euch! Kommt vorbei und entdeckt eure Favoriten!

#tradingcards #naruto #kamisamakiss #jojosbizarreadventure #animestore",c8f7340e71fe647bed7916ec,https://www.tiktok.com/@anime.mura2/video/7677614000581987616
toys/collectibles,Germany,anime.mura2,shop,2026-08-23,2026-10-05,Anime Mura Berlin,video,2108,186,3,8,False,German,topic not in caption,"😤🤯🙄einmal bitte mehr Aufmerksamkeit für Haikyuu!
#animemura #haikyuu #berlin #fyp #funny",500e6e85c612aa2390acf89c,https://www.tiktok.com/@anime.mura2/video/7677176161541180705
toys/collectibles,Germany,anime.mura2,shop,2026-08-22,2026-10-05,Anime Mura Berlin,video,1433,109,2,3,False,German,,"Which Blind Box Customer Are You? Part 2!

Wir haben wieder ganz viele neue Blind Boxen! Ganz viele neue von Detective Conan, JJK, Cinnamonroll, Hayikyuu und noch vieles mehr! 👀

Kommt vorbei und schaut euch die neue Auswahl an, vielleicht wartet ja eure Lieblingsfigur auf euch! 🫶🏻

#blindbox #AnimeFigures #animestore #mysterybox #fyp",a6f28d91c9d16f30cc88f067,https://www.tiktok.com/@anime.mura2/video/7676782431055220001
toys/collectibles,Germany,anime.mura2,shop,2026-08-21,2026-10-05,Anime Mura Berlin,video,2302,143,2,7,False,German,,"Drei starke Frauen aus drei starken Animes! 

Sayuna Inui aus My Dress-Up Darling, Elmesia aus That Time I Got Reincarnated as a Slime und Power aus Chainsaw Man. Drei absolute Fan-Favorites, die bei uns im Store eingezogen sind!

Welche der drei darf bei euch auf keinen Fall fehlen? 👀

#AnimeFigures #MyDressUpDarling #ThatTimeIGotReincarnatedAsASlime #ChainsawMan #fyp",de9c012412cb09f8136e223a,https://www.tiktok.com/@anime.mura2/video/7676502840868621601
toys/collectibles,Germany,anime.mura2,shop,2026-08-20,2026-10-05,Anime Mura Berlin,video,1284,119,8,3,False,German,,"ANIME MURA Weekly Picks

Heute bei den Weekly Picks: Sean! Sein Favorit? Ganz klar: Smiskis 💚

Die süßen Blindboxen findet ihr in all unseren Stores. Die größte Auswahl haben wir aber in 📍The Playce.

#smiski #smiskiunboxing #smiskihippers #blindbox #fyp",7dd81ab9932ee442a916cb59,https://www.tiktok.com/@anime.mura2/video/7676167767988440352
toys/collectibles,Germany,anime.mura2,shop,2026-08-19,2026-10-05,Anime Mura Berlin,video,820,71,4,2,False,German,,"ANIME MURA BATTLE: NARUTO 🆚 ONE PIECE

Wir haben neue Figuren für beide Fraktionen bekommen:

🍖 ONE PIECE: Ace & Sanji
🍥 NARUTO: Naruto (Six Paths Sage Mode) & Konan

Jetzt seid ihr dran: Welches Team gewinnt? Team ONE PIECE oder Team NARUTO?

Schreibt es in die Kommentare! 

Und falls ihr unsere Stores sucht, hier findet ihr uns in Berlin:

📍 Anime Mura Steglitz
Rheinstraße 66, 12159 Berlin

📍 Anime Mura Bikini Berlin
Budapester Str. 38–50, 10787 Berlin

📍 Anime Mura The Playce
Berlin, Potsdamer Platz

Kommt vorbei und schaut euch die neuen Figuren selbst an! 

#naruto #onepiece #animetok #animestore #animefigures",b694d6cacde55a652451b0e4,https://www.tiktok.com/@anime.mura2/video/7675762783887101216
toys/collectibles,Germany,anime.mura2,shop,2026-08-18,2026-10-05,Anime Mura Berlin,video,2147,202,15,14,False,German,,"MHA Fans, this one’s for you! 👀💥

Für alle My Hero Academia Fans gibt’s Nachschub! 
Neue Figuren sind bei uns eingetroffen und warten darauf, bei euch einzuziehen. 

Welche ist euer Favorit? 🦸🏻

#mha #myheroacademia #animefigures #animetok #foryoupage❤️❤️",289f11fed335cc123a5de3a9,https://www.tiktok.com/@anime.mura2/video/7675398834633084193
toys/collectibles,Germany,anime.mura2,shop,2026-08-17,2026-10-05,Anime Mura Berlin,video,834,64,14,1,False,German,topic not in caption,"Nostalgische Anime-Klassiker sind neu bei uns im Store! 

Ranma ½, Yu Yu Hakusho & mehr 👀✨
Für alle, die mit diesen Klassikern aufgewachsen sind oder sie jetzt neu entdecken wollen.

📍 Anime Mura im The Playce

#CardcaptorSakura #AnimeClassics #Ranma #YuYuHakusho #animestore",241f73e9623b482757485b4c,https://www.tiktok.com/@anime.mura2/video/7675016049657449761
toys/collectibles,Germany,anime.mura2,shop,2026-08-15,2026-10-05,Anime Mura Berlin,video,1884,127,8,10,False,German,,"Welcher Blindbox-Typ bist du? 👀📦
Und viel wichtiger: Welche unserer neuen Blindboxen würdest du wählen?

🌿 Genshin Impact
❄️ Frieren
🎀 Hatsune Miku

Schreib uns in die Kommentare, für welche du dich entscheiden würdest! 💬

Für mehr Infos zu unseren Neuheiten schaut gerne auch auf unseren anderen Social-Media-Kanälen vorbei! 🫶

#Animestore #Blindbox #GenshinImpact #Frieren #HatsuneMiku",ee6ebcfba26f473e452047b4,https://www.tiktok.com/@anime.mura2/video/7674261957586783521
toys/collectibles,Germany,anime.mura2,shop,2026-08-14,2026-10-05,Anime Mura Berlin,video,1888,138,10,6,False,German,,"Blind Box Nachschub bei Anime Mura! 

Wir haben wieder viele verschiedene Blind Boxes für euch im Store, darunter auch einige neue Restocks! 🎁👀
Ob zum Sammeln, Verschenken oder einfach für den Überraschungsmoment: Kommt vorbei und entdeckt unsere aktuelle Auswahl! 🛍️

#AnimeMura #BlindBoxen #AnimeShop #AnimeMerch #BlindBoxes",15c6127f707dad33d35705d0,https://www.tiktok.com/@anime.mura2/video/7673901847714811169
toys/collectibles,Germany,anime.mura2,shop,2026-08-13,2026-10-05,Anime Mura Berlin,video,1925,172,4,3,False,English/other,,"👧🏻🫶🏻👧🏻

#animetok #animestore #animefigure #animeplush #foryoupage❤️❤️",e3997d894d0331b65ff7a61b,https://www.tiktok.com/@anime.mura2/video/7673508840981138720
toys/collectibles,Germany,anime.mura2,shop,2026-08-12,2026-10-05,Anime Mura Berlin,video,2263,204,15,25,False,German,,"Eigentlich wollten wir euch nur unsere Plüschies zeigen …aber anscheinend haben Gojo & Geto andere Pläne. 👨🏼‍❤️‍💋‍👨🏻🩷

Entdeckt jetzt unsere große Auswahl an Anime-Plüschies bei Anime Mura von Jujutsu Kaisen bis zu vielen weiteren Fan-Favorites! Kommt vorbei, solange der Vorrat reicht 🫶

#animestore #animetok #animefigure #animeplush #foryoupage❤️❤️",7a3f0f85fdb24436e6f760b9,https://www.tiktok.com/@anime.mura2/video/7673160015036828960
toys/collectibles,Germany,anime.mura2,shop,2026-08-11,2026-10-05,Anime Mura Berlin,video,1124,76,2,1,False,German,,"🚨 NEUHEITEN BEI ANIME MURA! 🚨

Euer Regal braucht dringend ein Upgrade? Wir haben wieder jede Menge neue Figuren bei Anime Mura bekommen von beliebten Anime-Charakteren bis zu absoluten Must-haves für eure Sammlung! Welche Figur würdet ihr direkt mitnehmen? 👀👇

#Animestore #animetok #animefigure #figurecollector #foryoupage❤️❤️",796bc65d77a9a9d62b5c01e3,https://www.tiktok.com/@anime.mura2/video/7672791393894452512
toys/collectibles,Germany,anime.mura2,shop,2026-08-09,2026-10-05,Anime Mura Berlin,video,10100,896,10,114,True,English/other,,"Passiert immer unterbewusst 🤣🤣
#animemura #berlin #fyp #funny #figuren",d9ee714ef47a3fc775876e04,https://www.tiktok.com/@anime.mura2/video/7671974877972188448
toys/collectibles,Germany,anime.mura2,shop,2026-08-08,2026-10-05,Anime Mura Berlin,video,1058,70,7,5,False,German,topic not in caption,"Happy Cat Day! 🐱

Katzen gehören einfach zu Anime dazu, egal ob als treuer Begleiter, frecher Sidekick oder einfach als unglaublich süßes Maskottchen. Deshalb zeigen wir euch heute passend zum  Cat Day unsere liebsten Katzen-Produkte aus dem Store. ❤️

Kommentiert Eure lieblings Katze!!🐾

#nationalcatday #Animestore #Anime #cat #foryoupage❤️❤️",5fdda88a9e049855cdcde2d8,https://www.tiktok.com/@anime.mura2/video/7671615872745753889
toys/collectibles,Germany,dave_mps,creator,2026-10-05,2026-10-05,Dave,video,5576,306,14,8,False,German,,"Antwort auf @💜 RAMONA FMR 💜 Wir öffnen die ersten Türchen vom neuen Miniverse Adventskalender 🎄🎁 Habt ihr euch auch schon einen besorgt ? 👀🔥 

#miniverse #miniverseadventskalender #makeitmini #adventskalender #adventskalender2026",7d1bdfc1e8da8115e28d2a47,https://www.tiktok.com/@dave_mps/video/7693184944079637792
toys/collectibles,Germany,dave_mps,creator,2026-10-04,2026-10-05,Dave,video,17000,1298,351,162,True,German,,"Wir schauen uns heute die neuen Diddl A4-Blöcke an, die es aktuell noch nicht mal zu kaufen gibt 👀💖

Und wer weiß … vielleicht stehen sie ja schon ganz bald bei dem ein oder anderen von euch zu Hause. 🤭✨

#Diddl #DiddlBlöcke #DiddlA4 #DiddlBlätter #diddlsammlung",cd81268affe059d50b79ad8e,https://www.tiktok.com/@dave_mps/video/7692811077943414049
toys/collectibles,Germany,dave_mps,creator,2026-10-03,2026-10-05,Dave,video,18600,1387,151,54,False,German,,"Antwort auf @Bozena Bin ich ein Model, oder bin ich ein Model ? Mit den stylischen LOL SURPRISE x HELLO KITTY BAGS bist du definitiv ÜBERALL der Hingucker 💅 

#lolsurprise #hellokitty #lolsurprisedolls #lolhellokittyandfriendsreversibleplush #spielzeug",bf24751d34378c1ccf6d00d3,https://www.tiktok.com/@dave_mps/video/7692444512345525537
toys/collectibles,Germany,dave_mps,creator,2026-10-03,2026-10-05,Dave,video,32300,2283,46,131,True,German,,"Antwort auf @❤️Chrissy_86❤️ Wir kriegen endlich unseren ERSTEN MINIVERSE ADVENTSKALENDER 😍😭 Ihr glaubt nicht wie lange ich mir einen gewünscht habe 🥹

#miniverseadventskalender #miniverse #miniversedeutschland #adventskalender #adventskalender2026",610bd345fa8e85c6dfc399db,https://www.tiktok.com/@dave_mps/video/7692424479653334305
toys/collectibles,Germany,dave_mps,creator,2026-10-02,2026-10-05,Dave,video,19000,1212,18,24,False,German,,"Antwort auf @𝕙'👸🏽 OMG - damit hab ich jetzt nicht gerechnet 🥹😍😭 Welche LOL x HELLO KITTY Tasche hättest du am liebsten ? 👀

#lolsurprise #hellokitty #lolhellokittyandfriendsreversibleplush #lolsurprisedolls #spielzeug",82464f2e3103e4a4adb9fa4a,https://www.tiktok.com/@dave_mps/video/7692087476302728480
toys/collectibles,Germany,dave_mps,creator,2026-10-02,2026-10-05,Dave,video,24900,2269,208,206,True,German,,Anzeige | Gestern noch alle Geschäfte nach Diddl Blöcken abgesucht und heute stand dieses Paket vor meiner Haustür - DANKE an DIDDL  🫶🏻 Damit hab ich nicht gerechnet 😍😭 #diddl #diddlwinterkollektion #diddloriginal #diddlisback,fd30f14889f61564d8312f8d,https://www.tiktok.com/@dave_mps/video/7692058790455266592
toys/collectibles,Germany,dave_mps,creator,2026-10-02,2026-10-05,Dave,video,17800,1484,20,61,False,German,,"Antwort auf @. Wie es gibt jetzt schon die Miniverse Minecraft Serie 2 !? 👀😍😭 

#miniverse #makeitmini #Minecraft #miniverseminecraft #spielzeug",84e5b61024594d0e173dfc04,https://www.tiktok.com/@dave_mps/video/7692024633767333153
toys/collectibles,Germany,dave_mps,creator,2026-10-01,2026-10-05,Dave,video,28200,2044,67,159,True,German,,"Haltet euch Fest ! Wir bekommen LOL x HELLO KITTY BLIND BAGS .. also im wahrsten Sinne des Wortes - RICHTIGE TASCHEN ! 🤯😍😭💃 

#lolsurprise #lolsurprisehellokitty #hellokitty #lolhellokittyandfriendsreversibleplush #spielzeug",66f50abe41912382b5c1592f,https://www.tiktok.com/@dave_mps/video/7691703374781156640
toys/collectibles,Germany,dave_mps,creator,2026-10-01,2026-10-05,Dave,video,10400,887,30,7,False,German,,"Antwort auf @❤️Chrissy_86❤️ eine letzte Chance gebe ich der Serie noch … Wir öffnen die LETZTEN 2 KUGELN .. Bekommen wir die Miniverse REAL BRANDS SERIE 2 noch voll ?! 👀🤯 

#miniverse #m#miniverserealbrandsm#makeitminim#miniversedeutschlandspielzeug",1f9084de00424f66a66bec1b,https://www.tiktok.com/@dave_mps/video/7691676427510484256
toys/collectibles,Germany,dave_mps,creator,2026-09-28,2026-10-05,Dave,video,94500,5304,106,522,True,German,,"Wie druckt man eigentlich einen originalen Diddl-Block? 👀🐭✨ Wir nehmen euch mit und zeigen euch, wie aus einem einfachen Blatt ein echtes Stück Diddl-Nostalgie wird! 💙

#Diddl #DiddlOriginal #DiddlBlock #DiddlBlätter",483c81d2332fdfbc6a3bea2e,https://www.tiktok.com/@dave_mps/video/7690541537331055905
toys/collectibles,Germany,dave_mps,creator,2026-09-27,2026-10-05,Dave,video,14400,1336,36,15,False,German,,"ich muss diese Serie voll bekommen - KOSTE ES WAS WOLLE 🧶 .. 

#miniverse #miniverserealbrands #makeitmini #spielzeug #collectibles",635a59e1760c1122c52d6fa0,https://www.tiktok.com/@dave_mps/video/7690194333798059297
toys/collectibles,Germany,dave_mps,creator,2026-09-27,2026-10-05,Dave,video,14900,587,24,1,False,German,,"Anzeige | Das wird das letzte, aber auch coolste LOL PLUSH SURPRISE Videos die ich bisher gepostet habe 👀💃🔥 

#lolsurprise #lolsurprisedolls #spielzeug #spielzeugtester #collectibles",b86300e34c333b6887f50ba7,https://www.tiktok.com/@dave_mps/video/7690153432363060513
toys/collectibles,Germany,dave_mps,creator,2026-09-26,2026-10-05,Dave,video,15800,1289,40,7,False,German,,"Antwort auf @Richard Müller  Schaut ihr vorher nach oder lasst ihr euch überraschen ? 👀 Bin gespannt auf eure Antworten und wir packen jetzt meine letzten beiden Miniverse REAL BRANDS aus 💃😍

#miniverse #miniverserealbrands #makeitmini #spielzeug #collectibles",263beb0d74c54c2daa85c197,https://www.tiktok.com/@dave_mps/video/7689797777450126624
toys/collectibles,Germany,dave_mps,creator,2026-09-25,2026-10-05,Dave,video,15500,1218,15,17,False,German,topic not in caption,Einfach ne Sauna in meinem Garten noch vor GTA 6 😭 #fyp #sauna,7a53aa7e0b84f1094cc43976,https://www.tiktok.com/@dave_mps/video/7689480504113909025
toys/collectibles,Germany,dave_mps,creator,2026-09-24,2026-10-05,Dave,video,11000,824,20,7,False,German,,"Ihr werdet mich ab dem nächsten Video wieder alleine ertragen müssen denn Philipp hat jetzt alle Miniverse REAL BRANDS die er wollte .. Hast du schon deine Favourites? 👀

#miniverse #miniverserealbrands #miniversedeutschland #spielzeug #unboxing",113c0e93efaa2e6615966e2b,https://www.tiktok.com/@dave_mps/video/7689122879870471456
toys/collectibles,Germany,dave_mps,creator,2026-09-23,2026-10-05,Dave,video,21900,1574,27,7,False,German,,"Antwort auf @Hexe’s Fav’s Wir machen es jetzt . Wir öffnen die letzte Kugel .. 👀🤯 

#lolsurprise #lolsurprisebubblysurprise #lolsurprisedolls #lolsurpriseunboxing",885891b5f9869a0b7b965853,https://www.tiktok.com/@dave_mps/video/7688788045679611168
toys/collectibles,Germany,dave_mps,creator,2026-09-23,2026-10-05,Dave,video,25300,1292,81,75,False,German,topic not in caption,"Antwort auf @Mamamaus Anzeige | Finden wir den Viralen Fidget Ball noch in Rot ? 👀 Wir versuchen unser Glück bei Penny … 🍀 Wer von euch hätte auch gern welche ? 

#fidgettoys #fidgetball #fidgetspinner #fidgets #viralfidgets",f08c938808ee6858f828fef8,https://www.tiktok.com/@dave_mps/video/7688715930913852705
toys/collectibles,Germany,dave_mps,creator,2026-09-22,2026-10-05,Dave,video,35100,2498,59,6,False,German,,"Ich drehe durch ! Ich musste erst ALLE LOL Bubbly Surprise öffnen um festzustellen das die Kugeln nur 3 verschiedene Farben haben 🥲

#lolsurprise #lolsurprisebubblysurprise #lolsurprisedolls #lolsurpriseunboxing",320cff6cc1e6a1af8d5ae543,https://www.tiktok.com/@dave_mps/video/7688397632808488225
toys/collectibles,Germany,dave_mps,creator,2026-09-20,2026-10-05,Dave,video,44100,1889,52,43,False,German,topic not in caption,"Anzeige | Okay REWE… wollt ihr 2017 wirklich zurückbringen? 😂 Ich hab den neuen Fidget Ball gefunden und natürlich direkt getestet. Spoiler: Ich wollte ihn danach nicht mehr weglegen. 👀 

#fidgetoys #fidgetball #fidgettrend #fidgetspinner #fidgetstoys",d571514f44118c4d8054abf2,https://www.tiktok.com/@dave_mps/video/7687624143822654752
toys/collectibles,Germany,dave_mps,creator,2026-09-19,2026-10-05,Dave,video,17100,1184,27,12,False,German,,Ich glaub das war das kürzeste Date was wir jemals hatten … #waxcrackingasmr #waxcracking #waxcrackingslime #asmr #fyp,7de7e01e52e6c5e2e4f63c0f,https://www.tiktok.com/@dave_mps/video/7687283241618804000
toys/collectibles,Germany,dave_mps,creator,2026-09-19,2026-10-05,Dave,video,12400,853,21,3,False,German,,"Antwort auf @Colly0611 Bald kann ich ein ganzes Tierheim aufmachen weil das gesamte Dorf mitbekommen hat das es jetzt auch Hunde und Katzenfutter in den neuen Miniverse REAL BRANDS gibt .. 

#miniverserealbrands #miniverse #makeitmini #miniversedeutschland #spielzeug",d2ae3d1614a5a0049b3d788f,https://www.tiktok.com/@dave_mps/video/7687186043040271649
toys/collectibles,Germany,dave_mps,creator,2026-09-18,2026-10-05,Dave,video,12900,833,15,3,False,German,,"Antwort auf @Marvin wir haben eine Mission - Philipp sammelt alle Leckerlies aus der neuen Miniverse REAL BRANDS 👀 

#miniverse #miniverserealbrands #makeitmini #miniversedeutschland #spielzeug",142888ffab2e6baaba54b27e,https://www.tiktok.com/@dave_mps/video/7686876389550624033
toys/collectibles,Germany,dave_mps,creator,2026-09-18,2026-10-05,Dave,video,12900,891,27,19,False,German,,"Antwort auf @gkpmeli  lauft nicht, sondern RENNT !! Der Miniverse REAL TV ist ab sofort bei Smythstoys vorbestellbar !

#miniverserealtv #miniversetv #miniversedeutschland #miniverse #spielzeug",5641c5b1ecdbf05b1047a4dc,https://www.tiktok.com/@dave_mps/video/7686853500331887905
toys/collectibles,Germany,dave_mps,creator,2026-09-18,2026-10-05,Dave,video,11400,730,21,1,False,German,,"Antwort auf @💜 RAMONA FMR 💜 Uns fehlen nur noch 3 Puppen von den LOL Surprise Bubbly Surprise und ich hab mir das jetzt irgendwie anders vorgestellt.. 👀

#lolsurprise #lolsurprisebubblysurprise #lolsurprisedolls #lolsurpriseunboxing #spielzeug",f7614b16cb59a39e0a6db806,https://www.tiktok.com/@dave_mps/video/7686828183412362528
toys/collectibles,Germany,dave_mps,creator,2026-09-16,2026-10-05,Dave,video,12300,705,53,11,False,German,,"Ich Zeig euch meine exklusiven Errungenschaften aus Bangkok 

#hirono #thailand #popmart #unboxing #blindboxunboxing",6e11a5d2e3b4ab7cbcc25a45,https://www.tiktok.com/@dave_mps/video/7686150268056096032
toys/collectibles,Germany,dave_mps,creator,2026-09-16,2026-10-05,Dave,video,19900,1328,42,143,True,German,,"Antwort auf @Dave ich hoffe ich habe euch alle wichtigen Fragen zum neuen Miniverse REAL TV beantwortet ! 🫶🏻

#miniverserealtv #miniverse #miniversedeutschland #spielzeug #spielzeugtester",e9eafa08a751c37d4e20c916,https://www.tiktok.com/@dave_mps/video/7686106248852311328
toys/collectibles,Germany,dave_mps,creator,2026-09-16,2026-10-05,Dave,video,39200,2057,32,35,False,German,,"Wir unboxen irgendwas besonderes von Hirono.. 👀

#popmart #unboxing #hirono #bangkok #blindboxinboxing",0a5d3e472cb4c95f1f92f3c8,https://www.tiktok.com/@dave_mps/video/7686086939715308833
toys/collectibles,Germany,dave_mps,creator,2026-09-16,2026-10-05,Dave,video,50900,3613,96,454,True,German,,"Antwort auf @zeynep Wieviele Kassetten sind in einer Miniverse Real TV Kugel ? 📺 📼👀

#miniverse #miniverserealtv #vhs #vhsvideo #spielzeug",5fcbcb9adbd9ab3be24b96f8,https://www.tiktok.com/@dave_mps/video/7686057166721027361
toys/collectibles,Germany,dave_mps,creator,2026-09-15,2026-10-05,Dave,video,35000,2325,141,119,True,German,,"Antwort auf @Richard Müller ich zeige euch jede einzelne VHS 📼 Kassette aus den neuen Miniverse REAL TV Kugeln 👀 📺 

#miniverserealtv #miniverse #makeitmini #spielzeug #spielzeugtester",f35f6244664f5632dbaefa68,https://www.tiktok.com/@dave_mps/video/7685762391501475105
toys/collectibles,Germany,dave_mps,creator,2026-09-15,2026-10-05,Dave,video,24300,1140,23,12,False,German,topic not in caption,"Das ALLER ALLER ALLER LETZTE  Wax Dumpling Crack Video 🥲 Finden wir den Goldenen Crack Dumpling ? 

#waxcracking #waxcrackingasmr #asmr #fyp #dumplings",af15ed9285c4066e988dc1cc,https://www.tiktok.com/@dave_mps/video/7685742315176054049
toys/collectibles,Germany,dave_mps,creator,2026-09-14,2026-10-05,Dave,video,62300,3447,68,278,True,German,,"Antwort auf @Christian V. Kann ich mir mit dem neuen Miniverse REAL TV bald meine eigenen Videos auf Kassetten abspielen? 👀

#miniverse #miniverserealtv #miniversedeutschland #makeitmini #mimiaturen",1f8ce0fd0f42081ff37d0187,https://www.tiktok.com/@dave_mps/video/7685444172752473376
toys/collectibles,Germany,dave_mps,creator,2026-09-14,2026-10-05,Dave,video,14200,513,10,4,False,German,,Antwort auf @Fiby Euer Wunsch ist uns Befehl … #waxcracking #waxcrackingasmr #waxdumplings #waxcrackingslime,bae2ba9fcfab2f511c52d15b,https://www.tiktok.com/@dave_mps/video/7685431735537945888
toys/collectibles,Germany,dave_mps,creator,2026-09-14,2026-10-05,Dave,video,48000,2950,108,388,True,German,,"Ihr dachtet, 2026 gibt’s fliegende Autos? 🚗💨 Falsch gedacht. 😂
2026 gibt’s einfach einen MINI-FERNSEHER, mit dem wir über 30 verschiedene VHS-Kassetten anschauen können?! 📺🤯

Sorry, aber das ist komplett verrückt, aber schon bald überall erhältlich ! 😭 DER MINIVERSE REAL TV !!! 

#Miniverse #MiniverseRealTV #Miniversedeutschland  #Miniaturen #BlindBox",484e1283f17dd9de86dd8603,https://www.tiktok.com/@dave_mps/video/7685416041966554401
toys/collectibles,Germany,dave_mps,creator,2026-09-14,2026-10-05,Dave,video,41600,1807,22,22,False,German,,"Antwort auf @Sylsyl🐱 4 Dumplings auf einmal Cracken? Gar kein Problem ! 

#waxcracking #waxcrackingasmr #waxdumplings #waxcrackingslime",a5929971777bc8cded4f2230,https://www.tiktok.com/@dave_mps/video/7685394760973946144
toys/collectibles,Germany,dave_mps,creator,2026-09-14,2026-10-05,Dave,video,10200,656,9,10,False,German,,"HIRONO UNBOXING 🥲 Ich hatte diesen Trip nicht so Glück mit meinen Blindboxen ..

#unboxing #blindboxunboxing #hirono #popmart #bangkok",27121a81f7894f3c66a77f40,https://www.tiktok.com/@dave_mps/video/7685339683663908128
toys/collectibles,Germany,dave_mps,creator,2026-09-13,2026-10-05,Dave,video,20500,1111,22,10,False,German,topic not in caption,"Das hier wird kein normales Wax  Crack Video, hierfür haben wir uns etwas ganz besonderes für euch ausgedacht. #waxcracking #waxcrackingasmr #dumpling #asmr",48dcf5b99e429468232b55ad,https://www.tiktok.com/@dave_mps/video/7684883018380594464
toys/collectibles,Germany,dave_mps,creator,2026-09-12,2026-10-05,Dave,video,12000,352,5,11,False,German,topic not in caption,Wird das irgendwann wieder anders ? #bangkok #thailand #fyp,2386e3bb36e91821b79f9e5a,https://www.tiktok.com/@dave_mps/video/7684726247418531104
toys/collectibles,Germany,dave_mps,creator,2026-09-12,2026-10-05,Dave,video,135000,5615,32,209,True,German,topic not in caption,Antwort auf @𝐌‘🥥 Wir cracken so lange Dumplings bis wir den Goldenen CRACK DUMPLING gefunden haben !! #waxcracking #waxcrackingasmr #dumpling #asmr,4313fea800cc5cea2a1ffe3a,https://www.tiktok.com/@dave_mps/video/7684707318721809697
toys/collectibles,Germany,dave_mps,creator,2026-09-12,2026-10-05,Dave,video,14000,896,6,5,False,German,topic not in caption,"Das letzte Mal Seven Eleven in Bangkok .. (vorerst) 

#seveneleven #sevenelevendrinks #viralsevenelevendrinksbangkok #tastetest #bangkok",206f1f926a55dfab4fef1dcc,https://www.tiktok.com/@dave_mps/video/7684696728028712224
toys/collectibles,Germany,dave_mps,creator,2026-09-12,2026-10-05,Dave,video,10300,671,28,8,False,German,,"Wir müssen meinen Hirono schon in Thailand auspacken aufgrund von Platzproblemen 🥲😭 Aber wie süß ist er bitte ? 

#hirono #hironounboxing #hironothailand #bangkok #unboxing",0fbe7b3a64aad20f30624830,https://www.tiktok.com/@dave_mps/video/7684675732613778721
toys/collectibles,Germany,dave_mps,creator,2026-09-12,2026-10-05,Dave,video,129000,3862,30,24,True,German,,"Antwort auf @A Y L I V A    M A U S Diesmal finden wir den Ultra seltenen Goldenen Mistery Wax Crack Dumpling  !! 👀

#waxcracking #waxcrackingasmr #dumplings #waxcrackingslime #asmr",fba9363bd2b82b1e06e18ad9,https://www.tiktok.com/@dave_mps/video/7684656924884782368
toys/collectibles,Germany,dave_mps,creator,2026-09-12,2026-10-05,Dave,video,12500,894,22,16,False,German,,Was ist das für ein Krasser Laden ?! 🤯👀😍 #blindbox #blindboxunboxing #blindboxshopping #thailand #bangkok,66020d5f63dd4d27efbf21f5,https://www.tiktok.com/@dave_mps/video/7684634904428039457
toys/collectibles,Germany,dave_mps,creator,2026-09-12,2026-10-05,Dave,video,22100,1083,20,10,False,German,topic not in caption,Antwort auf @dontaddme2233 WAX CRACKING FAST OHNE REDEN .. #waxcracking #waxcrackingasmr #waxdumplings #asmr #waxcrack,4ddbc94d7230349ac4abb4bc,https://www.tiktok.com/@dave_mps/video/7684605147779026208
toys/collectibles,Germany,dave_mps,creator,2026-09-12,2026-10-05,Dave,video,44100,1576,18,14,False,German,topic not in caption,Antwort auf @𝒁𝒐𝒆🫰🏻 Wir suchen immernoch den goldenen CRACK DUMPLING 🤯👀 #waxcracking #waxcrackingasmr #waxdumplings #dumplings #asmr,7a0d2c295a1d011d9306df2a,https://www.tiktok.com/@dave_mps/video/7684562811158154529
toys/collectibles,Germany,dave_mps,creator,2026-09-11,2026-10-05,Dave,video,75500,2485,32,67,False,German,topic not in caption,Antwort auf @BMW Die Suche nach dem Goldenen Wax Crack Dumpling geht weiter … #waxdumpling #waxcracking #waxcrackingasmr #dumpling,faa5ac0f16b3891cc73bc4ee,https://www.tiktok.com/@dave_mps/video/7684370922303704352
toys/collectibles,Germany,dave_mps,creator,2026-09-11,2026-10-05,Dave,video,28800,1210,43,34,False,German,,Antwort auf @davinaminou Heute wird Schokolade gecrackt #Waxcrackingasmr #waxcracking #asmr #waxsquishyasmr,611d69b97c32f93882c15dd3,https://www.tiktok.com/@dave_mps/video/7684295606914911520
toys/collectibles,Germany,dave_mps,creator,2026-09-11,2026-10-05,Dave,video,18200,291,12,10,False,German,topic not in caption,"Neuer Tag , neue Herausforderung - Heute kümmern wir uns um unsere Ohren 👂 #bangkok #fyp #ohrenreinigung #thailand",7135c4bb0dd22eac0f8d63e3,https://www.tiktok.com/@dave_mps/video/7684281708551621921
toys/collectibles,Germany,dave_mps,creator,2026-09-11,2026-10-05,Dave,video,20100,304,9,5,False,German,topic not in caption,Nächster Test aus Bangkok. Heute gibt’s Taiwanese  Milch Donuts #tastetest #taiwanesedonuts,cf8b700c4643a57a4a12c9bb,https://www.tiktok.com/@dave_mps/video/7684243540787957025
toys/collectibles,Germany,dave_mps,creator,2026-09-11,2026-10-05,Dave,video,210100,10500,85,364,True,German,,"Antwort auf @nelly☦︎ Wax Dumpling Squishie Cracking ASMR - Was sagt ihr ? 

#waxsquishiesasmr #waxcracking #waxcrackingasmr #waxsquishie #waxdumpling",56ede93108cd349e8816006b,https://www.tiktok.com/@dave_mps/video/7684215385423351072
toys/collectibles,Germany,dave_mps,creator,2026-09-11,2026-10-05,Dave,video,71900,2462,27,47,False,German,,"Antwort auf @Angi Schmidt WAX CRACKING SQUISHIE HAUL 

#waxsquishiesasmr #waxcracking #waxsquishy #waxcrackingasmr",641c10f87fe7c53f1343efab,https://www.tiktok.com/@dave_mps/video/7684208153977687328
toys/collectibles,Germany,dave_mps,creator,2026-09-11,2026-10-05,Dave,video,202600,7056,37,231,True,German,,"Antwort auf @𝐕𝐚𝐦𝐩 🖤🪷 Wir kaufen alle Wax Cracking Squishies die wir finden können 👀🤯 

#waxcracking #waxsquishyasmr #waxsquishy #waxcrackingasmr",3dfd9fbf6f8b887473a49f8d,https://www.tiktok.com/@dave_mps/video/7684191472123448609
toys/collectibles,Germany,dave_mps,creator,2026-09-10,2026-10-05,Dave,video,167500,4012,20,30,True,German,topic not in caption,"Nächster Versuch .. SLUSHY COKE in Thailand 🇹🇭..
#fyp #viral #thailand",35d1cb3724870d1ffad7df9a,https://www.tiktok.com/@dave_mps/video/7683976887080684833
toys/collectibles,Germany,dave_mps,creator,2026-09-10,2026-10-05,Dave,video,12800,537,21,5,False,German,topic not in caption,Antwort auf @mimivanilli2.0 PART 2 - Das große Fotoshooting … bei 800 Grad Außentemperatur  🥵 #fyp #fotoshooting #watarun #bangkok #thailand,153c9e868a3e06af6baeccb0,https://www.tiktok.com/@dave_mps/video/7683942720548703521
toys/collectibles,Germany,dave_mps,creator,2026-09-10,2026-10-05,Dave,video,18100,974,19,5,False,German,topic not in caption,Ich schwöre ich freu mich schon auf meinen nächsten Geburtstagstrip an dem ich wieder alles entscheiden darf 🥲 #bangkok #watarun #thailand,922fc46b44f7b10a394c81eb,https://www.tiktok.com/@dave_mps/video/7683933723472989473
toys/collectibles,Germany,dave_mps,creator,2026-09-10,2026-10-05,Dave,video,11200,721,19,4,False,German,topic not in caption,"Antwort auf @izz_chichi Meine erste Klong Tour in Bangkok 🥲 war aber schon schön 🥹😍

#klongtour #bangkok #thailand",829406b95c977edff70b3b57,https://www.tiktok.com/@dave_mps/video/7683849721600920865
toys/collectibles,Germany,dave_mps,creator,2026-09-10,2026-10-05,Dave,video,11700,584,12,2,False,German,topic not in caption,"Wo fährt man uns für 20 Baht mit dem Tuk Tuk hin ? Ich hoffe es geht in die Thai Factory 😍

#thailand #tuktuk #bangkok",4cf0af2d29f5aa07b41e9e86,https://www.tiktok.com/@dave_mps/video/7683825820636417313
toys/collectibles,Germany,dave_mps,creator,2026-09-09,2026-10-05,Dave,video,44900,3093,57,48,False,English/other,,XXL BLINDBOX UNBOXING AUS BANGKOK 👀 #blindbox #blindboxunboxing #blindboxopening #bangkok,7b683f2d731f33bf2ab6e79b,https://www.tiktok.com/@dave_mps/video/7683615220295617824
toys/collectibles,Germany,dave_mps,creator,2026-09-09,2026-10-05,Dave,video,457100,22700,282,1668,True,German,,Wax Cracking ist unsere  neue Leidenschaft .. #waxcracking #waxcrackingasmr #squishies #buttersquishie,aa1973cd43d4b9a85a59cd36,https://www.tiktok.com/@dave_mps/video/7683597727585832225
toys/collectibles,Germany,dave_mps,creator,2026-09-09,2026-10-05,Dave,video,104700,2716,48,101,False,German,,"Ich glaub man checkt das erst wenn man es selbst mal probiert hat .. (kann jetzt nicht mehr ohne leben) 🥲😭😂

#squishies #waxcracking #asmr #thailand",647ca154332fd73631dc645e,https://www.tiktok.com/@dave_mps/video/7683537765283204384
toys/collectibles,Germany,dave_mps,creator,2026-09-09,2026-10-05,Dave,video,13000,721,8,2,False,German,topic not in caption,"Heute gibt’s ein bisschen Kultur aus Bangkok.

#bangkok #thailand",5607e65f000997961be791fa,https://www.tiktok.com/@dave_mps/video/7683528892426013985
toys/collectibles,Germany,dave_mps,creator,2026-09-09,2026-10-05,Dave,video,23700,1337,23,71,False,German,,Wir suchen den Viralsten Squishie in Bangkok 👀 #bangkok #squishies #thailand #fyp #viralsquishies,7a6ae4a244fd4adf92288e50,https://www.tiktok.com/@dave_mps/video/7683478232104062240
toys/collectibles,Germany,dave_mps,creator,2026-09-09,2026-10-05,Dave,video,13400,471,10,3,False,German,topic not in caption,Wir testen das virale Butter Bun von Seven Eleven in Bangkok #butterbun #seveneleven #tastetest #fyp,33b397901e18b6666e03f738,https://www.tiktok.com/@dave_mps/video/7683468256228707617
toys/collectibles,Germany,dave_mps,creator,2026-09-08,2026-10-05,Dave,video,21300,894,45,96,False,English/other,topic not in caption,Meine erste Thai Massage in Bangkok … 😭🥲😂 #thaimassage #bangkok #fyp,a5640e71d56d8e39aadad915,https://www.tiktok.com/@dave_mps/video/7683182642963025184
toys/collectibles,Germany,dave_mps,creator,2026-09-08,2026-10-05,Dave,video,199300,8844,71,964,True,English/other,,"Mimi im Ausnahmezustand .. ALLES NUR 20 BAHT 😂😂😂

#blindbox #blindboxunboxing #thailand #bangkok",42836989652b14289051177b,https://www.tiktok.com/@dave_mps/video/7683130552811097377
toys/collectibles,Germany,dave_mps,creator,2026-09-08,2026-10-05,Dave,video,13000,831,13,29,False,English/other,,Hier gibt’s einfach alles … 😂😭 #squishies #needoh #bangkok,603656ac624d12fda3ec88c9,https://www.tiktok.com/@dave_mps/video/7683094223456931104
toys/collectibles,Germany,dave_mps,creator,2026-09-08,2026-10-05,Dave,video,11700,730,9,9,False,German,topic not in caption,"Neuer Tag - Neuer Seven Eleven Drink .. heute etwas für „den Tag danach!“

#seveneleven #bangkok #sevenelevendrinks",bf5eaa24445f9fb20e2a8937,https://www.tiktok.com/@dave_mps/video/7683076468796181792
toys/collectibles,Germany,dave_mps,creator,2026-09-07,2026-10-05,Dave,video,21200,1745,24,35,False,German,,"Diesmal hab ich mein Glück in fremde Hände gegeben .. ob das ne gute Idee war ? 

#popmart #bangkok #blindbox #blindboxunboxing #popmartunboxing",1764058710e75badb88c2b33,https://www.tiktok.com/@dave_mps/video/7682823894473903393
toys/collectibles,Germany,dave_mps,creator,2026-09-07,2026-10-05,Dave,video,24200,1423,18,30,False,German,topic not in caption,"Endlich !! Wir machen den viralen Rainbow Drink bei Seven Eleven in Thailand 😍 Welchen muss ich als Nächstes testen ? 

#tastetest #seveneleven #bangkok #viraldrinks",a35dd979b22d509aecd407d5,https://www.tiktok.com/@dave_mps/video/7682779287455321377
toys/collectibles,Germany,dave_mps,creator,2026-09-07,2026-10-05,Dave,video,73700,2793,12,78,False,English/other,topic not in caption,LAVA DONUT TASTE TEST 🍩 #lavadonut #donut #tastetest #fyp #bangkok,ea7a2b78c4dbd1b93537eba7,https://www.tiktok.com/@dave_mps/video/7682751736901078305
toys/collectibles,Germany,dave_mps,creator,2026-09-07,2026-10-05,Dave,video,11600,842,11,4,False,English/other,topic not in caption,Neuer Tag - Neuer Seven Eleven Besuch 🎉😍 #seveneleven #bangkok,5f51f764754ae42d6201eafa,https://www.tiktok.com/@dave_mps/video/7682694475126295841
toys/collectibles,Germany,dave_mps,creator,2026-09-06,2026-10-05,Dave,video,11200,575,8,2,False,German,topic not in caption,Dave und seine erste Fussmassage in Bangkok … Die sehen mich jetzt täglich 😂 #massage #fyp #bangkok,7bd0d2fd075d71d4fc37ea28,https://www.tiktok.com/@dave_mps/video/7682494612841270560
toys/collectibles,Germany,dave_mps,creator,2026-09-06,2026-10-05,Dave,video,24100,1388,21,85,False,German,topic not in caption,Das ist der coolste Seven Eleven den ich jemals gesehen habe 😍😭,de20cc121741f42f4b005abc,https://www.tiktok.com/@dave_mps/video/7682466765728795936
toys/collectibles,Germany,dave_mps,creator,2026-09-06,2026-10-05,Dave,video,12400,980,11,24,False,German,,"Es gibt in Bangkok einen eigenen HIRONO STORE ?! 😍🥲😭 

#hironostore #hirono #blindbox #blindboxunboxing",f9b94a64b64d629bdaacab70,https://www.tiktok.com/@dave_mps/video/7682449426060676384
toys/collectibles,Germany,dave_mps,creator,2026-09-06,2026-10-05,Dave,video,100300,2301,30,21,False,German,topic not in caption,Naja - was soll ich sagen … 🥲 war halt ne Cola mit Eis 😭,efddacfbea6422ad19f0e4bd,https://www.tiktok.com/@dave_mps/video/7682437860984638752
toys/collectibles,Germany,dave_mps,creator,2026-09-06,2026-10-05,Dave,video,12700,1029,10,5,False,German,topic not in caption,"Erster Taste Test aus Bangkok… war spannend … und lecker 😂🥲 

#tastetest #bangkok",c1685e767430b8436b0992b4,https://www.tiktok.com/@dave_mps/video/7682412156616297760
toys/collectibles,Germany,dave_mps,creator,2026-09-06,2026-10-05,Dave,video,12000,768,9,3,False,English/other,topic not in caption,10 Tage - 10 verschiedene 7/11 Drinks !,7b1c7e46c3919f7a63b3f236,https://www.tiktok.com/@dave_mps/video/7682405049003248928
toys/collectibles,Germany,dave_mps,creator,2026-09-06,2026-10-05,Dave,video,12800,693,19,3,False,German,topic not in caption,"Wie leben Dave und Mimi die nächsten 10 Tage in Bangkok ? Wir zeigen es euch ! 

#roomtour #bangkok #birthdaytrip",bdc24bfb85fa57526e4b72d3,https://www.tiktok.com/@dave_mps/video/7682390746049023264
toys/collectibles,Germany,dave_mps,creator,2026-09-06,2026-10-05,Dave,video,39400,2480,29,10,False,German,topic not in caption,"Auf geht’s - Auf den nächsten Geburtstagstrip 🎉 BANGKOK wir kommen 🇹🇭 

#birthdaytrip #fyp #viral",1508bd92108499fd542285e8,https://www.tiktok.com/@dave_mps/video/7682367330629750048
toys/collectibles,Germany,dave_mps,creator,2026-09-06,2026-10-05,Dave,video,12600,746,6,3,False,German,topic not in caption,Euer Dreamteam ist wieder zurück ! habt ihr uns vermisst ? 🥹💃❤️ Ratet mal wo wir hinfliegen ✈️,8325742ac9602a9a19f7b2f8,https://www.tiktok.com/@dave_mps/video/7682350369824951584
toys/collectibles,Germany,dave_mps,creator,2026-09-06,2026-10-05,Dave,video,64400,2732,287,129,True,German,,"Antwort auf @Anna Das letzte Kinderjoy One Piece Video … ODER ?! 

#kinderjoy #onepiece #onepiecekinderjoy #kinderjoyonepiece #unboxing",d36b1707ae08f658ac601fbd,https://www.tiktok.com/@dave_mps/video/7682324753289366817
toys/collectibles,Germany,dave_mps,creator,2026-09-05,2026-10-05,Dave,video,23400,1229,68,23,False,German,,Antwort auf @KingOfBerlin81 Das vorletzte Video 🥲 #kinderjoy #onepiece #kinderjoyonepiece #onepiecekinderjoy #unboxing,4acf475ffd04557ad4e6a115,https://www.tiktok.com/@dave_mps/video/7682124107135061281
toys/collectibles,Germany,dave_mps,creator,2026-09-05,2026-10-05,Dave,video,15900,1171,54,8,False,German,,"Antwort auf @Marysa ~Sabrina~ Anzeige | ich glaub ich Pack diese Serie einfach nur für meinen Hund aus 🥲 

#miniverse #miniverserealbrands #miniversedeutschland #makeitmini #spielzeug",a4a9acc26958806ed079897f,https://www.tiktok.com/@dave_mps/video/7682101988804332833
toys/collectibles,Germany,dave_mps,creator,2026-09-05,2026-10-05,Dave,video,54700,2925,173,112,True,German,,"Antwort auf @Marie❤️ ich seh den Wald vor lauter One Piece Kinderjoy Eiern nicht mehr 🥲😭

#kinderjoy #onepiece #onepiecekinderjoy #kinderjoyonepiece #unboxing",d538452de97fd727fec28c99,https://www.tiktok.com/@dave_mps/video/7681998223631797537
toys/collectibles,Germany,dave_mps,creator,2026-09-05,2026-10-05,Dave,video,15300,1234,25,7,False,German,,"Antwort auf @Jasmin Wagener Anzeige | wir suchen so lange bis der arme Hund etwas zu essen bekommt.. 

#miniverse #miniverserealbrands2 #miniversedeutschland #makeitmini",b3ec45f60e1e317bf2dff521,https://www.tiktok.com/@dave_mps/video/7681981245248539937
toys/collectibles,Germany,dave_mps,creator,2026-09-04,2026-10-05,Dave,video,20200,964,34,27,False,German,,"Antwort auf @Anna Wir hören nicht auf auch wenn meine Motivation gerade etwas anderes sagt … 

#onepiece #onepiecekinderjoy #kinderjoyonepiece #kinderjoy #unboxing",b9911c65b58b9ab31376da45,https://www.tiktok.com/@dave_mps/video/7681718258482941216
toys/collectibles,Germany,dave_mps,creator,2026-09-04,2026-10-05,Dave,video,14500,491,18,4,False,German,,"Anzeige | 🧪 Die viralen Experimente von Mark Rober jetzt einfach zu Hause nachmachen?! 🤯🔥 Mit den Crunch Kids von CrunchLabs können wir selbst zu kleinen Wissenschaftlern werden und die Experimente direkt zu Hause nachexperimentieren! 🚀🔬

#CrunchLabs #CrunchKids #MarkRober #MooseToys #Spielzeug",7ce16eebdf42aaaee6a32018,https://www.tiktok.com/@dave_mps/video/7681695209314356513
toys/collectibles,Germany,dave_mps,creator,2026-09-04,2026-10-05,Dave,video,25900,1069,69,31,False,German,,Antwort auf @Ichika Amasawa weiter .. IMMER WEITER … 🥲😭 #onepiece #kinderjoy #kinderjoyonepiece #onepiecekinderjoy #unboxing,fa1f3656686b099179d3cef5,https://www.tiktok.com/@dave_mps/video/7681655357487320353
toys/collectibles,Germany,dave_mps,creator,2026-09-04,2026-10-05,Dave,video,59500,4029,45,40,False,German,,"Antwort auf @Colly0611 Anzeige | dieses Video ist nicht freiwillig entstanden ! Philipp hat mich gezwungen, so viele Miniverse Real Brands 2 Kugeln zu öffnen, bis wir sein Hundefutter gefunden haben. 👀

#miniverserealbrands2 #miniverserealbrands #miniverse #miniversedeutschland #miniaturen",c197ca35ab52ddc386503aba,https://www.tiktok.com/@dave_mps/video/7681631104226397472
toys/collectibles,Germany,dave_mps,creator,2026-09-04,2026-10-05,Dave,video,74700,4157,70,288,True,German,topic not in caption,"Antwort auf @🪅Colorfulmotivations🪅 Der 3. und letzte Part von „wir kneten uns unseren eigenen Blumenstrauß 💐!“ Soll ich mir den anderen auch noch besorgen ? 👀

#playdohblooms #bloomsbyplaydoh #playdoh #diy #blumen",ac2f40474e419ff9fd4194cc,https://www.tiktok.com/@dave_mps/video/7681587379114626336
toys/collectibles,Germany,dave_mps,creator,2026-09-03,2026-10-05,Dave,video,52500,2004,102,116,True,German,,"Die Suche nach dem WANTED RUFFY aus den KINDER JOY ONE PIECE Eiern geht weiter 👀🧑‍🦯

#onepiece #kinderjoyonepiece #onepiecekinderjoy #unboxing #kinderjoy",6a78604828a2a6b6a31a703c,https://www.tiktok.com/@dave_mps/video/7681372167543606560
toys/collectibles,Germany,dave_mps,creator,2026-09-03,2026-10-05,Dave,video,18200,1167,31,10,False,German,,"Anzeige | wir unboxen unsere erste HYOJO x POWERPUFF GIRL BLINDBOX 👀😍 Welche wär euer Favorit ? 

#hyojopowerpuffgirls #hyojo #hyojounboxing #blindbox #blindboxunboxing",862f1ec943c26cc373e202d3,https://www.tiktok.com/@dave_mps/video/7681342098473536800
toys/collectibles,Germany,dave_mps,creator,2026-09-03,2026-10-05,Dave,video,30700,1870,92,119,True,German,,"Antwort auf @Bienes_ArtVenture Es geht weiter mit unserem Blumenstrauß aus Knete 👀😍💐

#playdohblooms #bloomsbyplaydoh #spielzeug #Blumen #DIY",6fc2b723cfadeb1cf969b2ed,https://www.tiktok.com/@dave_mps/video/7681315340541824288
toys/collectibles,Germany,dave_mps,creator,2026-09-03,2026-10-05,Dave,video,17600,1367,17,26,False,German,,"Anzeige | MINIVERSE x BRATZ als VINYL?! 💿💖

Die Special Edition ist einfach viel zu cool! 👀
Welche Special Edition  würdet ihr als Nächstes gerne als Vinyl sehen? 💅

#Miniverse #Bratz #BratzDoll #Collectibles #Vinyl",b5c1ac0990a706374c8b3c1e,https://www.tiktok.com/@dave_mps/video/7681276618370747681
toys/collectibles,Germany,dave_mps,creator,2026-09-03,2026-10-05,Dave,video,149100,5680,54,598,True,German,topic not in caption,"2026 wird Blumen Kneten der neuste Trend - Hört auf meine Worte 👀 Blumen 🌷 🌺 🌹 🌼 

#playdohblooms #bloomsbyplaydoh #blumen #blumenstrauß #diy",9868ec9d67092ce3d7ee1ce9,https://www.tiktok.com/@dave_mps/video/7681246628459711776
toys/collectibles,Germany,dave_mps,creator,2026-09-02,2026-10-05,Dave,video,34000,1344,36,9,False,German,,"Antwort auf @Patricia Biereigel 🥷 Die Suche geht weiter - wir öffnen die nächsten Kinder Joy One Piece Eier 👀💃 Wieviele hast du schon gesammelt? 

#onepiece #kinderjoyonepiece #kinderjoy #unboxing #spielzeug",1357ebe918bd6b4b9d5b23bf,https://www.tiktok.com/@dave_mps/video/7680895486219406624
toys/collectibles,Germany,dave_mps,creator,2026-09-02,2026-10-05,Dave,video,20700,1017,53,23,False,German,,"Die Suche nach den restlichen Kinder Joy One Piece Figuren geht weiter .. 👀🧑‍🦯 

#onepiece #kinderjoyonepiece #onepiecekinderjoy #kinderjoyonepiececodes #unboxing",800f543a16b02abf288c3d9f,https://www.tiktok.com/@dave_mps/video/7680983269055221024
toys/collectibles,Germany,dave_mps,creator,2026-09-02,2026-10-05,Dave,video,57200,3466,41,172,True,German,,"Antwort auf @𝑭❦゛ Wo sind meine My Melody Fans ? 👀 Irgendwie war sie hier nicht sonderlich beliebt obwohl der Slime am Ende der Beste war 👀

#guigui #hellokitty #guiguihellokitty #slime #mymelody",2f8d377c33c709bdcc446782,https://www.tiktok.com/@dave_mps/video/7680957749160578337
toys/collectibles,Germany,dave_mps,creator,2026-09-02,2026-10-05,Dave,video,22000,1470,53,23,False,German,,"Anzeige | Bei den little live pets gibt’s schon wieder einen Notfall - diesmal direkt im Doppelpack . Kann jemand den Hamster für mich übernehmen? 🐹🤒

#littlelivepets #ouchie #littlelivepetshamster #spielzeug #spielzeugfürkinder",19ab8e66f09553527802fda0,https://www.tiktok.com/@dave_mps/video/7680927203793718561
toys/collectibles,Germany,dave_mps,creator,2026-09-01,2026-10-05,Dave,video,19800,1325,24,54,False,German,,"Antwort auf @Nici Heute ist Slime Nummer 3 an der Reihe : HELLO KITTY ! 😍😭

#guigui #hellokitty #guiguihellokitty #slime #slimes",b1713b41dcfe33e802362ea1,https://www.tiktok.com/@dave_mps/video/7680587923112070432
toys/collectibles,Germany,dave_mps,creator,2026-09-01,2026-10-05,Dave,video,218500,6326,171,378,True,German,,"Antwort auf @Patricia Biereigel 🥷 Wir wissen immernoch nicht wieviele Kinder Joy One Piece Figuren es zum Sammeln gibt, aber wir sammeln weiter 👀

#kinderjoyonepiece #kinderjoyonepiececodes #kinderjoy #onepiece #unboxing",dbbe75c981967a9514db40e0,https://www.tiktok.com/@dave_mps/video/7680535709450652960
toys/collectibles,Germany,dave_mps,creator,2026-09-01,2026-10-05,Dave,video,23800,1077,18,18,False,German,,"Anzeige | Wie es gibt jetzt einen Miniverse Verkaufsautomaten? 😍😭 Wie genial ist das denn bitte ? 

#miniverse #miniverserealbrands #makeitmini #miniversevendingmachine #spielzeug",67f281421a3d7cfc0890ea70,https://www.tiktok.com/@dave_mps/video/7680518255110311200
toys/collectibles,Germany,dave_mps,creator,2026-08-31,2026-10-05,Dave,video,128800,7170,216,601,True,German,,"Wieviele Kinder Joy One Piece Eier müssen wir öffnen um die Serie voll zu bekommen? 👀 

#kinderjoyonepiece #onepiece #kinderjoy #onepiecekinderjoy #unboxing",031f5af66234ed561ead133e,https://www.tiktok.com/@dave_mps/video/7680229379468692768
toys/collectibles,Germany,dave_mps,creator,2026-08-31,2026-10-05,Dave,video,18300,1316,35,23,False,German,,"Ihr wolltet Kuromi Slime - ihr kriegt Kuromi Slime ! Welchen machen wir als Nächstes ? 

#hellokitty #kuromi #guiguihellokitty #slime #kuromislime",3f8c22fa992b2c00fbe4cc6b,https://www.tiktok.com/@dave_mps/video/7680210876938472737
toys/collectibles,Germany,dave_mps,creator,2026-08-30,2026-10-05,Dave,video,57800,3208,62,154,True,German,,"Antwort auf @RuhrpottPerle ich hätte niemals gedacht das Cinnamoroll Slime  so lecker riecht, sich so schön anfühlt und am Ende auch noch richtig schön aussieht 😍😭✨ 

#guigui #slime #hellokitty #guiguihellokitty #slimes",b518c2baee26ec9c0cabe329,https://www.tiktok.com/@dave_mps/video/7679845935857274144
toys/collectibles,Germany,dave_mps,creator,2026-08-30,2026-10-05,Dave,video,25400,1232,21,62,False,German,,"Anzeige | Wann wollten wir darüber sprechen das es jetzt HARRY POTTER HYOJOS gibt ? 👀🪄✨

#hyojo #harrypotter #harrypotterhyojo #blindbox #blindboxunboxing",4c5e5d426551f985552328a1,https://www.tiktok.com/@dave_mps/video/7679814717728099616
toys/collectibles,Germany,dave_mps,creator,2026-08-29,2026-10-05,Dave,video,12900,1010,24,28,False,English/other,,"Anzeige | Es gibt HELLO KITTY GUI GUI SLIME !!!😍😭 

#hellokitty #guiguihellokitty #guigui #slime #slimes",3222b965067b1b5b2765322f,https://www.tiktok.com/@dave_mps/video/7679467074468482337
toys/collectibles,Germany,dave_mps,creator,2026-08-28,2026-10-05,Dave,video,16300,1795,53,13,False,German,,"Anzeige | ich wollte mal etwas frischen Wind in meine Videos bringen und hab mir bei @Shortys 3DDruck einen XXL MINIVERSE AUTOMATEN bestellt 🥹 Was sagen wir dazu ? 

#miniverse #makeitmini #miniversedeutschland #spielzeug",0583f0e54d92ab558b60b8b2,https://www.tiktok.com/@dave_mps/video/7679067318994963744
toys/collectibles,Germany,dave_mps,creator,2026-08-27,2026-10-05,Dave,video,13800,1111,149,10,False,German,,"Antwort auf @Jasmin Wagener Anzeige | wir öffnen jetzt alle Miniverse Batman Kugeln die ich noch habe ! 👀🧐 

#miniverse #miniversebatman #batman #dccomics #spielzeug",fc650e0ae7b39ed153b03be3,https://www.tiktok.com/@dave_mps/video/7678730188741496097
toys/collectibles,Germany,dave_mps,creator,2026-08-26,2026-10-05,Dave,video,13700,1098,34,6,False,German,,"Antwort auf @RuhrpottPerle Wir suchen nur noch das Batmobil und Drölf Comics 👀 - Soll ich im nächsten Video alle Kugeln auf einmal auspacken ? 😍

#miniverse #miniversebatman #batman #miniaturen #spielzeug",6119de6a4f4c56857ff15399,https://www.tiktok.com/@dave_mps/video/7678360922011782433
toys/collectibles,Germany,dave_mps,creator,2026-08-26,2026-10-05,Dave,video,13300,951,20,22,False,German,,"Antwort auf @Marla Anleitung lesen wird komplett überbewertet oder nicht ? 

#lolsurprise #lolsurprisebubblysurprise #lolsurprisedolls #spielzeug #spielzeugtester",2dc64225f64c5cae7f5c393a,https://www.tiktok.com/@dave_mps/video/7678296480314133792
toys/collectibles,Germany,dave_mps,creator,2026-08-24,2026-10-05,Dave,video,18300,1693,33,14,False,German,,"Was ist da schon wieder angekommen ?! 👀

#miniverse #lolsurprise #unboxing #spielzeug #spielzeugtipps",544d11cb101848ca16ec9dd6,https://www.tiktok.com/@dave_mps/video/7677629688751131936
toys/collectibles,Germany,dave_mps,creator,2026-08-24,2026-10-05,Dave,video,34100,1971,505,130,True,German,,"Heute ist nicht nur DIDDL’s Geburtstag, sondern auch der Release der neuen Diddl Sonderblöcke ! 🎁🥹🕺 

#diddl #diddlisback #diddlblöcke #diddlblock #diddlsammlung",57690d2995a0f1c033e8dfdf,https://www.tiktok.com/@dave_mps/video/7677568160031132961
toys/collectibles,Germany,dave_mps,creator,2026-08-22,2026-10-05,Dave,video,19000,1355,15,10,False,German,,"Antwort auf @Colly0611 Diesmal aber richtig - denn die neuen LOL SURPRISE - BUBBLY SURPRISE SIND EIGENTLICH RICHTIG COOL ! 😍🫧

#lolsurprise #lolsurprisebubblysurprise #lolsurprisedolls #spielzeug #blindboxunboxing",b18ae3b09c881065c2eba2f9,https://www.tiktok.com/@dave_mps/video/7676879041235799329
toys/collectibles,Germany,dave_mps,creator,2026-08-22,2026-10-05,Dave,video,12400,874,55,19,False,German,,"Actionfiguren, die direkt aus der Netflix Live-Action-Adaption von ONE PIECE kommen! 🏴‍☠️🔥
Ruffy, Zoro, Chopper & Wapol sind bereit für ihre nächste Mission – welche Figur ist euer Favorit? 👀

#OnePiece #OnePieceNetflix #moosetoys #Actionfiguren #OnePieceFans",cc7dfa2a14744896f69d67fe,https://www.tiktok.com/@dave_mps/video/7676809915612007713
toys/collectibles,Germany,dave_mps,creator,2026-08-21,2026-10-05,Dave,video,17200,1289,20,5,False,German,,"Mehr hätte gar nicht schief gehen können als in meinem ersten LOL SURPRISE BUBBLY SURPRISE VIDEO 🥹😭 

#lolsurprise #lolsurprisebubblysurprise #lolsurprisedolls #spielzeug #spielzeugtester",fa0263fa3b1cc1ee0d2b5337,https://www.tiktok.com/@dave_mps/video/7676478304819367200
toys/collectibles,Germany,dave_mps,creator,2026-08-20,2026-10-05,Dave,video,22500,1572,183,137,True,German,,"Wir machen uns auf die Suche nach den neuen DIDDL BLÖCKEN !! 👀 

#diddl #diddlmaus #diddlblöcke #diddlneuheiten #diddlisback",b87fe7a5f265b21a9fb12d21,https://www.tiktok.com/@dave_mps/video/7676052993925582113
toys/collectibles,Germany,dave_mps,creator,2026-08-19,2026-10-05,Dave,video,88200,4894,136,2193,True,German,,"Anzeige | ES IST SOWEIT ! 🤯 Die limitierte Diddl Beauty Kollektion ist ab nächste Woche in ausgewählten DM Filialen erhältlich ! 

#diddl #diddlbeauty #diddlisback #dmdrogerie #diddlmaus",af0e335cf165163df29dd523,https://www.tiktok.com/@dave_mps/video/7675765057862569248
toys/collectibles,Germany,dave_mps,creator,2026-08-19,2026-10-05,Dave,video,20700,1992,22,17,False,German,,"Antwort auf @Jasmin Wagener  Krass, krasser - Miniverse BATMAN 🤯😍 Wie cool ist bitte diese Serie 😍

#miniverse #miniversebatman #batman #dccomics",f755da46a6931e8c9bc03213,https://www.tiktok.com/@dave_mps/video/7675744217460755745
toys/collectibles,Germany,dave_mps,creator,2026-08-19,2026-10-05,Dave,video,17700,521,13,3,False,German,,"Anzeige | Ihr durftet entscheiden und wolltet als Nächstes E-MEOW ROCKER sehen 👀😍 

#lolsurprise #lolsurprisedolls #blindbox #blindboxunboxing #spielzeug",5f5a177f714a2e2ba5ecd346,https://www.tiktok.com/@dave_mps/video/7675711939569290529
toys/collectibles,Germany,dave_mps,creator,2026-08-18,2026-10-05,Dave,video,19800,1221,28,9,False,German,,"Antwort auf @👾 Mortis | PS5  Wir haben ein Ziel - Wir suchen Das BAT-SIGNAL 🔎 

#miniverse #batman #miniversebatman #dccomics #dc",a495ad756a54bea7625c3f7d,https://www.tiktok.com/@dave_mps/video/7675308169924545824
toys/collectibles,Germany,dave_mps,creator,2026-08-17,2026-10-05,Dave,video,12800,785,12,5,False,German,,"Antwort auf @izz_chichi DANKE für den Tipp ! Das hab ich wirklich nicht gewusst 👀 

#lolsurprise #lolsurpriseplushie #lolsurprisedoll #lolsurpriseunboxing #spielzeug",409571bce3e7acdb9d55f530,https://www.tiktok.com/@dave_mps/video/7675018737556245793
toys/collectibles,Germany,dave_mps,creator,2026-08-17,2026-10-05,Dave,video,22500,1721,23,21,False,German,,"Antwort auf @Eileen  Hat schon jemand das BAT-SIGNAL aus der neuen Miniverse x Batman Serie gesichtet ? 👀

#miniversebatman #miniverse #miniversedeutschland #batman #dccomics",1e5fe0cc18efd8c11bac85bc,https://www.tiktok.com/@dave_mps/video/7674986480732802336
toys/collectibles,Germany,dave_mps,creator,2026-08-17,2026-10-05,Dave,video,30200,1564,63,153,True,German,,"✨ Mein neues magisches Haustier ist eingezogen! My Magical Dragon von Little Live Pets 🥹🔥

Dieser kleine Drache ist einfach zu süß und steckt voller magischer Überraschungen! 🪽✨ Perfekt für alle, die schon immer ihren eigenen kleinen Drachen haben wollten. 🐲💜

Würdet ihr euch auch einen magischen Drachen als Haustier holen? 👀

#MyMagicalDragon #LittleLivePets #Geschenkidee #spielzeugtipps #moosetoys",4fa9757f463c57f77376982e,https://www.tiktok.com/@dave_mps/video/7674944522731736352
toys/collectibles,Germany,dave_mps,creator,2026-08-16,2026-10-05,Dave,video,36700,2623,30,75,False,German,,"Antwort auf @Marla Ihr wolltet Batman - ihr bekommt Batman (in Mini 🤏🏻) 

#miniverse #makeitmini #miniversebatman #batman #miniversedeutschland",5fcd2184adca30d6bd5e12dd,https://www.tiktok.com/@dave_mps/video/7674675062724726049
toys/collectibles,Germany,dave_mps,creator,2026-08-15,2026-10-05,Dave,video,78800,4978,242,112,True,German,,"Antwort auf @tinaadmirable  티나 Sowas hab ich in meinem ganzen Leben noch NIE erlebt … 😭 

#squishmallow #squishmallowslime #slime #slimes #blindbag",ea2a054ea1d9b619870a4bfe,https://www.tiktok.com/@dave_mps/video/7674292112875343137
toys/collectibles,Germany,dave_mps,creator,2026-08-15,2026-10-05,Dave,video,88300,6422,539,57,True,German,,"XXL MINIVERSE HAUL (und irgendwie könnt ihr hier mehr abstauben als ich)  🥹😂👀 

#miniverse #miniversedeutschland #makeitmini #unboxing #miniversehaul",3174dbcf470fd829beaea8e7,https://www.tiktok.com/@dave_mps/video/7674246946571242784
toys/collectibles,Germany,dave_mps,creator,2026-08-14,2026-10-05,Dave,video,34400,2319,78,13,False,German,,"Wir vergrößern mein Museum 🎭 👀 

#miniverse #miniversedeutschland",3674b12d76e754d79885bd37,https://www.tiktok.com/@dave_mps/video/7673937245904096545
toys/collectibles,Germany,dave_mps,creator,2026-08-14,2026-10-05,Dave,video,20600,1240,22,7,False,German,,"Antwort auf @maggie  wer hat denn auch mit nicht blinden LOL SURPRISE Blindboxen gerechnet ?! 🤷‍♂️👀

#lolsurprise #blindbox #blindboxunboxing #lolsurprisedolls  #lolsurpriseplushsurprise",e51ed7f21ce8661c02f859b5,https://www.tiktok.com/@dave_mps/video/7673860229573987616
toys/collectibles,Germany,dave_mps,creator,2026-08-14,2026-10-05,Dave,video,96500,3620,52,40,False,German,,"Antwort auf @stella Das ist der LETZTE K-POP Demon Hunters Slime und DERPY gefällt mir tatsächlich auch am aller Besten! Welcher Slime ist euer Favorit ? 

#guigui #derpy #slimes #kpopdemonhunter #demonhunter",7727a3a5f82a67374305b8c4,https://www.tiktok.com/@dave_mps/video/7673818580726680864
toys/collectibles,Germany,dave_mps,creator,2026-08-13,2026-10-05,Dave,video,38200,2504,41,30,False,German,,"Antwort auf @Jasmin Wagener Anzeige | ES gibt LOL SURPRISE BLINDBOXEN ?! 🤯😍😭 Eins steht fest , ich brauche sie ALLE !! 

#lolsurprise #lolsurpriseblindbox #blindboxunboxing #lolsurprisedolls #plushpendant",04d2b7c3b57bd1e7d9a7c299,https://www.tiktok.com/@dave_mps/video/7673534546217897249
toys/collectibles,Germany,dave_mps,creator,2026-08-13,2026-10-05,Dave,video,67100,2735,310,25,True,German,,"Antwort auf @Lea Anzeige | Man wird doch wohl im Jahr 2026 noch einen Namen verwechseln dürfen, ODER ?! 👀🤯 

#guigui #demonhunters #kpop #slime #kpopdemonshunters",8bcc3b3219ccd66c0de637fa,https://www.tiktok.com/@dave_mps/video/7673495709039086880
toys/collectibles,Germany,dave_mps,creator,2026-08-12,2026-10-05,Dave,video,94800,3835,637,104,True,German,,"Antwort auf @Eme007🇮🇹 Ihr wolltet Zoey - IHR KRIEGT ZOEY ! 💃😍 Welchen GUI GUI SLIME machen wir als Nächstes ? Derpi oder Mira ? 

#guigui  #kpopdemonshunters #demonhunters #slime #slimes",2e978b7b56358e23d9bcb454,https://www.tiktok.com/@dave_mps/video/7673091713879100704
toys/collectibles,Germany,dave_mps,creator,2026-08-11,2026-10-05,Dave,video,83000,3441,91,254,True,German,,"Anzeige  | Ich hab endlich ALLE 4 K POP DEMON HUNTERS GUI GUI Slimes gefunden 👀 Welchen sollen wir als Nächstes öffnen ? 

#demonhunters #kpopdemonhunter #demonhunter #guigui #slime",a4b45f0b9ac9e9be12ee6fee,https://www.tiktok.com/@dave_mps/video/7672755353179688224
toys/collectibles,Germany,dave_mps,creator,2026-08-10,2026-10-05,Dave,video,14200,848,61,15,False,German,,"Wir sortieren weiter und weiter - Die Sammlung wird größer und größer.  👀 

#diddl #diddlisback #diddlsammlung #diddlblätter #diddlblöcke",204318b18439a8cd607c886b,https://www.tiktok.com/@dave_mps/video/7672459783529663777
toys/collectibles,Germany,dave_mps,creator,2026-08-09,2026-10-05,Dave,video,21800,1334,38,6,False,German,,"Ich hoffe er hat recht mit dem was er vorhergesagt hat. Was sagen wir dazu ? 👀

#spielzeug #slime #slimestory #slimetok #slime",ec13892e0e347fb77c31edc8,https://www.tiktok.com/@dave_mps/video/7672040818303094049
toys/collectibles,Germany,dave_mps,creator,2026-08-08,2026-10-05,Dave,video,24400,1135,52,51,False,German,topic not in caption,"Red Bull Gletschereis-Himbeere ? 🤯👀 Darauf haben wir alle gewartet oder ? 😭😍

 #redbull #redbullgletschereishimbeere #redbullglacieredition #redbullneuheit",fc6192d5e3a002dc64353943,https://www.tiktok.com/@dave_mps/video/7671741653492698401
toys/collectibles,Germany,dave_mps,creator,2026-08-08,2026-10-05,Dave,video,63400,5856,179,62,True,German,,"Antwort auf @pferdemaedchen00 Anzeige | Das ist das große LOL x HARRY POTTER FINALE und er möchte einfach aufs KLO 🧻 gehen ?! 🤯👀 

#lolsurprise #lolsurpriseharrypotter #harrypotter #lolsurprisedolls #lolsurpriseunboxing",feeaa2b60f893f14bb217e89,https://www.tiktok.com/@dave_mps/video/7671664284870528289
toys/collectibles,Germany,dave_mps,creator,2026-08-07,2026-10-05,Dave,video,20900,1125,53,18,False,German,,Wir unboxen gemeinsam meine größte und seltenste ✨ Diddl Investition ✨ 👀 #diddlisback #diddlsammlung #diddlblätter #diddlbeauty #diddlunboxing,640fd0193d57b1ecb58739aa,https://www.tiktok.com/@dave_mps/video/7671320430329761056
toys/collectibles,Germany,dave_mps,creator,2026-08-07,2026-10-05,Dave,video,107600,6902,550,112,True,German,,"Antwort auf @Michelle Anzeige | Es kann doch nicht so schwer sein die letzten beiden LOL SURPRISE X HARRY POTTER PUPPEN zu finden, oder !? 👀 ✨ 🪄 

#lolsurprise #lolsurprisedolls #lolsurpriseunboxing #harrypotter #lolsurpriseharrypotter",259e53a0261dda535bdad1d2,https://www.tiktok.com/@dave_mps/video/7671278401034013984
toys/collectibles,DE/AT unclear,jessikunterbunt,creator,2026-10-05,2026-10-05,Jessi💛✨🌕,video,19000,1308,360,13,False,hashtags only,,#schatzkistenmontag #spielzeugtester #unboxing #viral #blindbox,95df5aeec46872810b105956,https://www.tiktok.com/@jessikunterbunt/video/7693203019567058198
toys/collectibles,DE/AT unclear,jessikunterbunt,creator,2026-10-04,2026-10-05,Jessi💛✨🌕,video,29700,2352,56,16,False,hashtags only,,#spielzeugtester #jessikunterbunt #unboxing #viral #hellokitty,f01c34a1b8ede63f3efa7c4a,https://www.tiktok.com/@jessikunterbunt/video/7692827909668523286
toys/collectibles,DE/AT unclear,jessikunterbunt,creator,2026-10-01,2026-10-05,Jessi💛✨🌕,video,100100,4241,102,57,False,hashtags only,,#spielzeugtester #jessikunterbunt #unboxing #viral #dumplings,a44c9c6318e70090271e3e28,https://www.tiktok.com/@jessikunterbunt/video/7691720664776133891
toys/collectibles,DE/AT unclear,jessikunterbunt,creator,2026-09-30,2026-10-05,Jessi💛✨🌕,video,14600,862,17,23,False,hashtags only,,#spielzeugtester #jessikunterbunt #unboxing #viral #kodak,74fd7ed417b0074045256ee2,https://www.tiktok.com/@jessikunterbunt/video/7691326013854223639
toys/collectibles,DE/AT unclear,jessikunterbunt,creator,2026-09-28,2026-10-05,Jessi💛✨🌕,video,22900,2070,159,23,False,hashtags only,,#spielzeugtester #jessikunterbunt #unboxing #viral #schatzkistenmontag,b7865c7c6d5083ad66f9dc1c,https://www.tiktok.com/@jessikunterbunt/video/7690599482471288086
toys/collectibles,DE/AT unclear,jessikunterbunt,creator,2026-09-27,2026-10-05,Jessi💛✨🌕,video,7862,461,13,5,False,hashtags only,,#slime #spielzeugtester #unboxing #jessikunterbunt #viral,615640b4c6ef58707145abfe,https://www.tiktok.com/@jessikunterbunt/video/7690204616293682454
toys/collectibles,DE/AT unclear,jessikunterbunt,creator,2026-09-24,2026-10-05,Jessi💛✨🌕,video,14400,970,36,24,False,German,,"Manchmal sind es genau diese kleinen Momente, die man am liebsten für immer festhalten möchte. 🥹🎃🤎/Werbung

Mit der Instant Color Printing Camera von @CANAL TOYS DEUTSCHLAND können die schönsten Erinnerungen direkt vor Ort ausgedruckt werden. 📸✨ Die Kamera beinhaltet bereits eine Farbpatrone und kommt außerdem mit 100 Bildern, perfekt, um sofort loszulegen und ganz viele besondere Augenblicke festzuhalten.🥰

Wir haben die Gelegenheit natürlich direkt genutzt und unseren allerersten Besuch auf dem Kürbishof mit Baby Kunterbunt verewigt. 🎃👶🏼🤎 Eine Erinnerung, die für uns ganz besonders ist und die wir jetzt nicht nur auf dem Handy, sondern auch direkt als Foto in den Händen halten können.🥰 

#jessikunterbunt #unboxing #spielzeugtester #viral #canaltoys",bcc2dcada04518b05d99d9fc,https://www.tiktok.com/@jessikunterbunt/video/7689124394026683670
toys/collectibles,DE/AT unclear,jessikunterbunt,creator,2026-09-23,2026-10-05,Jessi💛✨🌕,video,57800,2659,46,46,False,hashtags only,,#jessikunterbunt #unboxing #spielzeugtester #squishys #viral,788bdb1cf02f77c76253458c,https://www.tiktok.com/@jessikunterbunt/video/7688739508719717654
toys/collectibles,DE/AT unclear,jessikunterbunt,creator,2026-09-20,2026-10-05,Jessi💛✨🌕,video,154100,7140,106,318,True,hashtags only,,#jessikunterbunt #unboxing #spielzeugtester #blindbox #viral @Actionosterreich,4134c3d7a97e25b06d1f3ac3,https://www.tiktok.com/@jessikunterbunt/video/7687630291896110358
toys/collectibles,DE/AT unclear,jessikunterbunt,creator,2026-09-19,2026-10-05,Jessi💛✨🌕,video,92500,6614,354,56,False,hashtags only,,#jessikunterbunt #unboxing #spielzeugtester #blindbox #disney,89ea15af9ed0a292c5b3154b,https://www.tiktok.com/@jessikunterbunt/video/7687260192387370262
toys/collectibles,DE/AT unclear,jessikunterbunt,creator,2026-09-18,2026-10-05,Jessi💛✨🌕,video,30900,1484,92,85,False,hashtags only,,#jessikunterbunt #unboxing #spielzeugtester #pokemon #adventcalendar,7ae684ff3f14d6375332e9e1,https://www.tiktok.com/@jessikunterbunt/video/7686836618174401814
toys/collectibles,DE/AT unclear,jessikunterbunt,creator,2026-09-16,2026-10-05,Jessi💛✨🌕,video,17900,1245,29,28,False,hashtags only,,#jessikunterbunt #unboxing #spielzeugtester #blindbox #viral @Actionosterreich,b75b283d869f4960771e4e57,https://www.tiktok.com/@jessikunterbunt/video/7686155827262229762
toys/collectibles,DE/AT unclear,jessikunterbunt,creator,2026-09-14,2026-10-05,Jessi💛✨🌕,video,38000,2833,590,15,True,hashtags only,,#jessikunterbunt #unboxing #spielzeugtester #blindbox #schatzkistenmontag,fde8f5609e2170875b1ceeac,https://www.tiktok.com/@jessikunterbunt/video/7685424149279329558
toys/collectibles,DE/AT unclear,jessikunterbunt,creator,2026-09-14,2026-10-05,Jessi💛✨🌕,video,80200,7424,144,2426,True,hashtags only,,#jessikunterbunt #unboxing #spielzeugtester #blindbox #viral,0e6ddf02e6ed5429b6befc27,https://www.tiktok.com/@jessikunterbunt/video/7685361717991181590
toys/collectibles,DE/AT unclear,jessikunterbunt,creator,2026-09-13,2026-10-05,Jessi💛✨🌕,video,72700,4730,159,399,True,hashtags only,,#jessikunterbunt #unboxing #spielzeugtester #blindbox #kunterbunt,f78394f5ce42caf6ab227218,https://www.tiktok.com/@jessikunterbunt/video/7685047486867672342
toys/collectibles,DE/AT unclear,jessikunterbunt,creator,2026-09-12,2026-10-05,Jessi💛✨🌕,video,50800,2568,76,116,False,hashtags only,,#jessikunterbunt #unboxing #spielzeugtester #blindbox #viral,47a4faa8f89f7b36a87594db,https://www.tiktok.com/@jessikunterbunt/video/7684662069638991126
toys/collectibles,DE/AT unclear,jessikunterbunt,creator,2026-09-09,2026-10-05,Jessi💛✨🌕,video,26100,1797,58,28,False,hashtags only,,#jessikunterbunt #unboxing #spielzeugtester #blindbox #disney,6f2647c22081dc0f9ff321c0,https://www.tiktok.com/@jessikunterbunt/video/7683565603818376470
toys/collectibles,DE/AT unclear,jessikunterbunt,creator,2026-09-09,2026-10-05,Jessi💛✨🌕,video,16400,1363,88,2,False,English/other,,"so proud😭🌈🥹❤️ 

#jessikunterbunt #unboxing #spielzeugtester #100kfollower #viral",c6a7934e1fa1b027f766a34d,https://www.tiktok.com/@jessikunterbunt/video/7683536096126438658
toys/collectibles,DE/AT unclear,jessikunterbunt,creator,2026-09-07,2026-10-05,Jessi💛✨🌕,video,41200,3081,259,26,False,hashtags only,,#schatzkistenmontag #jessikunterbunt #unboxing #spielzeugtester #viral,03767285e422a7c788f3325e,https://www.tiktok.com/@jessikunterbunt/video/7682814314314501398
toys/collectibles,DE/AT unclear,jessikunterbunt,creator,2026-09-03,2026-10-05,Jessi💛✨🌕,video,16300,939,74,17,False,German,,"Werbung / Kreativ werden & einfach drauflos gestalten ✨🩷 Mit der Keychain Factory von @CANAL TOYS DEUTSCHLAND könnt ihr eure ganz individuellen Anhänger kreieren und das mit über 250 Accessoires 😍🌈✨ Und die coolen Aqua Charms sorgen noch für das gewisse Extra 💦💖

#jessikunterbunt #viral #spielzeugtester #unboxing #couplegoals",5f2cc44949aba1c2ffda79b1,https://www.tiktok.com/@jessikunterbunt/video/7681337321781792022
toys/collectibles,DE/AT unclear,jessikunterbunt,creator,2026-09-01,2026-10-05,Jessi💛✨🌕,video,86600,4829,88,91,False,hashtags only,,#jessikunterbunt #viral #spielzeugtester #unboxing #couplegoals,06f87662f99b5df773f15b61,https://www.tiktok.com/@jessikunterbunt/video/7680589766978440470
toys/collectibles,DE/AT unclear,jessikunterbunt,creator,2026-08-27,2026-10-05,Jessi💛✨🌕,video,80700,5570,95,135,False,English/other,,"🤣🤣🤣🤣 

#jessikunterbunt #viral #spielzeugtester #unboxing #couplegoals",40ba8a2157bbde37e8a1c601,https://www.tiktok.com/@jessikunterbunt/video/7678712671839063318
toys/collectibles,DE/AT unclear,jessikunterbunt,creator,2026-08-24,2026-10-05,Jessi💛✨🌕,video,40200,3040,324,12,False,hashtags only,,#jessikunterbunt #viral #spielzeugtester #unboxing #schatzkistenmontag,f71422612086784164006576,https://www.tiktok.com/@jessikunterbunt/video/7677628793254661379
toys/collectibles,DE/AT unclear,jessikunterbunt,creator,2026-08-17,2026-10-05,Jessi💛✨🌕,video,47600,3481,327,14,False,English/other,,"Schatzkisten-Montag🥰🌈❤️💛 

#jessikunterbunt #spielzeugtester #unboxing #blindbox #schatzkistenmontag",7164b13fdb5d959f3c8db515,https://www.tiktok.com/@jessikunterbunt/video/7675017628137573654
toys/collectibles,DE/AT unclear,jessikunterbunt,creator,2026-08-13,2026-10-05,Jessi💛✨🌕,video,143700,5792,143,167,True,German,,wir suchen Angry Andy🥹❤️ / Werbung @EGGY & FRIENDS #jessikunterbunt #spielzeugtester #unboxing #blindbox #mysterylights,529bc0b8b069f55790704086,https://www.tiktok.com/@jessikunterbunt/video/7673536898186480918
toys/collectibles,DE/AT unclear,jessikunterbunt,creator,2026-08-09,2026-10-05,Jessi💛✨🌕,video,77100,5476,138,80,False,English/other,,3 Jahre❤️ #jessikunterbunt #spielzeugtester #unboxing #blindbox #snackles,3b36fd54cb623ff297fab078,https://www.tiktok.com/@jessikunterbunt/video/7672043879251627286
toys/collectibles,DE/AT unclear,jessikunterbunt,creator,2026-08-08,2026-10-05,Jessi💛✨🌕,video,25300,736,15,6,False,English/other,,😅 #jessikunterbunt #spielzeugtester #couplegoals #gamefortwo,cd69e83e54c0284b2a2db33c,https://www.tiktok.com/@jessikunterbunt/video/7671657983490673942
toys/collectibles,DE/AT unclear,jessikunterbunt,creator,2026-08-07,2026-10-05,Jessi💛✨🌕,video,257500,9158,182,1275,True,English/other,,Part 4💛 #jessikunterbunt #spielzeugtester #unboxing #disney #blindbox,3c4d6532d9142eec66270eab,https://www.tiktok.com/@jessikunterbunt/video/7671289081455709462
toys/collectibles,Germany,sabrinasammer,creator,2026-10-05,2026-10-05,✨SuSa✨,video,4051,164,11,14,False,English/other,,Glitzer Squishy Stich 💙 Serie 2 😍 #stitch #squishy #blindbox #liloandstitch #unboxingtoys,ef49c5dcafdd02ac9f758ed3,https://www.tiktok.com/@sabrinasammer/video/7693203482534251798
toys/collectibles,Germany,sabrinasammer,creator,2026-10-02,2026-10-05,✨SuSa✨,video,5848,239,18,13,False,German,,Antwort auf @Michelle ✨SuSa✨ Findet ihr Serie 1 oder Serie 2 besser 😅? #squishies #action #bears #unbox #blindbag,2b6f8f831bf3e897a880d9df,https://www.tiktok.com/@sabrinasammer/video/7692114976361762070
toys/collectibles,Germany,sabrinasammer,creator,2026-09-30,2026-10-05,✨SuSa✨,video,4241,235,17,34,False,English/other,,Horror Keychains 👻 von @FunkoEurope 😍🎃 #halloween #spooky #funko #mysterybag #keychain,47982dac9b1950a535bef31e,https://www.tiktok.com/@sabrinasammer/video/7691377609774533910
toys/collectibles,Germany,sabrinasammer,creator,2026-09-27,2026-10-05,✨SuSa✨,video,24800,974,21,222,True,German,,"Designer Bären Squishy um € 1.19,- bei Action 🐻😍 #squishy #bear #unbox #blindbag #design",031c4cc7d8becdb2b3ef60a0,https://www.tiktok.com/@sabrinasammer/video/7690275477046512918
toys/collectibles,Germany,sabrinasammer,creator,2026-09-25,2026-10-05,✨SuSa✨,video,59600,5373,61,1533,True,German,,🎃👻 Halloween Hello Kitty Blindboxen 🩷 wie findet ihr die? #hellokitty #halloween #blindbox #unbox,762ca04268b5daa9eb434556,https://www.tiktok.com/@sabrinasammer/video/7689525559566781718
toys/collectibles,Germany,sabrinasammer,creator,2026-09-22,2026-10-05,✨SuSa✨,video,11100,475,119,29,True,German,topic not in caption,Essence Care Bears 🐻🩷… wer möchte was haben? #essence #carebears #dm #edition #gewinnspiel,954b4012804439fc87d20780,https://www.tiktok.com/@sabrinasammer/video/7688348363032464662
toys/collectibles,Germany,sabrinasammer,creator,2026-09-21,2026-10-05,✨SuSa✨,video,9018,439,8,24,False,English/other,,Halloween Squishmallows 🎃 #mysterysquad #squishmallows #blindbox #new #halloween,68c32545e52eabb64250a2a6,https://www.tiktok.com/@sabrinasammer/video/7688049199107050774
toys/collectibles,Germany,sabrinasammer,creator,2026-09-19,2026-10-05,✨SuSa✨,video,8663,351,34,21,False,German,,Wie süß ist der Blush bitte? 🥺 & Gewinnspiel 😍 #blindbox #makeup #tedi #unbox #mysterybag,c6674c913da9b6a26886e939,https://www.tiktok.com/@sabrinasammer/video/7687285141911145750
toys/collectibles,Germany,sabrinasammer,creator,2026-09-15,2026-10-05,✨SuSa✨,video,2800,141,2,0,False,English/other,topic not in caption,‼️ #mood #pause #vacation #boat #chill,46a05ff65c1d2264e7819975,https://www.tiktok.com/@sabrinasammer/video/7685779429036985622
toys/collectibles,Germany,sabrinasammer,creator,2026-09-13,2026-10-05,✨SuSa✨,video,47600,1854,39,333,True,English/other,,"€ 3,99,- Snackles bei Action 😍😱 #snackles #mysterybag #action #blindbag #unbox",9f331cdc791e2ce52b3c4c26,https://www.tiktok.com/@sabrinasammer/video/7685076421290528002
toys/collectibles,Germany,sabrinasammer,creator,2026-09-12,2026-10-05,✨SuSa✨,video,3156,115,3,1,False,English/other,topic not in caption,🌴🍹 #trip #sardegna #vacation #girls,b041999a3318269821a473e6,https://www.tiktok.com/@sabrinasammer/video/7684663812305210646
toys/collectibles,Germany,sabrinasammer,creator,2026-09-10,2026-10-05,✨SuSa✨,video,2074,115,11,1,False,German,,Wie findet ihr die? 😅😍 #sonnyangel #unbox #sardinien #mysterybag #blindbox,1305aa5cd5f16b8494548d3b,https://www.tiktok.com/@sabrinasammer/video/7683850236103560470
toys/collectibles,Germany,sabrinasammer,creator,2026-09-07,2026-10-05,✨SuSa✨,video,2538,90,10,6,False,English/other,topic not in caption,"I came for the turquoise water. I stayed for the jewelry. 😂💎 
At Cala Brandinchi #sardinia #shopping #boat #jewelry #beach",0246e085787190b5a519ee71,https://www.tiktok.com/@sabrinasammer/video/7682839403684711702
toys/collectibles,Germany,sabrinasammer,creator,2026-09-05,2026-10-05,✨SuSa✨,video,4149,243,23,5,False,German,,Wer möchte einen haben? Schreibt 🦄 Einhorn oder K-Pop in die Kommentare 😍🫶🏽 #squishy #einhorn #kpop #unbox #sardinia,ba59816aca0535578d598dc9,https://www.tiktok.com/@sabrinasammer/video/7682098695432834306
toys/collectibles,Germany,sabrinasammer,creator,2026-09-03,2026-10-05,✨SuSa✨,video,5026,280,18,29,False,German,,Mini Rucksäcke Hello Kitty 😳🩷 & Gewinnspiel #bagcharm #hellokitty #mysterybag #gewinnspiel #unbox,9496e2f10ae467868dc459cd,https://www.tiktok.com/@sabrinasammer/video/7681371547193412866
toys/collectibles,Germany,sabrinasammer,creator,2026-08-31,2026-10-05,✨SuSa✨,video,4404,247,13,17,False,German,,"Neue Disney Squishmallows Mystery Squad 😍✨ 
Wer möchte eine haben? Ich verlose beide unter dem Video. Liken & kommentieren 🎉 #disney #squishmallows #mysterybag #unbox",d3611ecde1621a5da3132f7d,https://www.tiktok.com/@sabrinasammer/video/7680260541725674774
toys/collectibles,Germany,sabrinasammer,creator,2026-08-29,2026-10-05,✨SuSa✨,video,22000,1743,16,409,True,English/other,,Duftende Hello Kitty 💤 Schlafedition 🩷 #squishmallows  #hellokitty #mysterysquad #blindbag #mysterybag,bc62e497dfcb9df0b094294a,https://www.tiktok.com/@sabrinasammer/video/7679522447217003798
toys/collectibles,Germany,sabrinasammer,creator,2026-08-27,2026-10-05,✨SuSa✨,video,19100,958,50,72,False,German,,Geht es noch niedlicher? #blindbox #nooknooks #unbox #mysterybox,469f654700ada590cbe86962,https://www.tiktok.com/@sabrinasammer/video/7678760484945906966
toys/collectibles,Germany,sabrinasammer,creator,2026-08-23,2026-10-05,✨SuSa✨,video,12000,505,25,29,False,German,,Antwort auf @Kati🌷(✨SuSa✨) Part 2 Kinder Joy mit Funko One Piece Figuren… soll ich weiterhin abwiegen? 😅 #kinderjoy #onepiece #unboxings #blindbox #kinderüberraschung,6d478e5936e5ada553163aec,https://www.tiktok.com/@sabrinasammer/video/7677268574615997718
toys/collectibles,Germany,sabrinasammer,creator,2026-08-21,2026-10-05,✨SuSa✨,video,38600,1700,79,401,True,German,,"€ 3,- Fugglers bei Tedi 😍… was sagt ihr zu meiner Ausbeute? #fugglers #blindbags #tedi #unbox #spielzeug",e749e79c5ead337b7989b46d,https://www.tiktok.com/@sabrinasammer/video/7676538403332328727
toys/collectibles,Germany,sabrinasammer,creator,2026-08-19,2026-10-05,✨SuSa✨,video,140900,8582,141,2685,True,English/other,,Funko Pop One Piece Figuren 🏴‍☠️ #kinderjoy #onepiece #funkopop #unbox #ruffy,bab63d6b221c05be5c124e18,https://www.tiktok.com/@sabrinasammer/video/7675799731167071510
toys/collectibles,Germany,sabrinasammer,creator,2026-08-18,2026-10-05,✨SuSa✨,video,9192,407,14,17,False,English/other,,Glitzer Squishmallows 😳? #mysterybag #blindbag #squishmallows #glitter #unbox,c99b691e6816355d75ac0373,https://www.tiktok.com/@sabrinasammer/video/7675414377239022870
toys/collectibles,Germany,sabrinasammer,creator,2026-08-16,2026-10-05,✨SuSa✨,video,5718,304,28,11,False,German,,Antwort auf @Susanna Wir suchen die Milchtüte 🥛… #snackles #blindbox #keychain #unboxingvideo,2d7082efd809e1d5eda2ed5d,https://www.tiktok.com/@sabrinasammer/video/7674647766861303043
toys/collectibles,Germany,sabrinasammer,creator,2026-08-14,2026-10-05,✨SuSa✨,video,28100,715,54,22,False,German,,Antwort auf @Susanna Part 3 Disney Ü-Eier ✨ #disney #üei #überraschungsei #kinder #unbox,7dc69e28b91c2aa61fdba31a,https://www.tiktok.com/@sabrinasammer/video/7673914944873696534
toys/collectibles,Germany,sabrinasammer,creator,2026-08-11,2026-10-05,✨SuSa✨,video,98300,4368,61,522,True,German,,Antwort auf @Sandy Carp-Sweet wir brauchen noch die goldenen Dinos 🙈 #pawpatrol #blindbag #lidl #mysterybag #unbox,77b3bed5d0c8dde6d618bcfd,https://www.tiktok.com/@sabrinasammer/video/7672833314562100502
toys/collectibles,Germany,sabrinasammer,creator,2026-08-09,2026-10-05,✨SuSa✨,video,191900,5021,139,1040,True,German,,"€ 1,29,- bei Lidl - Paw Patrol Blindbags 😉! Finden wir nen goldenen 🦕 Dino? #pawpatrol #lidl #blindbag #sammeln #umbox",d3889d0150a19a451a0b4624,https://www.tiktok.com/@sabrinasammer/video/7672067659839884547
toys/collectibles,Germany,sabrinasammer,creator,2026-08-08,2026-10-05,✨SuSa✨,video,6806,320,23,25,False,English/other,,€ 5.- Blindboxen bei TEDi & Gewinnspiel #hellokitty #blindbox #mysterybag #toys #unboxingtoys,85b04e633f8dfbc880f9cfae,https://www.tiktok.com/@sabrinasammer/video/7671729123752201494
handbags,Germany,alina_dorn,creator,2026-09-29,2026-10-05,alina_dorn,video,308,10,0,0,False,hashtags only,topic not in caption,#viral #gg #emblem #furdichseite,880c7b7c0f9623f33261eab1,https://www.tiktok.com/@alina_dorn/video/7690966781770485024
handbags,Germany,alina_dorn,creator,2026-09-27,2026-10-05,alina_dorn,video,3842,157,0,4,False,German,topic not in caption,Nur für kurze Zeit + Gratisversand!,427f6413482eb7269956a725,https://www.tiktok.com/@alina_dorn/video/7690238264321510678
handbags,Germany,alina_dorn,creator,2026-09-27,2026-10-05,alina_dorn,video,3311,88,0,0,False,German,topic not in caption,Nur für kurze Zeit + Gratisversand!,681b16e3ec79a32768696396,https://www.tiktok.com/@alina_dorn/video/7690238263331671318
handbags,Germany,alina_dorn,creator,2026-09-27,2026-10-05,alina_dorn,video,10400,566,0,9,True,German,topic not in caption,Nur für kurze Zeit + Gratisversand!,8d3df28b9bd60724c6ec48b9,https://www.tiktok.com/@alina_dorn/video/7690238263331654934
handbags,Germany,alina_dorn,creator,2026-09-27,2026-10-05,alina_dorn,video,1442,23,0,0,False,German,topic not in caption,Nur für kurze Zeit + Gratisversand!,3139525a463ec9c83e370957,https://www.tiktok.com/@alina_dorn/video/7690225453042322710
handbags,Germany,alina_dorn,creator,2026-09-27,2026-10-05,alina_dorn,video,20000,195,0,9,True,German,topic not in caption,Nur für kurze Zeit + Gratisversand!,e3bb72b49f3931017cb460ab,https://www.tiktok.com/@alina_dorn/video/7690216956552662294
handbags,Germany,alina_dorn,creator,2026-09-25,2026-10-05,alina_dorn,video,5131,175,1,3,False,German,topic not in caption,Heute 10 % Rabatt + kostenloser Versand!,84cea566d1831c6f6e3a7de2,https://www.tiktok.com/@alina_dorn/video/7689572213611056406
handbags,Germany,alina_dorn,creator,2026-09-25,2026-10-05,alina_dorn,video,8157,191,0,31,True,German,topic not in caption,Heute 10 % Rabatt + kostenloser Versand!,4997d46daf1211079d59b37d,https://www.tiktok.com/@alina_dorn/video/7689566205119630614
handbags,Germany,alina_dorn,creator,2026-09-25,2026-10-05,alina_dorn,video,4505,182,1,1,False,German,topic not in caption,Heute 10 % Rabatt + kostenloser Versand!,8ff6d2b4d2eed17d4e49421e,https://www.tiktok.com/@alina_dorn/video/7689566205476146454
handbags,Germany,alina_dorn,creator,2026-09-25,2026-10-05,alina_dorn,video,2213,56,1,3,False,German,topic not in caption,Heute 10 % Rabatt + kostenloser Versand!,b911c8c02d12b3cf2f24222d,https://www.tiktok.com/@alina_dorn/video/7689566205476130070
handbags,Germany,alina_dorn,creator,2026-09-25,2026-10-05,alina_dorn,video,1700,16,0,0,False,German,topic not in caption,Nur für kurze Zeit + Gratisversand!,0529876fef9057fdb4b6526d,https://www.tiktok.com/@alina_dorn/video/7689523378192944406
handbags,Germany,alina_dorn,creator,2026-09-25,2026-10-05,alina_dorn,video,41100,500,2,25,True,German,topic not in caption,Nur für kurze Zeit + Gratisversand!,2bbe3c624e3ec0a11c22e249,https://www.tiktok.com/@alina_dorn/video/7689523373709331734
handbags,Germany,alina_dorn,creator,2026-09-25,2026-10-05,alina_dorn,video,17200,151,0,12,False,German,topic not in caption,Nur für kurze Zeit + Gratisversand!,d280df5ea4b580bcd9685f44,https://www.tiktok.com/@alina_dorn/video/7689523378192977174
handbags,Germany,alina_dorn,creator,2026-09-25,2026-10-05,alina_dorn,video,6304,41,0,0,False,German,topic not in caption,Nur für kurze Zeit + Gratisversand!,de72788e4f0787ba500e40f5,https://www.tiktok.com/@alina_dorn/video/7689523379929353494
handbags,Germany,alina_dorn,creator,2026-09-25,2026-10-05,alina_dorn,video,10200,87,0,2,False,German,topic not in caption,Nur für kurze Zeit + Gratisversand!,67949ab627de0d5f0d84360b,https://www.tiktok.com/@alina_dorn/video/7689521810978753814
handbags,Germany,alina_dorn,creator,2026-09-25,2026-10-05,alina_dorn,video,5458,53,0,0,False,German,topic not in caption,Nur für kurze Zeit + Gratisversand!,d6652b4283fc1651ded478ff,https://www.tiktok.com/@alina_dorn/video/7689521819711180054
handbags,Germany,alina_dorn,creator,2026-09-24,2026-10-05,alina_dorn,video,2876,115,0,3,False,German,,Tasche von Designers + -10% heute,4d639c8d7e07db3743cdcda8,https://www.tiktok.com/@alina_dorn/video/7689079819597843734
handbags,Germany,alina_dorn,creator,2026-09-24,2026-10-05,alina_dorn,video,14800,833,0,15,True,German,,Tasche von Designers + -10% heute,5cdd6792c26cf360938f275b,https://www.tiktok.com/@alina_dorn/video/7689079818813525270
handbags,Germany,alina_dorn,creator,2026-09-24,2026-10-05,alina_dorn,video,76700,1019,1,155,True,German,,Tasche von Designers + -10% heute,90f2218b94ac58bf8672b197,https://www.tiktok.com/@alina_dorn/video/7689079819597827350
handbags,Germany,alina_dorn,creator,2026-09-24,2026-10-05,alina_dorn,video,3199,84,0,0,False,German,,Tasche von Designers + -10% heute,92004586d32f1a136188f150,https://www.tiktok.com/@alina_dorn/video/7689079818440215830
handbags,Germany,alina_dorn,creator,2026-09-24,2026-10-05,alina_dorn,video,11200,473,1,8,True,German,,Tasche von Designers + -10% heute,f8fb322851543e141fb12c19,https://www.tiktok.com/@alina_dorn/video/7689079818440232214
handbags,Germany,alina_dorn,creator,2026-09-04,2026-10-05,alina_dorn,video,3601,93,0,0,False,German,topic not in caption,-10 % heute + kostenloser Versand,adbea23a70982be1d9f6ce2c,https://www.tiktok.com/@alina_dorn/video/7681495690433793302
handbags,Germany,alina_dorn,creator,2026-09-04,2026-10-05,alina_dorn,video,2957,47,0,2,False,German,topic not in caption,-10 % heute + kostenloser Versand,d86c56ee1d82151991865042,https://www.tiktok.com/@alina_dorn/video/7681494234448465154
handbags,Germany,alina_dorn,creator,2026-09-04,2026-10-05,alina_dorn,video,26300,530,0,19,True,German,topic not in caption,-10 % heute + kostenloser Versand,dc6b172be8eaa30890b303a1,https://www.tiktok.com/@alina_dorn/video/7681493918613032214
handbags,Germany,alina_dorn,creator,2026-09-04,2026-10-05,alina_dorn,video,8108,69,0,2,False,German,topic not in caption,-10 % heute + kostenloser Versand,77f4cb2f5426f94759bf5911,https://www.tiktok.com/@alina_dorn/video/7681469483453533462
handbags,Germany,alina_dorn,creator,2026-09-04,2026-10-05,alina_dorn,video,1983,7,0,3,False,German,topic not in caption,-10 % heute + kostenloser Versand,e21f0d0ac68fb6a97d43f5af,https://www.tiktok.com/@alina_dorn/video/7681465069162581270
handbags,Germany,alina_dorn,creator,2026-09-03,2026-10-05,alina_dorn,video,6138,85,0,2,False,German,topic not in caption,-10 % heute + kostenloser Versand,0ddf23d420e03582868081d8,https://www.tiktok.com/@alina_dorn/video/7681445926489132310
handbags,Germany,alina_dorn,creator,2026-09-03,2026-10-05,alina_dorn,video,505,28,0,0,False,German,topic not in caption,-10 % heute + kostenloser Versand,7a66210d803d8454ecf95da0,https://www.tiktok.com/@alina_dorn/video/7681395540298370326
handbags,Germany,alina_dorn,creator,2026-09-03,2026-10-05,alina_dorn,video,1054,29,1,0,False,German,topic not in caption,-10 % heute + kostenloser Versand,9f87d02e9eba2e10dbb0ffeb,https://www.tiktok.com/@alina_dorn/video/7681388799842192662
handbags,Germany,alina_dorn,creator,2026-09-03,2026-10-05,alina_dorn,video,424,47,0,0,False,German,topic not in caption,-10 % heute + kostenloser Versand,71b2b4fd173507bdab2b991d,https://www.tiktok.com/@alina_dorn/video/7681384233008499991
handbags,Germany,alina_dorn,creator,2026-08-30,2026-10-05,alina_dorn,video,1010,99,1,0,False,,no caption,,03ef1922d063be1a5708c46f,https://www.tiktok.com/@alina_dorn/video/7679886013207973142
handbags,Germany,alina_dorn,creator,2026-08-28,2026-10-05,alina_dorn,video,1800,136,0,3,False,German,topic not in caption,-10 % heute + kostenloser Versand,7cedf3caace185fa45339006,https://www.tiktok.com/@alina_dorn/video/7679190086931598614
handbags,Germany,alina_dorn,creator,2026-08-28,2026-10-05,alina_dorn,video,2549,18,1,2,False,German,topic not in caption,-10 % heute + kostenloser Versand,d5adc93a4ac70d1877838ce3,https://www.tiktok.com/@alina_dorn/video/7679190088399670531
handbags,Germany,alina_dorn,creator,2026-08-28,2026-10-05,alina_dorn,video,969,85,0,0,False,German,topic not in caption,-10 % heute + kostenloser Versand,684a649e5542b16d4708d454,https://www.tiktok.com/@alina_dorn/video/7679179604992560406
handbags,Germany,alina_dorn,creator,2026-08-28,2026-10-05,alina_dorn,video,116200,2436,5,131,True,German,topic not in caption,-10 % heute + kostenloser Versand,ac2994911b12103ed17abfff,https://www.tiktok.com/@alina_dorn/video/7679179604992576790
handbags,Austria,vintageconnaisseur,shop,2026-10-05,2026-10-05,VintageConnaisseur,image-slideshow,1407,24,0,0,,German,,"Viel Spaß im Drop heute. Hier findest du alle neuen Produkte: www.vintageconnaisseur.at 

#vintageconnaisseur#vienna#luxustaschen#chanel#louisvuitton",e3e97bfc55292fceb2b36262,https://www.tiktok.com/@vintageconnaisseur/video/7693074461779676438
handbags,Austria,vintageconnaisseur,shop,2026-10-05,2026-10-05,VintageConnaisseur,video,2148,56,3,6,,English/other,,"Werbung | Nichts verpassen & Newsletter abonnieren 👋 

#vintageconnaisseur#vienna#luxustaschen#chanel#doubleflap",59eecdfc799246c8b0960370,https://www.tiktok.com/@vintageconnaisseur/video/7693073854574464278
handbags,Austria,vintageconnaisseur,shop,2026-10-05,2026-10-05,VintageConnaisseur,video,1127,44,1,1,,English/other,,"Werbung | Preise im Newsletter vorab 

#vintageconnaisseur#vienna#luxustaschen#louisvuitton",0a28b6b8dce4a87fc0694d8f,https://www.tiktok.com/@vintageconnaisseur/video/7693073098077228310
handbags,Austria,vintageconnaisseur,shop,2026-10-05,2026-10-05,VintageConnaisseur,video,1957,44,1,1,,English/other,,"Werbung | www.vintageconnaisseur.at 

#vintageconnaisseur#vienna#luxustaschen#chanel#drop",1eef53b16c9e0beaf824126e,https://www.tiktok.com/@vintageconnaisseur/video/7693071836229143830
handbags,Austria,vintageconnaisseur,shop,2026-10-05,2026-10-05,VintageConnaisseur,video,505,27,1,0,,German,,"Werbung | Jeden Montag 20 Uhr  👋 

#vintageconnaisseur#vienna#luxustaschen#fürdich#drop",16ab489a5d32baac2ebbd485,https://www.tiktok.com/@vintageconnaisseur/video/7693070576247704854
handbags,Austria,vintageconnaisseur,shop,2026-10-04,2026-10-05,VintageConnaisseur,video,747,41,0,2,,German,,"Werbung | Es geht immer schlimmer ⭐️

#boybag #fürdich #viral #luxustaschen #vintagebag",d2784ff307d269115611e1fa,https://www.tiktok.com/@vintageconnaisseur/video/7692776047141489942
handbags,Austria,vintageconnaisseur,shop,2026-10-02,2026-10-05,VintageConnaisseur,video,3187,83,0,8,,German,,"Werbung | ab jetzt online 👜 

#vintageconnaisseur#vienna#luxustasche#fürdich#hermesbirkin",efb8cc549332f24e05711fa5,https://www.tiktok.com/@vintageconnaisseur/video/7691966858693496086
handbags,Austria,vintageconnaisseur,shop,2026-10-02,2026-10-05,VintageConnaisseur,video,8379,410,17,9,,German,,"Werbung | Ich hasse arrogante Menschen 

#vintageconnaisseur#vienna#luxustaschen#printmedien#storytime",fd5cbebdbd7e55e66fdd6d11,https://www.tiktok.com/@vintageconnaisseur/video/7691961588575702294
handbags,Austria,vintageconnaisseur,shop,2026-10-02,2026-10-05,VintageConnaisseur,video,1180,54,1,0,,German,,"Werbung | Vintageconnaisseur Forever 

#vintageconnaisseur#luxustaschen#fürdich#louisvuitton#hermes",4b652720f794167cde27ee65,https://www.tiktok.com/@vintageconnaisseur/video/7691960188152139030
handbags,Austria,vintageconnaisseur,shop,2026-10-02,2026-10-05,VintageConnaisseur,video,3037,233,9,2,,German,topic not in caption,"Werbung | Heidilove forever 

#vintageconnaisseur#vienna#dackel#business#fürdich",4f8886219e6a378dc1498f53,https://www.tiktok.com/@vintageconnaisseur/video/7691954511484554518
handbags,Austria,vintageconnaisseur,shop,2026-10-01,2026-10-05,VintageConnaisseur,video,2546,118,6,0,,German,,"Werbung | Für sie zahlt sich dieser Stress aus 🥹

#comedy #viral #fyp #vienna #luxurybags",6fcb30969c23cc82133b315f,https://www.tiktok.com/@vintageconnaisseur/video/7691577251317566742
handbags,Austria,vintageconnaisseur,shop,2026-09-30,2026-10-05,VintageConnaisseur,video,5228,179,3,20,,German,,"Werbung | Girl Math mit Vici & Chris 👜

Diese wunderschönen Taschen sind  aktuell bei uns verfügbar ✨ Du willst mehr wissen? Melde dich gerne bei uns 👋

www.vintageconnaisseur.at

#birkin #vintageconnaisseur #fürdich #viral #birkingold",a9686aefd848a15ae3a87b22,https://www.tiktok.com/@vintageconnaisseur/video/7691310814854171926
handbags,Austria,vintageconnaisseur,shop,2026-09-30,2026-10-05,VintageConnaisseur,video,1866,72,0,0,,German,,"Antwort auf @christopherspages 🤣 

*Werbung 

#vintageconnaisseur#vienna#luxustaschen#fürdich#business",60f428fbfc13b6e28988e3bd,https://www.tiktok.com/@vintageconnaisseur/video/7691287946032368918
handbags,Austria,vintageconnaisseur,shop,2026-09-30,2026-10-05,VintageConnaisseur,video,4081,83,0,7,,German,,"Werbung | Ab jetzt verfügbar 

#vintageconnaisseur#vienna#luxustaschen#louisvuitton",964c36a3bf7d99354f34527c,https://www.tiktok.com/@vintageconnaisseur/video/7691286366663003414
handbags,Austria,vintageconnaisseur,shop,2026-09-30,2026-10-05,VintageConnaisseur,video,2633,75,1,1,,English/other,,"Werbung | Ab jetzt online 👜 

#vintageconnaisseur#vienna#louisvuitton#hermes#birkin",e0916701d1d170533e374647,https://www.tiktok.com/@vintageconnaisseur/video/7691284797595077910
handbags,Austria,vintageconnaisseur,shop,2026-09-29,2026-10-05,VintageConnaisseur,video,6456,139,4,3,,German,,"Werbung | Hättest du es erkannt? 

#vintageconnaisseur#vienna#luxustaschen#fürdich#echtheitsprüfung",513bce366dc3b674c8541c26,https://www.tiktok.com/@vintageconnaisseur/video/7690889751796223234
handbags,Austria,vintageconnaisseur,shop,2026-09-28,2026-10-05,VintageConnaisseur,image-slideshow,2510,39,1,1,,German,,"Werbung | Unser neuer Drop ist ab 20 Uhr online. ✨Diesmal mit sehr viel Louis Vuitton aber auch Valentino & YSL ist dabei 🤎Bist du an einer Tasche interessiert? Melde dich gerne bei uns💌
#drop #vintagebags #viral #luxurybags #speedy",6481c333d9e7d9c3e5f3288f,https://www.tiktok.com/@vintageconnaisseur/video/7690532882405887234
handbags,Austria,vintageconnaisseur,shop,2026-09-28,2026-10-05,VintageConnaisseur,video,12000,335,26,7,,German,,"Werbung | Das war mal leider nix 🤢 

#vintageconnaisseur#vienna#luxustaschen#fürdich#louisvuitton",7092551c7f91538c80f47cf7,https://www.tiktok.com/@vintageconnaisseur/video/7690526892578835734
handbags,Austria,vintageconnaisseur,shop,2026-09-28,2026-10-05,VintageConnaisseur,video,4490,124,6,5,,German,,"Werbung | Heute ab 20 Uhr online 👜 

#vintageconnaisseur#vienna#luxustaschen#louisvuitton",b0f00f24a49452ccf64938bf,https://www.tiktok.com/@vintageconnaisseur/video/7690481117899836675
handbags,Austria,vintageconnaisseur,shop,2026-09-28,2026-10-05,VintageConnaisseur,video,6184,363,21,6,,German,,"Werbung | Zu viele Emotionen im Business 
#vintageconnaisseur#vienna#luxustaschen#fürdich#realtalk",8b3a84c819e39238cdc980ca,https://www.tiktok.com/@vintageconnaisseur/video/7690451452430388502
handbags,Austria,vintageconnaisseur,shop,2026-09-28,2026-10-05,VintageConnaisseur,video,3831,189,5,3,,German,,"Antwort auf @Ute Spannend 👋 *Werbung 

#vintageconnaisseur#vienna#werbung#luxustaschen#fürdich",78d9d8d43098ff5c279607ea,https://www.tiktok.com/@vintageconnaisseur/video/7690448583279103254
handbags,Austria,vintageconnaisseur,shop,2026-09-28,2026-10-05,VintageConnaisseur,video,6014,162,8,3,,German,,"Antwort auf @KiduMawie 👋 

#vintageconnaisseur#vienna#luxustaschen#chanelboybag",11bbddd106bb35c5a8b365c5,https://www.tiktok.com/@vintageconnaisseur/video/7690446937195089174
handbags,Austria,vintageconnaisseur,shop,2026-09-28,2026-10-05,VintageConnaisseur,video,11300,556,38,23,,German,topic not in caption,"Werbung | Wird mit erst jetzt bewusst 😂 

#vintageconnaisseur#vienna#unternehmerin#business#storytime",7ae5b7ec7dcdbb0754791eec,https://www.tiktok.com/@vintageconnaisseur/video/7690445635480292610
handbags,Austria,vintageconnaisseur,shop,2026-09-26,2026-10-05,VintageConnaisseur,video,4277,155,4,2,,English/other,,"Werbung | Juhuuu chillig 

#vintageconnaisseur#vienna#luxustaschen#datenight",7701ae88d0d087dd028d2b9c,https://www.tiktok.com/@vintageconnaisseur/video/7689874096909339926
handbags,Austria,vintageconnaisseur,shop,2026-09-26,2026-10-05,VintageConnaisseur,video,7985,126,1,3,,English/other,,"Werbung | Liebe beide!!!! 

#vintageconnaisseur#vienna#luxustaschen#prada#christianlouboutin",84f76601db4b897aae63ed19,https://www.tiktok.com/@vintageconnaisseur/video/7689792004439461142
handbags,Austria,vintageconnaisseur,shop,2026-09-26,2026-10-05,VintageConnaisseur,video,5338,157,41,10,,English/other,,"Werbung | Welche nimmst du?? 

#vintageconnaisseur#vienna#hermes#kellybag#birkinbag",384909ecec446282dfb0ca18,https://www.tiktok.com/@vintageconnaisseur/video/7689776566359903510
handbags,Austria,vintageconnaisseur,shop,2026-09-26,2026-10-05,VintageConnaisseur,video,6189,225,12,4,,German,,"Werbung | Liebs ✨✨✨😌 

#vintageconnaisseur#vienna#luxustaschen#fürdich#accessories",763ca2231cf39d572ccc5a8b,https://www.tiktok.com/@vintageconnaisseur/video/7689757137014131990
handbags,Austria,vintageconnaisseur,shop,2026-09-26,2026-10-05,VintageConnaisseur,video,3113,91,2,0,,German,,"Werbung | OPEN HOUSE HEUTE 

#vintageconnaisseur#vienna#luxustaschen#openhouse",831df377c7673db6ea850b22,https://www.tiktok.com/@vintageconnaisseur/video/7689747867774340374
handbags,Austria,vintageconnaisseur,shop,2026-09-24,2026-10-05,VintageConnaisseur,video,3297,85,4,2,,German,,"Werbung | Liebe ihn sehr 

#vintageconnaisseur#vienna#luxustaschen#fürdich#chaneldoubleflap",5262f8eb3fca8f6d10f12df4,https://www.tiktok.com/@vintageconnaisseur/video/7689052504591453462
handbags,Austria,vintageconnaisseur,shop,2026-09-24,2026-10-05,VintageConnaisseur,video,3860,81,5,2,,German,,"Werbung | Schöne Vintage Bags 👜 

#vintageconnaisseur#vienna#luxustaschen#fürdich#chanel",c78e6b20b100a2b92490bd8c,https://www.tiktok.com/@vintageconnaisseur/video/7689052043637574934
handbags,Austria,vintageconnaisseur,shop,2026-09-24,2026-10-05,VintageConnaisseur,video,4522,141,11,3,,German,,"Werbung | so und nicht anders Kinder 

#vintageconnaisseur#immobilie#fürdich#birkin25#hermes",c2c27790240d42aa893b5f5d,https://www.tiktok.com/@vintageconnaisseur/video/7688989014820523286
handbags,Austria,vintageconnaisseur,shop,2026-09-24,2026-10-05,VintageConnaisseur,video,9281,396,20,4,,German,,"Werbung | Jz seh ich mal die Verkäufer 😌 

#vintageconnaisseur#vienna#luxustaschen#fürdich#immobilie",fa1ebcd6667aa32de18f03f1,https://www.tiktok.com/@vintageconnaisseur/video/7688983369241136406
handbags,Austria,vintageconnaisseur,shop,2026-09-23,2026-10-05,VintageConnaisseur,video,1866,20,0,0,,English/other,,"Werbung | Jetzt im SALE online 👜 

#vintageconnaisseur#vienna#luxustaschen#diorsaddlebag",db11e9c6fd2a7695138a08af,https://www.tiktok.com/@vintageconnaisseur/video/7688646324379585814
handbags,Austria,vintageconnaisseur,shop,2026-09-22,2026-10-05,VintageConnaisseur,video,2270,78,1,1,,German,,"Werbung | Ab jetzt bei uns verfügbar 👜 

#vintageconnaisseur#vienna#luxustaschen#hermes#birkin30",108c648a2b1435d0291e8929,https://www.tiktok.com/@vintageconnaisseur/video/7688308882048830742
handbags,Austria,vintageconnaisseur,shop,2026-09-22,2026-10-05,VintageConnaisseur,video,3962,152,25,1,,German,,"Antwort auf @Mia❤️Muki❤️ Bussi 

#vintageconnaisseur#vienna#luxustaschen#unternehmerin",1656422fcb668d4a3dcc32b0,https://www.tiktok.com/@vintageconnaisseur/video/7688283381297073430
handbags,Austria,vintageconnaisseur,shop,2026-09-22,2026-10-05,VintageConnaisseur,video,2172,108,7,0,,German,,"Antwort auf @AF Bravo 

#vintageconnaisseur#vienna#luxustaschen#martinauer#unternehmer",efb14c9302a1584eff8bc274,https://www.tiktok.com/@vintageconnaisseur/video/7688272501838728470
handbags,Austria,vintageconnaisseur,shop,2026-09-22,2026-10-05,VintageConnaisseur,video,3008,154,11,2,False,German,,"Antwort auf @e_v_i_i_v_e 🙏🏻🙏🏻 

#vintageconnaisseur#vienna#unternehmer#luxustaschen#österreich",7fbc14d66891f1ec29428d27,https://www.tiktok.com/@vintageconnaisseur/video/7688271222152465686
handbags,Austria,vintageconnaisseur,shop,2026-09-22,2026-10-05,VintageConnaisseur,video,5112,217,10,3,False,German,,"Antwort auf @Rosie 🇪🇺 wieviele Unternehmen hast du schon in Amerika aufgebaut? 

#vintageconnaisseur#vienna#luxustaschen#martinauer#neywyork",a51b8ba217b070393a80828f,https://www.tiktok.com/@vintageconnaisseur/video/7688270363062586646
handbags,Austria,vintageconnaisseur,shop,2026-09-21,2026-10-05,VintageConnaisseur,video,2186,70,0,0,False,German,,"Werbung | www.vintageconnaisseur.ar 

#vintageconnaisseur#vienna#luxustaschen#fürdich#drop",ce9e63e0e05b278330bfd40c,https://www.tiktok.com/@vintageconnaisseur/video/7687916607380704534
handbags,Austria,vintageconnaisseur,shop,2026-09-21,2026-10-05,VintageConnaisseur,video,29700,2181,118,108,True,English/other,topic not in caption,"Werbung | Traurig! 

#vintageconnaisseur#martinauer#vienna#unternehmer#newyorkbrot",61de91cb3cad8faf734ad136,https://www.tiktok.com/@vintageconnaisseur/video/7687859596790091030
handbags,Austria,vintageconnaisseur,shop,2026-09-19,2026-10-05,VintageConnaisseur,video,1518,40,1,2,False,German,,"Werbung | Die perfekte Tasche 🩶

Eine Kelly 28, in der Farbe Gris Etain passt sie zu jedem Outfit 🥹

Du bist interessiert? Melde dich gerne 👋

www.vintageconnaisseur.at

#kelly #grisetain #kelly28 #luxurybags #vintagebags",499bb14024caccb77223f13b,https://www.tiktok.com/@vintageconnaisseur/video/7687164382714940694
handbags,Austria,vintageconnaisseur,shop,2026-09-18,2026-10-05,VintageConnaisseur,video,5984,176,10,0,False,German,,"Antwort auf @anitavesely 🫠🫠 

#vintageconnaisseur#vienna#magazin#luxustaschen#storytime",183898d30caa5ebd2fc24db0,https://www.tiktok.com/@vintageconnaisseur/video/7686858225668459798
handbags,Austria,vintageconnaisseur,shop,2026-09-18,2026-10-05,VintageConnaisseur,video,12900,448,9,2,False,German,,"Werbung | Taugt euch das Format? 

#vintageconnaisseur#vienna#luxustaschen#fürdich#louisvuitton",c8a2ed5a0490844527371239,https://www.tiktok.com/@vintageconnaisseur/video/7686815928973135106
handbags,Austria,vintageconnaisseur,shop,2026-09-18,2026-10-05,VintageConnaisseur,video,3245,99,1,1,False,English/other,,"Werbung | Kelly in the House 👜🤭 

#vintageconnaisseur#vienna#luxustaschen#hermes#kellybag",406729431349258a64568b5f,https://www.tiktok.com/@vintageconnaisseur/video/7686809067054026006
handbags,Austria,vintageconnaisseur,shop,2026-09-18,2026-10-05,VintageConnaisseur,video,10100,327,1,0,False,English/other,,"Werbung | Anstrengend 😭🫠 

#vintageconnaisseur#vienna#luxustaschen#louisvuitton",b52f727b33776326b5e1f9b0,https://www.tiktok.com/@vintageconnaisseur/video/7686734975416257814
handbags,Austria,vintageconnaisseur,shop,2026-09-18,2026-10-05,VintageConnaisseur,video,4349,111,4,0,False,English/other,,"Werbung | Arbeit ohne Ende 🫠 

#vintageconnaisseur#vienna#luxustaschen#ankauf",3ff3e1349b9989b0301b5def,https://www.tiktok.com/@vintageconnaisseur/video/7686734955434577174
handbags,Austria,vintageconnaisseur,shop,2026-09-17,2026-10-05,VintageConnaisseur,video,8091,411,16,5,False,German,,"Werbung | Peinliches dominantes Verhalten 

#vintageconnaisseur#vienna#luxustaschen#fürdich#magazin",5c58501b90414eb12b13be69,https://www.tiktok.com/@vintageconnaisseur/video/7686506299361692950
handbags,Austria,vintageconnaisseur,shop,2026-09-16,2026-10-05,VintageConnaisseur,video,6492,256,3,9,False,English/other,,"Werbung | @dr.emi @Douglas Cosmetics wow 🤩  

#vintageconnaisseur#vienna#luxustaschen#dremi",a1cfca7f31c165a8bdefffc6,https://www.tiktok.com/@vintageconnaisseur/video/7686138760790068502
handbags,Austria,vintageconnaisseur,shop,2026-09-16,2026-10-05,VintageConnaisseur,video,2594,61,1,0,False,German,,"Antwort auf @🤓 Rabbitpaaw               🐜 Werbung 

#vintageconnaisseur#vienna#luxustaschen#fürdich#business",71c54978e8359bcd8efc7ffd,https://www.tiktok.com/@vintageconnaisseur/video/7686023545591303446
handbags,Austria,vintageconnaisseur,shop,2026-09-16,2026-10-05,VintageConnaisseur,video,2231,77,1,0,False,German,,"Antwort auf @FannyundIlly 😍 

#vintageconnaisseur#vienna#openhouse#luxustaschen#foryou",4b44847a149761848ad7d9dd,https://www.tiktok.com/@vintageconnaisseur/video/7686004953881529622
handbags,Austria,vintageconnaisseur,shop,2026-09-16,2026-10-05,VintageConnaisseur,video,9535,363,33,2,True,English/other,,"Kenn mi ned aus 🫠 

#vintageconnaisseur#vienna#luxustaschen#immobilie#newhome",21abf07bdcc73be12cc0cc4b,https://www.tiktok.com/@vintageconnaisseur/video/7686004279315926294
handbags,Austria,vintageconnaisseur,shop,2026-09-15,2026-10-05,VintageConnaisseur,video,2824,76,2,0,False,German,,"Werbung | Wir kaufen direkt an 💰💰 

#vintageconnaisseur#vienna#luxustaschen#hermes#ankauf",b1769291861d4a9b8c52a56d,https://www.tiktok.com/@vintageconnaisseur/video/7685692154030738710
handbags,Austria,vintageconnaisseur,shop,2026-09-15,2026-10-05,VintageConnaisseur,video,1926,67,0,0,False,German,,"Werbung | Kommen Sie 🥹👜❤️ 

#vintageconnaisseur#vienna#luxustaschen#fürdich#hermes",25633ed278f98d3ef915eb05,https://www.tiktok.com/@vintageconnaisseur/video/7685689201710468374
handbags,Austria,vintageconnaisseur,shop,2026-09-15,2026-10-05,VintageConnaisseur,video,2268,87,1,1,False,German,,"Werbung @vetconcept ❤️ 

Heidi probiert alles durch und wird berichten 🤭 

#vintageconnaisseur#vienna#luxustaschen#dackel#vetconcept",a91163474eb2843a619a4bf5,https://www.tiktok.com/@vintageconnaisseur/video/7685681033462779158
handbags,Austria,vintageconnaisseur,shop,2026-09-14,2026-10-05,VintageConnaisseur,video,1900,93,2,0,False,German,,"Werbung | Vielen Dank für die Blumen 

#vintageconnaisseur#vienna#luxustaschen#fürdich#chanel",1eafe1c14ef1343f5270883b,https://www.tiktok.com/@vintageconnaisseur/video/7685356951840034071
handbags,Austria,vintageconnaisseur,shop,2026-09-14,2026-10-05,VintageConnaisseur,video,2876,141,17,2,False,German,,"Werbung | Dieselben Sätze wie ich zitieren ist schon lustig 🤡
#vintageconnaisseur#vienna#luxustaschen#fürdich#realtalk",954bc472560570484bffb9ab,https://www.tiktok.com/@vintageconnaisseur/video/7685352510390881558
handbags,Austria,vintageconnaisseur,shop,2026-09-14,2026-10-05,VintageConnaisseur,video,1920,80,3,0,False,German,,"Antwort auf @Ir Ina so ist es 

#vintageconnaisseur#vienna#luxustaschen#fürdich",7d0101bb65474ce6271d3242,https://www.tiktok.com/@vintageconnaisseur/video/7685350019485961494
handbags,Austria,vintageconnaisseur,shop,2026-09-14,2026-10-05,VintageConnaisseur,image-slideshow,1705,33,2,1,False,German,,"Werbung | 
Heute um 20 Uhr kommt unser neuer Drop online ⭐️ Wer vorab die Preise erfahren möchte kann sich jetzt schon für den Newsletter um 13 Uhr anmelden💌
Welche ist dein Favorit?❤️
#drop #vintagebags #luxurybags #vienna #fashion",19bd56116eeadc79cc78def7,https://www.tiktok.com/@vintageconnaisseur/video/7685313750836006166
handbags,Austria,vintageconnaisseur,shop,2026-09-14,2026-10-05,VintageConnaisseur,video,1682,65,0,0,False,German,,"Werbung | Ab heute 20 Uhr 🥰 

#vintageconnaisseur#vienna#luxustaschen#louisvuitton",65edb29f8047915affe91633,https://www.tiktok.com/@vintageconnaisseur/video/7685298314719382806
handbags,Austria,vintageconnaisseur,shop,2026-09-12,2026-10-05,VintageConnaisseur,video,3929,96,4,8,False,German,,"Werbung | ab jetzt verfügbar 👜 

#vintageconnaisseur#vienna#luxustaschen#louisvuitton#neonoe",3665507c2a7c111453fe3de0,https://www.tiktok.com/@vintageconnaisseur/video/7684625665315835159
handbags,Austria,vintageconnaisseur,shop,2026-09-12,2026-10-05,VintageConnaisseur,video,5098,159,8,2,False,German,,"Werbung | die schönste bei uns aktuell 

#vintageconnaisseur#vienna#luxustaschen#fürdich#hermes",24e0a9e530efe7b27803c598,https://www.tiktok.com/@vintageconnaisseur/video/7684583724960206102
handbags,Austria,vintageconnaisseur,shop,2026-09-11,2026-10-05,VintageConnaisseur,image-slideshow,2687,94,0,4,False,German,topic not in caption,"Wunderschöne Flitterwoche in Ibiza verbracht 🥹 

#vintageconnaisseur#vienna#fürdich#ibiza#hochzeit",44558d8d8173d00f42c8a045,https://www.tiktok.com/@vintageconnaisseur/video/7684335677827288342
handbags,Austria,vintageconnaisseur,shop,2026-09-11,2026-10-05,VintageConnaisseur,video,2558,77,0,2,False,German,,"Werbung | Der Preis ist 🔥 

#vintageconnaisseur#vienna#luxustaschen#fürdich#hermesbirkin",034681bf12cf546e66102643,https://www.tiktok.com/@vintageconnaisseur/video/7684268726811790614
handbags,Austria,vintageconnaisseur,shop,2026-09-11,2026-10-05,VintageConnaisseur,video,5063,246,9,0,False,German,,"Antwort auf @Natalovska ❤️

#vintageconnaisseur#vienna#luxustaschen#fürdich#immobilien",7178583fe2cb403247193af9,https://www.tiktok.com/@vintageconnaisseur/video/7684264775852838166
handbags,Austria,vintageconnaisseur,shop,2026-09-11,2026-10-05,VintageConnaisseur,video,1228,36,2,0,False,German,,"Werbung | NEW IN⭐️

Birkin 35 in der Farbe Gold mit silber Hardware, diese wunderschöne Tasche kommt aus dem Jahr 2011 und hat nur ganz leichte Gebrauchsspuren an der Hardware. 👜

💰13.500€
📍Vintage Connaisseur - www.vintageconnaisseur.at

#birkin35 #birkingold #luxuryhandbags #vienna #secondhand",7c94608c4e73dc482b30cc16,https://www.tiktok.com/@vintageconnaisseur/video/7684195106584579331
handbags,Austria,vintageconnaisseur,shop,2026-09-11,2026-10-05,VintageConnaisseur,video,9697,650,26,6,True,German,,"Werbung | Pack gar nix mehr 

#vintageconnaisseur#vienna#luxustaschen#fürdich#immobilien",768274abfdd99d39ed438b37,https://www.tiktok.com/@vintageconnaisseur/video/7684162282640674070
handbags,Austria,vintageconnaisseur,shop,2026-09-11,2026-10-05,VintageConnaisseur,video,1457,46,4,0,False,English/other,,"Werbung | Mein Liebling 👜😌 

#vintageconnaisseur#vienna#luxustaschen#chanelbag#chanel",192a4eff38f05878a951ca87,https://www.tiktok.com/@vintageconnaisseur/video/7684152629336853782
handbags,Austria,vintageconnaisseur,shop,2026-09-11,2026-10-05,VintageConnaisseur,video,1783,73,0,0,False,German,,"Werbung | Endlich Herbst!!! 

#vintageconnaisseur#vienna#luxustaschen#fürdich#dior",7276989b8b9d649aa90891c2,https://www.tiktok.com/@vintageconnaisseur/video/7684150795842915606
handbags,Austria,vintageconnaisseur,shop,2026-09-11,2026-10-05,VintageConnaisseur,video,3075,108,1,1,False,German,,"Werbung | Urlaub war geil aber jetzt wieder ran an die Arbeit!!!! 

#vintageconnaisseur#vienna#luxustaschen#fürdich",26e8b8f9db5ac022d97c019b,https://www.tiktok.com/@vintageconnaisseur/video/7684147930692947222
handbags,Austria,vintageconnaisseur,shop,2026-09-10,2026-10-05,VintageConnaisseur,video,3251,133,4,2,False,English/other,,"Flitterwochen nach unserem Geschmack 🤝🥳🍾🪩🎊🤝 

#vintageconnaisseur#vienna#luxustaschen#ibiza",6d5503e86d3b1b44a3b274b2,https://www.tiktok.com/@vintageconnaisseur/video/7683812648172948758
handbags,Austria,vintageconnaisseur,shop,2026-09-08,2026-10-05,VintageConnaisseur,video,4377,130,5,0,False,German,,"Werbung | Aktuell verfügbar 👜 

#vintageconnaisseur#vienna#luxustaschen#fürdich#hermes",efb04e6d81804c6ba9ba7a29,https://www.tiktok.com/@vintageconnaisseur/video/7683073995012312342
handbags,Austria,vintageconnaisseur,shop,2026-09-07,2026-10-05,VintageConnaisseur,image-slideshow,1281,27,0,0,False,German,,"Ab heute 20 Uhr sind diese wunderschönen Taschen bei uns auf der Homepage verfügbar 👜🥰 
www.vintageconnaisseur.at 

#vintageconnaisseur#vienna#luxustaschen#drop#chanel",cc542aa494272fcccdf7cb2d,https://www.tiktok.com/@vintageconnaisseur/video/7682691796752698646
handbags,Austria,vintageconnaisseur,shop,2026-09-04,2026-10-05,VintageConnaisseur,video,3186,103,4,2,False,German,,"Werbung | Chanel Deauville Large 💙 

#vintageconnaisseur#vienna#luxustaschen#fürdich#chanel",3c98d4b1292b5b544b3532a7,https://www.tiktok.com/@vintageconnaisseur/video/7681604957367176470
handbags,Austria,vintageconnaisseur,shop,2026-09-03,2026-10-05,VintageConnaisseur,video,2558,83,2,1,False,German,,"Werbung | soooo schön 

#vintageconnaisseur#vienna#luxustaschen#valentino#fürdich",5dbdd5ae1cd659395e586b41,https://www.tiktok.com/@vintageconnaisseur/video/7681203445696695574
handbags,Austria,vintageconnaisseur,shop,2026-09-03,2026-10-05,VintageConnaisseur,video,2249,85,1,3,False,German,,"Werbung | Aktuell verfügbar ✌️ 

#vintageconnaisseur#vienna#luxustaschen#fürdich#chanel25",e0e9af3664d0c45e95d7d504,https://www.tiktok.com/@vintageconnaisseur/video/7681201506837630230
handbags,Austria,vintageconnaisseur,shop,2026-09-02,2026-10-05,VintageConnaisseur,video,2586,115,1,0,False,German,,"Werbung | Die Woche ist vollllll 

#vintageconnaisseur#vienna#luxustaschen#business#stadtpark",952eff194eea5c5193cf5226,https://www.tiktok.com/@vintageconnaisseur/video/7680885296644345110
handbags,Austria,vintageconnaisseur,shop,2026-09-01,2026-10-05,VintageConnaisseur,video,5302,280,23,6,True,German,,"Werbung | Jesasnaaaaa 

#vintageconnaisseur#vienna#luxustaschen#fürdich#birkenstock",8e9dc645024d96e58a42dfde,https://www.tiktok.com/@vintageconnaisseur/video/7680541268140772630
handbags,Austria,vintageconnaisseur,shop,2026-09-01,2026-10-05,VintageConnaisseur,video,3303,105,4,1,False,English/other,,"Werbung | er mogs 

#vintageconnaisseur#vienna#luxustaschen#chanel",47c108539ffb8ee42e042b63,https://www.tiktok.com/@vintageconnaisseur/video/7680533398984592662
handbags,Austria,vintageconnaisseur,shop,2026-09-01,2026-10-05,VintageConnaisseur,video,4457,206,9,3,False,English/other,,"Werbung | Passiert den besten 

#vintageconnaisseur#vienna#luxustaschen#business",877a189e0f39df1a402d5f82,https://www.tiktok.com/@vintageconnaisseur/video/7680525518474579222
handbags,Austria,vintageconnaisseur,shop,2026-08-31,2026-10-05,VintageConnaisseur,image-slideshow,1946,45,0,2,False,German,,"Werbung | Heute um 20 Uhr kommt unser neuer Drop online, mit viel Chanel, Louis Vuitton, Dior und sogar Fendi ✨ Wer vorab die Preise erfahren möchte kann sich jetzt schon für den Newsletter um 13 Uhr anmelden💌

Welche ist dein Favorit?🤩

#drop #vintagebags #luxurybags #vienna #fashion",d608c49b3c4259c4d0cf6842,https://www.tiktok.com/@vintageconnaisseur/video/7680117148693384470
handbags,Austria,vintageconnaisseur,shop,2026-08-31,2026-10-05,VintageConnaisseur,video,3706,117,5,1,False,German,,"Werbung | Ab heute 20 Uhr online ✨ 

#vintageconnaisseur#vienna#luxustaschen#fürdich",936b98a0f9d4381abdd0e18f,https://www.tiktok.com/@vintageconnaisseur/video/7680101922371570966
handbags,Austria,vintageconnaisseur,shop,2026-08-31,2026-10-05,VintageConnaisseur,video,6166,135,5,3,False,German,,"Werbung | Ab heute 20 Uhr online 👜 
#vintageconnaisseur#vienna#luxustaschen#drop#fürdich",425f06ba69c6b675c0840bf9,https://www.tiktok.com/@vintageconnaisseur/video/7680100680014531862
handbags,Austria,vintageconnaisseur,shop,2026-08-31,2026-10-05,VintageConnaisseur,video,2445,93,1,1,False,German,,"Werbung | Heute online ab 20 Uhr 👜 
#vintageconnaisseur#vienna#luxustascheb#drop",513ad88749fb16a61d7590ea,https://www.tiktok.com/@vintageconnaisseur/video/7680099652435217686
handbags,Austria,vintageconnaisseur,shop,2026-08-29,2026-10-05,VintageConnaisseur,image-slideshow,902,12,0,0,False,German,,"Get ready to stock up ✌️Diese und viele weitere schöne Taschen gibt es bei uns gerade im Sale 🤭 Seid schnell.

Bei Interesse verbindliche Zusage und Rechnungsanschrift schicken ✨

www.vintageconnaisseur.at

#sale #prelovedbags #luxury #vienna #handbags",005b4e08ea3474944ad0fb4b,https://www.tiktok.com/@vintageconnaisseur/video/7679367198313336086
handbags,Austria,vintageconnaisseur,shop,2026-08-28,2026-10-05,VintageConnaisseur,video,5072,183,4,0,False,German,,"Werbung | Schön ✨ 

#vintageconnaisseur#vienna#luxustaschen#fürdich#hermes",065d5d9abf9f335851550861,https://www.tiktok.com/@vintageconnaisseur/video/7679028313179966742
handbags,Austria,vintageconnaisseur,shop,2026-08-28,2026-10-05,VintageConnaisseur,video,2764,98,3,1,False,English/other,,"Werbung | Birkin geht immer Friends 

#vintageconnaisseur#vienna#luxustaschen#birkin#hermes",c8c693b85048fc6f6a0acae1,https://www.tiktok.com/@vintageconnaisseur/video/7678986101012352278
handbags,Austria,vintageconnaisseur,shop,2026-08-28,2026-10-05,VintageConnaisseur,video,2204,72,2,2,False,English/other,,"Werbung | I mog sie 

#vintageconnaisseur#vienna#louisvuitton#coussinpm",6abcd233d04eec72c2f7b496,https://www.tiktok.com/@vintageconnaisseur/video/7678985171571313942
handbags,Austria,vintageconnaisseur,shop,2026-08-28,2026-10-05,VintageConnaisseur,video,3917,107,2,2,False,English/other,,"Werbung | Aktuell im Sale 🥹

#vintageconnaisseur#vienna#luxustaschen#louisvuitton",d08dedc9dc5bf132765e7bff,https://www.tiktok.com/@vintageconnaisseur/video/7678984377841306902
handbags,Austria,vintageconnaisseur,shop,2026-08-28,2026-10-05,VintageConnaisseur,video,1259,49,0,0,False,German,,"Werbung | www.vintageconnaisseur.at 

#vintageconnaisseur#vienna#luxustaschen#fürdich",44d1128937f1d822bdea141a,https://www.tiktok.com/@vintageconnaisseur/video/7678983637093715222
handbags,Austria,vintageconnaisseur,shop,2026-08-27,2026-10-05,VintageConnaisseur,image-slideshow,1203,28,0,0,False,German,,"Werbung | Unser Sale geht weiter und das bis am Sonntag dem 31.
August 2026 ✨Durchstöbert unsere Website oder kommt morgen zum Open House bei uns in der Galerie vorbei 👜

Wir freuen uns auf euch 🤩
www.vintageconnaisseur.at

Du bist interessiert? Melde dich gerne bei uns👋
#sale #vintagebags #luxurybags #prelovedbags #vienna",3b3a592ebf1391b6df05c998,https://www.tiktok.com/@vintageconnaisseur/video/7678625179689553154
handbags,Austria,vintageconnaisseur,shop,2026-08-26,2026-10-05,VintageConnaisseur,video,6541,340,23,7,True,German,,"Werbung | kein leichtes Business 😂😭🙈 

#vintageconnaisseur#vienna#luxustaschenhändler#storytime",2dfc8536e1d5cd466e5014ec,https://www.tiktok.com/@vintageconnaisseur/video/7678339807222828310
handbags,Austria,vintageconnaisseur,shop,2026-08-26,2026-10-05,VintageConnaisseur,video,1762,83,2,0,False,German,,"Antwort auf @luki Bussi *Werbung 

#vintageconnaisseur#vienna#luxustaschen#fürdich",a1bc3bd9563293c65bec39c6,https://www.tiktok.com/@vintageconnaisseur/video/7678336120987471126
handbags,Austria,vintageconnaisseur,shop,2026-08-26,2026-10-05,VintageConnaisseur,video,2112,58,2,0,False,German,,"Antwort auf @🤓 Rabbitpaaw               🐜 😂 

#vintageconnaisseur#vienna#luxustaschen#fürdich",fb6ec4d5b91b983f4c361c64,https://www.tiktok.com/@vintageconnaisseur/video/7678335643046399254
handbags,Austria,vintageconnaisseur,shop,2026-08-26,2026-10-05,VintageConnaisseur,video,1335,59,0,0,False,German,,"Werbung | Happy Shopping Girls 👜✌️

#vintageconnaisseur#vienna#luxustaschen#fürdich#sale",f99ef31e6e0b77d20dcc4117,https://www.tiktok.com/@vintageconnaisseur/video/7678335121438592278
handbags,Austria,vintageconnaisseur,shop,2026-08-25,2026-10-05,VintageConnaisseur,video,4194,136,5,3,False,German,,"Werbung | Finanzinger will euch was erzählen 🤭

#vintageconnaisseur#vienna#luxustaschen#fürdich#louisvuitton",ac6e2471d787ea5879c03c4b,https://www.tiktok.com/@vintageconnaisseur/video/7677913630301588758
handbags,Austria,vintageconnaisseur,shop,2026-08-25,2026-10-05,VintageConnaisseur,video,2133,87,3,1,False,German,,"Werbung | Zahlt sich aus 🤩👜

#vintageconnaisseur#vienna#luxustaschen#sale#fürdich",613258ee0cf8e6b69619d3bf,https://www.tiktok.com/@vintageconnaisseur/video/7677854319441366294
handbags,Austria,vintageconnaisseur,shop,2026-08-25,2026-10-05,VintageConnaisseur,image-slideshow,1119,17,0,0,False,German,,"Diese und viele andere tolle Produkte gibt es bei uns www.vintageconnaisseur.at ✨ 

Dir ist etwas in Auge gefallen? Melde dich gerne bei uns 👋

#viral #sale #luxurybags #preloved #vintage",dc3a1c3afe223c7340a57e2c,https://www.tiktok.com/@vintageconnaisseur/video/7677847453483175190
handbags,Austria,vintageconnaisseur,shop,2026-08-24,2026-10-05,VintageConnaisseur,video,9720,303,6,24,True,German,,"Werbung | SUPER SALE 💥

Es geht bald los, heute um 20:00 Uhr startet unser Super-Sale 🤩 Bei Interesse, einfach eine verbindliche Zusage und Rechnungsanschrift schicken 🤍 Ob du die Tasche selber abholst (nach Terminvereinbarung) oder wir sie dir zusenden sollen, ist dir überlassen✌️ 

Bleibt gespannt 🤍

#sale #viral #luxustaschen #vienna #prelovee",0be221f5cea87cfc480a6696,https://www.tiktok.com/@vintageconnaisseur/video/7677527068879441174
handbags,Austria,vintageconnaisseur,shop,2026-08-24,2026-10-05,VintageConnaisseur,video,1900,60,1,1,False,German,,"Werbung | Happy Monday 👜🙌🏻

#vintageconnaisseur#vienna#luxustaschen#fürdich#sale",fe8941ad8eb54bb338b1e132,https://www.tiktok.com/@vintageconnaisseur/video/7677459253963099414
handbags,Austria,vintageconnaisseur,shop,2026-08-23,2026-10-05,VintageConnaisseur,video,1139,24,1,0,False,German,,"Werbung | Super SALE Start morgen 20 Uhr ✌️ 

Unser jährlicher Super Sale ist einzigartig. Die schönsten Luxustaschen zu den besten Preisen. Alle Infos folgen morgen auf Instagram. Der SALE findet auf der Homepage statt. 

www.vintageconnaisseur.at 

#vintageconnaisseur#vienna#luxustaschen#supersale",afd8cc7b24d37ed61c0ffb18,https://www.tiktok.com/@vintageconnaisseur/video/7677232180652690710
handbags,Austria,vintageconnaisseur,shop,2026-08-22,2026-10-05,VintageConnaisseur,video,3694,142,1,3,False,English/other,,"Werbung | Immer nett bei uns 👜❤️

#vintageconnaisseur#vienna#luxustaschen#openhouse#hermes",d4c12f312b02d1b76fcc987d,https://www.tiktok.com/@vintageconnaisseur/video/7676887688418430230
handbags,Austria,vintageconnaisseur,shop,2026-08-22,2026-10-05,VintageConnaisseur,video,4291,188,7,1,False,German,,"Werbung | Ich liebe früh aufstehen 🫡🤝 

#vintageconnaisseur#vienna#luxustaschen#business#fürdich",f371d6292c02bba7c6fe3f8f,https://www.tiktok.com/@vintageconnaisseur/video/7676722479468924182
handbags,Austria,vintageconnaisseur,shop,2026-08-21,2026-10-05,VintageConnaisseur,video,1990,96,0,0,False,German,,"Werbung | Bis morgen 🙌🏻👜 

#vintageconnaisseur#vienna#luxustaschen#fürdich#celine",a1997210ddaebe34692a543e,https://www.tiktok.com/@vintageconnaisseur/video/7676495529299234070
handbags,Austria,vintageconnaisseur,shop,2026-08-21,2026-10-05,VintageConnaisseur,video,2256,143,1,1,False,English/other,,"Werbung | I mogs afoch 🥹

#vintageconnaisseur#vienna#luxustaschen#hermesbirkin",572fb5bb8b214222c924a54e,https://www.tiktok.com/@vintageconnaisseur/video/7676444793257413910
handbags,Austria,vintageconnaisseur,shop,2026-08-21,2026-10-05,VintageConnaisseur,video,6000,231,4,6,False,German,,"Werbung | Zu schön 🥹

#vintageconnaisseur#vienna#luxustaschen#hermes#kelly28",1d2754390a139e5a98183248,https://www.tiktok.com/@vintageconnaisseur/video/7676439214866648342
handbags,Austria,vintageconnaisseur,shop,2026-08-21,2026-10-05,VintageConnaisseur,video,1662,61,1,0,False,German,,"Werbung | NEW IN ⭐️
Birkin 30 und Kelly 28, zwei absolute Icons.
Zeitlos, exklusiv und einfach wunderschön.
Welche ist dein Favorit?
#vintageconnaisseur #vienna #luxustaschen #handbags
#preloved",5964cede782f6e51f5290cf1,https://www.tiktok.com/@vintageconnaisseur/video/7676415304334871830
handbags,Austria,vintageconnaisseur,shop,2026-08-21,2026-10-05,VintageConnaisseur,video,2014,62,3,3,False,German,,"Werbung | Wir haben so tolle Stücke 🥹

#vintageconnaisseur#vienna#luxustaschen#hermes#chanel",e44c3423b96fb3390b8afc55,https://www.tiktok.com/@vintageconnaisseur/video/7676400392019725590
handbags,Austria,vintageconnaisseur,shop,2026-08-20,2026-10-05,VintageConnaisseur,video,1458,51,0,0,False,German,,"Werbung | Wir freuen uns auf euch 👜 
#vintageconnaisseur#vienna#luxustaschen#fürdich#live",d575a536ea74943aeb85f82f,https://www.tiktok.com/@vintageconnaisseur/video/7676118698813443350
handbags,Austria,vintageconnaisseur,shop,2026-08-20,2026-10-05,VintageConnaisseur,video,3210,106,4,4,False,English/other,topic not in caption,"Werbung | @vetconcept ✌️🐶 

#vintageconnaisseur#vienna#vetconcept#hund#dackel",56ff414cda118224cd5c3c82,https://www.tiktok.com/@vintageconnaisseur/video/7676029466031705347
handbags,Austria,vintageconnaisseur,shop,2026-08-20,2026-10-05,VintageConnaisseur,video,3579,114,2,6,False,German,,"Werbung | Also welche jz?? 

#vintageconnaisseur#vienna#luxustaschen#fürdich#hermes",0bc4f2efe9e8ad2965ba2140,https://www.tiktok.com/@vintageconnaisseur/video/7676022635091823894
handbags,Austria,vintageconnaisseur,shop,2026-08-20,2026-10-05,VintageConnaisseur,video,2530,98,7,1,False,German,,"Werbung | Nehmen wir an wir haben einen Sponsor 

#vintageconnaisseur#vienna#luxustaschen#hermes#kellybirkin",b12e8f799408085962fdafc9,https://www.tiktok.com/@vintageconnaisseur/video/7676022092478811414
handbags,Austria,vintageconnaisseur,shop,2026-08-19,2026-10-05,VintageConnaisseur,image,1146,35,1,8,False,German,,"Werbung | Schöne Birkins & Kellys gibts übrigens bei uns 😝 
www.vintageconnaisseur.at 
#vintageconnaisseur#vienna#luxustaschen#fürdich",c0e9072fba420f77d23d433f,https://www.tiktok.com/@vintageconnaisseur/video/7675694252193631510
handbags,Austria,vintageconnaisseur,shop,2026-08-19,2026-10-05,VintageConnaisseur,video,1733,58,3,1,False,German,,"Antwort auf @NatalieZ schrecklich 

#vintageconnaisseur#vienna#luxustaschen#fürdich#storytime",68eb035f10b0bb9d247af0e5,https://www.tiktok.com/@vintageconnaisseur/video/7675692854278229270
handbags,Austria,vintageconnaisseur,shop,2026-08-19,2026-10-05,VintageConnaisseur,video,1221,40,3,0,False,German,,"Antwort auf @Teme_the_frisian oder? 

#vintageconnaisseur#vienna#luxustaschen#storytime",2dabb1afed5fc538f9086dda,https://www.tiktok.com/@vintageconnaisseur/video/7675692075391716630
handbags,Austria,vintageconnaisseur,shop,2026-08-19,2026-10-05,VintageConnaisseur,video,11100,756,39,15,True,German,,"Werbung | Eig gehts hier um Luxustaschen 😂

#vintageconnaisseur#luxustaschen#fürdich#storytime#business",0894edcdc08037a88e72bf3c,https://www.tiktok.com/@vintageconnaisseur/video/7675625342345694486
handbags,Austria,vintageconnaisseur,shop,2026-08-18,2026-10-05,VintageConnaisseur,video,8423,456,10,6,False,German,,"Werbung | Genauso 🥹 

#vintageconnaisseur#vienna#luxustaschen#fürdich#dior",e1b6faa506366e8d07cf5cdf,https://www.tiktok.com/@vintageconnaisseur/video/7675293106429857046
handbags,Austria,vintageconnaisseur,shop,2026-08-17,2026-10-05,VintageConnaisseur,image-slideshow,1803,36,1,1,False,German,,"Werbung | Nicht vergessen heute um 20 Uhr kommt ein neuer Drop online. 👜

Du bist interessiert? Melde dich gerne bei uns 👋

www.vintageconnaisseur.at

☁️🫒✨⭐️

#vintageconnaisseur #luxustaschen #fürdich #luxury",b1ef8cabdeb13b7f78f833dc,https://www.tiktok.com/@vintageconnaisseur/video/7674936763810483479
handbags,Austria,vintageconnaisseur,shop,2026-08-17,2026-10-05,VintageConnaisseur,video,7119,304,6,3,False,German,,"Werbung | Die Woche wird oargggg 😝

#vintageconnaisseur#vienna#luxustaschen#fürdich#storytime",f9936b286b297a74f9c09c1e,https://www.tiktok.com/@vintageconnaisseur/video/7674864544920997142
handbags,Austria,vintageconnaisseur,shop,2026-08-16,2026-10-05,VintageConnaisseur,video,1274,50,4,0,False,German,topic not in caption,"Ich war einfach eine Prinzessin 👸 💒🤍💫 

#vintageconnaisseur#vienna#rosewood#hochzeit#braut",01c55ec3e1350b7898cc3e16,https://www.tiktok.com/@vintageconnaisseur/video/7674568249832394006
handbags,Austria,vintageconnaisseur,shop,2026-08-15,2026-10-05,VintageConnaisseur,image-slideshow,1194,22,1,0,False,German,,"Werbung | Aktuell bei uns verfügbar 👜 
#vintageconnaisseur#vienna#hermes#chanel",06ae6a6907d6389ac63fcea3,https://www.tiktok.com/@vintageconnaisseur/video/7674155813992238359
handbags,Austria,vintageconnaisseur,shop,2026-08-14,2026-10-05,VintageConnaisseur,video,3105,74,0,0,False,German,,"Werbung | Vorbeischauen lohnt sich 👜 

#vintageconnaisseur#vienna#luxustaschen#vienna#fürdich",cc3f1192871a8cbc2c83be61,https://www.tiktok.com/@vintageconnaisseur/video/7673852932730686742
handbags,Austria,vintageconnaisseur,shop,2026-08-14,2026-10-05,VintageConnaisseur,video,2444,103,7,1,False,German,,"Werbung | Mit gefällts 😇 

#vintageconnaisseur#vienna#luxustaschen#fürdich#chanel",3b085e7ea7949333c408cef9,https://www.tiktok.com/@vintageconnaisseur/video/7673831506418142486
handbags,Austria,vintageconnaisseur,shop,2026-08-14,2026-10-05,VintageConnaisseur,video,3679,167,11,1,False,German,,"Werbung | Soll angeblich helfen 😂🤝 

#vintageconnaisseur#vienna#luxustaschen#fürdich",8f5aab52708222c33533c431,https://www.tiktok.com/@vintageconnaisseur/video/7673829412965518614
handbags,Austria,vintageconnaisseur,shop,2026-08-13,2026-10-05,VintageConnaisseur,video,4786,301,6,9,False,German,topic not in caption,"Werbung | Der Witz des Jahres 

#vintageconnaisseur#hund#dackel#fürdich#business",0677ae3c825015a129888d7d,https://www.tiktok.com/@vintageconnaisseur/video/7673428005204790530
handbags,Austria,vintageconnaisseur,shop,2026-08-13,2026-10-05,VintageConnaisseur,video,2002,87,1,1,False,German,,"Werbung | Ab jetzt verfügbar 🤩 

#vintageconnaisseur#vienna#luxustaschen#fürdich#hermeskelly",6170a83beb63be90759911bf,https://www.tiktok.com/@vintageconnaisseur/video/7673415900296465686
handbags,Austria,vintageconnaisseur,shop,2026-08-12,2026-10-05,VintageConnaisseur,video,1109,66,6,0,False,English/other,,"Werbung | Bitte um Feedback 

#vintageconnaisseur#vienna#luxustaschen#live#storytime",165ce9488435497ef3594a51,https://www.tiktok.com/@vintageconnaisseur/video/7673078898124524822
handbags,Austria,vintageconnaisseur,shop,2026-08-12,2026-10-05,VintageConnaisseur,video,2121,67,2,1,False,German,,"Werbung | Liebe ist schön. Birkins auch. 

Diese und viele weitere schöne Birkins gibt es bei uns. 🤩

Bei Interesse gerne melden 🙋‍♀️ 

www.vintageconnaisseur.at

#weddingvibes #wifey #handbags #luxury",e90abab79ccab1b3f4a97748,https://www.tiktok.com/@vintageconnaisseur/video/7673052041622605078
handbags,Austria,vintageconnaisseur,shop,2026-08-12,2026-10-05,VintageConnaisseur,video,9368,435,15,7,False,German,,"Werbung | Liebe diese Vielseitigkeit 👜🫶🏼 

#vintageconnaisseur#vienna#luxustaschen#fürdich#storytime",314c595f3e4da2549eab5c13,https://www.tiktok.com/@vintageconnaisseur/video/7673032256067325206
handbags,Austria,vintageconnaisseur,shop,2026-08-11,2026-10-05,VintageConnaisseur,video,3024,168,11,1,False,German,topic not in caption,"Was soll das Chatty? 😂 

#vintageconnaisseur#vienna#couple#fun#storytime",49875668c0081370fc9c6929,https://www.tiktok.com/@vintageconnaisseur/video/7672744416460770582
handbags,Austria,vintageconnaisseur,shop,2026-08-11,2026-10-05,VintageConnaisseur,video,1295,41,3,0,False,German,,"Antwort auf @love55 PN hahah 

#vintageconnaisseur#vienna#luxustaschen#business#fun",e5bca56326056d1a52c02203,https://www.tiktok.com/@vintageconnaisseur/video/7672741666662468886
handbags,Austria,vintageconnaisseur,shop,2026-08-11,2026-10-05,VintageConnaisseur,video,3039,121,3,1,False,German,,"Antwort auf @justine Arbeit ist überall dabei 

#vintageconnaisseur#vienna#luxustaschen#business#storytime",f41306a4bf6d654e44d348c7,https://www.tiktok.com/@vintageconnaisseur/video/7672741427792579862
handbags,Austria,vintageconnaisseur,shop,2026-08-11,2026-10-05,VintageConnaisseur,video,2471,81,2,0,False,German,,"Antwort auf @fridolin the squirrel 👋 
Werbung

#vintageconnaisseur#vienna#luxustasche#chanel",5573b3e2dd987f10c7ae4e09,https://www.tiktok.com/@vintageconnaisseur/video/7672739261145238806
handbags,Austria,vintageconnaisseur,shop,2026-08-11,2026-10-05,VintageConnaisseur,video,2567,202,8,0,False,German,,"Antwort auf @Zitrone Liebs 

#vintageconnaisseur#vienna#luxustaschen#fürdich",909658cae114f8d02b10a457,https://www.tiktok.com/@vintageconnaisseur/video/7672738286842023190
handbags,Austria,vintageconnaisseur,shop,2026-08-11,2026-10-05,VintageConnaisseur,video,6881,239,2,7,False,German,,"Werbung | Liebe sie alle 

#vintageconnaisseur#vienna#luxustaschen#fürdich#chanel",cd27219575e2e4ec69650118,https://www.tiktok.com/@vintageconnaisseur/video/7672688025838636310
handbags,Austria,vintageconnaisseur,shop,2026-08-10,2026-10-05,VintageConnaisseur,video,3200,158,11,8,False,English/other,,"Werbung | Manifesting peace, happiness & a Birkin.

🧘🏽☮️⭐️✨

#comedy #viral #fyp #birkin #vintage",e135ea3743b94c6800d75ca5,https://www.tiktok.com/@vintageconnaisseur/video/7672354580914507030
handbags,Austria,vintageconnaisseur,shop,2026-08-10,2026-10-05,VintageConnaisseur,video,3822,136,0,0,False,German,,"Werbung | Ab 20 Uhr auf der Website online 👜 
www.vintageconnaisseur.at 

#vintageconnaisseur#vienna#luxustaschen#fürdich#drop",1fdd116550e3a67a5949edd7,https://www.tiktok.com/@vintageconnaisseur/video/7672292261593468182
handbags,Austria,vintageconnaisseur,shop,2026-08-10,2026-10-05,VintageConnaisseur,video,3474,154,10,2,False,English/other,,"Werbung | Balance 🤝

#vintageconnaisseur#vienna#luxustasche#chanel#oodt",c7eca5d5c4e0a2ab79da70c4,https://www.tiktok.com/@vintageconnaisseur/video/7672261561288838422
handbags,Austria,vintageconnaisseur,shop,2026-08-10,2026-10-05,VintageConnaisseur,video,1965,102,1,0,False,German,,"Werbung | Es wird oarg!!! 

#vintageconnaisseur#vienna#luxustaschen#immobilien#fürdich",b70062b184813895b1e6ce3e,https://www.tiktok.com/@vintageconnaisseur/video/7672255489312328982
handbags,Austria,vintageconnaisseur,shop,2026-08-09,2026-10-05,VintageConnaisseur,video,15600,758,18,13,True,German,,"War noch nie so stolz 😂😂😂 

#vintageconnaisseur#vienna#luxustaschen#hochzeit#heiraten",795f7ee837a29aedca0245a6,https://www.tiktok.com/@vintageconnaisseur/video/7671955419170098435
handbags,Austria,vintageconnaisseur,shop,2026-08-08,2026-10-05,VintageConnaisseur,video,1321,39,1,2,False,English/other,,"Werbung | The only reason. ⭐️

The best selection of vintage designer bags. 👜

Where?
www.vintageconnaisseur.at

#comedу #vintage #luxury #handbags #viral",a191740cdba101b70ca5cc4a,https://www.tiktok.com/@vintageconnaisseur/video/7671632268355472662
handbags,Austria,vintageconnaisseur,shop,2026-08-07,2026-10-05,VintageConnaisseur,video,4815,218,9,4,False,German,,"Wir sagen NICHT nur 😜😜 

#vintageconnaisseur#vienna#luxustaschen#hochzeit#storytime",471a41579fb3f9c94e86fec2,https://www.tiktok.com/@vintageconnaisseur/video/7671336199142771990
handbags,Austria,vintageconnaisseur,shop,2026-08-07,2026-10-05,VintageConnaisseur,video,8441,549,5,60,True,German,,"Werbung | Eine neue Tasche ist immer eine gute Idee. ⭐️

Diese und viele weitere schöne Taschen gibts bei uns. 

Wo?
www.vintageconnaisseur.at

#viral #fyp #vienna #vintagebags #luxury",bfc1918af87df43c6ba31320,https://www.tiktok.com/@vintageconnaisseur/video/7671203334954552598
handbags,Austria,vintageconnaisseur,shop,2026-08-07,2026-10-05,VintageConnaisseur,video,3230,140,10,2,False,German,,"Jetzt ist er ein richtiger Ehemann 

#vintageconnaisseur#vienna#luxustaschen#fürdich#steamer",4626a2f1abe26c6740229c9c,https://www.tiktok.com/@vintageconnaisseur/video/7671174200702405910
watches,Germany,aronstoico,creator,2026-10-05,2026-10-05,Aron,video,295,9,0,0,False,German,,Antwort auf @1  #uhrmacher #uhrmacherausbildung #uhren #watchtok,f6bba86f07632bbe34de20c8,https://www.tiktok.com/@aronstoico/video/7693083603923684641
watches,Germany,aronstoico,creator,2026-10-05,2026-10-05,Aron,video,271,8,3,0,False,German,,Antwort auf @Hubert Berger #watchtok #brando #gmt #rolex #dunkopf,1da4c00162a845c2e74475ea,https://www.tiktok.com/@aronstoico/video/7693082733534252320
watches,Germany,aronstoico,creator,2026-10-03,2026-10-05,Aron,video,369,12,1,1,False,hashtags only,,Having Some motivational difficulties.  be back tomorrow schuldigung #watchtok #uhren #patekphilippe,37692996020dd3c0211b0d85,https://www.tiktok.com/@aronstoico/video/7692535717116890400
watches,Germany,aronstoico,creator,2026-10-01,2026-10-05,Aron,video,616,27,2,0,False,German,,"Diese Rolex GMT-Master Ref. 1675 trug Marlon Brando 1979 als Colonel Kurtz in „Apocalypse Now“. Für den Film entfernte er selbst die Lünette und gravierte „M. Brando“ in den Gehäuseboden. 2019 wurde sie für 1.759.142 € versteigert! Eine normale 1675 kostet heute ca. 15.000–20.000 €. ⌚️🔥

#Rolex #MarlonBrando #ApocalypseNow #RolexGMT #WatchTok",c261cac73ba6a70ae49a17eb,https://www.tiktok.com/@aronstoico/video/7691680499907005729
watches,Germany,aronstoico,creator,2026-10-01,2026-10-05,Aron,video,331,12,0,0,False,hashtags only,,Gumo #watchtok,3df67c444b4f87d75d06bac6,https://www.tiktok.com/@aronstoico/video/7691598747675020576
watches,Germany,aronstoico,creator,2026-09-30,2026-10-05,Aron,video,376,16,0,0,False,German,,"Zerknittertes polo und die Universal Geneve am Arm. Ready for work als Uhrmacher 
#Rolex #uhren #watchtok #universalgeneve #lifestyle",624b429e0d2b83e37bc46463,https://www.tiktok.com/@aronstoico/video/7691227879950011681
watches,Germany,aronstoico,creator,2026-09-29,2026-10-05,Aron,video,361,14,0,1,False,German,,"Viele denken, Rolex-Konzessionäre würden Uhren einfach „zurückhalten“. 👀 Doch oft wird darauf geachtet, fair zu verteilen und die nächsten Kunden auf der Warteliste zu berücksichtigen. Wer dran ist, bekommt seine Chance. ⌚🔥 #Rolex #Luxusuhr #Watches #UhrenTok #Rolex Genau das wird oft unterschätzt. 👀",49fcb4e624602f8ad1d1451c,https://www.tiktok.com/@aronstoico/video/7690921995722050849
watches,Germany,aronstoico,creator,2026-09-29,2026-10-05,Aron,video,326,11,2,0,False,hashtags only,,Moderne jeweler outfit #uhr #watchtok #poljot #lifestyle,415a497fa96e1e30b22369ac,https://www.tiktok.com/@aronstoico/video/7690858335263837473
watches,Germany,aronstoico,creator,2026-09-27,2026-10-05,Aron,video,362,32,1,0,False,German,,Fit für den Sonntags Gottesdienst. Gucci Quarz am Arm. #watchtok #fit #lifestyle #gucci #uhr,79121140c4b23b9ed6e284d6,https://www.tiktok.com/@aronstoico/video/7690129684570410272
watches,Germany,aronstoico,creator,2026-09-25,2026-10-05,Aron,video,344,10,1,0,False,,no caption,,975c4f677aef2d8951ffa584,https://www.tiktok.com/@aronstoico/video/7689451731930909984
watches,Germany,aronstoico,creator,2026-09-24,2026-10-05,Aron,video,266,18,1,0,False,German,,"⏱️ Was hat das Christentum mit der Entstehung der modernen Uhrmacherei zu tun? Mehr, als man auf den ersten Blick vermuten würde. Von mittelalterlichen Klöstern über Gebetszeiten und die Messung kanonischer Stunden bis hin zur Entwicklung mechanischer Räderuhren: Christliche Institutionen spielten eine wichtige Rolle bei der frühen Verbreitung präziser Zeitmessung in Europa. Mönche benötigten zuverlässige Zeitangaben für Gebete und den strukturierten Tagesablauf – und genau daraus entstand ein wachsender Bedarf an immer präziseren Uhren. 🕰️ Doch wie wurde aus der Messung von Gebetszeiten eine der faszinierendsten Handwerks- und Industriekulturen der Welt? Die Geschichte der Uhrmacherei ist eng mit Religion, Wissenschaft, Technik und gesellschaftlichem Wandel verbunden.

#Uhrmacherei #Uhren #Geschichte #Christentum #Wissen",accd4a25f20ad052c13dd59f,https://www.tiktok.com/@aronstoico/video/7689052508446117153
watches,Germany,aronstoico,creator,2026-09-23,2026-10-05,Aron,video,143,9,0,0,False,German,,#stitch mit @kaiserwatch,d65be6c422ed0a60269bdb83,https://www.tiktok.com/@aronstoico/video/7688627802827951393
watches,Germany,aronstoico,creator,2026-09-22,2026-10-05,Aron,video,323,11,3,0,False,German,,Die Reise mit unserer Italien Uhr beginnt und wir müssen natürlich als erstes das Band auswählen. #watchtok #uhr #uhren #citizen #fy,51323d708777d2a68f2e59d7,https://www.tiktok.com/@aronstoico/video/7688422632349289761
watches,Germany,aronstoico,creator,2026-09-22,2026-10-05,Aron,video,302,16,1,0,False,hashtags only,,#watchtok #rolex #tudor #watchmaker #uhr,a1e1ce7687714b64be23f9c9,https://www.tiktok.com/@aronstoico/video/7688338099289607456
watches,Germany,aronstoico,creator,2026-09-22,2026-10-05,Aron,video,369,11,1,0,False,hashtags only,,Fit of the day eines Uhrmachers #watchtok #ohnereden #tudor #fit #lifestyle,2df882fe8da227803ff900e7,https://www.tiktok.com/@aronstoico/video/7688258630822432033
watches,Germany,aronstoico,creator,2026-09-21,2026-10-05,Aron,video,357,11,1,0,False,German,,Appel watch oder kaputte mechanische Uhr ? Ich nehm die mechanische #watchtok #apple #applewatch #uhrmacher,0b582672d9f8dba2e61697a7,https://www.tiktok.com/@aronstoico/video/7687890174373530912
watches,Germany,aronstoico,creator,2026-09-20,2026-10-05,Aron,video,383,20,1,0,False,German,,Sonntags fit mit Tudor Date 31 #watchtok #fit #church #jesusisking #avechristusrex,7c5507c26066969e891f8267,https://www.tiktok.com/@aronstoico/video/7687513688605003040
watches,Germany,aronstoico,creator,2026-09-19,2026-10-05,Aron,video,425,12,1,0,False,German,,"TUDOR Date 31 mit opalweißem Zifferblatt – klassisch, elegant und mit genau. 

Doch was steckt eigentlich hinter dem Namen TUDOR? Die Marke geht auf Hans Wilsdorf, den Gründer von Rolex, zurück. 1926 wurde „The Tudor“ erstmals als Marke eingetragen. Der Name ist dabei kein Zufall: TUDOR griff die historische Tudor-Dynastie Englands auf, deren bekanntes Symbol, die Tudor-Rose, später auch das Zifferblatt der Uhren schmückte. 1936 wurde die Marke offiziell auf Hans Wilsdorf übertragen, und 1946 entstand Montres TUDOR S.A.

So verbindet diese Uhr moderne Schweizer Uhrmacherkunst mit einem Namen, der tief in der europäischen Geschichte verwurzelt ist. Von englischem Königshaus und Tudor-Rose bis hin zur heutigen TUDOR: Hinter dem Namen steckt deutlich mehr als nur ein Schriftzug auf dem Zifferblatt.

#TUDOR #TudorWatch #LuxuryWatch #WatchTok #Watches",53416c20b77ecdf3ff0d5743,https://www.tiktok.com/@aronstoico/video/7687197042006904096
watches,Germany,aronstoico,creator,2026-09-19,2026-10-05,Aron,video,290,8,0,0,False,German,,Die Uhr des Tages Tudor Date 31 #uhren #uhr #watchtok,a3bef2610c93ebef0fd47fb3,https://www.tiktok.com/@aronstoico/video/7687146744701930785
watches,Germany,aronstoico,creator,2026-09-18,2026-10-05,Aron,video,345,15,0,2,False,German,,Uhrmacher im Feierabend Vlog mit @frankfurt_timepieces  #uhren #autos #autowaschen #autodetailing #fiat,cb31dae87579c8c4d6f8f4ca,https://www.tiktok.com/@aronstoico/video/7686961602079264033
watches,Germany,aronstoico,creator,2026-09-18,2026-10-05,Aron,video,558,17,0,0,False,German,,"Von einem kleinen Lederwarenhaus in Florenz zur globalen Luxusikone: Gucci blickt auf eine Geschichte zurück, die seit 1921 von italienischer Handwerkskunst, unverwechselbarem Design und ständigem Wandel geprägt ist. ⌚️ Heute gehören auch Quarzuhren zum Gucci-Universum und verbinden prägnante Designs mit moderner Alltagstauglichkeit. Gerade dieser Mix aus Vergangenheit und Gegenwart macht Gucci-Uhren für viele so interessant: Sie zeigen nicht nur die Zeit, sondern tragen ein Stück Markengeschichte am Handgelenk. Welche Gucci-Uhr würdest du heute tragen? 👀🔥 #Gucci #WatchTok #LuxuryTok #FashionTok #Uhren",f0500d589b6611540ce10c13,https://www.tiktok.com/@aronstoico/video/7686845494970092833
watches,Germany,aronstoico,creator,2026-09-18,2026-10-05,Aron,video,313,7,0,0,False,German,topic not in caption,"Antwort auf @Vaelentinaa Verfärben sich die Zähne wirklich, wenn man regelmäßig Grills trägt? 🦷🔥 Genau dieser Frage bin ich auf den Grund gegangen! Was passiert mit dem Zahnschmelz, wenn die Grills häufig getragen werden, und worauf sollte man unbedingt achten? Die Antwort könnte dich überraschen – vor allem, wenn du selbst Grills trägst oder darüber nachdenkst. 👀 Schau bis zum Ende und sag mir danach: Hättest du das gedacht?

#Grills #Zähne #Zahngesundheit #DentalTok #TikTokDeutschland",0dbfa021d684cdd7bdded04f,https://www.tiktok.com/@aronstoico/video/7686774956079762721
watches,Germany,aronstoico,creator,2026-09-17,2026-10-05,Aron,video,13500,272,0,56,True,German,,"Drakes Sammlung aus Luxusuhren, Goldschmuck und Hermès-Birkin-Bags ist weit mehr als eine Ansammlung teurer Gegenstände. Rolex-Uhren, massive Goldketten, Ringe und eine umfangreiche Birkin-Kollektion vermitteln ein Gesamtkonzept aus Exklusivität, Status und demonstrativem Luxus. Besonders auffällig ist die Darstellung von Bargeld innerhalb einer der Taschen. Psychologisch betrachtet entsteht dadurch eine visuelle Inszenierung von Wohlstand, bei der nicht nur der materielle Wert, sondern vor allem die wahrgenommene Dimension seines Besitzes kommuniziert wird. Interessant ist dabei die Frage, ab welchem Punkt Luxus durch seine schiere Menge seine ursprüngliche Seltenheit verliert.

#Drake #Luxury #Rolex #BirkinBag #Jewelry
::",ae8f777ff9448e3381343234,https://www.tiktok.com/@aronstoico/video/7686598445943098657
watches,Germany,aronstoico,creator,2026-09-17,2026-10-05,Aron,video,3042,68,2,1,True,German,,Antwort auf @Tiim 👀 Wie groß ist eigentlich die neue Rolex Padellone? ⌚️ Hier sind die Maße im Detail – und die Größe ist definitiv interessant. #Rolex #Padellone #RolexPadellone #RolexWatch #UhrenTok,f8c4304b9043ccd31a8bee55,https://www.tiktok.com/@aronstoico/video/7686478577700703521
watches,Germany,aronstoico,creator,2026-09-17,2026-10-05,Aron,video,338,10,0,0,False,German,,Morgenroutine mit der Pulsar #WatchTok #seiko #pulsar #uhren,ebbede15023a2df0b92ad0ea,https://www.tiktok.com/@aronstoico/video/7686405411175501089
watches,Germany,aronstoico,creator,2026-09-16,2026-10-05,Aron,video,730,27,1,0,False,German,,"Das durch den transparenten Gehäuseboden zu bewundernde Kaliber 7190 zeichnet sich durch seine harmonische Ästhetik aus: durchbrochene Schwungmasse in Gelbgold, Brücken mit Rolex Côtes de Genève-Veredelung und subtiles Spiel der Finissagen. Dieses vollständig intern entwickelte und hergestellte Uhrwerk ist eine Weiterentwicklung des Kalibers 7135, eines Uhrwerks der uhrmacherischen Avantgarde, das im letzten Jahr bei der Einführung der Land‑Dweller vorgestellt wurde. Wie sein Vorgänger schlägt es mit der hohen Frequenz von 5 Hertz. Wie sein Vorgänger ist es mit der Syloxi-Spirale aus Silizium und einer Unruhwelle aus Keramik ausgestattet. Und wie sein Vorgänger verfügt es über die Dynapulse-Hemmung, ein revolutionäres Reguliersystem, ebenfalls aus Silizium. Das Kaliber 7190 bietet eine ausgezeichnete Beständigkeit gegenüber starken Magnetfeldern und besticht durch herausragende Leistungen insbesondere in Sachen Präzision, Gangreserve, Bedienkomfort und Zuverlässigkeit.

#Rolex #RolexWatches #Luxusuhr #Padel #UhrenDeutschland",625965538bdcb2e8ad67d661,https://www.tiktok.com/@aronstoico/video/7686177441047432481
watches,Germany,aronstoico,creator,2026-09-16,2026-10-05,Aron,video,891,28,2,2,False,German,,Antwort auf @Aqua 👀 An welcher Rolex orientiert sich die neue Padellone? Die Antwort: Rolex Luna Face 81-71. ⌚️🔥 #Rolex #Padellone #RolexPadellone #RolexVintage #UhrenTok,9b0844eb2c088223b192e51f,https://www.tiktok.com/@aronstoico/video/7686093047364422945
watches,Germany,aronstoico,creator,2026-09-16,2026-10-05,Aron,video,398,12,1,0,False,hashtags only,,Watch of the day #watchtok #pulsar #uhren #uhr #uhren,4ae023a6f6bc5c9c1142deed,https://www.tiktok.com/@aronstoico/video/7686034636983602465
watches,Germany,aronstoico,creator,2026-09-15,2026-10-05,Aron,video,19300,554,11,129,True,German,,"Die Perpetual Padellone ist ein ein Modell von bestechender Eleganz, das den Dialog zwischen Präzision und Poesie wieder neu belebt. In ihrem Design und ihren Funktionen knüpft sie an die Uhrmachertradition an, kann dank exklusiver technischer Innovationen aber auch mit noch nie dagewesenen Leistungen aufwarten. So ist ihr Uhrwerk, das mit einer Frequenz von 5 Hz schlägt, durch 30 Patentanmeldungen geschützt, zwei davon exklusiv für dieses Werk.

#rolex #WatchTok #padellone #schmuck #lifestyle",9013db9550c90a209dcfadd6,https://www.tiktok.com/@aronstoico/video/7685824874744384800
watches,Germany,aronstoico,creator,2026-09-15,2026-10-05,Aron,video,300,8,0,0,False,German,,"Eine Uhr, zwei komplett unterschiedliche Vibes. 👀 Nur das Armband wechseln – und plötzlich wird aus derselben Uhr eine sommerliche Beach-Watch oder ein echtes Winter-Piece. 🌊☀️ NATO-Strap oder Kautschukband wirken sportlich, leicht und perfekt für Sommer, Wasser & Urlaub. Ein dickeres Stoffband oder Lederband bringt dagegen Wärme, Charakter und einen deutlich edleren Winter-Vibe. 🧥❄️ Genau deshalb unterschätzen viele, wie viel ein Armband tatsächlich verändert. Welche Version würdest du tragen? 👇

#WatchTok #Uhrenliebe #WatchStraps #UhrenStyle #Watches",167ff2bb965f7f152ca72278,https://www.tiktok.com/@aronstoico/video/7685745665791511840
watches,Germany,aronstoico,creator,2026-09-14,2026-10-05,Aron,video,417,14,0,0,False,German,,"Eine außergewöhnliche Puma-Quarzuhr mit einem markanten, kantigen Gehäuse im Art-Déco-Stil. Das weiße Zifferblatt mit schwarzen Breguet-Ziffern verleiht ihr eine klassische, elegante Ausstrahlung, während das facettierte Glas die besondere Gehäuseform zusätzlich betont.

Das schwarze Stretch-NATO-Band habe ich selbst ergänzt, um den sportlichen Charakter der Uhr gezielt hervorzuheben und dem Design den passenden sportlichen Akzent zu geben. Eine spannende Kombination aus Eleganz, klarer Formsprache und sportlicher Ästhetik. ⌚🖤

#PumaWatch #VintageWatch #Quarzuhr #WatchTok #VintageWatches",31e3fb94b4d0ee24c9cc1695,https://www.tiktok.com/@aronstoico/video/7685482663985073440
watches,Germany,aronstoico,creator,2026-09-13,2026-10-05,Aron,video,309,6,2,0,False,German,topic not in caption,"Würdest du so einem Wecker vertrauen, dich morgens aus dem Bett zu werfen? ⏰

Damals gab es keinen Smartphone-Wecker und keine fünf verschiedenen Alarme zum Wegdrücken. Ein mechanischer Wecker musste funktionieren – jeden Morgen aufs Neue. Denn von seinem Klingeln konnte abhängen, ob man rechtzeitig zur Arbeit, zur Schule oder zum nächsten Termin kam. Genau deshalb mussten diese kleinen Geräte robust, präzise und vor allem zuverlässig sein. Einmal aufziehen, die richtige Zeit einstellen und darauf vertrauen, dass er dich am nächsten Morgen tatsächlich aus dem Schlaf holt. Ganz schön viel Verantwortung für ein kleines mechanisches Gerät, oder? 🔧⏰ 

#MechanischeUhren #Nostalgie #Vintage #Zeitgeschichte #Wecker",bf443796ed4a1ddfcac38b79,https://www.tiktok.com/@aronstoico/video/7685075164320501025
watches,Germany,aronstoico,creator,2026-09-12,2026-10-05,Aron,video,700,24,1,3,False,German,,"⚙️🇨🇭 Was passiert eigentlich in einer mechanischen Uhr? Dieses große Modell zeigt eindrucksvoll die Funktionsweise der Schweizer Ankerhemmung. Das Ankerrad gibt seine Energie Schritt für Schritt an den Anker ab, während der Anker gleichzeitig den Ablauf des Räderwerks kontrolliert. Bei jeder Schwingung der Unruh wird das Ankerrad um genau einen Zahn weiterbewegt – so entsteht der gleichmäßige Takt, den wir als „Ticken“ einer mechanischen Uhr kennen. ⏱️

Die Schweizer Ankerhemmung wurde vor allem deshalb so erfolgreich, weil sie relativ kompakt, zuverlässig, präzise und für die Serienfertigung gut geeignet ist. Gerade bei kleinen Armbanduhren sind diese Eigenschaften entscheidend: Auf engstem Raum müssen viele Bauteile dauerhaft und möglichst reibungsarm zusammenarbeiten. Deshalb findet man die Ankerhemmung seit vielen Jahrzehnten in unzähligen mechanischen Uhren und sie ist bis heute eine der wichtigsten Hemmungskonstruktionen der Uhrmacherei. 🔧⌚

#Uhrmacherei #Ankerhemmung #SchweizerAnkerhemmung #MechanischeUhr #Uhren",8fcc5e87474c26d9e3e59dc5,https://www.tiktok.com/@aronstoico/video/7684702549454146849
watches,Germany,aronstoico,creator,2026-09-11,2026-10-05,Aron,video,313,24,0,0,False,English/other,topic not in caption,Kurzes Update,3e04271afe70d09fba04ac15,https://www.tiktok.com/@aronstoico/video/7684270263961177376
watches,Germany,aronstoico,creator,2026-09-10,2026-10-05,Aron,video,32,4,0,1,False,German,,"Man kann viel Geld in die Optik stecken. Aber am Ende zählt, was wirklich dahintersteckt. 👀 Das Innere ist wichtiger als das Finish vom Gehäuse – und nein, ich rede nicht über Uhren. 

 #mindset #qualität #persönlichkeit #deepthoughts #tiktokde",03a74f6ea7e5d87c84d0ba62,https://www.tiktok.com/@aronstoico/video/7684030295737126176
watches,Germany,aronstoico,creator,2026-09-09,2026-10-05,Aron,video,343,17,1,0,False,German,,"Wie können Juweliere, die keine offiziellen Rolex-Konzessionäre sind, trotzdem echte Rolex-Uhren verkaufen? 🤔 Ganz einfach: Solche Händler beziehen die Uhren in der Regel nicht direkt von Rolex, sondern aus dem sogenannten Sekundärmarkt. Die Rolex wurde ursprünglich bei einem autorisierten Rolex-Konzessionär gekauft und anschließend von einem privaten Besitzer an den Juwelier weiterverkauft – oder der Juwelier hat die Uhr auf anderem Weg aus dem freien Markt erworben. Entscheidend ist also: Nur weil ein Juwelier kein offizieller Rolex-Konzessionär ist, bedeutet das nicht automatisch, dass seine Rolex-Uhren nicht echt sind. 🔍⌚

#Rolex
#RolexDeutschland
#Luxusuhren
#Uhrenwissen
#WatchTok",4370519a94937852a529c966,https://www.tiktok.com/@aronstoico/video/7683581248094260512
watches,Germany,aronstoico,creator,2026-09-09,2026-10-05,Aron,video,330,11,0,2,False,German,topic not in caption,Die zweite Chance. Enttäuscht mich nicht!!!! #geoguesser,c29b3a2e5f0166fcd025f226,https://www.tiktok.com/@aronstoico/video/7683470694725733664
watches,Germany,aronstoico,creator,2026-09-08,2026-10-05,Aron,video,321,12,3,1,False,German,topic not in caption,"Antwort auf @David 💎🦷 Grillz sind längst mehr als nur Zahnschmuck – sie haben eine spannende kulturelle Geschichte! Ihre Wurzeln reichen bis in die Antike zurück, doch die moderne Grillz-Kultur entwickelte sich besonders stark in den USA. In den 1980er- und 1990er-Jahren wurden sie Teil der Hip-Hop- und Streetwear-Kultur und von Künstlern und Rappern als Symbol für Status, Individualität und Erfolg getragen. Von Goldzähnen bis hin zu maßgefertigten Diamant-Grillz hat sich der Trend immer weiterentwickelt und ist heute weltweit bekannt. 🌍✨ 

#Grillz #HipHop #GoldTeeth #Streetwear #Jewelry",8028f933154639a39b2a9baa,https://www.tiktok.com/@aronstoico/video/7683239548272348449
watches,Germany,aronstoico,creator,2026-09-07,2026-10-05,Aron,video,344,8,0,1,False,German,,"☀️ Der Pulsar Chronograph verbindet präzises Quarzwerk mit 100 Meter Wasserresistenz und einer drehbaren Zahlenanzeige auf der Lünette. Die Zahlenscheibe sorgt für den sportlichen Look, während ein Durchzugsband aus Stoff oder Nylon die Uhr im Handumdrehen zur Sommeruhr macht. Leicht, praktisch und angenehm zu tragen – ob am Strand, beim Stadtbummel oder auf dem nächsten Abenteuer. Das Band lässt sich schnell wechseln, trocknet unkompliziert und bringt genau dieses entspannte Sommergefühl mit, das eine Uhr noch vielseitiger macht. Ein Chronograph, der nicht nur die Zeit misst, sondern auch den Sommer begleitet. ⌚🌊

#Pulsar #Chronograph #Quarzuhr #Sommeruhr #Nylonband",5946cc6bb708821e47001d3f,https://www.tiktok.com/@aronstoico/video/7682722692260220193
watches,Germany,aronstoico,creator,2026-09-06,2026-10-05,Aron,video,313,5,0,0,False,German,topic not in caption,Antwort auf @Diana jetzt wird es ein bisschen schwieriger gemacht weil ihr so am rasieren wart 🔥,d67b034017df9faf87e0c2dd,https://www.tiktok.com/@aronstoico/video/7682461460034768160
watches,Germany,aronstoico,creator,2026-09-05,2026-10-05,Aron,video,303,12,2,0,False,German,,Regel NR. 1 beim Schmuck und Uhr Kauf. Euer Berater Aron,8d541930928499a95a00e106,https://www.tiktok.com/@aronstoico/video/7682104725118012705
watches,Germany,aronstoico,creator,2026-09-05,2026-10-05,Aron,video,319,11,0,0,False,German,topic not in caption,Antwort auf @frnc_gg,a7cb422f03f8544e117d5217,https://www.tiktok.com/@aronstoico/video/7682103752618200352
watches,Germany,aronstoico,creator,2026-09-05,2026-10-05,Aron,video,333,19,2,0,False,German,,"Eine gebrauchte Uhr als Souvenir? ⌚🌍 Für mich kann genau das viel spannender sein als ein klassisches Andenken. Eine Uhr hat bereits eine Geschichte, war vielleicht schon bei jemand anderem am Handgelenk und erinnert gleichzeitig an das Land, in dem man sie gefunden hat. Dazu kommt: Man nimmt etwas mit, das man wirklich tragen und im Alltag benutzen kann – und jedes Mal, wenn man auf die Uhr schaut, erinnert man sich an die Reise. 

👇 Und jetzt seid ihr dran! 👀
Wer kann anhand des Schildes, das ich im Video gezeigt habe, erraten, in welcher Stadt wir gerade sind? 🧐 Schreibt eure Vermutung in die Kommentare!",32787bb3ebe4eef7cce09ef5,https://www.tiktok.com/@aronstoico/video/7681966068281265430
watches,Germany,aronstoico,creator,2026-09-04,2026-10-05,Aron,video,301,6,1,0,False,English/other,topic not in caption,Blech Wecker,ef9e72fbfec3ac8ec5dd557a,https://www.tiktok.com/@aronstoico/video/7681797159997558049
watches,Germany,aronstoico,creator,2026-09-03,2026-10-05,Aron,video,370,11,0,0,False,hashtags only,,Welche Uhren man am Strand antrifft. #diver #watchtok #strand,5dd5d710ae885835d6aa3bb3,https://www.tiktok.com/@aronstoico/video/7681384736480070944
watches,Germany,aronstoico,creator,2026-09-02,2026-10-05,Aron,video,332,12,2,0,False,German,,Watch of the day. Und wo sind wir? #watchtok #casio,9515335d9e23ffa49b05596f,https://www.tiktok.com/@aronstoico/video/7680993153637207329
watches,Germany,aronstoico,creator,2026-09-01,2026-10-05,Aron,video,346,29,0,0,False,English/other,topic not in caption,First of the month Typ sh,1a7d2acb309d094cadbacdfc,https://www.tiktok.com/@aronstoico/video/7680578013615901985
watches,Germany,aronstoico,creator,2026-09-01,2026-10-05,Aron,video,392,7,1,3,False,hashtags only,,"Casio LRW-200H-4BV
#watchtok #casio #italy",463981f0be8737b7ef364807,https://www.tiktok.com/@aronstoico/video/7680520461809126689
watches,Germany,aronstoico,creator,2026-08-31,2026-10-05,Aron,video,309,12,1,0,False,English/other,topic not in caption,Keep me clean Boys 🫡,0cb5bf66dcf6017702e06915,https://www.tiktok.com/@aronstoico/video/7680241144785079585
watches,Germany,aronstoico,creator,2026-08-30,2026-10-05,Aron,video,319,10,1,0,False,German,topic not in caption,Meer Test der pulsar chrono Quarz diver mit NATO strap,f4b981d6a2f60c406be68e0b,https://www.tiktok.com/@aronstoico/video/7679739582547528993
watches,Germany,aronstoico,creator,2026-08-29,2026-10-05,Aron,video,297,10,1,0,False,German,,"Wenn du dein eigenes Produkt nicht respektierst, warum sollte dein Kunde es tun? 👀

Gerade in der Schmuckbranche wird dieser Punkt oft unterschätzt. Ein Schmuckstück ist nicht einfach nur ein Gegenstand. Es steht für Wert, Identität, Emotion, Status, Erinnerung und manchmal sogar für einen ganz besonderen Moment im Leben eines Menschen.

Deshalb macht es einen Unterschied, WIE du selbst mit deinem Produkt umgehst.

Wenn du dein Schmuckstück mit Sorgfalt behandelst, es nicht achtlos irgendwo hinlegst, es bewusst präsentierst, vorsichtig anfasst und eine gewisse Ehrfurcht vor dem Produkt ausstrahlst, kommunizierst du deinem Kunden unbewusst: „Das hier ist etwas Besonderes.“

Und genau diese Botschaft nimmt dein Kunde wahr – auch wenn du sie niemals aussprichst.

Psychologisch orientieren wir uns stark an sogenannten Signalen. Menschen beobachten, wie der Anbieter selbst einen Gegenstand bewertet, um daraus Rückschlüsse auf dessen Wert zu ziehen. Dein Verhalten wird damit zu einem Teil der Wertkommunikation.

Wenn du dein eigenes Produkt hingegen lieblos behandelst, darauf herumwirfst, es achtlos verpackst oder den Eindruck vermittelst, dass es für dich „nur Ware“ ist, kann genau das beim Kunden ankommen.

Nicht bewusst. Aber emotional.

Und das gilt nicht nur für Schmuck.

Ob Parfum, Mode, Kosmetik, Interior, Autos, Kunst, Gastronomie, Immobilien oder digitale Produkte: Menschen kaufen nicht ausschließlich das Produkt. Sie kaufen auch die Bedeutung, die du ihm gibst.

Ehrfurcht bedeutet dabei nicht, sein eigenes Produkt künstlich zu glorifizieren oder arrogant aufzutreten. Es bedeutet, den Wert dessen zu erkennen, was man geschaffen hat.

Denn bevor dein Kunde den Wert deines Produkts fühlen kann, muss er spüren, dass DU selbst davon überzeugt bist.

Deine Haltung wird Teil deiner Marke.

Dein Umgang mit deinem Produkt wird Teil deines Marketings.

Und dein Respekt vor deinem eigenen Produkt kann dem Kunden helfen, ebenfalls Respekt und Wertschätzung dafür zu entwickeln.

Behandle das, was du verkaufen möchtest, also nicht wie „Ware“.

Behandle es so, als hätte es bereits den Wert, den dein Kunde darin erkennen soll.

Denn manchmal entscheidet nicht das Produkt allein darüber, wie wertvoll es wahrgenommen wird – sondern die Art und Weise, wie du selbst damit umgehst. ✨

#Schmuckbranche #Schmuckdesign #Branding #uhren #watchtok",bb5e45f80e8474ee8ad2a5f9,https://www.tiktok.com/@aronstoico/video/7679519683657354528
watches,Germany,aronstoico,creator,2026-08-29,2026-10-05,Aron,video,318,10,1,0,False,German,,Die Uhr des Tages zum ersten Mal in Italien,8e0f9843dc57c8746d86f9e1,https://www.tiktok.com/@aronstoico/video/7679385074332159265
watches,Germany,aronstoico,creator,2026-08-28,2026-10-05,Aron,video,325,10,1,0,False,German,topic not in caption,Der Italien Trip beginnt,88c006ed0a84b70d5aa1eb66,https://www.tiktok.com/@aronstoico/video/7679065916973354272
watches,Germany,aronstoico,creator,2026-08-28,2026-10-05,Aron,video,414,16,1,0,False,German,,"1977 brachte Seiko eine Uhr heraus, die ihrer Zeit ziemlich weit voraus war: die Seiko C153 Calculator. Eine digitale Quarzuhr mit integriertem Taschenrechner – inklusive winziger Tasten, die ungefähr so aussahen, als hätte jemand beschlossen, einen Taschenrechner auf eine Armbanduhr zu kleben und dann noch weniger Platz dafür einzuplanen.

Das Spannende: Die C153 war nicht einfach nur eine Spielerei. Sie konnte tatsächlich rechnen – unter anderem addieren, subtrahieren, multiplizieren und dividieren. Bedient wurde sie mit einem kleinen Stylus, weil die Tasten so winzig waren, dass selbst sehr kleine Finger irgendwann aufgegeben hätten.

Und genau das macht diese Uhr heute so interessant. Ende der 70er waren digitale Uhren noch absolute Zukunftstechnologie. Seiko kombinierte also Uhr, Taschenrechner und futuristisches Design in einem Gerät, lange bevor „Smartwatch“ überhaupt ein Begriff war.

Man könnte sagen: Die Seiko C153 war eine Smartwatch, bevor Smartwatches wussten, dass sie Smartwatches werden wollten. Nur ohne Bluetooth, Apps, Benachrichtigungen und die tägliche Erinnerung, dass man seine 8.000 Schritte noch nicht gemacht hat.

Optisch ist sie heute definitiv speziell. Aber genau deshalb ist sie so ikonisch. Diese winzigen Tasten, das LCD-Display und das typische 70er-Jahre-Design machen sie zu einem echten Stück Technikgeschichte.

Und mal ehrlich: Wie viele Menschen würden heute noch eine Uhr tragen, deren wichtigste Funktion darin besteht, 123 × 456 auszurechnen? 😄

#Seiko #SeikoC153 #SeikoCalculator #CalculatorWatch #VintageSeiko",15fb5858cdb45b1d1b100004,https://www.tiktok.com/@aronstoico/video/7679060952620322080
watches,Germany,aronstoico,creator,2026-08-27,2026-10-05,Aron,video,453,17,1,0,False,German,,"Eine Uhr, drei Looks. ⌚️🔥

Genau deshalb sind NATO-Bänder für mich eine der besten Möglichkeiten, mehr aus einer Uhr herauszuholen. Einmal das Edelstahlband leid? Kein Problem. NATO-Band drauf, und der Charakter der Uhr verändert sich in wenigen Sekunden – ganz ohne Werkzeug. 🔄

Ob sportlich, lässig oder etwas klassischer: Mit unterschiedlichen Farben und Materialien kannst du dieselbe Uhr immer wieder neu wirken lassen. Besonders bei einem Chronographen wie diesem Pulsar Quarz-Chronographen macht das richtig Spaß.

Das Beste: Der Bandwechsel geht schnell, unkompliziert und du brauchst dafür nicht einmal spezielles Werkzeug. So wird aus einer Uhr quasi mehrere verschiedene Styles. 👌

Welches der drei NATO-Bänder passt eurer Meinung nach am besten zu diesem Pulsar Chronographen? 👇

1, 2 oder 3? Schreibt eure Wahl in die Kommentare! ⌚️

#Pulsar #PulsarWatch #Chronograph #Quarzchronograph #NATOBand",984babf8dec60c3c56219750,https://www.tiktok.com/@aronstoico/video/7678686747051511072
watches,Germany,aronstoico,creator,2026-08-27,2026-10-05,Aron,video,495,39,0,4,False,German,,"Stell dir vor, du bist einer der schnellsten Menschen der Welt – und trotzdem entscheidet am Ende manchmal eine einzige Sekunde über alles. Genau das war Ayrton Senna. 🏎️

Senna war nicht nur dreifacher Formel-1-Weltmeister, sondern wurde zu einer Ikone, die Geschwindigkeit, Perfektion und diesen gewissen „Ich mache das jetzt einfach“-Vibe verkörperte. Und genau da kommt TAG Heuer ins Spiel.

Senna und TAG Heuer verband eine Zusammenarbeit, die perfekt zu seinem Image passte: präzise, kompromisslos und immer auf der Suche nach der nächsten Zehntelsekunde. Besonders ikonisch wurde dabei die TAG Heuer S/el – die Sport Elegance, eine Uhr, die in den 90ern durch Senna weltweit noch einmal richtig an Aufmerksamkeit gewann.

Das Spannende: Bei Senna ging es nicht einfach darum, eine Uhr am Handgelenk zu tragen. Zeit war für ihn ein Werkzeug. Auf der Rennstrecke konnte ein winziger Unterschied über Sieg oder Niederlage entscheiden – und Senna war besessen davon, diese Unterschiede zu finden.

Und mal ehrlich: Während wir morgens schon fünfmal auf die Uhr schauen und trotzdem zu spät kommen, hat Senna Sekunden genutzt, um Geschichte zu schreiben. 😅

Sein Vermächtnis lebt deshalb nicht nur in der Formel 1 weiter, sondern auch in der Verbindung von Motorsport, Präzision und Uhrmacherei. TAG Heuer und Senna haben damit etwas geschaffen, das bis heute funktioniert: eine Marke trifft auf einen Fahrer, der Geschwindigkeit nicht einfach gefahren, sondern gelebt hat.

Ayrton Senna – drei Weltmeistertitel, 41 Grand-Prix-Siege und eine der ikonischsten Verbindungen zwischen Rennsport und Uhrmacherei. Und genau deshalb ist sein Name bis heute mehr als nur Motorsportgeschichte.

#AyrtonSenna
#TAGHeuer
#WatchTok
#WatchLifestyle
#LuxuryWatches",f7fb7e4686d4425118475495,https://www.tiktok.com/@aronstoico/video/7678612610308181280
watches,Germany,aronstoico,creator,2026-08-26,2026-10-05,Aron,video,304,16,6,0,True,,no caption,,534063c91112d03994b0a755,https://www.tiktok.com/@aronstoico/video/7678421211650493728
watches,Germany,aronstoico,creator,2026-08-26,2026-10-05,Aron,video,310,11,1,0,False,German,topic not in caption,Macher sage ich,4f6d84795e4d497472b5d93f,https://www.tiktok.com/@aronstoico/video/7678315980719705376
watches,Germany,aronstoico,creator,2026-08-26,2026-10-05,Aron,video,317,9,1,0,False,English/other,topic not in caption,Guten morgen,99f2eee03ecf90db728dee8f,https://www.tiktok.com/@aronstoico/video/7678241150750280993
watches,Germany,aronstoico,creator,2026-08-25,2026-10-05,Aron,video,291,7,1,0,False,German,topic not in caption,Antwort auf @Matra.__  hoffe das beantwortet die frage,23be71c5247780c2db1b3b15,https://www.tiktok.com/@aronstoico/video/7678018111848582432
watches,Germany,aronstoico,creator,2026-08-25,2026-10-05,Aron,video,955,21,1,0,False,German,,Die Casio F-91W ist meine go to tool watch wenn ich die Collection von forme anfangen müsste und kein Geld hätte. Was is es bei dir? ##watchtok##casio##obama##uhr,7b05d552b3b8b9f1bd615a5f,https://www.tiktok.com/@aronstoico/video/7677869387398778144
watches,Germany,aronstoico,creator,2026-08-25,2026-10-05,Aron,video,329,11,6,0,True,German,topic not in caption,Antwort auf @felix🍾  hoffe das beantwortet die Frage,b64e35036f65253c94061f4f,https://www.tiktok.com/@aronstoico/video/7677867770486344992
watches,Germany,aronstoico,creator,2026-08-24,2026-10-05,Aron,video,318,13,4,0,False,German,topic not in caption,Antwort auf @paul,fe5c4741f220cb97d4f82109,https://www.tiktok.com/@aronstoico/video/7677733998906412321
watches,Germany,aronstoico,creator,2026-08-24,2026-10-05,Aron,video,76,5,2,0,False,German,topic not in caption,#stitch mit @Fabi aber nur liebe habibi,0d43c6d0bfa4d39665dd65d7,https://www.tiktok.com/@aronstoico/video/7677669675349642529
watches,Germany,aronstoico,creator,2026-08-24,2026-10-05,Aron,video,314,6,2,0,False,German,topic not in caption,Bisschen tanken dies das,5875beadf218168ed274621c,https://www.tiktok.com/@aronstoico/video/7677667434635054369
watches,Germany,aronstoico,creator,2026-08-24,2026-10-05,Aron,video,303,21,0,0,False,English/other,topic not in caption,Carrie prn,ea6e04c4b763baaae362d1cf,https://www.tiktok.com/@aronstoico/video/7677497263446412576
watches,Germany,aronstoico,creator,2026-08-23,2026-10-05,Aron,video,339,6,0,0,False,German,topic not in caption,Antwort auf @Vincent Hofmann,15da73c73d3c27fddd34f53c,https://www.tiktok.com/@aronstoico/video/7677332241353018657
watches,Germany,aronstoico,creator,2026-08-23,2026-10-05,Aron,video,355,4,0,0,False,German,topic not in caption,Antwort auf @matze,ec329db4f684f50b6353a465,https://www.tiktok.com/@aronstoico/video/7677331476865649953
watches,Germany,aronstoico,creator,2026-08-23,2026-10-05,Aron,video,351,24,2,0,False,hashtags only,,Kleine Uhr zur Kirche. #sonntag #kirche #uhr,c762b93bcc6bd179168115ce,https://www.tiktok.com/@aronstoico/video/7677126875344358689
watches,Germany,aronstoico,creator,2026-08-22,2026-10-05,Aron,video,325,8,4,0,False,German,topic not in caption,Antwort auf @matze,68599c4f755e307ff7139061,https://www.tiktok.com/@aronstoico/video/7676892597259930913
watches,Germany,aronstoico,creator,2026-08-22,2026-10-05,Aron,video,381,7,1,0,False,German,topic not in caption,Antwort auf @felix🍾,519ae2f17226f4e63d9c59d7,https://www.tiktok.com/@aronstoico/video/7676892372201966881
watches,Germany,aronstoico,creator,2026-08-22,2026-10-05,Aron,video,345,10,5,0,True,German,topic not in caption,Antwort auf @felix🍾,58918a0f5b024928073763a2,https://www.tiktok.com/@aronstoico/video/7676753113134419232
watches,Germany,aronstoico,creator,2026-08-21,2026-10-05,Aron,video,332,11,3,0,False,German,topic not in caption,Antwort auf @𝔓𝔞𝔰𝔠𝔞𝔩𝔩¹⁶🏎️,20798b8f4c0645be0362ac0b,https://www.tiktok.com/@aronstoico/video/7676578359773531425
watches,Germany,aronstoico,creator,2026-08-21,2026-10-05,Aron,video,345,22,2,1,False,,no caption,,9caaf8d8b35a818d726802b9,https://www.tiktok.com/@aronstoico/video/7676468737372933409
watches,Germany,aronstoico,creator,2026-08-21,2026-10-05,Aron,video,298,10,0,0,False,German,,Philosophie am Morgen und die Uhr des Tages,06b57ff6a815c261b0867d26,https://www.tiktok.com/@aronstoico/video/7676384786981637408
watches,Germany,aronstoico,creator,2026-08-20,2026-10-05,Aron,video,790,23,4,1,False,German,,Abend Routine mit der Casio F-91W #workout #niche #casio #uhren,9d8187fe65fb04bb8a4ef753,https://www.tiktok.com/@aronstoico/video/7676199442223025440
watches,Germany,aronstoico,creator,2026-08-20,2026-10-05,Aron,video,436,36,2,0,False,German,,"Würdet ihr sein Schmuck so tragen ? 

#niche #adamsandler #uhren #uhrtok #watchtok",2a5769cb29325f181cf208d2,https://www.tiktok.com/@aronstoico/video/7676099676415741216
watches,Germany,aronstoico,creator,2026-08-20,2026-10-05,Aron,video,313,10,1,0,False,hashtags only,topic not in caption,#motiviert,d67fa9338d1a70207f8af7c9,https://www.tiktok.com/@aronstoico/video/7676015283454233888
watches,Germany,aronstoico,creator,2026-08-19,2026-10-05,Aron,video,903,23,0,0,False,hashtags only,,Jeep the Girl clean yuuurrrr bring bong #joebiren #dogs #casio #niche,8eecda4b70f9b1f2a8757ac0,https://www.tiktok.com/@aronstoico/video/7675852904246332704
watches,Germany,aronstoico,creator,2026-08-19,2026-10-05,Aron,video,320,12,0,0,False,German,,Die 2 wichtigsten Schmuckstücke eines Mannes #schmuck #horology,9c7547a1585fae84e8e77f4d,https://www.tiktok.com/@aronstoico/video/7675760332052204832
watches,Germany,aronstoico,creator,2026-08-19,2026-10-05,Aron,video,425,8,0,0,False,German,,Die Uhr für heute #swatch #lifestyle,049af66ab332183e22d4083a,https://www.tiktok.com/@aronstoico/video/7675643777121389856
watches,Germany,aronstoico,creator,2026-08-18,2026-10-05,Aron,video,408,25,1,0,False,German,,"Diese Rolex Daytona ist nicht einfach nur „iced out“ – sie ist ein echtes 1-of-1 Piece Unique von Rolex. 🥶💎 Drake bekam die sogenannte Ice Gradient Daytona, die laut seinem eigenen Post geschaffen wurde, um die Rekord-Momente seines Jahres 2026 zu feiern. Und genau hier wird es interessant: Rolex hat die Uhr offenbar nicht einfach aus einem bestehenden Katalogmodell zusammengesetzt. Sie wurde speziell für Drake gefertigt und kombiniert einen komplett pavierten Zifferblatt-Look mit einem Saphirbesatz und einer auffälligen Farbgradation aus weißen Diamanten hin zu blauen Saphiren auf dem Band. 

Das vielleicht verrückteste Detail befindet sich allerdings auf der Rückseite: Dort steht in Blau „Freeze the World“ – eine direkte Verbindung zu Drakes Iceman-Ära und der Zeile aus dem Track „Make Them Know“. Damit ist die Uhr praktisch ein physisches Relikt des gesamten Iceman-Rollouts. 🧊

Und der Zeitpunkt passt perfekt: Iceman erschien am 15. Mai 2026 mit 18 Tracks – und Drake überraschte gleichzeitig mit der Trilogie aus Iceman, Habibti und Maid of hornor. Die Uhr soll genau diese Rekord-Momente symbolisieren. Noch heftiger: Experten schätzen den Wert auf bis zu rund 5 Millionen Dollar – wobei das keine offiziell bestätigte Rolex-Bewertung ist.

Interessant ist auch, wie außergewöhnlich „Piece Unique“ bei Rolex überhaupt ist: Solche individuell gefertigten Einzelstücke sind bei der Marke extrem selten. Drake hat außerdem schon seit Jahren eine besondere Beziehung zu Rolex und soll in einem seiner Songs sogar von 143 Rolex-Uhren in seiner Sammlung gesprochen haben. ⌚️

Und dann kommt noch dieser kleine Seitenhieb: Drake schrieb ausdrücklich, man solle nicht versuchen, die Uhr beim lokalen Juwelier nachbauen zu lassen. 😂 Offenbar soll dieses Exemplar genau das bleiben, was es ist: ein Einzelstück und Teil der Geschichte.

Würdest du diese Daytona tragen – oder ist sie schon zu viel? 👀

#Drake #Rolex #RolexDaytona #Iceman #Watches",fa9c9235cd23a19ce582c448,https://www.tiktok.com/@aronstoico/video/7675437847523904800
watches,Germany,aronstoico,creator,2026-08-18,2026-10-05,Aron,video,316,5,0,0,False,German,,Die Uhr des Tages mit kleinem Special #watchofthefay #watchtok #uhr #uhren,b862508b47a29cdfa1096257,https://www.tiktok.com/@aronstoico/video/7675272256595004704
watches,Germany,aronstoico,creator,2026-08-17,2026-10-05,Aron,video,403,8,0,0,False,English/other,,Uhr des Tages,d35ac1e9511eb464b40f4450,https://www.tiktok.com/@aronstoico/video/7674942273775291680
watches,Germany,aronstoico,creator,2026-08-16,2026-10-05,Aron,video,513,20,2,1,False,German,,"Manche Uhren sehen neu perfekt aus. Andere werden mit jeder Spur auf dem Gehäuse interessanter. Diese Omega Speedmaster mit cremeweißem Zifferblatt, gebläuten Indizes und Zeigern erinnert daran, warum echte Uhren mehr sind als nur ein Accessoire. Jede kleine Macke erzählt, dass sie getragen, erlebt und nicht einfach nur gesammelt wurde. Und genau diese Mischung aus Eleganz, Charakter und Patina macht den Blick aufs Zifferblatt irgendwie schwer wieder loszulassen. Vielleicht ist Perfektion gar nicht das, was eine Uhr besonders macht. Vielleicht ist es das Gefühl, das sie dir gibt, wenn du sie am Handgelenk siehst. ⏱️✨

#OmegaSpeedmaster #WatchTok #WatchNerd #LuxuryWatches #UhrenNische",6ad1f48b5c1b39375803a25c,https://www.tiktok.com/@aronstoico/video/7674666828727061792
watches,Germany,aronstoico,creator,2026-08-16,2026-10-05,Aron,video,441,31,0,0,False,German,,Die Uhr zum Sonntag die Tudor Date 31 mm „smiley dial“ #watchtok #church #kirche #niche #lifestyle,8f12267c3fc7ba3e9beb806a,https://www.tiktok.com/@aronstoico/video/7674591272044186912
watches,Germany,aronstoico,creator,2026-08-15,2026-10-05,Aron,video,328,8,1,0,False,English/other,topic not in caption,Kuss an  @Radwerk-Hall,944efa5b92221a824e1f45eb,https://www.tiktok.com/@aronstoico/video/7674209897294138656
watches,Germany,aronstoico,creator,2026-08-15,2026-10-05,Aron,video,363,9,0,0,False,German,,Bei Kilometer 15 mit der ganzen Truppe und die Casio hält wacker durch ##watchtok##casio##radtour,be052065a2ada480b16378f2,https://www.tiktok.com/@aronstoico/video/7674195773835283745
watches,Germany,aronstoico,creator,2026-08-15,2026-10-05,Aron,video,347,5,0,0,False,German,,Die Casio darf natürlich nicht fehlen #casio #radtour danke @Radwerk-Hall #watchtok,dca98c3736107e414e1878b1,https://www.tiktok.com/@aronstoico/video/7674168780494294304
watches,Germany,aronstoico,creator,2026-08-14,2026-10-05,Aron,video,395,18,1,0,False,German,,Die JLC Reverso #watchtok #reverso #jlc #uhr #MensStyle,da4726f49823b5159f5be110,https://www.tiktok.com/@aronstoico/video/7673991926227406112
watches,Germany,aronstoico,creator,2026-08-14,2026-10-05,Aron,video,370,18,0,0,False,German,,"Bärte sind mehr als nur Haare im Gesicht. In vielen Kulturen standen sie über Jahrhunderte für Männlichkeit, Status, Weisheit, Religion oder sogar gesellschaftliche Stellung. Und bis heute verändert ein Bart komplett, wie ein Gesicht wirkt. Deshalb bewerte ich heute Bärte von 1 bis 10 – nicht nur danach, wie voll sie sind, sondern nach Form, Pflege, Symmetrie und Ausstrahlung. Denn genauso wie bei einer Uhr kommt es nicht nur auf den Wert an, sondern darauf, wie man sie trägt. Ein perfekter Bart kann einen ganzen Look verändern. Aber welcher Bart verdient wirklich eine 10/10? 👀

#BartCheck #MensStyle #LuxuryLifestyle #Luxusuhren #UhrenTok",f3f8d8ef836096363a14ce03,https://www.tiktok.com/@aronstoico/video/7673882562913242400
watches,Germany,aronstoico,creator,2026-08-14,2026-10-05,Aron,video,309,6,0,0,False,German,,Die Tudor des Tages,54ef9c18bd7d634e7dcd5eea,https://www.tiktok.com/@aronstoico/video/7673787769906351393
watches,Germany,aronstoico,creator,2026-08-13,2026-10-05,Aron,video,477,24,1,3,False,German,,Der Vini zeigt uns seine Speed Master in einer Konfiguration die man so nicht oft sieht. Aber ist schön @@frankfurt_timepieces##uhr##uhren##watchtok##speedmaster##omega,16fa6d662687499d33678010,https://www.tiktok.com/@aronstoico/video/7673559451827227937
watches,Germany,aronstoico,creator,2026-08-13,2026-10-05,Aron,video,350,17,1,1,False,German,topic not in caption,Ayyyooo was den das für ein Spiel,272fe7a8fff821239f6e4841,https://www.tiktok.com/@aronstoico/video/7673495427374730529
watches,Germany,aronstoico,creator,2026-08-13,2026-10-05,Aron,video,286,9,2,0,False,German,,Gym Uhr ja oder nein ? #watchtok #uhren #casio #tudor #uhr,b678c961c327618dcf707316,https://www.tiktok.com/@aronstoico/video/7673415967992532257
watches,Germany,aronstoico,creator,2026-08-12,2026-10-05,Aron,video,615,29,0,1,False,English/other,topic not in caption,"Eines Tages habibi, eines Tages 
@romanis2304",4002b09fc5a0575b51beaa8a,https://www.tiktok.com/@aronstoico/video/7673290418158636321
watches,Germany,aronstoico,creator,2026-08-12,2026-10-05,Aron,video,108,10,0,0,False,German,,"#stitch mit @jackberrygolf ich hoffe ich konnte helfen 

#watchtok #uhrentok #uhr #sommeruhr",cce2ee3c6a0608ebee558d1e,https://www.tiktok.com/@aronstoico/video/7673148679338921248
watches,Germany,aronstoico,creator,2026-08-12,2026-10-05,Aron,video,307,14,0,1,False,German,,Die Uhr des Tages. It’s on @frankfurt_timepieces  #watchtok #uhr #uhrtok #casio,52c04a0a7f95ad8d32829ab3,https://www.tiktok.com/@aronstoico/video/7673063965701721376
watches,Germany,aronstoico,creator,2026-08-11,2026-10-05,Aron,video,369,20,1,0,False,German,,Wie es sich anfühlt die Damen Casio im Gym zu tragen #ben10 #edit #uhrtok #watchtok #casio,85787417866e590c56a02c17,https://www.tiktok.com/@aronstoico/video/7672872414249848097
watches,Germany,aronstoico,creator,2026-08-11,2026-10-05,Aron,video,381,12,0,0,False,German,topic not in caption,Vini Video vici oder so 🤷‍♂️,79aad8fc4fc00fdb1eec69b3,https://www.tiktok.com/@aronstoico/video/7672755381600292129
watches,Germany,aronstoico,creator,2026-08-11,2026-10-05,Aron,video,347,8,0,0,False,German,,Ja Leute ich bin’s wirklich #watchtok #tudor #davidbeckham #kleinuhr,668f3a7921e96ec669a77afc,https://www.tiktok.com/@aronstoico/video/7672674176821480737
watches,Germany,aronstoico,creator,2026-08-11,2026-10-05,Aron,video,342,9,2,0,False,English/other,topic not in caption,Guten Morgen Ragazzi @FELICE ☕️,0a3d08214696c2dc1d9f714d,https://www.tiktok.com/@aronstoico/video/7672667787101359393
watches,Germany,aronstoico,creator,2026-08-10,2026-10-05,Aron,video,652,33,9,8,True,German,,"Die beste Uhr für ne schmale Mark Debatte mit den Knaben @frankfurt_timepieces und @romanis2304 

#Uhren #Uhrenliebe #UhrenCommunity #Uhrmacher #challenge",83ebb960da97f8b2ac5f273a,https://www.tiktok.com/@aronstoico/video/7672480353788939552
watches,Germany,aronstoico,creator,2026-08-10,2026-10-05,Aron,video,1047,39,2,0,False,German,,"Ein Zifferblatt, das man zweimal anschauen muss. 🧡⌚️ Ein echter Californian Dial – römische und arabische Ziffern kombiniert in einem Design. Dazu das ikonische Orange von NOMOS. Clean, ungewöhnlich und definitiv nicht für jeden Geschmack. Würdest du sie tragen? 👀

#NOMOS #NOMOSGlashütte #CalifornianDial #WatchTok #Watches",b51c29e9b45bf3483b99736b,https://www.tiktok.com/@aronstoico/video/7672385694571957537
watches,Germany,aronstoico,creator,2026-08-10,2026-10-05,Aron,video,642,14,0,0,False,English/other,topic not in caption,Yup 👍,576ac00fa083cc434e18a1af,https://www.tiktok.com/@aronstoico/video/7672349109780565281
watches,Germany,aronstoico,creator,2026-08-10,2026-10-05,Aron,video,322,10,0,0,False,German,,Die Uhr des Tages mit einer kleinen Philosophie Stunde #watchtok #tudor,fe8edcdd7ef4f627bd1dcb53,https://www.tiktok.com/@aronstoico/video/7672302341135027489
watches,Germany,aronstoico,creator,2026-08-10,2026-10-05,Aron,video,459,19,3,0,False,German,,"Lieber einmal richtig sparen und das Original kaufen, als sich dauerhaft mit einer Hommage, vergoldetem oder hohlem Schmuck zufriedenzugeben. Echtes Gold, echter Schmuck, eine echte Uhr – das Tragegefühl ist einfach ein anderes. Du trägst nicht die zweite Wahl am Arm, sondern dein echtes Achievement. Und genau deshalb fühlt sich jedes Tragen besonders an. Du weißt, wie lange du dafür gespart hast, und hast ein Stück, an dem du im besten Fall dein ganzes Leben Freude hast. Luxus sollte sich nicht billig anfühlen – sondern jeden Tag daran erinnern, was du erreicht hast. ✨⌚️💎

#Luxury #Echtgold #Luxusuhren #Schmuck #Investment",f5e530bd3feff1e7444e2846,https://www.tiktok.com/@aronstoico/video/7672288596098845984
watches,Germany,aronstoico,creator,2026-08-09,2026-10-05,Aron,video,364,16,0,0,False,German,,"Tudor steht für eine Geschichte, die eng mit Hans Wilsdorf und der Entstehung einer Marke verbunden ist, die bis heute für Charakter, Präzision und zeitlosen Stil steht. Seit der Gründung 1926 entwickelte sich Tudor zu einer eigenständigen Ikone der Uhrmacherkunst. Eine Uhr ist dabei längst mehr als ein Zeitmesser: Sie rundet ein Outfit ab, setzt ein Statement und unterstreicht die Persönlichkeit ihres Trägers. Gerade für gestandene Männer gehört eine gute Uhr einfach zum Stil – dezent, souverän und mit Charakter. Denn echte Eleganz zeigt sich oft in den Details. ⌚️

#Tudor #TudorWatches #Herrenuhr #Männerstil #OldMoneyStyle",7c11b46ed8516c711a44f75b,https://www.tiktok.com/@aronstoico/video/7671999393377045793
watches,Germany,aronstoico,creator,2026-08-08,2026-10-05,Aron,video,363,6,1,1,False,German,,Was so im Schaufenster bleibt wenn @Juwelier Benjamin ausdekoriert hat. #rolex,72392ccb2b7e64f2bdc9270a,https://www.tiktok.com/@aronstoico/video/7671752818541202721
watches,Germany,aronstoico,creator,2026-08-08,2026-10-05,Aron,video,342,6,0,0,False,German,,"Eine moderne Tudor Date mit echtem Charakter: 31 mm Gehäusegröße, ein opalweißes Zifferblatt und natürlich der legendäre „Smiley Dial“. 😍 Der geschwungene Schriftzug unterhalb der 6-Uhr-Position verleiht der Uhr ihren besonderen Namen und macht sie zu einem spannenden Detail für Tudor-Fans. Gerade die Kombination aus kompakter Größe, klassischem Design und dem hellen Zifferblatt macht diese Date zu einer außergewöhnlichen modernen Tudor. Unauffällig auf den ersten Blick – aber voller Details, wenn man genauer hinschaut. ⌚️

#Tudor #TudorDate #SmileyDial #WatchTok #LuxuryWatches",41463bae77f5b300b53fcb45,https://www.tiktok.com/@aronstoico/video/7671642398602186016
watches,Germany,aronstoico,creator,2026-08-07,2026-10-05,Aron,video,296,8,0,0,False,,no caption,,8034536c84d764fb560fca44,https://www.tiktok.com/@aronstoico/video/7671343604517899553
watches,Germany,aronstoico,creator,2026-08-07,2026-10-05,Aron,video,292,8,2,1,False,English/other,topic not in caption,Erster Versuch,3ce0cec8e793a3fa31c20de3,https://www.tiktok.com/@aronstoico/video/7671258529260440865
watches,Germany,aronstoico,creator,2026-08-07,2026-10-05,Aron,video,317,9,1,0,False,English/other,,Dir Uhr des Tages,f429e4ed076f96cfcaaa45f6,https://www.tiktok.com/@aronstoico/video/7671187590837505313
watches,Germany,aronstoico,creator,2026-08-06,2026-10-05,Aron,video,304,8,2,0,False,German,,"Es ist verrückt, wie sehr nicht der Inhalt entscheidet, sondern die Art, wie du ihn rüberbringst. Mit Charme und Überzeugung wirken selbst die bodenlosesten Aussagen plötzlich nachvollziehbar. Genau deshalb ist Kommunikation auch im Uhrenhandel und bei Preisverhandlungen oft genauso wichtig wie die Zahlen selbst. #Uhrenhandel #Verhandlung #Kommunikation #Charisma #LuxuryWatches",19d0059cacb443cc9616b778,https://www.tiktok.com/@aronstoico/video/7671001924572876065
watches,Germany,benjaminwatches,creator,2026-10-05,2026-10-05,Benjamin | All About Watches,video,203,19,2,1,False,hashtags only,,Neue Omega Seamaster 300 James Bond Modelle #omegaseamaster#jamesbond007,2055c15990f5383f72e23f28,https://www.tiktok.com/@benjaminwatches/video/7693244149209861409
watches,Germany,benjaminwatches,creator,2026-10-03,2026-10-05,Benjamin | All About Watches,video,1831,77,6,4,False,German,,4 Uhren die viele nicht auf dem Schirm haben. #uhren#microbrands#uhrenliebhaber,af16cc83cce1b4e904a33167,https://www.tiktok.com/@benjaminwatches/video/7692491748521544992
watches,Germany,benjaminwatches,creator,2026-09-27,2026-10-05,Benjamin | All About Watches,video,1193,51,2,4,False,German,,10 Uhren mit integriertem Stahlband die viele nicht so auf dem Schirm haben #uhren#watchesformen#uhr,ae5ff6a9ef6a56bc939bb092,https://www.tiktok.com/@benjaminwatches/video/7690304196217720096
watches,Germany,benjaminwatches,creator,2026-09-23,2026-10-05,Benjamin | All About Watches,video,1421,75,6,6,False,German,,"Der Besuch hat sich auf jeden Fall gelohnt sehr schöner Store, super freundliche Mitarbeiter & natürlich interessante Uhren #uhren#watchesformen#vlog",d06396d7876b49243d5bb7dd,https://www.tiktok.com/@benjaminwatches/video/7688789430982741281
watches,Germany,benjaminwatches,creator,2026-09-21,2026-10-05,Benjamin | All About Watches,video,832,29,1,1,False,hashtags only,,Hamilton Khaki Field x Call of Duty #hamiltonwatch#modernwarfare4#uhren #greenscreen,811df689b6bcf548c7b5e1ad,https://www.tiktok.com/@benjaminwatches/video/7687971947099000097
watches,Germany,benjaminwatches,creator,2026-09-20,2026-10-05,Benjamin | All About Watches,video,1307,48,14,1,False,German,,Diese 2 Uhren hab ich Momentan im Urlaub dabei #uhren#gshock#omega,3c2ee1ce5a7f6fdbee4e94b2,https://www.tiktok.com/@benjaminwatches/video/7687636424136379681
watches,Germany,benjaminwatches,creator,2026-09-19,2026-10-05,Benjamin | All About Watches,video,1020,28,6,5,False,German,,Ein neuer Grund Hublot zu haten ? 😅😂 #uhren#hublot#watchesformen #greenscreen,3411a219230e32045cfb7da8,https://www.tiktok.com/@benjaminwatches/video/7687303317197835553
watches,Germany,benjaminwatches,creator,2026-09-17,2026-10-05,Benjamin | All About Watches,video,770,30,7,6,False,German,,"Die Chapter 7 von Ba111od ist eine Uhr die man nicht an jedem Handgelenk sieht aber trotzdem mit coolen Design und hochwertiger Verarbeitung punktet. 40mm Durchmesser, 38h Stunden Gangreserve, 100m wasserdicht + Saphirglas . Unbezahlte Werbung | die Uhr wurde mir als Leihgabe zur Verfügung gestellt #uhren#swisswatches#watchesformen",3a3fdde79b10f7dba94fb134,https://www.tiktok.com/@benjaminwatches/video/7686565334698003744
watches,Germany,benjaminwatches,creator,2026-09-14,2026-10-05,Benjamin | All About Watches,video,782,61,14,1,False,German,,War kurz davor Social Media zu Quitten und ein Tag später hatte ich eine Zusage für eine Kooperation 🙏 -Die Uhr wurde mir von BA111OD leihweise für das Review zur Verfügung gestellt. Keine Bezahlung. #uhren#watchesformen#swisswatches,c394dd2dcadaf746c4062e27,https://www.tiktok.com/@benjaminwatches/video/7685495007448550688
watches,Germany,benjaminwatches,creator,2026-09-12,2026-10-05,Benjamin | All About Watches,video,526,21,4,1,False,German,topic not in caption,Nach einigen Monaten struggle mal wieder eine bessere Phase 🙏#lifeisgood,fad58e722f76bf38de963cc4,https://www.tiktok.com/@benjaminwatches/video/7684676392872578337
watches,Germany,benjaminwatches,creator,2026-09-07,2026-10-05,Benjamin | All About Watches,video,1599,51,3,2,False,German,,"Luxusuhren die kein Vermögen kosten. nomos Club Campus ab 1400€ , oris big Brown Pointer Date ab circa 1900€(aktuell mein Favorit , grade die Vintage Modelle 👌) und die Omega constellation als Vintage Modell  #uhren#watchesformen",62a63383f335de54ec2f459c,https://www.tiktok.com/@benjaminwatches/video/7682881112342924577
watches,Germany,benjaminwatches,creator,2026-09-06,2026-10-05,Benjamin | All About Watches,video,867,35,1,1,False,German,,"Find die neue 38er ne sinnvolle Ergänzung zur Speedmaster reihe.  Grade zur reduced wirklich super upgrades , wobei man die höhe von 15mm schon beachten sollte 😅 für mich ne gute Uhr aber kein Grund auf die neue upzugraden #omegaspeedmaster#uhren",0909afa8e2206919f2f6dcc0,https://www.tiktok.com/@benjaminwatches/video/7682515463485607201
watches,Germany,benjaminwatches,creator,2026-09-03,2026-10-05,Benjamin | All About Watches,video,1244,34,1,0,False,German,,Neue Baltic AQUASCAPHE GMT MK-II . Was sagt ihr zu der Uhr ? #uhren,6c2475f9eff9732c7d1a42f3,https://www.tiktok.com/@benjaminwatches/video/7681381889038503201
watches,Germany,benjaminwatches,creator,2026-09-03,2026-10-05,Benjamin | All About Watches,video,897,22,6,1,False,German,,Neue Hamilton Khaki Field murph in Blau H70405140 oder als etwas günstigere Alternative die Seiko Baby Alpinist SPB155J1 #hamiltonwatch,eb4d287609f09b7241a81e20,https://www.tiktok.com/@benjaminwatches/video/7681267924329319713
watches,Germany,benjaminwatches,creator,2026-09-01,2026-10-05,Benjamin | All About Watches,video,4812,117,8,10,False,German,,Neues Release von Tudor . Northflag kommt wieder zurück diesmal als GMT #uhren#watchesformen#tudornorthflag,8e953a6395f8e7eb995572bb,https://www.tiktok.com/@benjaminwatches/video/7680665529446583585
watches,Germany,benjaminwatches,creator,2026-09-01,2026-10-05,Benjamin | All About Watches,video,698,32,4,3,False,German,,"3 Updates zur Formex Essence 39 . 1 Selitta Sw200-2 + 65h Stunden Gangreserve, verschraubte Krone und neue Feineinstellung an der schließe. Ab ca. 1700€ #uhren#watchesformen",c27f6794ef50e8f68db0fdfc,https://www.tiktok.com/@benjaminwatches/video/7680609002241199392
watches,Germany,benjaminwatches,creator,2026-08-26,2026-10-05,Benjamin | All About Watches,video,1415,37,4,1,False,German,,"Antwort auf @Anonymus nicht ganz mein Geschmack und für meinen Geschmack n ticken teuer, aber technisch wahrscheinlich keine schlechte Uhr 😅#Uhren#watches#watchesformen",1e226c32da89b2bc1bedd583,https://www.tiktok.com/@benjaminwatches/video/7678421335285992737
watches,Germany,benjaminwatches,creator,2026-08-25,2026-10-05,Benjamin | All About Watches,video,3168,84,12,8,False,German,,Automatik Uhr für jeden Tag -unter 500€ - Specs lesen sich sehr gut wäre interessant zu testen 😅👌#Uhren#watches#watchesformen @San Martin Watch Official,73e5541b41f2038ef0d9b7d8,https://www.tiktok.com/@benjaminwatches/video/7678044486592662816
watches,Germany,benjaminwatches,creator,2026-08-24,2026-10-05,Benjamin | All About Watches,video,1303,37,1,4,False,German,,"3 Uhren die man nicht überall sieht.
Bravur Team Heritage, Vaer Racing Chronograph, Héron Marinor Rainbow #uhren#watchesformen#uhrenliebhaber",725707de7a3791815c5ec5da,https://www.tiktok.com/@benjaminwatches/video/7677525236442615073
watches,Germany,benjaminwatches,creator,2026-08-19,2026-10-05,Benjamin | All About Watches,video,1302,31,5,2,False,English/other,,"3 Alternativen zur Cartier Tank : Echo neutra Rivanera . Vario versa , Casio MTP-B215L. #uhren#watchesformen",61547099ef4095e7cdfd8bd2,https://www.tiktok.com/@benjaminwatches/video/7675834165987642657
watches,Germany,benjaminwatches,creator,2026-08-18,2026-10-05,Benjamin | All About Watches,video,5783,104,12,7,False,hashtags only,,Luxusuhren vs. Alternativen #uhren#watchesformen,26d7e2994574b39d65b3d537,https://www.tiktok.com/@benjaminwatches/video/7675448332575067424
watches,Germany,benjaminwatches,creator,2026-08-16,2026-10-05,Benjamin | All About Watches,video,1782,61,1,7,False,German,,Japanische Uhrenbrands machen wirklich coole Sachen ich hab hier eine alternative zur Cartier Tank gefunden die aber trotzdem noch eigenständig ist und keine 1:1 Kopie ist. Yane von Kiwame Tokyo #watchesformen#cartiertank#uhren,6f75c13adab37f050fa9989d,https://www.tiktok.com/@benjaminwatches/video/7674576975322713376
watches,Germany,benjaminwatches,creator,2026-08-11,2026-10-05,Benjamin | All About Watches,video,6683,134,5,21,True,German,,Neue Seiko Kollektion zum 145 jährigen Jubiläum #uhren#watchesformen#seiko#seikowatch,61b0a3741a0d7357daae997c,https://www.tiktok.com/@benjaminwatches/video/7672705688606379297
watches,Germany,benjaminwatches,creator,2026-08-10,2026-10-05,Benjamin | All About Watches,video,2362,64,6,6,False,German,,Uhren die man nicht überall sieht . 1 pedral Contour 895-1950€ 2. HTD Tennis 673€ 3. Ba11od Chapter 7 Skeleton 1125-1195€ #uhren#watchesformen#uhrenliebhaber  #CapCut,6fd821a9fa765e8987570c45,https://www.tiktok.com/@benjaminwatches/video/7672501975392472353
watches,Germany,benjaminwatches,creator,2026-08-06,2026-10-05,Benjamin | All About Watches,video,2131,50,16,4,False,German,,"Schnelle inspo für 5 Taucheruhren unter 2000€. Mechanisches Werk , über 200m wasserdichte, Saphirglas  und einige sogar mit Keramiklünette. #uhren#watchesformen#watches#uhrenliebhaber",73fa0ad77276cbcf44e45464,https://www.tiktok.com/@benjaminwatches/video/7671009746647780641
watches,Germany,frankfurt_timepieces,shop,2026-09-16,2026-10-05,frankfurt_timepieces,video,334,22,2,0,,German,,"Manchmal sind es genau diese kleinen, ungeplanten Momente, die am meisten zählen. Meine Tudor Oysterdate Prinz Quartz erinnert nicht nur an die Zeit, sondern daran, dass spontane Abende mit Freunden kleine Schätze sind. Genau für diese Side-Quests, die man nie plant, aber nie vergisst. #tudor #fähre #uhren #Wotd #watches",62c65f8b73b1740a68795050,https://www.tiktok.com/@frankfurt_timepieces/video/7686240852745800992
watches,Germany,frankfurt_timepieces,shop,2026-08-12,2026-10-05,frankfurt_timepieces,video,456,19,3,3,,hashtags only,,Er hatte wohl recht@Aron #omega #speedmaster #uhren #uhrenliebhaber #wotd,e5af9b6cb05c5c5eb530a8b9,https://www.tiktok.com/@frankfurt_timepieces/video/7673210638939770145
watches,Germany,frankfurt_timepieces,shop,2026-08-11,2026-10-05,frankfurt_timepieces,video,942,25,3,3,,hashtags only,,Es gibt sie wirklich @Aron #omega #speedmaster #uhren #watchlovers,41b4be5c95ac3d20089dd567,https://www.tiktok.com/@frankfurt_timepieces/video/7672846806568504608
watches,Germany,frankfurt_timepieces,shop,2026-08-10,2026-10-05,frankfurt_timepieces,video,2331,52,4,15,,German,,"Wer trägt sowas?
#uhren #watches #uhr #uhrenliebhaber @Aron @romanis2304",a8e03a9cdb005abf449ad075,https://www.tiktok.com/@frankfurt_timepieces/video/7672483408823536928
coins,Germany,davidgeorge988,creator,2026-10-02,2026-10-05,David George,video,5814,142,41,58,,English/other,,"2002 Portugal 20 Euro
Cent Coin 🪙 #fyy #rarecoin #collector #fyp #goviral",97b1cfdbc92e363e5a75cefe,https://www.tiktok.com/@davidgeorge988/video/7691980300619959585
coins,Germany,davidgeorge988,creator,2026-09-29,2026-10-05,David George,video,4267,101,24,24,,English/other,,"VALUE 50 CENT EURO coin
2002 F GREECE 🇬🇷 €100,000 #fyy #greece #CoinCollection #RareCoins #goviral",dcda66b545efd666352c87a6,https://www.tiktok.com/@davidgeorge988/video/7690857129963457824
coins,Germany,davidgeorge988,creator,2026-09-29,2026-10-05,David George,video,2038,72,12,19,,English/other,,2 Euro 2009 France 🇫🇷 Coin 🪙 🚨 #euro #francscoin #RareCoins #europe #fyy,522f423d7440638265e9b768,https://www.tiktok.com/@davidgeorge988/video/7690854456610622752
coins,Germany,davidgeorge988,creator,2026-09-29,2026-10-05,David George,video,1822,63,27,18,,English/other,,FRANCE 🇫🇷 2002 2 EURO COIN VALUE 🚨 #francs #coins #RareCoins #fyy #CoinCollection,44dc95ace1e9ee1d28179439,https://www.tiktok.com/@davidgeorge988/video/7690849164632100129
coins,Germany,davidgeorge988,creator,2026-09-29,2026-10-05,David George,video,1798,70,22,19,,English/other,,2000 French 🇫🇷 2 Euro 🚨#Euro #fyy #fypviralvideos #CoinCollection #europe,4a6f927a755293f36a3e6b45,https://www.tiktok.com/@davidgeorge988/video/7690847768868408608
coins,Germany,davidgeorge988,creator,2026-09-29,2026-10-05,David George,video,1931,78,22,19,,English/other,,2001 France 🇫🇷 2 Euros Coin 🪙 🚨 #CoinCollection #RareCoins #FrenchCoins #fyy #FrenchCoins,0fd435ef404e5d5046ae4848,https://www.tiktok.com/@davidgeorge988/video/7690846741641432353
coins,Germany,davidgeorge988,creator,2026-09-29,2026-10-05,David George,video,1698,70,12,13,,English/other,,"Rare 2 euro France 🇫🇷 2006
2007 Cents 1€ 5€ 10€ 20€ 50€ #Euro #fypviralvideos #coin #europe #collector",5ec098826aba9c91eb2f55ad,https://www.tiktok.com/@davidgeorge988/video/7690845045586447648
coins,Germany,davidgeorge988,creator,2026-09-29,2026-10-05,David George,video,859,33,3,4,,hashtags only,,France 1 Euro Coin #eurocoin #rarecoin #france #germany #goviral,5fac205830dafef8db9b7075,https://www.tiktok.com/@davidgeorge988/video/7690843015446826273
coins,Germany,davidgeorge988,creator,2026-09-26,2026-10-05,David George,video,13500,274,161,94,,German,,SELTENE MÜNZE 🪙 Deutsche 2-Euro-Münze #Deutschland #fypgermany #2euro #coin #rarecoin,910c7aff487da777786954d7,https://www.tiktok.com/@davidgeorge988/video/7689867528109067553
coins,Germany,davidgeorge988,creator,2026-09-26,2026-10-05,David George,video,238,5,6,3,,German,,German🇩🇪  50 euro cent coin #Münzen #fypgermany #Deutschland #viralvideotiktok #euro,b141c7a5a1f652aaccef8a4e,https://www.tiktok.com/@davidgeorge988/video/7689867020531141921
coins,Germany,davidgeorge988,creator,2026-09-24,2026-10-05,David George,video,4739,146,46,46,,hashtags only,,#greece #foryou #νομίσματα #fyp #collector,427e4bcb426448640c2e4df6,https://www.tiktok.com/@davidgeorge988/video/7689068647083527456
coins,Germany,davidgeorge988,creator,2026-09-24,2026-10-05,David George,video,2018,34,5,2,,German,,Schweizer 2-Rappen-Münze von 1951 #collector #foryou #Switzerland #switzerland🇨🇭 #swiss,7d5acb09dbf71be63cb5db65,https://www.tiktok.com/@davidgeorge988/video/7689015247901887777
coins,Germany,davidgeorge988,creator,2026-09-24,2026-10-05,David George,video,3117,85,15,12,,German,,Schweizer 1-Franken-Münze von 1980 🪙 #switzerland🇨🇭 #foryou #Switzerland #collector #swiss,396e89400df6bf7782f4c4eb,https://www.tiktok.com/@davidgeorge988/video/7689014620576681249
coins,Germany,davidgeorge988,creator,2026-09-24,2026-10-05,David George,video,5299,154,28,26,,German,,"1975 Schweiz 🇨🇭 2 Franken
Münze 🪙 #switzerland🇨🇭 #Switzerland #foryou #collector #coin",7495a83e18b24df58f26b0b3,https://www.tiktok.com/@davidgeorge988/video/7689012923733265697
coins,Germany,davidgeorge988,creator,2026-09-24,2026-10-05,David George,video,4564,144,48,25,,English/other,,Pièce de 5 rappen de Suisse de 1983 #swiss #Switzerland #switzerland🇨🇭 #goviral #foryou,75ed94be46f9083af3569480,https://www.tiktok.com/@davidgeorge988/video/7689011463633063201
coins,Germany,davidgeorge988,creator,2026-09-22,2026-10-05,David George,video,5076,187,41,45,,English/other,,20 centimes d'euro 1999 France 🇫🇷 Rare #foryou #francetiktok #francetiktok🇨🇵 #europa #pièces,fa0ed6efc413e0bd5d558cc0,https://www.tiktok.com/@davidgeorge988/video/7688421303388294432
coins,Germany,davidgeorge988,creator,2026-09-22,2026-10-05,David George,video,2156,56,4,10,,German,,Wert einer belgischen 5-Centimes-Münze (Euro) von 1999? #belguim🇧🇪 #belguim #Münzen #fypviral #foryou,b8b6f1b028bbe22d4fd4c52c,https://www.tiktok.com/@davidgeorge988/video/7688420352896093472
coins,Germany,davidgeorge988,creator,2026-09-22,2026-10-05,David George,video,3414,105,20,44,,English/other,,"VALEUR Pièce Courante de
2 EUROS BELGIQUE 2000... #belguim🇧🇪 #francetiktok🇨🇵 #europe #germany #Switzerland",63636386923478be19b19abd,https://www.tiktok.com/@davidgeorge988/video/7688418738537827616
coins,Germany,davidgeorge988,creator,2026-09-22,2026-10-05,David George,video,2430,78,12,17,,English/other,,"Pièce belge de 1 euro

1999

#fypviral #belguim #belguim🇧🇪_tiktok #foryou #eurocoins",75c77679073ad0952811a97d,https://www.tiktok.com/@davidgeorge988/video/7688416374120516897
coins,Germany,davidgeorge988,creator,2026-09-22,2026-10-05,David George,video,2666,87,11,25,,English/other,,"WHY is this 1 EURO FRANCE
1999 coin 🪙 #pièces #FRANCE #fypviral #euro #foryou",43ff73128bc31e6c4068ac40,https://www.tiktok.com/@davidgeorge988/video/7688413563106397473
coins,Germany,davidgeorge988,creator,2026-09-22,2026-10-05,David George,video,2779,71,13,27,,English/other,,"RARE COIN 🪙 2 euro
1999 Finland 🇫🇮 #finland🇫🇮 #2euro #fypviral #foryouppage #fypviral",2681244b2bafbafdbe91403d,https://www.tiktok.com/@davidgeorge988/video/7688300494707526944
coins,Germany,davidgeorge988,creator,2026-09-22,2026-10-05,David George,video,2232,66,5,16,,English/other,,2000 Finland 10 Euro Cents Coin 🪙 #finland #finland🇫🇮 #2euro #rarecoin #foryouppage,6e6d410fe3ad8a2c0b2edede,https://www.tiktok.com/@davidgeorge988/video/7688298734324600096
coins,Germany,davidgeorge988,creator,2026-09-22,2026-10-05,David George,video,976,15,1,1,,English/other,,"Finland 🇫🇮 2 euro 1999 2001 2005
2006 euro coins 2017 #euro #2euro #finland🇫🇮 #foryouppage #fypviral",1d01cca550cb2b80df4c9c64,https://www.tiktok.com/@davidgeorge988/video/7688297540361538848
coins,Germany,davidgeorge988,creator,2026-09-22,2026-10-05,David George,video,1222,45,8,9,,English/other,,"40,000€ 2 euro coins, Finland 🇫🇮 Error and Rare #2euro #rarecoin #finlandtiktok #finland🇫🇮 #viral",a78a58e1e8ce8f2cd0558215,https://www.tiktok.com/@davidgeorge988/video/7688295490659650849
coins,Germany,davidgeorge988,creator,2026-09-22,2026-10-05,David George,video,1877,35,4,4,,English/other,,Suomen 2 euron kolikko vuodelta 2001 🇫🇮 #euro #coin #finland #finland🇫🇮 #foryoupagе,c99885006354ea932262b6da,https://www.tiktok.com/@davidgeorge988/video/7688294525206416673
coins,Germany,davidgeorge988,creator,2026-09-21,2026-10-05,David George,video,9806,210,42,54,,English/other,,"20 Centesimi Libertà Librata Monete Regno d'Italia Vittorio Emanuele III, Valore Moneta,
Quanto Vale #moneterare #monete #italytiktok🇮🇹🇮🇹 #Italia #goviraltiktok",81be33aa48c0269f8096946e,https://www.tiktok.com/@davidgeorge988/video/7687916910561840416
coins,Germany,davidgeorge988,creator,2026-09-21,2026-10-05,David George,video,9302,182,29,31,,English/other,,"Moneta da 20 centesimi di lira ""Esagono"" del Regno d'Italia 🇮🇹 #monete #Italia #goviraltiktok #italytiktok🇮🇹🇮🇹 #italia",d994578806b4d1248e171544,https://www.tiktok.com/@davidgeorge988/video/7687916039354502433
coins,Germany,davidgeorge988,creator,2026-09-21,2026-10-05,David George,video,2399,66,11,5,,English/other,,"Nel 1918, 1919 e 1920, durante il regno di Vittorio Emanuele III, vennero coniate monete di emergenza da 20 centesimi. Furono chiamate ""Esagono"" (o ""da 20 centesimi Esagono""), poiché il valore nominale della moneta è indicato all'interno di un esagono. 
#moneterare #monete #italian #rarecoin #goviraltiktok",658138b688ee708cf0278f23,https://www.tiktok.com/@davidgeorge988/video/7687915101717859616
coins,Germany,davidgeorge988,creator,2026-09-21,2026-10-05,David George,video,101200,840,100,156,,English/other,,"20 centesimi della Lira esagonale, 1918, 1919 e 1920 #goviral #italy #monete #italia #italian",64d48ba47677f7c599484ca5,https://www.tiktok.com/@davidgeorge988/video/7687913852192836896
coins,Germany,davidgeorge988,creator,2026-09-18,2026-10-05,David George,video,1548,37,8,7,,hashtags only,,Moneta da 1 centesimo di euro Italia 2020 #italy #monete #italia #goviraltiktok #rarecoin,069ccf70fdde18d4ede1205c,https://www.tiktok.com/@davidgeorge988/video/7686961649089105184
coins,Germany,davidgeorge988,creator,2026-09-18,2026-10-05,David George,video,3033,73,19,13,,hashtags only,,1 Euro 2011 Italy #euro #italy #italian #goviraltiktok #monete,2df33f2af89ce2b2707bbee7,https://www.tiktok.com/@davidgeorge988/video/7686960256966020384
coins,Germany,davidgeorge988,creator,2026-09-18,2026-10-05,David George,video,11600,286,71,132,,English/other,,È questa la moneta da un euro di maggior valore? #monete #fypviraltiktok #italy #italia #rarecoin,738e16632e0af84d42c61f56,https://www.tiktok.com/@davidgeorge988/video/7686959001455594784
coins,Germany,davidgeorge988,creator,2026-09-18,2026-10-05,David George,video,215700,2607,172,714,,hashtags only,,Moneta italiana da 2 euro #trend #2euro #monete #Italia #italy,f5ab53618e35e6fb7b365365,https://www.tiktok.com/@davidgeorge988/video/7686957925734026529
coins,Germany,davidgeorge988,creator,2026-09-18,2026-10-05,David George,video,2673,66,12,12,,German,,€2 Euro Coin Hunt #trend #viral #2euro #Münzen #rarecoin,9288a5a45f0847a9e3a33d48,https://www.tiktok.com/@davidgeorge988/video/7686826805885406496
coins,Germany,davidgeorge988,creator,2026-09-18,2026-10-05,David George,video,7090,197,61,17,,German,,"Expensive Coin 2€
Europa #2€ #trend #Münzen #viral #2euro",de056143d335aff8d905cba6,https://www.tiktok.com/@davidgeorge988/video/7686818505185824033
coins,Germany,davidgeorge988,creator,2026-09-18,2026-10-05,David George,video,10300,309,84,91,,German,,"Belgium 20 Euro Cent 2003 coins worth up to €300,000 Rare 20 Euro Cent Coins worth money 

#viralvideotiktok #belguim #Münzen #italy #germany",f145d4145b2a83090cb196cb,https://www.tiktok.com/@davidgeorge988/video/7686751295193074977
coins,Germany,davidgeorge988,creator,2026-09-16,2026-10-05,David George,video,4235,123,22,37,,German,,20 euro cent Belgium 2019 #belguim🇧🇪 #Münzen #belguim🇧🇪_tiktok #viralvideotiktok #europe,d4539848e1486d76870da1d9,https://www.tiktok.com/@davidgeorge988/video/7686151716328197408
coins,Germany,davidgeorge988,creator,2026-09-16,2026-10-05,David George,video,2081,57,15,22,,German,,2 euro 2006 Belgium #viralvideotiktok #belgiumtiktok #belguim🇧🇪 #Münzen #belguim🇧🇪_tiktok,17a3d1a408f61017bf775c0c,https://www.tiktok.com/@davidgeorge988/video/7686151130656541984
coins,Germany,davidgeorge988,creator,2026-09-16,2026-10-05,David George,video,2354,58,9,20,,German,,"RARE
BELGIUM 2 EURO 2006 #belguim🇧🇪 #2euro #fypppppppppppppp #belguim #Münzen",71140e5c8444d4f2a3fdeb68,https://www.tiktok.com/@davidgeorge988/video/7686150499732589856
coins,Germany,davidgeorge988,creator,2026-09-16,2026-10-05,David George,video,5654,197,97,24,,German,,"1-Euro-Münze Deutschland 🇩🇪
2002 – Welchen Wert hat sie? #Münzen #germanytiktok #2euro #fypviralシ #deutschland🇩🇪",7034db4589921932343611de,https://www.tiktok.com/@davidgeorge988/video/7686149473642368288
coins,Germany,davidgeorge988,creator,2026-09-16,2026-10-05,David George,video,885,22,11,3,,German,,Deutschland 🇩🇪 2002 – 20-Euro-Cent-Münze 🪙 – Werte... #Münzen #germanytiktok #germany #viralvideotiktok #2euro,099083322c5c1fffead7d9e1,https://www.tiktok.com/@davidgeorge988/video/7686148517911432480
coins,Germany,davidgeorge988,creator,2026-09-16,2026-10-05,David George,video,10400,279,89,116,,English/other,,1 Euro Italy 🇮🇹 2002 Rare Coin #rarecoin #1euro #italy #viralvideos #monete,bfb8b34b4576eaaaa0cf07e5,https://www.tiktok.com/@davidgeorge988/video/7686146783281450273
coins,Germany,davidgeorge988,creator,2026-09-16,2026-10-05,David George,video,981,29,3,7,,German,,"2002 Belgium 1 Euro Coin • Values, #viralvideotiktok #belguim🇧🇪 #Münzen #belguim🇧🇪_tiktok #belguim",54466595ce336b8ca042ecba,https://www.tiktok.com/@davidgeorge988/video/7686146263875603744
coins,Germany,davidgeorge988,creator,2026-09-16,2026-10-05,David George,video,857,24,10,6,,German,,"2-Euro-Münze Deutschland 2002
Wert #2euro #Münzen #germany🇩🇪_tik_tok #fypviralシ #deutschland🇩🇪",39bf3594f894cfab3c5ea754,https://www.tiktok.com/@davidgeorge988/video/7686145716820938017
coins,Germany,davidgeorge988,creator,2026-09-16,2026-10-05,David George,video,860,34,14,5,,English/other,,Moneta da 50 centesimi di euro italiana del 2002 #monete #Italia #fypitaly #italytiktok🇮🇹🇮🇹 #italian,8a126418e4321529c0cc4369,https://www.tiktok.com/@davidgeorge988/video/7686143163140001056
coins,Germany,davidgeorge988,creator,2026-09-16,2026-10-05,David George,video,6611,187,45,69,,English/other,,"Moneta italiana da 1 euro del 2002 • Valori, #monete #2euro #italytiktok🇮🇹🇮🇹 #italy #rarecoin",1543956bc7a492c743219f96,https://www.tiktok.com/@davidgeorge988/video/7686140773775052064
coins,Germany,davidgeorge988,creator,2026-09-16,2026-10-05,David George,video,1008,36,16,6,,German,,Deutsche 2-Euro-Cent-Münze von 2003 #fypviralシ #Münzen #germanytiktok #deutschland #germany,9a91b44d78791400d3a3d829,https://www.tiktok.com/@davidgeorge988/video/7686140000668224801
coins,Germany,davidgeorge988,creator,2026-09-16,2026-10-05,David George,video,572,14,7,3,,English/other,,"Moneta italiana da 2 euro del 2002 • Valori, #2euro #italy #italytiktok🇮🇹🇮🇹 #monete #viralvideo",187a9cb29f7b445c31a6d351,https://www.tiktok.com/@davidgeorge988/video/7686138581039009057
coins,Germany,davidgeorge988,creator,2026-09-16,2026-10-05,David George,video,5777,202,54,97,,English/other,,"2001 France 2 Euros Coin •
Values, #fypviralシ #goviraltiktok #rarecoin #2euro #europe",90e05f2bd4565164fde49e80,https://www.tiktok.com/@davidgeorge988/video/7686137706958687521
coins,Germany,davidgeorge988,creator,2026-09-16,2026-10-05,David George,video,1311,51,21,6,,English/other,,Moneta da 100 lire italiana del 1991 #rarecoin #monete #italy #germany🇩🇪_tik_tok #european,f0c753f4dd041b0ed2ca570c,https://www.tiktok.com/@davidgeorge988/video/7686136980735905057
coins,Germany,davidgeorge988,creator,2026-09-16,2026-10-05,David George,video,1242,26,3,0,,English/other,,"1996 Ireland 10 Pence Coin • Values, #rarecoin #ireland #fyp #ireland🇨🇮 #irelandtiktokers🇮🇪🇮🇪",ca50f26cd699cd7ecd1d4c52,https://www.tiktok.com/@davidgeorge988/video/7686136665571740960
coins,Germany,davidgeorge988,creator,2026-09-16,2026-10-05,David George,video,819,28,8,3,,hashtags only,,French 2 Euro Coin Value: #rarecoin #fypppppppppppppp #2euro #italy #germany,3447b967f075e230b1ef2313,https://www.tiktok.com/@davidgeorge988/video/7686135636432047392
coins,Germany,davidgeorge988,creator,2026-09-16,2026-10-05,David George,video,746,28,9,5,,German,,Diese seltene niederländische 2-Euro-Münze aus dem Jahr 2002 #Münzen #2euro #Netherlands🇳🇱 #Netherlands #fypppppppppppppp,3ea20d455a5919b76afad640,https://www.tiktok.com/@davidgeorge988/video/7686134524777958688
coins,Germany,davidgeorge988,creator,2026-09-16,2026-10-05,David George,video,878,38,6,12,,English/other,,Valore della rara moneta italiana da 2 euro #rare #monete #moneterare #italy #italytiktok🇮🇹🇮🇹,e637e3229977018380f632a6,https://www.tiktok.com/@davidgeorge988/video/7686130780677901601
coins,Germany,davidgeorge988,creator,2026-09-16,2026-10-05,David George,video,2070,69,19,18,,German,,2017 Deutschland 2-Euro-Münze • Werte #2euro #Münzen #goviraltiktok #fypppppppppppppp #germany🇩🇪,3b39f0cc619dcdf51d7fdffb,https://www.tiktok.com/@davidgeorge988/video/7686129744223407393
coins,Germany,davidgeorge988,creator,2026-09-16,2026-10-05,David George,video,2074,56,9,24,,German,,Rare coin Austrian 2 euro coin 🪙 #2euro #Münzen #euro #austria #Österreich,14b89b56e1224963d43cdf5c,https://www.tiktok.com/@davidgeorge988/video/7686128851600149792
coins,Germany,davidgeorge988,creator,2026-09-16,2026-10-05,David George,video,2004,56,6,21,,German,,"Austria 🇦🇹 1 Euro 2010,2011
Rare euro coins #2euro #Münzen #vienna #germany🇩🇪_tik_tok #austria",a5aaf270e4288a0b0bdbf357,https://www.tiktok.com/@davidgeorge988/video/7686128381548645664
coins,Germany,davidgeorge988,creator,2026-09-14,2026-10-05,David George,video,2317,50,9,3,,English/other,,20 Gold Mark Deutschland 1892 A #myswitzerland #beautifulswitzerland #swiss 🇨🇭#switzerland🇨🇭 #switzerland,052a37cea46703348eb3a6f3,https://www.tiktok.com/@davidgeorge988/video/7685370015721295136
coins,Germany,davidgeorge988,creator,2026-09-14,2026-10-05,David George,video,754,7,3,0,,English/other,,#greece 🇬🇷 #fyp #greece #νομίσματα #deutschland,97b0859fccd2e74af364645c,https://www.tiktok.com/@davidgeorge988/video/7685369218753203489
coins,Germany,davidgeorge988,creator,2026-09-14,2026-10-05,David George,video,950,18,2,3,,German,,#münzen #deutschland #germanytiktok #switzerland🇨🇭 #swiss🇨🇭,27cdec61b048164fe97cc6eb,https://www.tiktok.com/@davidgeorge988/video/7685368942793116961
coins,Germany,davidgeorge988,creator,2026-09-14,2026-10-05,David George,video,1071,37,5,3,,German,,#switzerland🇨🇭 #Münzen #fypviral #germanytiktok #Switzerland,39f3fbb2402ea42c7b6efac4,https://www.tiktok.com/@davidgeorge988/video/7685367919882128673
coins,Germany,davidgeorge988,creator,2026-09-14,2026-10-05,David George,video,867,18,6,4,,German,,#switzerland🇨🇭 #Schweiz #Münzen #swiss #switzerland,de9b5af853940b170171ac0e,https://www.tiktok.com/@davidgeorge988/video/7685367259082050849
coins,Germany,davidgeorge988,creator,2026-09-14,2026-10-05,David George,video,813,19,1,2,,German,topic not in caption,#fypviral #viralvideos #switzerland #switzerland🇨🇭 #zürichcity,19904ef8af38736cc41c9896,https://www.tiktok.com/@davidgeorge988/video/7685366498524712225
coins,Germany,davidgeorge988,creator,2026-09-14,2026-10-05,David George,video,872,17,0,4,,German,,#Münzen #germanytiktok #switzerland🇨🇭 #switzerland #fypviral,53e845421b89b7afd9d6934a,https://www.tiktok.com/@davidgeorge988/video/7685365725258632480
coins,Germany,davidgeorge988,creator,2026-09-14,2026-10-05,David George,video,874,23,2,10,,English/other,,🇨🇭🇨🇭#switzerland #switzerland🇨🇭 #viral #Franken #schweizerdeutsch,d215b1a8ff9877943db62897,https://www.tiktok.com/@davidgeorge988/video/7685301589556448545
coins,Germany,davidgeorge988,creator,2026-09-14,2026-10-05,David George,video,1159,39,2,5,,German,,#zürichcity #Switzerland #viral #Franken #european,644517be7b95e3d8c1be3071,https://www.tiktok.com/@davidgeorge988/video/7685287565510937888
coins,Germany,davidgeorge988,creator,2026-09-14,2026-10-05,David George,video,876,28,4,5,,English/other,,"5 Franken
Schweiz🇨🇭
1909 #Switzerland #germany🇩🇪_tik_tok #european #Schweiz #fyp",78e250a4de72fa9952af8f07,https://www.tiktok.com/@davidgeorge988/video/7685285903010499873
coins,Germany,davidgeorge988,creator,2026-09-14,2026-10-05,David George,video,6276,173,32,27,,hashtags only,,#Franken #Francs  #Switzerland #coin #viral,cc9d8ec9d966bf65b7371ebd,https://www.tiktok.com/@davidgeorge988/video/7685284503173991712
coins,Germany,davidgeorge988,creator,2026-09-14,2026-10-05,David George,video,826,28,1,1,,German,,"Reisetipps zu Euro, Schweizer Franken sowie Geld und Münzen in Europa. Reisen in Europa.
Währungsumtausch. #fyp #switzerland🇨🇭 #Münzen #swiss #Schweiz",1e6cda31b3eeaa9cf7b432b1,https://www.tiktok.com/@davidgeorge988/video/7685231205297474849
coins,Germany,davidgeorge988,creator,2026-09-14,2026-10-05,David George,video,861,38,14,2,,German,,"Wertvolle 2 Euro Münze Strichmännchen.
Reichtum in der Brieftasche? #Münzen #Deutschland #germany🇩🇪_tik_tok #euromünzen #viralvideos",1d5285b4d5d9e31944a0abdb,https://www.tiktok.com/@davidgeorge988/video/7685228913500441888
coins,Germany,davidgeorge988,creator,2026-09-12,2026-10-05,David George,image-slideshow,9897,258,104,24,,German,,#Münzen #monete #euromünzen #europa #eurocoins,e747b25a25f2f0a74ea39de2,https://www.tiktok.com/@davidgeorge988/video/7684763119297531168
coins,Germany,davidgeorge988,creator,2026-09-12,2026-10-05,David George,video,4694,153,36,60,,English/other,,#italy #monete #germany🇩🇪_tik_tok #italytiktok🇮🇹🇮🇹 #Italia,12fd392409ab40fd4d248999,https://www.tiktok.com/@davidgeorge988/video/7684640226542652704
coins,Germany,davidgeorge988,creator,2026-09-12,2026-10-05,David George,video,4185,164,33,27,,English/other,,#monete #Italia #viral #italytiktok🇮🇹🇮🇹 #2euro,af00b6c9332a15f549e11637,https://www.tiktok.com/@davidgeorge988/video/7684639395386821921
coins,Germany,davidgeorge988,creator,2026-09-12,2026-10-05,David George,video,3882,116,26,22,,English/other,,#Italia #monete #fyp #italytiktok🇮🇹🇮🇹 #2euro,ba31c8ac77ef16d396305ad2,https://www.tiktok.com/@davidgeorge988/video/7684638541674073377
coins,Germany,davidgeorge988,creator,2026-09-12,2026-10-05,David George,video,1034,46,10,13,,English/other,,#Italia #fyp #italytiktok🇮🇹🇮🇹 #2euro #italian,e14c3335bda51dcd6837251b,https://www.tiktok.com/@davidgeorge988/video/7684637163459218721
coins,Germany,davidgeorge988,creator,2026-09-12,2026-10-05,David George,video,1667,62,1,14,,English/other,,#monete #2euro #italytiktok🇮🇹🇮🇹 #RareCoin #fyp,98976f483e36bada0fe92a47,https://www.tiktok.com/@davidgeorge988/video/7684636142687309088
coins,Germany,davidgeorge988,creator,2026-09-12,2026-10-05,David George,video,2522,84,10,10,,English/other,,Monete Euro 2008 #monete #2euro #Italia #fyp #italytiktok🇮🇹🇮🇹,a3dec1b0b5e6760521c7eb0c,https://www.tiktok.com/@davidgeorge988/video/7684633787862469920
coins,Germany,davidgeorge988,creator,2026-09-07,2026-10-05,David George,video,10500,244,81,56,,German,,10 Euro Cent Belgium 1999 worth a lot of money!Coins #belguim🇧🇪 #Münzen #fypgermanygoviral🇩🇪 #europe #euro,a885ed7b06c8fdc1c2c6961a,https://www.tiktok.com/@davidgeorge988/video/7682600701700082977
coins,Germany,davidgeorge988,creator,2026-09-07,2026-10-05,David George,video,5521,162,46,53,,German,,2002 Belgium 1 Euro Coin 🪙 #coinscollection #fyp #Münzen #belguim🇧🇪 #germanytiktok,9dba8642dde1bcc3c4eddf6d,https://www.tiktok.com/@davidgeorge988/video/7682599819600284960
coins,Germany,davidgeorge988,creator,2026-09-07,2026-10-05,David George,video,7919,237,75,93,,English/other,,"2001 France 2 Euros Coin Values, #fyp #euro #pièces #2euro #germany🇩🇪_tik_tok",d59083bb8c6a95141a52bd9a,https://www.tiktok.com/@davidgeorge988/video/7682598221780192544
coins,Germany,davidgeorge988,creator,2026-09-07,2026-10-05,David George,video,7828,289,68,54,,German,,2001 France 20 Euro Cents Coin Values #monete #fyp #Münzen #italy #Deutschland,42606ddd6edc8094093fd5b8,https://www.tiktok.com/@davidgeorge988/video/7682597654701837600
coins,Germany,davidgeorge988,creator,2026-09-07,2026-10-05,David George,video,8579,236,52,79,,German,,🪙Euro Coin Errors #italytiktok🇮🇹🇮🇹 #monete #italy #Münzen #italian,f892561eeedc2f22a84ad828,https://www.tiktok.com/@davidgeorge988/video/7682596522416016673
coins,Germany,davidgeorge988,creator,2026-09-07,2026-10-05,David George,video,660,13,11,1,,German,,"•Rare 2002 Italian 2 Euro Coin 2002 Italian 2 Euro coin featuring the legendary poet Dante Alighieri. L
This coin was minted in the very first year of the Euro and beautifully honors Italy's rich cultural heritage. The detailed portrait of Dante wearing his iconic laurel wreath was designed by artist Maria Angela Cassol, making it a true masterpiece of numismatic art.
We explore why this coin is considered rare and valuable among collectors, its typical market value ranging between €5 and €20, and what makes some specimens even more precious. #RareCoin #EuroCoin #ItalianEuro #CoinCollecting #italytiktok🇮🇹🇮🇹",de28c968c8f720c48b4f86e4,https://www.tiktok.com/@davidgeorge988/video/7682592086717189408
coins,Germany,davidgeorge988,creator,2026-09-06,2026-10-05,David George,video,6599,189,55,76,,English/other,,"Spain 1 euro 2010 2011 - ESPAÑA euro coins -
Rare #fyp #2euro #italy #germany🇩🇪_tik_tok #italytiktok🇮🇹🇮🇹",741029e9925883be3a9ace25,https://www.tiktok.com/@davidgeorge988/video/7682475890898488609
coins,Germany,davidgeorge988,creator,2026-09-06,2026-10-05,David George,video,5878,185,45,91,,German,,SELTENE MÜNZE 🪙 Österreichische 2-Euro-Münze #2euro #fypgermany #coin #austria #viral,95d97fd8a294afaff1217770,https://www.tiktok.com/@davidgeorge988/video/7682474395285212448
coins,Germany,davidgeorge988,creator,2026-09-06,2026-10-05,David George,video,11900,214,53,58,,English/other,,50 euro cent 2000 2020 Spain 🇪🇸 #germany🇩🇪_tik_tok #eurocoins #euro #fyp #rare,63484ba854467ca0254c3db4,https://www.tiktok.com/@davidgeorge988/video/7682459656794508576
coins,Germany,davidgeorge988,creator,2026-09-06,2026-10-05,David George,video,22400,492,107,142,,English/other,,50 euro cent 2000 2020 Spain 🇪🇸 #50euro #italy #germany🇩🇪_tik_tok #germany #Italia,05b1bf0d677e50c0be665b3f,https://www.tiktok.com/@davidgeorge988/video/7682457876656327969
coins,Germany,davidgeorge988,creator,2026-09-06,2026-10-05,David George,video,3889,129,20,32,,English/other,,"🪙 Euro Coin Errors Explaine 🪙 

In this video we take a closer look at one of the most sought-after euro coin errors.
But what if I told you there are even stranger errors out there. #RareEuroCoins #CoinCollecting #ErrorCoins #Italia #italytiktok🇮🇹🇮🇹",35fc7029c9d66bd79ba65de3,https://www.tiktok.com/@davidgeorge988/video/7682455489610878241
coins,Germany,davidgeorge988,creator,2026-09-06,2026-10-05,David George,video,3566,94,40,28,,English/other,,italy 🇮🇹 euro coin 🪙 #euro #coin #rarecoins #Italia🇮🇹 #italy,018130602a047bfd6b8836a9,https://www.tiktok.com/@davidgeorge988/video/7682453376910495008
coins,Germany,davidgeorge988,creator,2026-09-06,2026-10-05,David George,video,8884,204,86,51,,English/other,,"Could an ordinary Rare Italy 2 Euro Coin be hiding a remarkable story in plain sight? On Rare coin Lab, we take a close look at the Italy 2 Euro Dante coin, exploring its history, design, rarity, authentication, mint errors, collector demand, and the factors that can influence its collector value. You'll learn how experienced numismatists examine strike quality, surface preservation, mint marks, and overall #rarecoins #coincollecting #Italy2Euro #2euro #Italian",7a89b4d3113416531dda85c4,https://www.tiktok.com/@davidgeorge988/video/7682451622332468513
coins,Germany,davidgeorge988,creator,2026-09-06,2026-10-05,David George,video,2806,101,34,37,,German,,"🇦🇹Austria - 2 Euro - 2017
2019 - Rare #austria🇦🇹 #coin #fyp #Münzen #viral",d3fd105c008e6335ca995e5e,https://www.tiktok.com/@davidgeorge988/video/7682347621205151009
coins,Germany,davidgeorge988,creator,2026-09-06,2026-10-05,David George,video,1115,34,10,8,,German,,Münze aus den Niederlanden 🇳🇱 #EuroCoins #CoinValue #coincollecting #netherlands #europe,d508877c0990ef77e216dc07,https://www.tiktok.com/@davidgeorge988/video/7682344047603698977
coins,Germany,davidgeorge988,creator,2026-09-06,2026-10-05,David George,video,1250,33,22,5,,English/other,,The Netherlands All 1€ Cent To 2€ Euro Coins Mix Collection  #coins #euro #europe #fyp #netherlands,1408ed28c8a202a4eb9be9c6,https://www.tiktok.com/@davidgeorge988/video/7682342049688882465
coins,Germany,davidgeorge988,creator,2026-09-06,2026-10-05,David George,video,2625,75,25,22,,hashtags only,,#netherlands #rare #coin #2euro #euro,bcb7de05c444b3051ee1d7b1,https://www.tiktok.com/@davidgeorge988/video/7682333813392821537
coins,Germany,davidgeorge988,creator,2026-09-04,2026-10-05,David George,video,3635,89,3,19,,German,,"RARE Germany 1 Euro coin
2025 G #Münzen #deutschland #fyp #Euro #germany🇩🇪_tik_tok",148cf6cf236797bfcf3ca701,https://www.tiktok.com/@davidgeorge988/video/7681756842204171553
coins,Germany,davidgeorge988,creator,2026-08-13,2026-10-05,David George,video,4083,91,26,6,,German,,"Kürzlich sind 5 Kilo Münzen aus aller Welt bei mir gelandet, über 1.000 Münzen aus aller Welt. In diesem und zwei weiteren Videos werden wir genauer schauen, welche interessanten Münzen dabei sind.
Wird die Kiloware vorallem Europa, oder auch interessante Weltmünzen enthalten? 2026
#coincollection #deutschland #münzsammlung #euro #germany",55bbf4ee845a68708e14a7ce,https://www.tiktok.com/@davidgeorge988/video/7673520134597725472
coins,Germany,davidgeorge988,creator,2026-08-13,2026-10-05,David George,video,3219,54,4,3,,German,,"Kürzlich sind 5 Kilo Münzen aus aller Welt bei mir gelandet, über 1.000 Münzen aus aller Welt. In diesem und zwei weiteren Videos werden wir genauer schauen, welche interessanten Münzen dabei sind.
Wird die Kiloware vorallem Europa, oder auch interessante Weltmünzen enthalten? #coincollection #deutschland #münzsammlung #fypviraltiktok #münzen",93da62fe96c9ad7b9e97ea58,https://www.tiktok.com/@davidgeorge988/video/7673416837991828769
coins,Germany,davidgeorge988,creator,2026-08-13,2026-10-05,David George,video,2565,43,4,5,,German,,"Es geht weiter mit dem Abarbeiten der Fehlliste von den 2, 3 und 5 Mark Münzen des Kaiserreichs und auch einiger Münzen der Deutschen Kolonien. Neben tollen Motiven liegt heute der Fokus auch auf einigen Münzen der Deutschen Kolonien, in denen ebenso viel Geschichte steckt. Was mich persönlich bei den Neuzugängen am meisten freut ist die erste Münze aus Deutsch-Neuguniea für die Sammlung. #coincollection #fyp #germanytiktok #germany #fypviralシ",d5077d086d406ba1f8de9773,https://www.tiktok.com/@davidgeorge988/video/7673416799328718113
coins,Germany,davidgeorge988,creator,2026-08-13,2026-10-05,David George,video,5035,133,21,18,,German,,"Es geht weiter mit dem Abarbeiten der Fehlliste von den 2, 3 und 5 Mark Münzen des Kaiserreichs und auch einiger Münzen der Deutschen Kolonien. Neben tollen Motiven liegt heute der Fokus auch auf einigen Münzen der Deutschen Kolonien, in denen ebenso viel Geschichte steckt. Was mich persönlich bei den Neuzugängen am meisten freut ist die erste Münze aus Deutsch-Neuguniea für die Sammlung. 2026
#germanempire #coincollection #silvercoin #fypviralシ #euromünzen",e90743684c4e15c8d19eefac,https://www.tiktok.com/@davidgeorge988/video/7673415128171302176
coins,Germany,davidgeorge988,creator,2026-08-13,2026-10-05,David George,video,2186,32,2,2,,German,,10 Euro Münzen #deutschland #Münzen #fypgermany #2euromünze #coins,9939284089a407e3c9e76ec9,https://www.tiktok.com/@davidgeorge988/video/7673412861456141600
coins,Germany,sammlungseltenermunzen,shop,2026-10-05,2026-10-05,Joyce Gündüz Münzladen,video,5,0,0,0,False,German,,"Hier möchte ich Euch die 2 Euro Gedenkmünze aus Italien 2010 "" 200. Geburtstag von Camillo Benso"" vorstellen._ #euro #münzen #sammler #fypgermany #deutschland",f7992095a83dd908c66d616d,https://www.tiktok.com/@sammlungseltenermunzen/video/7693145450345499910
coins,Germany,sammlungseltenermunzen,shop,2026-10-03,2026-10-05,Joyce Gündüz Münzladen,video,6062,129,10,39,False,German,,Seltene Münzen im Wert von Geld und Sie wussten es nicht_ #euro #münze #sammeln #selten #fypgermany,b562f8d22654237bc7c44c8c,https://www.tiktok.com/@sammlungseltenermunzen/video/7692435010816609557
coins,Germany,sammlungseltenermunzen,shop,2026-09-27,2026-10-05,Joyce Gündüz Münzladen,video,12000,162,14,34,False,German,,Deutsche und Niederländer werden sie höher schätzen. Seltene 2-Euro-Münze _#euro #münze  #sammeln #deutschland #altemünzendeutschland,d114f1a4681fe16ea52984f2,https://www.tiktok.com/@sammlungseltenermunzen/video/7690270298305858836
coins,Germany,sammlungseltenermunzen,shop,2026-09-26,2026-10-05,Joyce Gündüz Münzladen,video,3151,87,16,34,False,German,,2€ Gedenkmünze Deutschland 2006 __#euro #münze #selten #sammeln #deutschland,3279bd5e10c9dd30c1d8a195,https://www.tiktok.com/@sammlungseltenermunzen/video/7689870754434927892
coins,Germany,sammlungseltenermunzen,shop,2026-09-26,2026-10-05,Joyce Gündüz Münzladen,video,832,32,5,7,False,German,,Schaut was ich gefunden habe!_ #euro #münze #selten #deutschland #fypgermany,469281d0716d158b46a3b225,https://www.tiktok.com/@sammlungseltenermunzen/video/7689868047451999509
coins,Germany,sammlungseltenermunzen,shop,2026-09-25,2026-10-05,Joyce Gündüz Münzladen,video,2376,43,1,9,False,German,,2 Euro Sondermünze Litauen 2021 - Biospährenreservat Zuvintas_ #euro #münze #selten #deutschland #sammlung,a1693531c678594c44369e9a,https://www.tiktok.com/@sammlungseltenermunzen/video/7689538062338100501
coins,Germany,sammlungseltenermunzen,shop,2026-09-25,2026-10-05,Joyce Gündüz Münzladen,video,1972,47,3,11,False,German,,Diese 1€ Münze ist gut _ #2euro #münze #selten #deutschland #sammlung,e5b5c1a8f3f158ae430fc85b,https://www.tiktok.com/@sammlungseltenermunzen/video/7689494273875578132
coins,Germany,sammlungseltenermunzen,shop,2026-09-25,2026-10-05,Joyce Gündüz Münzladen,video,1157,38,6,11,False,German,,Zeuro österreich2016-RARE COIN-SELTENE MÜNZE #2euro #münze #moneta #geld #selten,ee9c6c6b436006c50716ab6b,https://www.tiktok.com/@sammlungseltenermunzen/video/7689484843272523028
coins,Germany,sammlungseltenermunzen,shop,2026-09-25,2026-10-05,Joyce Gündüz Münzladen,video,813,16,3,4,False,German,,10 Cent 2021 Griechenland heute – Der Preis dieser Euromünze liegt deutlich über ihrem Nennwert._ #euro #münze #selten #sammeln #deutschland,aeb04255d3ea6f6dce4a7804,https://www.tiktok.com/@sammlungseltenermunzen/video/7689476227152776468
coins,Germany,sammlungseltenermunzen,shop,2026-09-24,2026-10-05,Joyce Gündüz Münzladen,video,13100,228,85,108,True,German,,2 Euro Defect Coins Belgium 2€ error Rare_#euro #münze #selten #sammeln #deutschland,55bfb177079b587791731d06,https://www.tiktok.com/@sammlungseltenermunzen/video/7689060535350021397
coins,Germany,sammlungseltenermunzen,shop,2026-09-24,2026-10-05,Joyce Gündüz Münzladen,video,12600,135,20,14,False,German,,"Seltene Münzen aus Belgien, über die Sie nichts wissen und mehr wert sind, als sie für den Nennwert sind_ #euro #münze #selten #deutschland #sammeln",9e0d11b2fb6cf3a36046f998,https://www.tiktok.com/@sammlungseltenermunzen/video/7689029127394970881
coins,Germany,sammlungseltenermunzen,shop,2026-09-22,2026-10-05,Joyce Gündüz Münzladen,video,5344,128,13,31,False,German,,2Euro Strichmännchen aus Griechenland_#euro #münze #selten #deutschland #sammeln,8296e6a24349f7bb473fe93f,https://www.tiktok.com/@sammlungseltenermunzen/video/7688426640069725461
coins,Germany,sammlungseltenermunzen,shop,2026-09-22,2026-10-05,Joyce Gündüz Münzladen,video,2385,59,3,11,False,German,,"Münzen sind mehr wert, als du denkst_ #euro #münze #selten #deutschland #sammeln",bee224f633d878fcf6eaccfd,https://www.tiktok.com/@sammlungseltenermunzen/video/7688359677083536660
coins,Germany,sammlungseltenermunzen,shop,2026-09-22,2026-10-05,Joyce Gündüz Münzladen,video,2192,35,3,7,False,German,,2 euro Defect_ #euro #münze #sammlung #selten #deutschland,d86b638284a101bb02811132,https://www.tiktok.com/@sammlungseltenermunzen/video/7688334698971516181
coins,Germany,sammlungseltenermunzen,shop,2026-09-21,2026-10-05,Joyce Gündüz Münzladen,video,1140,24,3,3,False,German,,Seltene niederländische 2-Euro-Münzen_#euro #münze #sammlung #selten #sammeln,0bf6790d79799371a106eef8,https://www.tiktok.com/@sammlungseltenermunzen/video/7688096651231137045
coins,Germany,sammlungseltenermunzen,shop,2026-09-21,2026-10-05,Joyce Gündüz Münzladen,video,4837,73,2,14,False,German,,2 Euro Coin Blank + Monaco_#euro #münze #sammlung #fypgermany #sammeln,49718dc043abbf9eb3e96288,https://www.tiktok.com/@sammlungseltenermunzen/video/7687985815422553365
coins,Germany,sammlungseltenermunzen,shop,2026-09-21,2026-10-05,Joyce Gündüz Münzladen,video,3559,109,11,13,False,German,,2 euro 2007 Netherlands Münzen defect_ #euro #münze #sammlung #fypgermany #sammeln,6d92e9e439544f847f03c9b1,https://www.tiktok.com/@sammlungseltenermunzen/video/7687974159539997973
coins,Germany,sammlungseltenermunzen,shop,2026-09-21,2026-10-05,Joyce Gündüz Münzladen,video,7641,130,18,23,False,German,,2 Euro 1999 Niederlande Fehlprägung_ #euro #münze #sammlung #sammeln #fypgermany,8423013ce3875fd0197ad64d,https://www.tiktok.com/@sammlungseltenermunzen/video/7687935828105989397
coins,Germany,sammlungseltenermunzen,shop,2026-09-21,2026-10-05,Joyce Gündüz Münzladen,video,13100,294,99,89,True,German,,Amerikaner zahlen viel Geld für diese 2 Euro-Münzen_ #euro #münze #sammlung #sammeln #fypgermany,6e2542725769be6c4a9fcf93,https://www.tiktok.com/@sammlungseltenermunzen/video/7687931559407635733
coins,Germany,sammlungseltenermunzen,shop,2026-09-20,2026-10-05,Joyce Gündüz Münzladen,video,7073,186,46,103,True,German,,"Münzen, auf die Sie achten müssen_ #euro #münze #sammlung #sammeln #fypgermany",f20d3fa265628b77ce17f9a8,https://www.tiktok.com/@sammlungseltenermunzen/video/7687607312206384405
coins,Germany,sammlungseltenermunzen,shop,2026-09-19,2026-10-05,Joyce Gündüz Münzladen,video,5666,113,4,26,False,German,,Was denkst du über diese Münzen?_ #euro #münzen #sammlung #sammeln #fypgermany,bef45a431dd5cef33af425e8,https://www.tiktok.com/@sammlungseltenermunzen/video/7687256255039098133
coins,Germany,sammlungseltenermunzen,shop,2026-09-18,2026-10-05,Joyce Gündüz Münzladen,video,5081,114,5,8,False,German,,"Münzen, von denen du nicht weißt, dass sie etwas wert sind, aber es wert sind_ #euro #münzen #sammeln #sammlung #fypgermany",1423a6dcf11b0c4a0efa027b,https://www.tiktok.com/@sammlungseltenermunzen/video/7686862399772871956
coins,Germany,sammlungseltenermunzen,shop,2026-09-10,2026-10-05,Joyce Gündüz Münzladen,video,3190,116,10,21,False,German,,Hast du diese ZEuro Münze schon gefunden?_ #euro #münzen #sammeln #sammlung #fypgermany,ca140dfd7b8adbd1247bcf2e,https://www.tiktok.com/@sammlungseltenermunzen/video/7683835816992312596
coins,Germany,sammlungseltenermunzen,shop,2026-09-08,2026-10-05,Joyce Gündüz Münzladen,video,7160,139,22,45,False,German,,#euro #münzen #sammeln #sammlung #fypgermany,d9511ed1cb222fe200e887f6,https://www.tiktok.com/@sammlungseltenermunzen/video/7683201679671561492
coins,Germany,sammlungseltenermunzen,shop,2026-09-06,2026-10-05,Joyce Gündüz Münzladen,video,4782,120,8,44,False,German,,1 von 7 Funden aus der Münzrolle!_ #euro #münzen #sammeln #Sammlung #fypgermany,6cb8eee4aba2090c6e00f8eb,https://www.tiktok.com/@sammlungseltenermunzen/video/7682443185938795797
coins,Germany,sammlungseltenermunzen,shop,2026-09-05,2026-10-05,Joyce Gündüz Münzladen,video,11000,241,34,88,False,German,,2 euro 2005 Österreich_#euro #münzen #Sammlung #sammeln #fypgermany,6c422544b544863f1a84edc0,https://www.tiktok.com/@sammlungseltenermunzen/video/7682059652388949268
coins,Germany,sammlungseltenermunzen,shop,2026-09-04,2026-10-05,Joyce Gündüz Münzladen,video,3050,93,10,39,False,German,,Münzen sind Geld wert_ #euro #münzen #Sammlung #sammeln #fypgermany,4771fd565e877e02a3d60c3d,https://www.tiktok.com/@sammlungseltenermunzen/video/7681693890847493396
coins,Germany,sammlungseltenermunzen,shop,2026-09-02,2026-10-05,Joyce Gündüz Münzladen,video,1880,49,6,13,False,German,,"Superstars der 2 Euro Münzen! Selten, wertvoll, besonders diese 2 Euro Münzen solltet ihr kennen._#euro #münzen #Sammlung #fypgermany #sammeln",8d935f39fba488634db96127,https://www.tiktok.com/@sammlungseltenermunzen/video/7680902680927079701
coins,Germany,sammlungseltenermunzen,shop,2026-09-01,2026-10-05,Joyce Gündüz Münzladen,video,3964,136,60,38,True,German,,#euro #münzen #sammeln #Sammlung #fypgermany,0041a8ff581d291fce5ffe6c,https://www.tiktok.com/@sammlungseltenermunzen/video/7680585537765330196
coins,Germany,sammlungseltenermunzen,shop,2026-08-31,2026-10-05,Joyce Gündüz Münzladen,video,524,16,5,3,,German,,"Wir brauchen noch Münzen, senden Sie jetzt dm_#euro #münzen #Sammlung #sammeln #fypgermany",5bbe7101794dbfa5f8bae6d9,https://www.tiktok.com/@sammlungseltenermunzen/video/7680218070320745749
coins,Germany,sammlungseltenermunzen,shop,2026-08-20,2026-10-05,Joyce Gündüz Münzladen,video,2406,72,13,9,,German,,#euro #kurz #sammlung #münze #sammeln,85925e68a5ae487a58c67672,https://www.tiktok.com/@sammlungseltenermunzen/video/7676116554764832021
coins,Germany,sammlungseltenermunzen,shop,2026-08-19,2026-10-05,Joyce Gündüz Münzladen,video,4214,110,8,32,,German,,#euro #münze #sammlung #sammeln #fypgermany,127758ce92e60bf2be0a3233,https://www.tiktok.com/@sammlungseltenermunzen/video/7675743454122544404
coins,Germany,sammlungseltenermunzen,shop,2026-08-17,2026-10-05,Joyce Gündüz Münzladen,video,2698,85,50,15,,German,,"Münzen, von denen du nicht weißt, dass sie ein Vermögen wert sind_ #euro #münze #sammlung #sammeln #fypgermany",a05eb532ddc0e0d676c8f60a,https://www.tiktok.com/@sammlungseltenermunzen/video/7675009885267889429
coins,Germany,sammlungseltenermunzen,shop,2026-08-15,2026-10-05,Joyce Gündüz Münzladen,video,1137,22,1,3,,German,,Münzen_#euro #münze #sammlung #sammeln #fypgermany,6dd5d79d417e381664bb4f9a,https://www.tiktok.com/@sammlungseltenermunzen/video/7674295838268542228
coins,Germany,sammlungseltenermunzen,shop,2026-08-15,2026-10-05,Joyce Gündüz Münzladen,video,1693,21,1,5,,German,,50.000€ für eine 2 EURO Münze!! #euro #münze #sammlung #sammeln #fypgermany,2f79e14eed9ff8839b20aeec,https://www.tiktok.com/@sammlungseltenermunzen/video/7674240674245414165
coins,Germany,sammlungseltenermunzen,shop,2026-08-14,2026-10-05,Joyce Gündüz Münzladen,video,107600,1684,113,698,,German,,Haben Sie diese seltene 1-Euro-Münze? Ich kaufe es für _#euro #münze #sammlung #sammeln #fypgermany,62bca6c375d9382114e97d7a,https://www.tiktok.com/@sammlungseltenermunzen/video/7673907247277346068
coins,Germany,sammlungseltenermunzen,shop,2026-08-09,2026-10-05,Joyce Gündüz Münzladen,video,7348,154,22,39,,German,,Die erste Ihrer Art 2 Euro Gedenkmünze_#euro #münze #hamburg #sammlung #fypgermany,b29bf5aced7b26bd30a4cc41,https://www.tiktok.com/@sammlungseltenermunzen/video/7671962866412440853
cameras,Germany,foto_paf,creator,2026-09-28,2026-10-05,foto_paf,video,3552,274,13,84,,English/other,,Event weekend ❗️📸❗️ #sportsphotograhy #videography #football #streetsoccer #btsarmy,c19eb1a1dd61d8c79a426702,https://www.tiktok.com/@foto_paf/video/7690631104277040416
cameras,Germany,foto_paf,creator,2026-09-20,2026-10-05,foto_paf,video,7615,428,14,34,,English/other,,Saison Auftakt 📸📸📸 #sportsphotograhy #videography #football #bts #lighroom,69dd3e5f6ed040ca2ceda4ef,https://www.tiktok.com/@foto_paf/video/7687599657807138081
cameras,Germany,foto_paf,creator,2026-09-09,2026-10-05,foto_paf,video,1559,92,6,4,,German,,Bro ist kein videograf 🫩🥀 #sportsphotograhy #videography #football  #marketing #bts,b2a9ced806ad54a3cc0c107c,https://www.tiktok.com/@foto_paf/video/7683556367189232929
cameras,Germany,foto_paf,creator,2026-09-07,2026-10-05,foto_paf,video,1473,79,4,9,,German,,Kamera Tipps Part 5: der Minidrucker #photography #sportsphotograhy #tut #drucker #tippsundtricks,ae31e8ffc5196484ee1b5838,https://www.tiktok.com/@foto_paf/video/7682813550472989984
cameras,Germany,foto_paf,creator,2026-09-02,2026-10-05,foto_paf,image-slideshow,1490,49,3,0,,English/other,,Detailed shots 👆👆👆 #sportsphotograhy #photography #lighroom #detailes #football,2e02a1668869b08e52c9967d,https://www.tiktok.com/@foto_paf/video/7680939976275627297
cameras,Germany,vintageloopshopde,shop,2026-09-27,2026-10-05,VintageloopShopDe,video,271,3,0,0,,German,,Canon IXUS 175 Rot ❤️ Die schönste Digicam im Vintage-Trend? 📸 #canonixus175 #digicam #vintage #retro #photography,5fdfbb8b38a2a5b6a5ed0548,https://www.tiktok.com/@vintageloopshopde/video/7690222016179293472
cameras,Germany,vintageloopshopde,shop,2026-09-26,2026-10-05,VintageloopShopDe,video,397,10,1,2,,German,,Bei Interesse könnt ihr gerne Fragen stellen. canon ixus 105 #digicam #canonixus #digitalkamera #canon #photography,3e76ae77ec0ff1407bf8d5d6,https://www.tiktok.com/@vintageloopshopde/video/7689808094171352352
cameras,Germany,vintageloopshopde,shop,2026-09-24,2026-10-05,VintageloopShopDe,video,503,11,0,3,,hashtags only,,Vintage filmkamera Canon Legria hf r606 #filmkamera #vintagecamera #camcorder #retro #retrovibe,810a99d59726a1e3b3dea52b,https://www.tiktok.com/@vintageloopshopde/video/7689142543421951264
cameras,Germany,vintageloopshopde,shop,2026-09-23,2026-10-05,VintageloopShopDe,video,785,6,3,1,,,no caption,,8b8f0e8ccbb0407b7db02a11,https://www.tiktok.com/@vintageloopshopde/video/7688756531948440864
cameras,Germany,vintageloopshopde,shop,2026-09-23,2026-10-05,VintageloopShopDe,video,1049,21,0,2,,German,,Canon IXUS 130 – Die beste Digicam? 📸 2000er Kamera Trend #CanonIXUS130 #Digitalkamera #VintageCamera #CompactCamera #Canon,395ef574e5b390bc2eea8b69,https://www.tiktok.com/@vintageloopshopde/video/7688639242494332192
cameras,Germany,vintageloopshopde,shop,2026-09-22,2026-10-05,VintageloopShopDe,video,904,14,0,1,,hashtags only,,canon 2000d 8/10 #foto #photography #canoncamera #canon2000d #dslr,fa893d75e6fd5b490fd78d43,https://www.tiktok.com/@vintageloopshopde/video/7688357347751709985
cameras,Germany,vintageloopshopde,shop,2026-09-20,2026-10-05,VintageloopShopDe,video,832,10,1,1,,hashtags only,,digicam canon a2300 blue set #kamera #canona2300 #photography #digicam #foto,e14b3abe413b124699e78041,https://www.tiktok.com/@vintageloopshopde/video/7687566011435896097
cameras,Germany,vintageloopshopde,shop,2026-09-20,2026-10-05,VintageloopShopDe,video,885,5,0,2,,hashtags only,,instax sq6 gift #geschenk #kamera #instax #sq6 #square,2a48e67c466fdc9ae0ff71a5,https://www.tiktok.com/@vintageloopshopde/video/7687550074418777376
cameras,Germany,vintageloopshopde,shop,2026-09-17,2026-10-05,VintageloopShopDe,video,796,6,0,2,,German,,camcorder mit projektor #videokamera  #camcorder #kamera #geschenk #projektor,723e6a208af828d561b76aed,https://www.tiktok.com/@vintageloopshopde/video/7686599382644346144
cameras,Germany,vintageloopshopde,shop,2026-09-16,2026-10-05,VintageloopShopDe,video,1116,21,2,0,,German,,"Nikon D5200 DSLR
Zubehör:
* Ladegerät
* Kameratasche
*Speicherkarte
#nikon #nikoncreators #nikonphotography #dslr #photography",ca208bb15bae16b92da84e64,https://www.tiktok.com/@vintageloopshopde/video/7686181332434701600
cameras,Germany,vintageloopshopde,shop,2026-09-15,2026-10-05,VintageloopShopDe,video,437,9,0,1,,hashtags only,,"Alte Videokamera in sehr gutem Zustand. #SonyHDRCX240E #HDRCX240E
#Camcorder #Videokamera #FullHD",f915fa0b03497596a35bba00,https://www.tiktok.com/@vintageloopshopde/video/7685792989297380641
cameras,Germany,vintageloopshopde,shop,2026-09-14,2026-10-05,VintageloopShopDe,video,1315,40,0,0,,hashtags only,,canon eos 1300d #canon #canonphotography #canon1300d #photography #kamera,4dd62c3c57e7a1dcf858483c,https://www.tiktok.com/@vintageloopshopde/video/7685396723358813473
cameras,Germany,vintageloopshopde,shop,2026-09-13,2026-10-05,VintageloopShopDe,video,735,22,0,0,,English/other,,"Canon 2000D 230€ gebraucht. Funktioniert einwandfrei, Zustand 7,5/10. Shutter count:3331 #canon2000d #dslr #kamera #photography #beginnerphotographers",bdfe56707407e1e314cbb805,https://www.tiktok.com/@vintageloopshopde/video/7685004895887314208
cameras,Germany,vintageloopshopde,shop,2026-09-11,2026-10-05,VintageloopShopDe,video,440,17,0,0,,German,,Sony HDR-CX405 Camcorder mit Ladekabel Full HD Videokamera - Perfekt als Geschenk #Vintage #sonyhandycam #sonyhdrcx405 #camera,32839ae89b5c3fbc84c1dc0e,https://www.tiktok.com/@vintageloopshopde/video/7684243304522861856
cameras,Germany,vintageloopshopde,shop,2026-09-06,2026-10-05,VintageloopShopDe,video,508,13,1,1,,German,,Ich verkaufe eine Canon IXUS 500 HS im Komplettset und in sehr gutem Zustand. Bei Fragen gerne melden. #Canon #CanonIXUS500HS #IXUS500HS #Digicam #Vintage,3b655a4f977260fa5001cdbe,https://www.tiktok.com/@vintageloopshopde/video/7682384550630001952
cameras,Germany,vintageloopshopde,shop,2026-08-29,2026-10-05,VintageloopShopDe,video,1702,28,1,1,,hashtags only,,Canon EOS 600D #canon600d #spiegelreflexkamera #fotografie_tipps #fotografielernen #kamerafotografie,595a024238953a4858b02ebb,https://www.tiktok.com/@vintageloopshopde/video/7679473104028192033
cameras,Germany,vintageloopshopde,shop,2026-08-20,2026-10-05,VintageloopShopDe,video,3357,51,2,3,,German,,"Zu verkaufen: Canon EOS 4000D! Perfekt für Einsteiger, inklusive Objektiv, Akku und Ladegerät.​#canon4000d #kamera #verkaufen #fotografie #tiktokkauf",6971c93d43f15f0afa473870,https://www.tiktok.com/@vintageloopshopde/video/7676158405127490848
cameras,Germany,vintageloopshopde,shop,2026-08-18,2026-10-05,VintageloopShopDe,video,372,7,0,2,,German,,"Verkaufe Panasonic DMC-TZ57! Super Kamera für Fotos & Vlogs. Schreib mir bei Interesse eine Nachricht! 📸✨
​#panasonicdmctz57 #kameraverkaufen #vlogkamera #gebrauchtkamera #zuverkaufen",61f187951476e1c7129da93c,https://www.tiktok.com/@vintageloopshopde/video/7675398580689030432
cameras,Germany,vintageloopshopde,shop,2026-08-17,2026-10-05,VintageloopShopDe,video,416,6,0,1,,hashtags only,,Zum Verkauf: Fujifilm Instax SQ6 #instaxsq6 #analoguephotography #kameraverlauf #instaxforsale #asmrcleaning,3381584384962e2fcda461b2,https://www.tiktok.com/@vintageloopshopde/video/7675055321076747553
cameras,Germany,vintageloopshopde,shop,2026-08-16,2026-10-05,VintageloopShopDe,video,1564,11,0,4,,German,,"Ich verkaufe Olympus PEN E-PL9! 📸 Perfekt für Vlogging, Reisen und stylische Fotos. #olympuspen #kameraverlauf #fotografie #olympus #kleinanzeigen",c554dea3ac0128933f044097,https://www.tiktok.com/@vintageloopshopde/video/7674711462798953760
cameras,Germany,vintageloopshopde,shop,2026-08-16,2026-10-05,VintageloopShopDe,video,558,6,0,1,,German,,eBay : vintageloop_23 Perfekt für sofortige quadratische Retro-Fotos #instaxsq6 #fujifilm #sofortbildkamera #kamerazuverkaufen #fotografie,1831dfbaac9a88a2a57633d3,https://www.tiktok.com/@vintageloopshopde/video/7674550553359256864
cameras,Germany,vintageloopshopde,shop,2026-08-15,2026-10-05,VintageloopShopDe,video,1328,47,2,5,,German,,"Entspann dich mit den besten ASMR-Sounds  Canon 550D! 📸✨ Knackige Auslöser-Geräusche, sanftes Reinigen und Reinstform-Audio für deine Ohren. Kopfhörer empfohlen! 🎧
​#ASMR #Canon550D #KameraASMR #CameraSound #ASMRDeutsch",d651549219293f89da170abc,https://www.tiktok.com/@vintageloopshopde/video/7674287722177039648
cameras,Germany,vintageloopshopde,shop,2026-08-15,2026-10-05,VintageloopShopDe,video,1320,33,0,1,,German,,"Die besten Kamera-Sounds der Sony HX60V: Das Klacken des Blitzes, das Drehen am Rädchen und der Auslöser. Reines Klick-ASMR zum Entspannen#camerasounds #asmrsounds #sonyhx60v #satisfyingsounds #cameraasmr",5bc390a05a012734579ed6d4,https://www.tiktok.com/@vintageloopshopde/video/7674015796884032800
cameras,Germany,vintageloopshopde,shop,2026-08-15,2026-10-05,VintageloopShopDe,video,536,20,0,0,,German,,"Lass mich kurz deine Kamera sauber machen, damit du dich komplett entspannen kannst. Lehn dich zurück und genieße die sanften Geräusche. ✨🧹
​#asmrdeutsch #cameracleaning #kameraentstauben #personalattention #entspannung pur",8929d927a2fd341600ff8553,https://www.tiktok.com/@vintageloopshopde/video/7674016177198320928
cameras,Germany,vintageloopshopde,shop,2026-08-14,2026-10-05,VintageloopShopDe,video,1199,31,0,2,,German,,Olympus XZ-10 mit Retro-Sound​ asmr #digicam #olympusxz10 #kamera #fotografie #retro,1a9630ab418a5db70778856e,https://www.tiktok.com/@vintageloopshopde/video/7673927046816369952
cameras,Germany,vintageloopshopde,shop,2026-08-14,2026-10-05,VintageloopShopDe,video,1100,38,0,3,,German,,"ebay: vintageloop_23 ASMR Clean & Test! Ich mache diese Olympus XZ-10 für den Verkauf fertig. 
​#KameraZuVerkaufen #FotografieDeutschland #KameraKaufen #GebrauchteKamera #KameraLiebe",9844a84f506a0222ca1dae88,https://www.tiktok.com/@vintageloopshopde/video/7673827250160094496
cameras,Germany,vintageloopshopde,shop,2026-08-13,2026-10-05,VintageloopShopDe,video,1146,55,0,1,,German,,"Ich bringe diese Retro-Digicam Sony DSC-W580 wieder zum Strahlen 📸✨ Genieße das entspannende ASMR! Die Kamera steht zum Verkauf – schreib mir eine DM bei Interesse 📩
​
#digicam #retrokamera #asmrcleaning #sonydscw580 #zuverkaufen",b44e4d8f03344e2db62ff29c,https://www.tiktok.com/@vintageloopshopde/video/7673554375226232097
cameras,Germany,vintageloopshopde,shop,2026-08-13,2026-10-05,VintageloopShopDe,video,1177,65,1,3,,German,,"Ich bringe diese Retro-Digicam Sony DSC-W580 wieder zum Strahlen 📸✨ Genieße das entspannende ASMR! Die Kamera steht zum Verkauf – schreib mir eine DM bei Interesse 📩
​
#digicam #retrokamera #asmrcleaning #sonydscw580 #zuverkaufen",b1d53fe5919f278aa1188531,https://www.tiktok.com/@vintageloopshopde/video/7673400658711547168
cameras,Germany,vintageloopshopde,shop,2026-08-12,2026-10-05,VintageloopShopDe,video,850,10,1,2,,German,,"Bereit für pure Entspannung? 🧼📸 In diesem Video reinige ich die wasserdichte Kodak Pixpro WPZ2, schalte sie ein und mache ein Bild. Ton an für sanfte ASMR-Sounds​#kodakwpz2 #asmr #techasmr #satisfying #cameracleaning",874cf67637c8af2210773ef2,https://www.tiktok.com/@vintageloopshopde/video/7673203868003536160
cameras,Germany,vintageloopshopde,shop,2026-08-11,2026-10-05,VintageloopShopDe,video,832,37,3,1,,hashtags only,,#asmr #kamera #digicams #toy #digicam,7fad3af674f5e1be6beeb248,https://www.tiktok.com/@vintageloopshopde/video/7672849212383497505
cameras,Germany,vintageloopshopde,shop,2026-08-10,2026-10-05,VintageloopShopDe,video,1203,35,0,6,,German,,Perfekter Vintage-Look für deine Fotos und Vlogs! 📸 Die Panasonic Lumix DMC-TZ57 mit Klappdisplay und starkem Zoom.#panasonictz57 #digicam #kamera #zuverkaufen #fotografie,608afed9349e4ba5bd428c64,https://www.tiktok.com/@vintageloopshopde/video/7672445865344159009
cameras,Germany,vintageloopshopde,shop,2026-08-09,2026-10-05,VintageloopShopDe,video,549,32,0,1,,German,,"ebay: vintageloop_23 Der legendäre Canon G7X Mark II sucht ein neues Zuhause! Perfekt für Vlogs, Fotos und den ikonischen Look. Schreib mir direkt eine DM, bevor er weg ist! 📸✨
​#canong7xmarkii #zuverkaufen #kamera #vlogkamera #fotografie",41c2ce8595f59af36702f16e,https://www.tiktok.com/@vintageloopshopde/video/7672112126198156577
cameras,Germany,vintageloopshopde,shop,2026-08-09,2026-10-05,VintageloopShopDe,video,1247,30,0,4,,German,,ebay: vintageloop_23 ​Ich verkaufe weiße Systemkamera Nikon 1 J5. ​#Nikon1J5 #Systemkamera #KameraZuVerkaufen #Fotografie #NikonWeiß,446e3f47a81486c52e91dd96,https://www.tiktok.com/@vintageloopshopde/video/7672030686416620832
cameras,Germany,vintageloopshopde,shop,2026-08-08,2026-10-05,VintageloopShopDe,video,363,11,0,1,,German,,"Sony HDR-PJ240E zu verkaufen! 🎥 ebay: vintageloop_23
​Mit integriertem Beamer – deine Videos direkt an die Wand projizieren! Funktioniert einwandfrei. Bei Interesse einfach eine DM schreiben! 📩
​#videokamera #zuverkaufen #kleinanzeigen #sony #techdeutschland",4c2164aed04200289eaa412c,https://www.tiktok.com/@vintageloopshopde/video/7671730697731689761
cameras,Germany,vintageloopshopde,shop,2026-08-07,2026-10-05,VintageloopShopDe,video,805,11,0,4,,hashtags only,,"ebay: vintageloop_23 
Instax SQ20 zu verkaufen
#instaxsq20 #sofortbildkamera #instaxzuverkaufen #fujifilminstax #kameraverkauf",cb2b09060563884ba2da2b07,https://www.tiktok.com/@vintageloopshopde/video/7671254794870295841
patches,Germany,blasphemy_patches,creator,2026-10-03,2026-10-05,blasphemy_patches,video,416,13,0,0,,German,topic not in caption,"was Peak
.
.
.
.
.
.
.
.
.
#asp #gothicrock #heavymetal #bandmerch #gothic",df43d08fd7fdba9d00e46584,https://www.tiktok.com/@blasphemy_patches/video/7692424728019078433
patches,Germany,blasphemy_patches,creator,2026-10-02,2026-10-05,blasphemy_patches,video,727,26,0,1,,English/other,,"Fucking stoked 🤘
.
.
.
.
.
.
.
.
.
.
.
#asp #gothicrock #heavymetal #battlejacket #anthrax",c730a7809204ef7f7cc779c7,https://www.tiktok.com/@blasphemy_patches/video/7692117316829596960
patches,Germany,blasphemy_patches,creator,2026-09-30,2026-10-05,blasphemy_patches,video,562,27,2,0,,English/other,,"R.I.P. Bruno Kramm 🕊️
.
.
.
.
.
.
.
.
.
.
#dasich #gothic #ebm #brunokramm #battlejacket",aadae5af7f4dedf29348ee19,https://www.tiktok.com/@blasphemy_patches/video/7691397777749839137
patches,Germany,blasphemy_patches,creator,2026-09-27,2026-10-05,blasphemy_patches,video,480,42,4,0,,German,,"Slipknot Patch ist from Black Wings Distrobutions 
.
.
.
.
.
.
.
.
.
.
#slipknot #numetal #heavymetal #battlejacket #sewing",dff89e63c7635e4ed68920c8,https://www.tiktok.com/@blasphemy_patches/video/7690301204726877472
patches,Germany,blasphemy_patches,creator,2026-09-27,2026-10-05,blasphemy_patches,video,1578,138,2,0,,English/other,,"Idk from when It is but the mother of my best friend bought it at a Concert in Like the 1990s. If you know more, please Tell me 🤘.
.
.
.
.
.
.
.
.
.
.
.
#sepultura #bandmerch #vintage #battlejacket #thrashmetal",b36c3b222ee931495d30e79e,https://www.tiktok.com/@blasphemy_patches/video/7690279913395391777
patches,Germany,blasphemy_patches,creator,2026-09-27,2026-10-05,blasphemy_patches,video,1832,224,6,2,,English/other,,"Got it from my politics teacher 🔥
.
.
.
.
.
.
.
#heavymetal #sepultura #groovemetal #vintage #battlejacket",db1eb5afe6a44fe1f1373698,https://www.tiktok.com/@blasphemy_patches/video/7690226744426515744
patches,Germany,blasphemy_patches,creator,2026-09-27,2026-10-05,blasphemy_patches,video,602,27,0,0,,English/other,,"👀
.
.
.
.
.
.
.
.
.
#sewing #battlejacket #thrashmetal #heavymetal #anthrax",80b7261a123eb2d1b8e58244,https://www.tiktok.com/@blasphemy_patches/video/7690172545793920288
patches,Germany,blasphemy_patches,creator,2026-09-27,2026-10-05,blasphemy_patches,video,407,20,0,2,,hashtags only,,"2003 In Ex Tour Shirt
.
.
.
.
.
.
.
.
#inextremo #mittelalter #heavymetal #bandmerch #battlejacket",81393d535a6b720a626af8f3,https://www.tiktok.com/@blasphemy_patches/video/7690150456269475105
patches,Germany,blasphemy_patches,creator,2026-09-26,2026-10-05,blasphemy_patches,video,411,27,2,1,,hashtags only,,"Amazing Patch
.
.
.
.
.
#crowbar #battlejackets #sludgemetal #heavymetal #kutte",d0b0aaaace82d8643f294e03,https://www.tiktok.com/@blasphemy_patches/video/7689865237469678881
patches,Germany,blasphemy_patches,creator,2026-09-26,2026-10-05,blasphemy_patches,video,108,14,1,0,,hashtags only,topic not in caption,"I LOVE them
.
 .
.
.
.
.
.
#anthrax #thrashmetal #megadeth #heavymetal #municipalwaste",ed6380cae1eec15d263ee192,https://www.tiktok.com/@blasphemy_patches/video/7689842576207170849
patches,Germany,blasphemy_patches,creator,2026-09-26,2026-10-05,blasphemy_patches,video,62,7,0,0,,hashtags only,,"I Re-Sew this Patch for Like 5 Times now
.
.
.
.
.
.
.
#magnum #hardrock #heavymetal #battlejacket #sewing",ac39758eef5b1f024e616dbc,https://www.tiktok.com/@blasphemy_patches/video/7689838728029703456
patches,Germany,blasphemy_patches,creator,2026-09-26,2026-10-05,blasphemy_patches,video,1531,141,4,6,,English/other,,"My Favourite Patch on the Jacket 🤘
.
.
.
.
.
.
.
#typeonegative #goth #sludgemetal #gothmetal #battlejacket",97eb33ee8a1b796861c08093,https://www.tiktok.com/@blasphemy_patches/video/7689768135838272800
patches,Germany,blasphemy_patches,creator,2026-09-26,2026-10-05,blasphemy_patches,video,795,32,2,0,,English/other,topic not in caption,"I ❤️ EBM
.
.
.
.
#andone #ebm #gothic #projectpitchfork #heavymetal",86b0f2e414374969b26cad4b,https://www.tiktok.com/@blasphemy_patches/video/7689760044925078816
patches,Germany,blasphemy_patches,creator,2026-09-25,2026-10-05,blasphemy_patches,video,750,33,5,0,,English/other,topic not in caption,"👀👀
.
.
.
.
.
#sepultura #rammstein #inextremo #darkthrone #powerwolf",e4c14705b662c1e5cffcca9b,https://www.tiktok.com/@blasphemy_patches/video/7689563555644837153
patches,Germany,blasphemy_patches,creator,2026-09-25,2026-10-05,blasphemy_patches,video,666,11,1,0,,English/other,topic not in caption,"My absolute Most favourite Band ❤️
2003/2004 Galgen Hoodie from In Extremo
.
.
.
.
.
#inextremo #medieval #heavymetal #medievalmetal #mittelaltermetal",c2c0d605db1d12a553b83e65,https://www.tiktok.com/@blasphemy_patches/video/7689546568914996513
patches,Germany,blasphemy_patches,creator,2026-09-25,2026-10-05,blasphemy_patches,video,692,14,0,0,,hashtags only,,"CC Longsleeve 
.
.
.
.
#celestialsanctuary #ukdeathmetal #deathmetal #battlejacket #bandmerch",8b9ec039600a101f3e92d440,https://www.tiktok.com/@blasphemy_patches/video/7689528536901700896
patches,Germany,blasphemy_patches,creator,2026-09-25,2026-10-05,blasphemy_patches,video,16000,2667,28,232,,hashtags only,topic not in caption,"Peak Longsleeve
.
.
.
.
#blackmetal #dissection #deathmetal #trve #heavymetal",804435cd6266981260a34fa9,https://www.tiktok.com/@blasphemy_patches/video/7689521840535997729
patches,Germany,blasphemy_patches,creator,2026-09-25,2026-10-05,blasphemy_patches,image-slideshow,42,3,0,0,,hashtags only,,"First glance of my patches
.
.
.
.
.
.
#battlejacket #patches #heavymetal #deathmetal #thrashmetal",baff5d6c02707f7eeb5a8258,https://www.tiktok.com/@blasphemy_patches/video/7689518125448023329
