account,post_date,pulled_date,account_name,format,views,likes,comments,shares,is_outlier,caption_language,flag,caption,item_id,url
cardhome_store,2026-08-14,2026-10-05,Cardhome,video,7864,127,30,80,True,German,,"Wiens neuer TCG-Store nimmt langsam Form an 👀

Die ersten Karten sind schon da – und bald ist der ganze Laden voll davon. 🔥

Wer kommt zur Eröffnung vorbei?

📍 CARDHOME Wien

#cardhome #tcg #pokemontcg #pokemonkarten #sammelkarten",15b656ddb18425d8adeeb4bd,https://www.tiktok.com/@cardhome_store/video/7673848199794134294
cardhome_store,2026-08-19,2026-10-05,Cardhome,video,3022,45,3,9,False,German,,"POV: Unser TCG Store nimmt langsam Form an 👀

Bald geht’s los. 🎴

📍 1220 Wien

#cardhome #tcg #tcgtok #pokemonkarten #onepiececardgame",fd72cf55ae190a6df235beb1,https://www.tiktok.com/@cardhome_store/video/7675786619718274326
cardhome_store,2026-08-26,2026-10-05,Cardhome,video,4249,42,6,17,False,German,,"Neue Pokémon Tins sind angekommen 👀🔥

Mega-Dragoran ex, Mega-Zeraora ex & Mega-Darkrai ex – jetzt vorbestellbar auf cardhome.at!

Welche nehmt ihr? 👇

#pokemon #pokemontcg #pokemonkarten #tcg #cardhome",3db2ab2a4e0f48c213f6ccf2,https://www.tiktok.com/@cardhome_store/video/7678429541295164695
cardhome_store,2026-08-28,2026-10-05,Cardhome,video,782,8,0,0,False,hashtags only,,#onepiece#tcg#BigM#sp,e3bf7b126bf22dc4c7ff93fd,https://www.tiktok.com/@cardhome_store/video/7679068927976033558
cardhome_store,2026-09-02,2026-10-05,Cardhome,video,2258,36,1,6,False,German,,"Noch nicht mal eröffnet und die Fans sind schon bereit 😂
#cardhome #tcg #pokemon #wien #cardshop",92d2857a4972cb8d11f87eaa,https://www.tiktok.com/@cardhome_store/video/7681042262696103170
cardhome_store,2026-09-04,2026-10-05,Cardhome,video,1202,7,3,0,False,German,,https://cardhome.at/products/one-piece-saikyo-jump-summit-war-power-promo-pack-jp#onepiec#sammelkarten,a15e0e91e017813978960104,https://www.tiktok.com/@cardhome_store/video/7681726735020215574
cardhome_store,2026-09-05,2026-10-05,Cardhome,video,2660,32,1,1,False,German,,#tcg#sammelkarten#wien#Wien#pokemon,e81db5a49cf18bb656c5a9b1,https://www.tiktok.com/@cardhome_store/video/7682092446624386326
cardhome_store,2026-09-07,2026-10-05,Cardhome,video,37200,397,37,295,True,German,,"🎉 WIR ERÖFFNEN!

Am 16.09.2026 ist es endlich soweit: Der Cardhome Store in Wien öffnet seine Türen! 💜

📅 Eröffnung: 16.09.2026
📍 Cardhome Wien
🌐 cardhome.at

Markiert jemanden, der am 16. unbedingt mitkommen muss. 👇

#cardhome #tcg #tcgaustria #tcgwien #pokemoncards",d15e942a30c31a7d2f22adf5,https://www.tiktok.com/@cardhome_store/video/7682859190188133654
cardhome_store,2026-09-15,2026-10-05,Cardhome,video,12500,50,3,18,False,German,,"MORGEN SPERREN WIR AUF! 💜

🎁 Die ersten 50 Kunden bekommen einen GRATIS Dunkelnacht Booster!

📍 Siebenbürgerstraße 14, 1220 Wien
🕙 Ab 10:00 Uhr

Wir sehen uns! 👀

#Cardhome #PokemonTCG #TCGWien #PokemonWien #tcg",78531516912406f3de450353,https://www.tiktok.com/@cardhome_store/video/7685908272905325846
cardhome_store,2026-09-15,2026-10-05,Cardhome,video,4349,71,9,22,False,German,,"⚠️ Kurzes Update zum 30 Jahre Pokémon Jubiläums-Set!

Aktuell sieht es so aus, als würde die Lieferung leider nicht mehr rechtzeitig morgen eintreffen. Wir rechnen derzeit mit Donnerstag oder Freitag.

Sobald die Ware bei uns ist, erfahrt ihr es natürlich sofort! 👀

#PokemonTCG #Pokemon30 #Cardhome #PokemonWien #TCGWien",5856ee6cb709bb05cbd26e3b,https://www.tiktok.com/@cardhome_store/video/7685752344126000406
cardhome_store,2026-09-16,2026-10-05,Cardhome,video,4037,60,4,10,False,German,,#pokemon#tcg#sammelkarten #onepiece#magic,2ece1e10cd1a6c9b70020059,https://www.tiktok.com/@cardhome_store/video/7686241302131903766
cardhome_store,2026-09-16,2026-10-05,Cardhome,video,10700,196,23,137,True,German,,"🚨 HEUTE ERÖFFNUNG!
Ab 10:00 Uhr öffnet der CARDHOME Store in Wien!

🎁 Gratis Dunkelnacht Booster für die ersten 50 Kunden!

📍 Siebenbürgerstraße 14, 1220 Wien

#Cardhome #PokemonTCG #TCGWien #PokemonWien #storeopening",3e2bd05a5672f7ee60301089,https://www.tiktok.com/@cardhome_store/video/7686022221952814358
cardhome_store,2026-09-18,2026-10-05,Cardhome,video,2684,39,11,6,False,German,,"Schon wieder Schlange vor unserem Shop! 🔥

Heute ging’s um die heiß begehrte 30 Jahre Trainer Box – und ihr wart wieder zahlreich am Start. 🫶

Danke an alle, die vorbeigekommen sind! ❤️

📍 Cardhome
Siebenbürgerstraße 14, 1220 Wien

#Cardhome #PokemonTCG #PokemonAustria #PokemonWien #trainerbox",b0769bc20ddd457d402fbc94,https://www.tiktok.com/@cardhome_store/video/7686846580103597334
cardhome_store,2026-09-19,2026-10-05,Cardhome,video,2034,31,2,2,False,German,,#sammelkarten#tcg#cardhome#happybirthday,93b65e40bf0445deb5729cd2,https://www.tiktok.com/@cardhome_store/video/7687272811227925782
cardhome_store,2026-09-22,2026-10-05,Cardhome,video,9140,149,26,71,False,German,,"30 Jahre Pokémon – und wir haben Jubiläums-Nachschub! 🎉🔥

Neue Ware ist eingetroffen und ab sofort bei uns im Store erhältlich. Kommt vorbei und sichert euch euren Nachschub – solange der Vorrat reicht! 👀

📍 Cardhome Vienna

#CardhomeVienna #PokemonTCG #Pokemon30Jahre #PokemonAustria #TCGVienna",520a9e7c33efcfb8b2985c9a,https://www.tiktok.com/@cardhome_store/video/7688443353268047126
cardhome_store,2026-09-24,2026-10-05,Cardhome,video,11900,187,21,96,True,German,,"🔥 Die neuen 30 Jahre Tins sind da! 🔥

Felinara & Quajutsu sind ab morgen, 13:00 Uhr bei uns im Cardhome Store erhältlich! 🎉

💰 24,99 € pro Tin

Kommt vorbei und sichert euch eure Favoriten! 👀

#Cardhome #PokemonTCG #Pokemon30 #Felinara #Quajutsu",1b5085e3f76970b6e4cdb1c0,https://www.tiktok.com/@cardhome_store/video/7689167293967781142
cardhome_store,2026-09-24,2026-10-05,Cardhome,video,1650,20,0,2,False,German,,#sammelkarten #Pokemon #tcg #cardhome #wien,683b287523afad4435b1da2c,https://www.tiktok.com/@cardhome_store/video/7689158455810100502
cardhome_store,2026-10-01,2026-10-05,Cardhome,video,31200,219,11,54,True,English/other,,"30 Jahre Poster-Kollektion - 24,99€ jetzt im Store! 😁 #pokemon #Cardhome #Pokemon30 #PokemonWien",bb1c299b0d2caff2570c65bc,https://www.tiktok.com/@cardhome_store/video/7691688617248345366
cardhome_store,2026-10-04,2026-10-05,Cardhome,video,954,23,1,2,False,German,,"Wenn zwei TCG Shops auf der Messe aufeinandertreffen 👀🤝

Cardhome × Melnibone MTG – natürlich wurde nicht nur geredet, sondern auch ausgepackt. 🔥

#Cardhome #TCG #PokemonTCG #TradingCards #TCGCommunity",a15b9db743b70759ad02de48,https://www.tiktok.com/@cardhome_store/video/7692833064275217686
dave_mps,2026-09-20,2026-10-05,Dave,video,11100,785,19,15,False,German,,"Anzeige | Wer von euch hatte Glück und ist schon an die neuen Pokémon Karten gekommen ? 👀🥹 

#pokemoncards #pokemontiktok #pokemon30 #pokemon #pokemonkarten",20b9068374906b1252380e8d,https://www.tiktok.com/@dave_mps/video/7687545770504981793
dave_mps,2026-09-22,2026-10-05,Dave,video,21500,964,50,143,True,German,,"Ich suche immer noch die Top Trainer Box zum 30 Jährigen Pokémon Jubiläum … 

#pokemon30 #pokemoncards #pokemontiktok #pokemon #pokemoncommunity",2a266744e84a41821750b104,https://www.tiktok.com/@dave_mps/video/7688289192081624353
dave_mps,2026-09-23,2026-10-05,Dave,video,21800,1021,49,42,False,German,,"Leute war das ein GODPACK !? 🤯 BIN ICH JETZT REICH !? 

#pokemon #pokemoncards #pokemon30 #pokemonkarten #godpack",145e33a55055d648d69efea3,https://www.tiktok.com/@dave_mps/video/7688736089762319649
dave_mps,2026-09-24,2026-10-05,Dave,video,11700,556,23,6,False,German,,Antwort auf @Oggi PART 2 von unserem Jubiläums Blister #pokemon #pokemonkarten #pokemon30 #pokemonunboxing #cardcollector,a4f201d4e0ecb25da6ecdfa9,https://www.tiktok.com/@dave_mps/video/7689074188396678432
dave_mps,2026-09-28,2026-10-05,Dave,video,12100,786,45,18,False,German,,"Ich glaub jetzt bin ich wirklich reich .. 👀🤯😍😭 

#pokemonkarten #pokemon30 #pokemonkartenunboxing #pokemontiktok #pokemoncommunity",3c9f5e5cffaf5c401a63c837,https://www.tiktok.com/@dave_mps/video/7690611625455258912
dave_mps,2026-09-29,2026-10-05,Dave,video,10600,559,26,31,False,German,,"Dave ist wieder auf Pokémon Hunt .. Hattet ihr heute Glück ? Wenn nicht , wisst ihr ja jetzt wo ihr hin müsst !! 

#pokemon #pokemontiktok #pokemonkarten #pokemon30 
#pokemoncards",0c06a04807b774437e7cc01e,https://www.tiktok.com/@dave_mps/video/7690983810565016864
hypegen.87,2026-09-04,2026-10-05,Hypegen 87,video,69,15,0,0,False,German,,Dragoran und Darkrei tin öffnen,a4166720290c2ebff05b2988,https://www.tiktok.com/@hypegen.87/video/7681690524843085089
hypegen.87,2026-09-04,2026-10-05,Hypegen 87,video,49,12,0,0,False,English/other,not pokemon,Warzone win,834407014b2b240c78feaf24,https://www.tiktok.com/@hypegen.87/video/7681621318533401889
hypegen.87,2026-09-04,2026-10-05,Hypegen 87,video,679,15,0,0,False,hashtags only,not pokemon,Warzone win # warzone # cod,796f4bb1a91fbfb15dd20f0c,https://www.tiktok.com/@hypegen.87/video/7681620627177934113
hypegen.87,2026-09-04,2026-10-05,Hypegen 87,video,733,28,0,0,False,German,,Pokémon tin öffnen # Pokémon,fd612e299621cfddafffd7be,https://www.tiktok.com/@hypegen.87/video/7681605956232285472
hypegen.87,2026-09-04,2026-10-05,Hypegen 87,video,690,16,0,0,False,German,,Etb für Uvp,f25cc9df509f9f3a9ed03d41,https://www.tiktok.com/@hypegen.87/video/7681590712810392864
hypegen.87,2026-09-05,2026-10-05,Hypegen 87,video,99,12,0,0,False,hashtags only,not pokemon,#PawntoDon,b9a4d9fc79f4e0b7c5e6678d,https://www.tiktok.com/@hypegen.87/video/7681998556672150816
hypegen.87,2026-09-05,2026-10-05,Hypegen 87,video,71,10,0,0,False,hashtags only,not pokemon,#24Puzzle,1d76012e02b80cc52b435224,https://www.tiktok.com/@hypegen.87/video/7681997596801502497
hypegen.87,2026-09-08,2026-10-05,Hypegen 87,video,243,20,0,0,False,German,,Ich wurde gescammmmt # Pokémon #scam#pokemoncommunity #pokemontiktok #pokemonfan,f8317f26c08dc8af0a59ae6c,https://www.tiktok.com/@hypegen.87/video/7683215749384539425
hypegen.87,2026-09-18,2026-10-05,Hypegen 87,video,488,47,3,0,False,hashtags only,,30 Jahre Pokémon Ausbeute thalia #pokemoncommunity #pokemontiktok #pokemonfan #,a9f0a7d5b020d568f59317b3,https://www.tiktok.com/@hypegen.87/video/7686805491434917152
hypegen.87,2026-09-18,2026-10-05,Hypegen 87,video,229,28,0,0,False,German,,30 Jahre Pokémon blister öffnen #pokemoncommunity #pokemontiktok #pokemonfan,21e55c4de43b760b5c8b1228,https://www.tiktok.com/@hypegen.87/video/7686924725699824929
hypegen.87,2026-09-19,2026-10-05,Hypegen 87,video,441,39,2,0,False,German,,30 Jahre Pokémon Full Video blister öffnen #pokemontiktok #pokemoncommunity #pokemonfan #pokemonanime,dcff23dc6efd45c25dd0a567,https://www.tiktok.com/@hypegen.87/video/7687184097390677280
hypegen.87,2026-09-26,2026-10-05,Hypegen 87,video,473,29,0,0,False,German,,Tin von 24 öffnen #pokemontiktok #pokemoncommunity #pokemonkartendeutsch #pokemonanime,2d88256d28861e16f9acc3f5,https://www.tiktok.com/@hypegen.87/video/7689752364877712672
hypegen.87,2026-09-26,2026-10-05,Hypegen 87,video,607,27,0,0,False,German,,Tin von 24 öffnen #pokemontiktok #pokemoncommunity #pokemonanime #pokemonkartendeutsch,0ba16e313256c2f0943bff03,https://www.tiktok.com/@hypegen.87/video/7689750938986335521
hypegen.87,2026-09-26,2026-10-05,Hypegen 87,video,306,16,2,0,False,German,,Blister öffnen #pokemontiktok #pokemoncommunity #pokemonanime #hamm #pokemonkartendeutsch,737f3bc84fdc7127cdb1a1ec,https://www.tiktok.com/@hypegen.87/video/7689736732870282529
hypegen.87,2026-09-27,2026-10-05,Hypegen 87,image-slideshow,396,16,2,0,False,English/other,no caption,,22e1ca6208f4462be435dc81,https://www.tiktok.com/@hypegen.87/video/7690101874954997024
hypegen.87,2026-09-29,2026-10-05,Hypegen 87,video,425,14,1,0,False,German,,Media Markt gönnt 30 Jahre Pokémon,baf6d4305013b99a52d20518,https://www.tiktok.com/@hypegen.87/video/7690890489494539552
hypegen.87,2026-10-03,2026-10-05,Hypegen 87,video,305,16,0,0,False,German,,Pokémon Ideen zum basteln #pokemontiktok #pokemoncommunity #pokemonkartendeutsch #pokemonfan #hamm,090a3288996c348f6d1809da,https://www.tiktok.com/@hypegen.87/video/7692340931835563296
hypegen.87,2026-10-04,2026-10-05,Hypegen 87,video,443,20,0,0,False,German,,Display öffnen 30 Jahre Pokémon über krasse Karten gezogen #pokemontiktok #pokemonkartendeutsch #pokemonfan #pokemonanime #hamm,c6f171f839310868aac890ef,https://www.tiktok.com/@hypegen.87/video/7692737334013463841
hypegen.87,2026-10-04,2026-10-05,Hypegen 87,video,541,18,1,0,False,German,,Darkrei gezogen aus der 30 Jahre tin #pokemontiktok #pokemonkartendeutsch #pokemonfan #pokemonanime #hamm,c3d5ba92cef9cbcca02b9050,https://www.tiktok.com/@hypegen.87/video/7692732041426701600
nilopacks,2026-08-07,2026-10-05,NiloPacks,video,3848,103,32,16,False,German,,"Er ist der Grund! @Freezer ❤️
Mein Onlineshop ist endlich offen 🥹

#Pokemon #sammelkarten #onlineshop #ankauf #gewerbe",d600d6e105c1d7d1bebb7770,https://www.tiktok.com/@nilopacks/video/7671249226860449057
nilopacks,2026-08-08,2026-10-05,NiloPacks,video,16000,628,264,13,True,German,,"Das ist wirklich crazy 

#Pokemon #sammelkarten #onlineshop #ankauf #gewerbe",7a3c503f2b440dd07a999b71,https://www.tiktok.com/@nilopacks/video/7671607477569391904
nilopacks,2026-08-18,2026-10-05,NiloPacks,video,2092,72,19,0,False,German,,"Dieses Gefühl 🥹🫶

#Pokemon #sammelkarten #onlineshop #ankauf #gewerbe",651b4e217a70e418c3ed7fbd,https://www.tiktok.com/@nilopacks/video/7675317581854559521
nilopacks,2026-08-23,2026-10-05,NiloPacks,video,1608,50,19,1,False,German,,"Niemals damit gerechnet…

#Pokemon #sammelkarten #onlineshop #ankauf #gewerbe",37bcde9ed36fdae968474d1f,https://www.tiktok.com/@nilopacks/video/7677251061559627040
nilopacks,2026-08-25,2026-10-05,NiloPacks,video,780,44,2,0,False,German,,"Schon hart 😬

#Pokemon #sammelkarten #onlineshop #ankauf #gewerbe",23cf3e97c736586cc41e62a6,https://www.tiktok.com/@nilopacks/video/7678046566766234912
nilopacks,2026-09-05,2026-10-05,NiloPacks,video,1822,83,9,2,False,German,,"Das war verrückt 🥲

#sammelkarten #Pokemon #onlineshop #ankauf #gewerbe",17f88602dccd288d1fbaebd2,https://www.tiktok.com/@nilopacks/video/7681977389513067809
nilopacks,2026-09-19,2026-10-05,NiloPacks,video,1642,164,102,4,True,German,,"🎉 GEWINNSPIEL – 30 JAHRE POKÉMON! 🎉

Ich verlose eine Pokémon 30 Jahre Top-Trainer-Box an einen von euch! 🔥🎁

So seid ihr dabei:

❤️ Diesen Beitrag liken
💬 Unter dem Video kommentieren
📱 Mir auf TikTok UND Instagram folgen
🧡 Der NiloPacks WhatsApp-Community beitreten (Link in der Bio)

⏰ Teilnahmeschluss: Samstag, 26.09.2026 um 10:00 Uhr.

🎲 Die Auslosung erfolgt anschließend per Zufallsprinzip. Der Gewinner wird über meinen Social-Media-Account bekannt gegeben bzw. kontaktiert.

⚠️ Wichtig: Fake-, Gewinnspiel- und automatisierte Accounts sowie Accounts mit gekauften/falschen Followern oder sonstigen Manipulationsversuchen können von der Teilnahme ausgeschlossen werden. Mehrfachkommentare erhöhen die Gewinnchance nicht.

Teilnahmeberechtigt sind natürliche Personen ab 18 Jahren mit Wohnsitz in Deutschland. Die Teilnahme ist kostenlos. Der Rechtsweg ist ausgeschlossen. Eine Barauszahlung oder Übertragung des Gewinns ist nicht möglich.

Personenbezogene Daten werden ausschließlich zur Durchführung und Abwicklung des Gewinnspiels verwendet und anschließend nicht für Werbezwecke weiterverwendet.

Dieses Gewinnspiel steht in keiner Verbindung zu Instagram, Meta, TikTok oder WhatsApp und wird von diesen weder gesponsert, unterstützt noch organisiert. Die genannten Plattformen stehen nicht als Ansprechpartner für dieses Gewinnspiel zur Verfügung.

Veranstalter: NiloPacksTCG / Nils Köster

Viel Glück an alle! 🍀🔥🧡

#pokemon #pokemon30 #sammelkarten #giveaway #verlosung",8173f8e5a24e369d166d03b6,https://www.tiktok.com/@nilopacks/video/7687152749921799456
pkchomps,2026-08-07,2026-10-05,chomps,video,559,22,6,0,False,German,,"Mega Entwicklungen Masterset
#Pokémon #sammeln #pokemon #collecting #sammelkarten",3f0941b88096e32b00102283,https://www.tiktok.com/@pkchomps/video/7671294380828790049
pkchomps,2026-08-08,2026-10-05,chomps,video,443,20,9,0,False,German,,"Hot oder Flop🔥
#sammelkarten #collecting #pokemon #sammeln #Pokémon",3f974bf75b353029b615c1e6,https://www.tiktok.com/@pkchomps/video/7671589620265635104
pkchomps,2026-08-09,2026-10-05,chomps,video,658,33,3,0,False,German,,"Ewige Rivalen Masterset ep 40 - DIREKT DIE 2. SIR??? 😂🔥
#Pokémon #sammeln #pokemon #collecting #sammelkarten",3f4ff02fd6db193a35a67287,https://www.tiktok.com/@pkchomps/video/7671939517611298081
pkchomps,2026-08-10,2026-10-05,chomps,video,430,15,11,0,False,German,,"Hot oder Flop 🦇
#sammelkarten #collecting #pokemon #sammeln #Pokémon",0a1b7f9e30c8c4cbd779f1d7,https://www.tiktok.com/@pkchomps/video/7672388318096575776
pkchomps,2026-08-11,2026-10-05,chomps,video,5308,101,24,8,True,German,,"Ich sammle ALLE Top Trainer Boxen
#Pokémon #sammeln #pokemon #collecting #sammelkarten",556595995a3ee0c6e2c8d3e2,https://www.tiktok.com/@pkchomps/video/7672755583279172896
pkchomps,2026-08-12,2026-10-05,chomps,video,442,16,9,0,False,German,,Hot oder Flop 🥚#sammelkarten #collecting #pokemon #sammeln #Pokémon,986c28394eaf02b2634d54f2,https://www.tiktok.com/@pkchomps/video/7673087639267839265
pkchomps,2026-08-13,2026-10-05,chomps,video,359,15,11,0,False,German,,Hot oder Flop 🥋#Pokémon #sammeln #pokemon #collecting #sammelkarten,b61746e2f2c59eb2fd37d05e,https://www.tiktok.com/@pkchomps/video/7673490436849290528
pkchomps,2026-08-14,2026-10-05,chomps,video,321,13,3,0,False,German,,"Hot oder Flop 🛏️
#sammelkarten #collecting #pokemon #Pokémon #sammeln",da1d7094dfee414092128e53,https://www.tiktok.com/@pkchomps/video/7673905012694715681
pkchomps,2026-08-15,2026-10-05,chomps,video,394,17,3,0,False,German,,"Hot oder Flop 🪺🪽
#sammeln #Pokémon #pokemon #collecting #sammelkarten",a0024174633ba3a89365087a,https://www.tiktok.com/@pkchomps/video/7674229914224135457
pkchomps,2026-08-16,2026-10-05,chomps,video,461,14,3,0,False,German,,"Ewige Rivalen Masterset ep 41 🍀
#sammelkarten #collecting #pokemon #Pokémon #sammeln",7421b67ff24d53586b454dde,https://www.tiktok.com/@pkchomps/video/7674592292031794465
pkchomps,2026-08-17,2026-10-05,chomps,video,364,13,4,0,False,German,,"Hot oder Flop 🪵
#sammeln #Pokémon #pokemon #collecting #sammelkarten",0123695ff26d61bae1574382,https://www.tiktok.com/@pkchomps/video/7674991855666351393
pkchomps,2026-08-18,2026-10-05,chomps,video,466,13,6,0,False,German,,"Hot oder Flop 🫧
#sammelkarten #collecting #pokemon #Pokémon #sammeln",0d4c05f12e7d8c6f066af749,https://www.tiktok.com/@pkchomps/video/7675364102604164385
pkchomps,2026-08-19,2026-10-05,chomps,video,395,7,4,0,False,German,,Hot oder Flop 🐖#sammeln #Pokémon #pokemon #collecting #sammelkarten,e1c03f8a3fbc235461be8e23,https://www.tiktok.com/@pkchomps/video/7675729733790797088
pkchomps,2026-08-20,2026-10-05,chomps,video,485,16,1,0,False,German,,"Pokédex ep. 7 - eure Karten ✌️
#sammelkarten #collecting #pokemon #Pokémon #sammeln",b63a945823e60338ba6702c4,https://www.tiktok.com/@pkchomps/video/7676109903139835169
pkchomps,2026-08-22,2026-10-05,chomps,video,461,17,2,0,False,German,,"Pokédex ep 8
#sammeln #Pokémon #pokemon #collecting #sammelkarten",ef0b1158ebf0a2ddda250742,https://www.tiktok.com/@pkchomps/video/7676778781352267040
pkchomps,2026-08-23,2026-10-05,chomps,video,607,22,4,0,False,German,,"Ewige Rivalen Masterset ep. 42 - Das Beste Opening seid langem! 
#sammelkarten #collecting #pokemon #Pokémon #sammeln",7fa393a0aea7657645b5cddf,https://www.tiktok.com/@pkchomps/video/7677128150723169568
pkchomps,2026-08-24,2026-10-05,chomps,video,2146,74,5,3,False,German,,"Knakrack Dex ep. 25 
#sammeln #Pokémon #pokemon #collecting #sammelkarten",15685b846349a122c2b86e41,https://www.tiktok.com/@pkchomps/video/7677544633282383136
pkchomps,2026-08-25,2026-10-05,chomps,video,452,19,8,0,False,German,,"Jedes Knakrack ep. 26
#sammelkarten #collecting #pokemon #Pokémon #sammeln",67d11838e4721b98415abff1,https://www.tiktok.com/@pkchomps/video/7677994028746542368
pkchomps,2026-08-26,2026-10-05,chomps,video,460,14,3,0,False,German,,"Pokédex ep. 9
#sammeln #Pokémon #pokemon #collecting #sammelkarten",5cd04828d3bb7c2941013ba8,https://www.tiktok.com/@pkchomps/video/7678343449086643489
pkchomps,2026-08-29,2026-10-05,chomps,video,734,26,2,0,False,German,,"Dieser Flohmarkt hat sich gelohnt!
#sammelkarten #collecting #pokemon #Pokémon #sammeln",72a1abb6d899d4332915b4bf,https://www.tiktok.com/@pkchomps/video/7679357382681496865
pkchomps,2026-08-30,2026-10-05,chomps,video,663,34,0,1,False,German,,"Ewige Rivalen Masterset ep 43
#sammeln #Pokémon #pokemon #collecting #sammelkarten",78f9676bec92e11b696d2d0e,https://www.tiktok.com/@pkchomps/video/7679772718052461856
pkchomps,2026-08-31,2026-10-05,chomps,video,701,40,1,1,False,German,,"Knakrack Dex ep. 27
#sammelkarten #collecting #pokemon #sammeln #Pokémon",a192121f79eac4e384f46216,https://www.tiktok.com/@pkchomps/video/7680193464247536929
pkchomps,2026-09-01,2026-10-05,chomps,video,443,26,0,0,False,German,,Erhabene Helden Mini Tins gönnen 💪#Pokémon #sammeln #pokemon #collecting #sammelkarten,0427935bd1acdb85beeaae8e,https://www.tiktok.com/@pkchomps/video/7680573558011022624
pkchomps,2026-09-02,2026-10-05,chomps,video,452,16,1,0,False,German,,"Jedes Produkt Jemals ep. 31 - wachsendes Chaos 3er Blister
#sammelkarten #collecting #pokemon #sammeln #Pokémon",7a7f7bd7671ae93fd4d3ab0a,https://www.tiktok.com/@pkchomps/video/7680933768315587873
pkchomps,2026-09-03,2026-10-05,chomps,video,808,28,22,0,True,German,,"Jedes Produkt Jemals ep 32
#Pokémon #sammeln #pokemon #collecting #sammelkarten",f628bb6443528217bd90729b,https://www.tiktok.com/@pkchomps/video/7681318097474571553
pkchomps,2026-09-04,2026-10-05,chomps,video,729,33,2,0,False,German,,"Jedes Knakrack ep 28 - REGENBOGEN Knakrack 🌈
#sammelkarten #collecting #pokemon #sammeln #Pokémon",a1e6d5eef9b8ba90762c3704,https://www.tiktok.com/@pkchomps/video/7681693123927362849
pkchomps,2026-09-05,2026-10-05,chomps,video,490,24,4,0,False,German,,"Jedes Knakrack ep 29
#Pokémon #sammeln #pokemon #collecting #sammelkarten",ffb37c9f48e39092743deac9,https://www.tiktok.com/@pkchomps/video/7682024227444165920
pkchomps,2026-09-06,2026-10-05,chomps,video,424,26,2,1,False,German,,"Ewige Rivalen Masterset ep 44 - Zum DRITTEM Mal gezogen!
#sammelkarten #collecting #pokemon #sammeln #Pokémon",76fabdc5fbbfa23232f6b9d2,https://www.tiktok.com/@pkchomps/video/7682322028417912097
pkchomps,2026-09-07,2026-10-05,chomps,video,552,24,2,0,False,German,,"Erste Partner Kollektion Serie 2 
#Pokémon #sammeln #pokemon #collecting #sammelkarten",6b40e7289c6aa05d64e209ce,https://www.tiktok.com/@pkchomps/video/7682803280463809825
pkchomps,2026-09-08,2026-10-05,chomps,video,458,24,4,0,False,German,,"Dunkelnacht TTB Hits Only 
#sammelkarten #collecting #pokemon #sammeln #Pokémon",983c0e1f46154c3058a01012,https://www.tiktok.com/@pkchomps/video/7683168666002738465
pkchomps,2026-09-09,2026-10-05,chomps,video,587,27,3,0,False,German,,"Diese Promo gibt es nur auf Englisch 🇬🇧
#Pokémon #sammeln #pokemon #collecting #sammelkarten",8797d9cb3ca564350808b440,https://www.tiktok.com/@pkchomps/video/7683528218145459489
pkchomps,2026-09-10,2026-10-05,chomps,video,648,19,2,0,False,German,,"Auf der Jagt nach der Gen 3
#sammelkarten #collecting #pokemon #sammeln #opening",61b57e9f8227976e265818b9,https://www.tiktok.com/@pkchomps/video/7683904862656007456
pkchomps,2026-09-11,2026-10-05,chomps,video,1185,47,19,0,False,German,,"hot oder Flop 💨
#opening #sammeln #pokemon #collecting #sammelkarten",af4c5fdbb7daf0e6b08d82a6,https://www.tiktok.com/@pkchomps/video/7684270164971359520
pkchomps,2026-09-12,2026-10-05,chomps,video,2067,53,0,0,False,German,,"Jedes Knakrack ep 30 - Turnier Karte ⚔️
#sammelkarten #collecting #pokemon #sammeln #opening",e546755727096038cf41fb24,https://www.tiktok.com/@pkchomps/video/7684568179229625632
pkchomps,2026-09-13,2026-10-05,chomps,video,1814,42,4,1,False,German,,"Ewige Rivalen Masterset ep 45 - only HOTS 🔥
#opening #sammeln #pokemon #collecting #sammelkarten",f2aab3313f292127a25db2da,https://www.tiktok.com/@pkchomps/video/7684965597171453217
pkchomps,2026-09-14,2026-10-05,chomps,video,431,18,11,0,False,German,,"Hot oder Flop 👑
#sammelkarten #collecting #pokemon #sammeln #opening",fa9fdc70ff24425a7db60cf2,https://www.tiktok.com/@pkchomps/video/7685389365605846305
pkchomps,2026-09-15,2026-10-05,chomps,video,595,35,16,2,False,German,,"Hot oder Flop 🐻‍❄️
#opening #sammeln #pokemon #collecting #sammelkarten",95adc5a6af9b2852fe0596f9,https://www.tiktok.com/@pkchomps/video/7685784727776726305
pkchomps,2026-09-16,2026-10-05,chomps,video,460,26,3,0,False,German,,"schwimmendes Knakrack 🏊
#sammelkarten #collecting #pokemon #sammeln #Pokémon",e1187073f60f4715ea196ba1,https://www.tiktok.com/@pkchomps/video/7686141206836808992
pkchomps,2026-09-17,2026-10-05,chomps,video,370,21,4,0,False,German,,"Hot oder Flop 🐧
#Pokémon #sammeln #pokemon #collecting #sammelkarten",6d28f8e2f094eb4a4714d780,https://www.tiktok.com/@pkchomps/video/7686449578018721056
pkchomps,2026-09-18,2026-10-05,chomps,video,468,19,3,0,False,German,,"Hot oder Flop 👑⚔️
#sammelkarten #collecting #pokemon #sammeln #Pokémon",1f82c719bb49b4b5ca093129,https://www.tiktok.com/@pkchomps/video/7686820707417787680
pkchomps,2026-09-19,2026-10-05,chomps,video,1848,67,4,2,False,German,,"Jedes Knakrack - Karte aus 2009 👴
#Pokémon #sammeln #pokemon #collecting #sammelkarten",b69557a9102ab81ecab58cc4,https://www.tiktok.com/@pkchomps/video/7687194114789575968
pkchomps,2026-09-20,2026-10-05,chomps,video,1586,45,0,0,False,German,,"Ewige Rivalen Masterset ep. 46
#sammelkarten #collecting #pokemon #sammeln #Pokémon",567a0ef43b364a5efa76563f,https://www.tiktok.com/@pkchomps/video/7687572802202783009
pkchomps,2026-09-21,2026-10-05,chomps,video,853,52,14,0,False,German,,"Jedes Produkt Jemals - 30 Jahre Pokemon!!
#Pokémon #sammeln #pokemon #collecting #sammelkarten",1968858f5e96e292e7e3ec34,https://www.tiktok.com/@pkchomps/video/7687991872710659361
pkchomps,2026-09-22,2026-10-05,chomps,video,393,20,6,0,False,German,,"Hot oder Flop 🪲
#sammelkarten #collecting #pokemon #sammeln #Pokémon",0ac5aa6549edff6ae8afe5df,https://www.tiktok.com/@pkchomps/video/7688320323946630432
pkchomps,2026-09-24,2026-10-05,chomps,video,704,33,1,0,False,German,,"Mega Glurak X Tin
#Pokémon #sammeln #pokemon #collecting #sammelkarten",514c561ab1d6d1211e69e725,https://www.tiktok.com/@pkchomps/video/7689092327163301153
pkchomps,2026-09-25,2026-10-05,chomps,video,513,33,3,0,False,German,,"Jedes Produkt Jemals ep 34 - 30 Jahre Blister
#sammelkarten #collecting #pokemon #sammeln #Pokémon",040c08938ec3a6834acf144f,https://www.tiktok.com/@pkchomps/video/7689436074644393249
pkchomps,2026-09-26,2026-10-05,chomps,video,400,26,1,0,False,German,,"30 Jahre Pokemon Evoli Blister
#Pokémon #sammeln #pokemon #collecting #sammelkarten",881afb2613f73c17ec363376,https://www.tiktok.com/@pkchomps/video/7689742509773229344
pkchomps,2026-09-28,2026-10-05,chomps,video,1496,61,0,0,False,German,,"1000 Follower 🔥 - Danke 🔥🔥
#Pokémon #sammeln #pokemon #collecting #sammelkarten",d7f879a4ecd4858cd1801ca2,https://www.tiktok.com/@pkchomps/video/7690564606716103969
pkchomps,2026-09-29,2026-10-05,chomps,video,933,29,4,1,False,German,,"Jedes Produkt Jemals ep. 35 - 30 Jahre TTB Hits Only 🔥 
#sammelkarten #collecting #pokemon #sammeln #Pokémon",2e92027322e596f0c3903f6f,https://www.tiktok.com/@pkchomps/video/7690959636001836320
pkchomps,2026-09-30,2026-10-05,chomps,video,598,25,0,1,False,German,,"Erste Partner Kollektion Serie 3 🔥 
#Pokémon #sammeln #pokemon #collecting #sammelkarten",acdcfc96cd54267f5a349e66,https://www.tiktok.com/@pkchomps/video/7691323229343960352
pkchomps,2026-10-03,2026-10-05,chomps,video,1913,43,17,1,False,German,,"30 Jahre Masterset - Dieses Palkia verfolgt mich 😂😂
#sammelkarten #collecting #pokemon #sammeln #Pokémon",f85f9e6969b2dff583ec3b43,https://www.tiktok.com/@pkchomps/video/7692397985719668001
pkchomps,2026-10-04,2026-10-05,chomps,video,987,46,3,2,False,German,,"Endlich eine neue SIR 🔥
#Pokémon #sammeln #pokemon #collecting #sammelkarten",59192b3832e49797c8d53d84,https://www.tiktok.com/@pkchomps/video/7692781301417397536
pkchomps,2026-10-05,2026-10-05,chomps,video,364,17,1,0,False,German,,"Insaner Hit 🔥 - Jedes Produkt Jemals ep. 36 - 30 Jahre Poster Kollektion 
#sammelkarten #collecting #pokemon #sammeln #Pokémon",74baad5e4eb1be301cffb8ca,https://www.tiktok.com/@pkchomps/video/7693147150707854624
sandrosir,2026-08-06,2026-10-05,sandrosir,video,4185,185,18,3,False,German,,"Ich gebe niemals auf 🔥🔥🔥🔥🔥

#pokemon #PokemonTCG #PokemonCommunity #pokemonpulls #pokemontiktok",cc7d34c383484544f30c3f00,https://www.tiktok.com/@sandrosir/video/7671046222538345760
sandrosir,2026-08-06,2026-10-05,sandrosir,video,1985,82,5,2,False,German,,"Und wir haben wieder jemand gefunden der sich unserer Herausforderung stellt 🔥

@MalagaMax 

#pokemon #PokemonTCG #PokemonCommunity #pokemonpulls #pokemontiktok",9d2685c960835bf699795b1d,https://www.tiktok.com/@sandrosir/video/7670990758890982689
sandrosir,2026-08-07,2026-10-05,sandrosir,video,3014,178,71,8,False,German,,"Antwort auf @Portuges Bob🇵🇹🇵🇹 was ist so schlimm ein Kind zu sein ???

#pokemon #PokemonTCG #PokemonCommunity #pokemonpulls #pokemontiktok",7cf5311a157863d6bbed9898,https://www.tiktok.com/@sandrosir/video/7671414221397118241
sandrosir,2026-08-07,2026-10-05,sandrosir,video,34800,231,26,4,True,German,,"Wir wollen ray ray !!!! 
#pokemon #PokemonTCG #PokemonCommunity #pokemonpulls #pokemontiktok",186310e98f73b536ac7527a5,https://www.tiktok.com/@sandrosir/video/7671334274653523233
sandrosir,2026-08-07,2026-10-05,sandrosir,video,43100,739,627,61,True,German,,"🎉 Verlosung  – Erste Partnerserie 3 🎉

Ich verlose 1x Erste Partnerserie 3! 🥳

So nimmst du teil:
✅ Folge meinem Account
❤️ Like dieses Video
💬 Hinterlasse einen Kommentar
🔄 Gerne reposten und teilen, keine Teilnahmevoraussetzung)

📅 Teilnahmeschluss: In 7 Tagen ab Veröffentlichung dieses Videos. Der Glückliche wird anschließend per Zufallsprinzip ausgelost und über TikTok kontaktiert.

Teilnahmebedingungen:
• Teilnahme ab 18 Jahren oder mit Einverständnis der Erziehungsberechtigten.
• Versand innerhalb Deutschlands.
• Kein Kauf erforderlich.
• Diese Verlosung steht in keiner Verbindung zu TikTok und wird weder von TikTok gesponsert, unterstützt noch organisiert.
• Der Rechtsweg ist ausgeschlossen.
• Eine Barauszahlung oder ein Umtausch des FirstPartners ist ausgeschlossen.

#Pokemon #PokemonTCG #firstpartner #PokemonCommunity #pokemonpulls",175700ff26ac85fe79595779,https://www.tiktok.com/@sandrosir/video/7671285788679752993
sandrosir,2026-08-07,2026-10-05,sandrosir,video,3588,227,29,14,False,English/other,,"So geil 😍😍😍😍

#pokemon #PokemonTCG #PokemonCommunity #pokemonpulls #pokemontiktok",f00c1c2a17fd8abf691f9577,https://www.tiktok.com/@sandrosir/video/7671271051543711008
sandrosir,2026-08-07,2026-10-05,sandrosir,video,4466,190,47,3,False,German,,"Ich liebe das neue Set was habt ihr heute bekommen? 

#pokemon #PokemonTCG #PokemonCommunity #pokemonpulls #pokemontiktok",cc075c3679baa3afc8769211,https://www.tiktok.com/@sandrosir/video/7671235807415487777
sandrosir,2026-08-08,2026-10-05,sandrosir,video,22800,357,72,73,True,German,,"Bitte passt auf Leute… 

#PokemonCommunity #PokemonTCG #pokemon #pokemontiktok #pokemonpulls",cd77305560c77a619a10a8d2,https://www.tiktok.com/@sandrosir/video/7671694615719726369
sandrosir,2026-08-08,2026-10-05,sandrosir,video,9802,775,36,432,True,hashtags only,,"#CapCut wer kennts hahahha 

#pokemon #PokemonTCG #PokemonCommunity #godpack",5d5d81bcb2fa99ae128522d3,https://www.tiktok.com/@sandrosir/video/7671659035275414817
sandrosir,2026-08-08,2026-10-05,sandrosir,video,9306,297,88,25,False,English/other,,"Es wird immer wilder des is alles so bodenlos 😳

#pokemon #PokemonTCG #PokemonCommunity #godpack #pokemontiktok",179aed676ea04c68a8c45b66,https://www.tiktok.com/@sandrosir/video/7671631271545589025
sandrosir,2026-08-08,2026-10-05,sandrosir,video,2577,143,7,0,False,German,,"Lasst uns noch eine Rippen ❤️😍

#pokemon #PokemonTCG #PokemonCommunity #godpack #pokemontiktok",5018f6ac8cd0bcdbb2f4ace6,https://www.tiktok.com/@sandrosir/video/7671593799025462561
sandrosir,2026-08-08,2026-10-05,sandrosir,video,3522,182,18,6,False,German,,"Pokemon holt einfach so schöne Emotionen vor das ist absolut toll ❤️

#pokemon #PokemonTCG #PokemonCommunity #godpack #pokemontiktok",b1e7e28cb0ccc56029f76e50,https://www.tiktok.com/@sandrosir/video/7671580074252061985
sandrosir,2026-08-09,2026-10-05,sandrosir,video,3477,162,30,1,False,English/other,,"Endlich iss Se da 😍😍

#PokemonCommunity #PokemonTCG #pokemon #pokemontiktok #pokemonpulls",34590ccc081c867239eb06ca,https://www.tiktok.com/@sandrosir/video/7672134564487154977
sandrosir,2026-08-09,2026-10-05,sandrosir,video,8439,655,461,37,True,German,,"🎁 RIESIGE COMMUNITY-VERLOSUNG! 🎁 

Gemeinsam mit ChaseThemCards hauen wir richtig was raus! 🔥

Es gibt mehrere Plätze und jede Menge Pokémon-Produkte zu holen – unter anderem Dreier-Blister, Top-Trainer-Boxen und vieles mehr! 😍🔥

So seid ihr dabei:
👉 Folgt @sandromon7
👉 Folgt @chasethemcards 

Das war’s! ❤️

📅 Teilnahmeschluss: 23.08.2026 23:59 Uhr
Die Auslosung erfolgt anschließend zufällig unter allen gültigen Teilnahmen im Live.

Teilnahmebedingungen:
Teilnahmeberechtigt sind Personen mit Wohnsitz in Deutschland ab 18 Jahren. Die Teilnahme ist kostenlos und nicht an einen Kauf gebunden. Pro Person ist eine Teilnahme möglich. Die Gewinner werden nach Ende der Aktion zufällig ermittelt und ausschließlich über meinen offiziellen Account kontaktiert. Meldet sich ein Gewinner nicht innerhalb von 7 Tagen nach Benachrichtigung, kann neu ausgelost werden. Eine Barauszahlung, Übertragung oder ein Umtausch der Preise ist ausgeschlossen. Der Rechtsweg ist ausgeschlossen, soweit gesetzlich zulässig.

Diese Aktion steht in keiner Verbindung zu TikTok, Instagram oder Meta und wird von diesen weder gesponsert, unterstützt noch organisiert. Ansprechpartner und Veranstalter der Aktion ist ausschließlich SandroSIR / @sandromon7.

⚠️ Wichtig: Achtet auf Fake-Accounts.

Werbung | Die Preise werden von ChaseThemCards zur Verfügung gestellt.

#PokemonCommunity #PokemonTCG #pokemon #pokemontiktok #pokemonpulls",baf1c820272d2e6d10a6dc78,https://www.tiktok.com/@sandrosir/video/7672070017269140769
sandrosir,2026-08-09,2026-10-05,sandrosir,video,2147,151,30,0,False,English/other,,"Ahhh Froxyyyyy 😍

#PokemonCommunity #PokemonTCG #pokemon #pokemontiktok #pokemonpulls",b26534f3999dc7b00d5cc535,https://www.tiktok.com/@sandrosir/video/7672060531603148065
sandrosir,2026-08-09,2026-10-05,sandrosir,video,3416,131,15,3,False,German,,"Restock und auf gehrs 🙌🏻 wer kennt es noch ? 😅

#pokemon #pokemonkarten #pokemoncommunity #pokemoncenter #pokemonrestocks",8ac6a7fcbdeee280a4148d85,https://www.tiktok.com/@sandrosir/video/7672018666153692449
sandrosir,2026-08-09,2026-10-05,sandrosir,video,2746,104,16,0,False,German,,"Die hintrate Najjjaaa Part 2🙌🔥

#PokemonCommunity #PokemonTCG #pokemon #pokemontiktok #pokemonpulls",97417b57423ed15c2ecb2a27,https://www.tiktok.com/@sandrosir/video/7671968200598228257
sandrosir,2026-08-10,2026-10-05,sandrosir,video,21900,412,108,115,True,German,,"Morgen um 10 Uhr 🔥🔥

#pokemon #pokemontcg #30jahrepokemon #pokemonpulls #pokemonkarten",c0695b0dea2320f503e0bad8,https://www.tiktok.com/@sandrosir/video/7672552589485002016
sandrosir,2026-08-10,2026-10-05,sandrosir,video,7538,291,53,5,False,German,,"Spoiler es war nicht die letze… 

#pokemon #pokemontcg #pokemonkarten #pokemonpulls #erhabenehelden",4d3154bd083cbb6d16c83f5d,https://www.tiktok.com/@sandrosir/video/7672511277524208928
sandrosir,2026-08-10,2026-10-05,sandrosir,video,6985,567,469,19,True,German,,"🎁 FIRST PARTNER – SERIE 3! 🎁

Die nächste Runde ist am Start! 🔥
Diesmal wartet eine Pokémon First Partner – Serie 3 Kollektion auf eine Person aus der Community! 🫶🏻⚡️

So seid ihr dabei:

✅ Meinem TikTok-Kanal folgen
❤️ Dieses Video liken
💬 Einen Kommentar unter dem Video hinterlassen

📅 Teilnahmeschluss: Freitag, 23:59 Uhr

Die Auswahl erfolgt nach Ablauf der Teilnahmefrist unter allen gültigen Teilnahmen. Die ausgewählte Person wird ausschließlich über meinen offiziellen Account kontaktiert.

Teilnahme ab 18 Jahren oder mit Zustimmung der Erziehungsberechtigten. Versand innerhalb Deutschlands. Keine Barauszahlung oder Übertragung des Sachpreises. Der Rechtsweg ist ausgeschlossen.

Diese Aktion steht in keiner Verbindung zu TikTok und wird weder von TikTok gesponsert, unterstützt noch organisiert. TikTok ist nicht Ansprechpartner dieser Aktion. Es gelten zusätzlich die jeweiligen Plattformrichtlinien.

⚠️ Vorsicht vor Fake-Accounts

Viel Spaß & viel Erfolg! 🍀🔥

#pokemon #pokemontcg #pokemonkarten #firstpartner #tcg",175b3564698aa6010ef4f830,https://www.tiktok.com/@sandrosir/video/7672417038794607904
sandrosir,2026-08-10,2026-10-05,sandrosir,video,2282,97,4,4,False,German,,"Endlich hab ich es geschafft ❤️

#pokemon #PokemonTCG #PokemonCommunity #pokemonpulls #pokemontiktok",519588e529bf152195ddef99,https://www.tiktok.com/@sandrosir/video/7672389244790246688
sandrosir,2026-08-10,2026-10-05,sandrosir,video,3911,204,33,3,False,hashtags only,,"Geile Packs Packs Packs Packs 

#pokemon #PokemonTCG #PokemonCommunity #pokemonpulls #pokemontiktok",3236126766f42a6886a0698f,https://www.tiktok.com/@sandrosir/video/7672338399310744865
sandrosir,2026-08-11,2026-10-05,sandrosir,video,5838,137,68,6,False,German,,"Was geht zurzeit wieder ab online solche Angebote sind echt der Wahnsinn 😍

#pokemon #pokemontcg #30jahrepokemon #pokemonpulls #pokemonkarten",964c5349684704ea9aa04cf9,https://www.tiktok.com/@sandrosir/video/7672893536559303968
sandrosir,2026-08-11,2026-10-05,sandrosir,video,5327,105,69,23,False,German,,Absolut verrückt kannste kein erzählen 😂. #pokemon #pokemontcg #30jahrepokemon #pokemonpulls #pokemonkarten,c5b8b8295218429814b95ca3,https://www.tiktok.com/@sandrosir/video/7672846392011853088
sandrosir,2026-08-11,2026-10-05,sandrosir,video,2175,91,12,2,False,German,,"Part 3 meine lieben Freunde 🔥

#pokemon #pokemontcg #30jahrepokemon #pokemonpulls #pokemonkarten",d9f7f7af44bd3b01d76b040e,https://www.tiktok.com/@sandrosir/video/7672792931312405792
sandrosir,2026-08-11,2026-10-05,sandrosir,video,14900,167,86,10,False,German,,"Feenturm könnt ihr ab 15 Uhr gleich vorbestellen 

#pokemon #pokemontcg #30jahrepokemon #pokemonpulls #pokemonkarten",749fc0a7a25e9bcc9d5a8570,https://www.tiktok.com/@sandrosir/video/7672749796209298721
sandrosir,2026-08-11,2026-10-05,sandrosir,video,3259,114,15,3,False,German,,"Und Zack war Se weg 😳

#pokemon #pokemontcg #30jahrepokemon #pokemonpulls #pokemonkarten",d14ebbe53f33bc9b8b53f530,https://www.tiktok.com/@sandrosir/video/7672743041857228064
sandrosir,2026-08-11,2026-10-05,sandrosir,video,27400,406,84,178,True,German,,Heute um 15 Uhr also macht euch alle Ready #pokemon #pokemontcg #30jahrepokemon #pokemonpulls #pokemonkarten,5a810cc2f0f1ff854128683b,https://www.tiktok.com/@sandrosir/video/7672693130163932448
sandrosir,2026-08-12,2026-10-05,sandrosir,video,9067,161,68,58,False,German,,"Passt auf mit virtuellen Karten 

#pokemon #PokemonTCG #PokemonCommunity #pokemoncenter #pokemonpulls",8938864ff52543530a6600d5,https://www.tiktok.com/@sandrosir/video/7673181123878391073
sandrosir,2026-08-12,2026-10-05,sandrosir,video,3849,143,10,12,False,German,,"Glückwunsch mein Freund @Göks 🔥🔥

#pokemon #PokemonTCG #PokemonCommunity #pokemonpulls #pokemontiktok",fa02940ff73c8588e407fff3,https://www.tiktok.com/@sandrosir/video/7673160184906239264
sandrosir,2026-08-12,2026-10-05,sandrosir,video,3906,196,49,5,False,German,,"Warum bin ich so schwach 🥹🥹🥹🥹🥹

#pokemon #pokemontcg #erhabenehelden #pokemonpulls #pokemonkarten",4758ed2859422692ae283327,https://www.tiktok.com/@sandrosir/video/7673099895217163552
sandrosir,2026-08-13,2026-10-05,sandrosir,video,1492,97,14,6,False,German,,"Wer kennt es nicht ❤️❤️

#PokemonCommunity #PokemonTCG #pokemon #pokemontiktok #pokemonpulls",061827b8cad57c8c56bf1d50,https://www.tiktok.com/@sandrosir/video/7673589482616098081
sandrosir,2026-08-13,2026-10-05,sandrosir,video,4762,201,65,11,False,German,,"Ich hoffe so das die Preise gleich bleiben….. 🥹

#pokemon #PokemonTCG #PokemonCommunity #pokemonpulls #pokemontiktok",eee74d59812189163bb99ee3,https://www.tiktok.com/@sandrosir/video/7673530533611162913
sandrosir,2026-08-13,2026-10-05,sandrosir,video,2981,133,30,1,False,English/other,,"Endlich is alles voll 🫶

#pokemon #PokemonTCG #PokemonCommunity #pokemoncenter #pokemonpulls",0d1a922950cb5b0207f25953,https://www.tiktok.com/@sandrosir/video/7673461854970088736
sandrosir,2026-08-14,2026-10-05,sandrosir,video,1441,50,6,1,False,German,,"Antwort auf @Marvin wer keine Ware bekommt oder überteuert kann auch Nix verkaufen ….
#PokemonCommunity #PokemonTCG #pokemon #pokemontiktok #pokemonpulls",0c329dad44730606ca9038c1,https://www.tiktok.com/@sandrosir/video/7673890403262663968
sandrosir,2026-08-14,2026-10-05,sandrosir,video,2548,116,23,10,False,German,,"Interesse dann schreib uns eine Mail:

sponsoring@sandrosir.de

Wir freuen uns 🔥

#PokemonCommunity #PokemonTCG #pokemon #pokemontiktok #pokemonpulls",3e4cd304d24da79ce428bc8e,https://www.tiktok.com/@sandrosir/video/7673842429828648224
sandrosir,2026-08-14,2026-10-05,sandrosir,video,2453,102,14,0,False,German,,"Ich mach’s noch solange auf bis ich das 4te habe 🔥

#PokemonCommunity #PokemonTCG #pokemon #pokemontiktok #godpack",00fbf86c743fc75420a45ec6,https://www.tiktok.com/@sandrosir/video/7673826144939937056
sandrosir,2026-08-15,2026-10-05,sandrosir,video,11100,376,55,19,False,German,,Ich bin schwach #PokemonCommunity #PokemonTCG #pokemon #30jahrepokemon #pokemontiktok,7c28ed94b5dcdfc274bdda47,https://www.tiktok.com/@sandrosir/video/7674315849452293409
sandrosir,2026-08-15,2026-10-05,sandrosir,video,1568,59,8,2,False,German,,"Folgen bewerben und dabei sein ❤️

#PokemonCommunity #PokemonTCG #pokemon #pokemonfan #30jahrepokemon",38380fc68ddd562885151d1d,https://www.tiktok.com/@sandrosir/video/7674243184242822432
sandrosir,2026-08-15,2026-10-05,sandrosir,video,11900,222,14,99,True,German,,"Aufpassen Leute 🟥

#PokemonCommunity #PokemonTCG #pokemon #pokemontiktok #30jahrepokemon",1a7730d3b55b774893269fc3,https://www.tiktok.com/@sandrosir/video/7674205955696971041
sandrosir,2026-08-15,2026-10-05,sandrosir,video,22600,689,52,169,True,German,,"UPC is coming 🥹

#PokemonCommunity #PokemonTCG #pokemon #pokemontiktok #30jahrepokemon",6ac7ca148a367ca530ee7abc,https://www.tiktok.com/@sandrosir/video/7674177540134636833
sandrosir,2026-08-16,2026-10-05,sandrosir,video,7835,496,321,28,True,German,,"🎁 RIESIGE COMMUNITY-VERLOSUNG! 🎁

Zusammen mit @chasethemcards hauen wir richtig einen raus! 🔥😍

Es gibt MEHRERE Gewinner und jede Menge Pokémon-Produkte zu holen! 🥳
Von Dreier-Blistern über Top-Trainer-Boxen bis hin zu vielen weiteren Überraschungen! 🔥

So seid ihr dabei:
❤️ Folgt @sandromon7
❤️ Folgt @ChaseThemCards

Mehr müsst ihr nicht machen! 🫶

📅 Teilnahmeschluss: 23.08.2026 um 23:59 Uhr
Danach werden die Gewinner zufällig unter allen gültigen Teilnahmen ausgelost und über meinen offiziellen Account kontaktiert.

Teilnahmebedingungen:
Teilnahmeberechtigt sind Personen ab 18 Jahren mit Wohnsitz in Deutschland. Die Teilnahme ist kostenlos und nicht an einen Kauf gebunden. Pro Person ist eine Teilnahme möglich. Eine Barauszahlung, Übertragung oder ein Umtausch der Preise ist ausgeschlossen. Meldet sich ein Gewinner nicht innerhalb von 7 Tagen nach Benachrichtigung, kann der entsprechende Preis neu ausgelost werden. Der Rechtsweg ist ausgeschlossen, soweit gesetzlich zulässig.

Diese Aktion steht in keiner Verbindung zu Instagram oder Meta und wird von Instagram/Meta weder gesponsert, unterstützt noch organisiert. Ansprechpartner und Veranstalter ist SandroSIR / @sandromon7.

⚠️ ACHTUNG VOR FAKE-ACCOUNTS

Werbung | Die Preise für diese Verlosung wurden von @ChaseThemCards zur Verfügung gestellt. ❤️

Viel Glück euch allen! 🍀🔥

#pokemon #pokemontcg #pokemonkarten #pokemoncommunity #tcg",09b2c43c07f798c7ff3f5f6a,https://www.tiktok.com/@sandrosir/video/7674669815067397408
sandrosir,2026-08-16,2026-10-05,sandrosir,video,90100,491,381,27,True,German,,"🎁 ERSTE PARTNERSERIE 3 – COMMUNITY-AKTION 🎁

Ich gebe 1x Erste Partnerserie 3 an jemanden aus der Community weiter! 🔥⚡

So bist du dabei:
✅ Meinem Account folgen
❤️ Video liken
💬 Kommentar dalassen
🔖 Video speichern
🔄 Gerne reposten (freiwillig)

📅 Teilnahmeschluss: Heute
🎲 Die Auswahl erfolgt anschließend per Zufallsprinzip.

Teilnahmebedingungen:
• Teilnahme ab 18 Jahren oder mit Zustimmung der Erziehungsberechtigten.
• Versand innerhalb Deutschlands.
• Kein Kauf erforderlich.
• Mehrfachkommentare erhöhen die Chance nicht.
• Keine Barauszahlung oder Übertragung des Produkts.
• Der Rechtsweg ist ausgeschlossen.
• Diese Aktion steht in keiner Verbindung zu TikTok und wird weder von TikTok gesponsert, unterstützt noch organisiert.
• Die ausgewählte Person wird anschließend über TikTok kontaktiert.

Viel Glück! 🍀🔥

#PokemonTCG #PokemonKarten #PokemonDeutschland #pokemoncommunity #Pokemon",a9c9a5f7379716b9685e6880,https://www.tiktok.com/@sandrosir/video/7674611830169357600
sandrosir,2026-08-16,2026-10-05,sandrosir,video,5003,235,26,37,False,German,,"Passiert mir immer … 

#PokemonCommunity #PokemonTCG #pokemon #30jahrepokemon #pokemontiktok",eb44612bc6c91e456c632f5d,https://www.tiktok.com/@sandrosir/video/7674585868803362081
sandrosir,2026-08-17,2026-10-05,sandrosir,video,6280,138,25,26,False,German,,"Info von @TCG Alerts 

#pokemon #pokemontcg #pokemonkarten #pokemoncommunity #pokemoncenter",7399b593e017daf211e6de1e,https://www.tiktok.com/@sandrosir/video/7675114526810967329
sandrosir,2026-08-17,2026-10-05,sandrosir,video,16100,256,63,103,True,German,,"Sowas verrücktes 

#pokemon #pokemontcg #pokemonkarten #pokemoncommunity #pokemoncenter",d063b8cb62c4d56f87de0743,https://www.tiktok.com/@sandrosir/video/7675033905551920416
sandrosir,2026-08-17,2026-10-05,sandrosir,video,3156,83,7,0,False,German,,"Q is offen 🔥

#pokemon #pokemontcg #pokemonkarten #pokemoncommunity #pokemoncenter",97c3dd6cfc9ec65a28e38f3a,https://www.tiktok.com/@sandrosir/video/7675027532625808673
sandrosir,2026-08-17,2026-10-05,sandrosir,video,10300,246,28,127,True,German,,"Absolut heftig 

#pokemon #pokemontcg #pokemonkarten #pokemoncommunity #pokemonkartenöffnen",6735f2147cc2f0b024b5e547,https://www.tiktok.com/@sandrosir/video/7674988828494417185
sandrosir,2026-08-17,2026-10-05,sandrosir,video,3865,121,6,1,False,German,,"Wer weiß wie viele Leute noch das sammeln anfangen 😳

#pokemon #pokemontcg #pokemonkarten #pokemoncommunity #tcg",6f99c12023463a65096dc333,https://www.tiktok.com/@sandrosir/video/7674967600870231328
sandrosir,2026-08-17,2026-10-05,sandrosir,video,3870,103,30,20,False,German,,"Wirklich nur Usa only so sie die HeavyHitters 🔥

#pokemon #pokemonkarten #pokemoncommunity #pokemoncenter #pokemonrestocks",c60de1a95bf54a0753896d99,https://www.tiktok.com/@sandrosir/video/7674945375429528865
sandrosir,2026-08-18,2026-10-05,sandrosir,video,19100,475,83,286,True,German,,"#greenscreen Info von @TCG Alerts Discord 

#pokemon #pokemonkarten #pokemoncommunity #pokemonrestock",994fdf29d3183825906a6364,https://www.tiktok.com/@sandrosir/video/7675393572815834401
sandrosir,2026-08-18,2026-10-05,sandrosir,video,8816,169,23,45,False,German,,"#greenscreen Info von @TCG Alerts Discord schaut euch mal um 

#pokemon #pokemonkarten #pokemoncommunity #pokemonrestock",29b1550baa3e5d77d1fe89eb,https://www.tiktok.com/@sandrosir/video/7675385892042722593
sandrosir,2026-08-18,2026-10-05,sandrosir,video,2292,107,14,2,False,German,,"Flugzeug Opening 🔥🔥

#pokemon #pokemonkarten #pokemoncommunity #pokemoncenter #pokemontcg",4dec1684a8a890c99b20c7c7,https://www.tiktok.com/@sandrosir/video/7675310392842784033
sandrosir,2026-08-18,2026-10-05,sandrosir,video,20100,478,64,202,True,German,,"Das Mew is einfach Absicht ? 😳😳

#mew #pokemon #pokemonkarten #pokemoncommunity #pokemoncenter",41d96433d190055874dd561e,https://www.tiktok.com/@sandrosir/video/7675254362880462113
sandrosir,2026-08-19,2026-10-05,sandrosir,video,7338,299,48,4,False,German,,"Diesmal SIR 

#pokemon #pokemonkarten #pokemoncommunity #pokemontiktok #pokemontcg",02254c948b822710f33450f5,https://www.tiktok.com/@sandrosir/video/7675788579326463265
sandrosir,2026-08-19,2026-10-05,sandrosir,video,4138,130,28,5,False,German,,"Antwort auf @ShadowMew ich hoffe ich hab mich jetzt genug informiert 🤓

#pokemon #pokemonkarten #pokemoncommunity #pokemontiktok #pokemoncenter",f4814f072691697b06536d6e,https://www.tiktok.com/@sandrosir/video/7675751625197178144
sandrosir,2026-08-19,2026-10-05,sandrosir,video,1652,76,18,2,False,German,,"Lieber @Phapse.tcg ich hoffe ich kann dir damit eine Freude machen und ich hoffe irgendwann kannst du in die Vergangenheit reisen ❤️

#pokemon #pokemoncommunity #pokemontiktok #pokemonkarten #pokemonrestock",7a72e4c3bcd3542a016037c8,https://www.tiktok.com/@sandrosir/video/7675726102886649121
sandrosir,2026-08-19,2026-10-05,sandrosir,video,1155,60,6,0,False,German,,"Einfach in die Bio 🔥

#pokemon #pokemoncommunity #pokemontiktok",61798f815d8c71594777aa1f,https://www.tiktok.com/@sandrosir/video/7675717503510760736
sandrosir,2026-08-19,2026-10-05,sandrosir,video,3896,142,16,7,False,German,,"@card.game.store.pirk 

Müsst ihr mal vorbei schauen 🔥

#pokemon #pokemonkarten #pokemoncommunity #pokemonrestock",f7cbcae71dd2859651dfa8c4,https://www.tiktok.com/@sandrosir/video/7675677273227414816
sandrosir,2026-08-20,2026-10-05,sandrosir,video,32100,810,101,601,True,German,,"Erste Bilder von Aufsteller Rossmann

#pokemon #pokemonkarten #pokemoncommunity #pokemonrestock #pokemonpulls",4391b47f2ce2a97007ca64f3,https://www.tiktok.com/@sandrosir/video/7676182121806892321
sandrosir,2026-08-20,2026-10-05,sandrosir,video,58000,1217,66,1035,True,German,,"Info von @TCG Alerts Augen auf bei Rossmann 

#pokemon #pokemonkarten #pokemoncommunity #pokemonrestock #pokemonpulls",45c01540646bb3434f71874c,https://www.tiktok.com/@sandrosir/video/7676164260740779297
sandrosir,2026-08-20,2026-10-05,sandrosir,video,2924,101,15,8,False,German,,"Heute mal durch Ibiza Steppen 🔥

#ibiza #pokemon #pokemonkarten #pokemoncommunity #pokemontiktok",79905aba0e1072797017fabd,https://www.tiktok.com/@sandrosir/video/7676147131027180833
sandrosir,2026-08-20,2026-10-05,sandrosir,video,32100,1223,140,464,True,German,,"Ich freu mich so hart bei den Pullrates ❤️

#pokemon #pokemonkarten #pokemoncommunity #pokemontiktok #30jahrepokemon",43fcec707ef932e3b5454f34,https://www.tiktok.com/@sandrosir/video/7676082492578778400
sandrosir,2026-08-20,2026-10-05,sandrosir,video,8045,205,26,9,False,German,,"@card.game.store.pirk und beim @Müller Deutschland richtig nice ausbeute 😍

#pokemon #pokemonkarten #pokemoncommunity #pokemontiktok #pokemontcg",6a5e7af238d5330a872c11eb,https://www.tiktok.com/@sandrosir/video/7676036192093195553
sandrosir,2026-08-21,2026-10-05,sandrosir,video,2650,110,11,1,False,German,,"Fands einfach nice 🔥

#pokemon #pokemonkarten #pokemoncommunity #pokemontcg #pokemontiktok",352617e8a9452b1e10c327de,https://www.tiktok.com/@sandrosir/video/7676575532636474656
sandrosir,2026-08-21,2026-10-05,sandrosir,video,3801,229,18,19,False,German,,"Der wird aufjedenfall wieder 😂

#pokemon #pokemonkarten #pokemoncommunity #pokemontcg #pokemontiktok",449e01fa23746cc25eff4bdb,https://www.tiktok.com/@sandrosir/video/7676503402779561249
sandrosir,2026-08-21,2026-10-05,sandrosir,video,2505,89,16,4,False,German,,"Eine hab ich noch 😍

#pokemon #pokemonkarten #pokemoncommunity #pokemonrestock #pokemonpulls",2b4a3ba424ea71fe52ea1151,https://www.tiktok.com/@sandrosir/video/7676423929640144161
sandrosir,2026-08-22,2026-10-05,sandrosir,video,32600,136,35,10,True,German,,"Antwort auf @Federico Vanore danke aber ich brauch keine Hilfe das sieht man in dem Video denk ich deutlich… 

#pokemon #pokemonkarten #pokemoncommunity #pokemontiktok #PokemonTCG",c0d305ee20e8fbf7eb4411c6,https://www.tiktok.com/@sandrosir/video/7676907775154212129
sandrosir,2026-08-22,2026-10-05,sandrosir,video,2790,137,23,5,False,German,,"Ich hör Stimmen…. 

#pokemon #pokemonkarten #pokemoncommunity #pokemontcg #pokemontiktok",ec1b68f18d33392e8caa8be1,https://www.tiktok.com/@sandrosir/video/7676811712976276769
sandrosir,2026-08-23,2026-10-05,sandrosir,video,5219,149,33,18,False,German,,"Roßmann wird spannend nächste Woche 🔥

#pokemon #pokemontcg #pokemonkarten #pokemonfan #pokemoncommunity",18ad49f712294227491dd58f,https://www.tiktok.com/@sandrosir/video/7677323450653936928
sandrosir,2026-08-23,2026-10-05,sandrosir,video,7573,152,16,17,False,German,,"Niemals einzelpacks kaufen !!

#pokemon #pokemontcg #pokemonkarten #pokemonfan #pokemoncommunity",8b3d3aa035549cebe92ae464,https://www.tiktok.com/@sandrosir/video/7677260413800664352
sandrosir,2026-08-23,2026-10-05,sandrosir,video,5673,189,37,4,False,German,,"PC Box ist verflucht…. 

#pokemon #pokemonkarten #pokemoncommunity #pokemontcg #pokemontiktok",4b55ae3977e4e44c20b3b401,https://www.tiktok.com/@sandrosir/video/7677146477667355936
sandrosir,2026-08-24,2026-10-05,sandrosir,video,3216,70,33,15,False,German,,"Also die Flamara Schuhe sind richtig nice 😍

#pokemon #pokemonkarten #pokemoncommunity #pokemontiktok #pokemontcg",7119ffe6c105057c30ad3bba,https://www.tiktok.com/@sandrosir/video/7677672445662219552
sandrosir,2026-08-24,2026-10-05,sandrosir,video,3255,146,48,16,False,German,,"Antwort auf @dominikhofmann39 glaub man sieht hier deutlich mein lieber das ich auch noch andere Interessen habe oder ??? 

#pokemon #pokemonkarten #pokemoncommunity #pokemontiktok #pokemontcg",88895f24aed9ebc189c312a3,https://www.tiktok.com/@sandrosir/video/7677628633153948961
sandrosir,2026-08-24,2026-10-05,sandrosir,video,8423,203,42,55,False,German,,"Absolut verrückt Drachenwandel 😳

#Pokemon #PokemonTCG #pokemontcg #pokemonkarten #pokemoncommunity",18011d3196d9c31c0dc518a2,https://www.tiktok.com/@sandrosir/video/7677567618483572001
sandrosir,2026-08-24,2026-10-05,sandrosir,image-slideshow,2192,93,10,3,False,German,,"Pokémon ist mittlerweile irgendwie überall mit dabei. 😂❤️

Heute mal keine Restocks, keine News und kein klassisches Opening sondern ein paar Eindrücke aus Ibiza. 🌴☀️

Und natürlich durfte ein Booster trotzdem nicht fehlen. 😂

📍 Ibiza / Eivissa

#Pokemon #PokemonTCG #Ibiza #SandroSIR #OnTour",f19e1d7b7120c1c6cb2d386b,https://www.tiktok.com/@sandrosir/video/7677537086718676257
sandrosir,2026-08-25,2026-10-05,sandrosir,video,6337,207,52,7,False,German,,"Rossmann Tour Aufsteller ❤️

#pokemon #pokemonkarten #pokemoncommunity #pokemontiktok #pokemontcg",904c41ca531eef152430d484,https://www.tiktok.com/@sandrosir/video/7677984481122340129
sandrosir,2026-08-25,2026-10-05,sandrosir,video,21800,642,71,436,True,German,,"Also erstmal TTB und zweier Blister 🔥

Wie ist eure Meinung dazu? 

#pokemon #pokemonkarten #pokemoncommunity #pokemontiktok #pokemontcg",9536d99c9f57354f39fe8165,https://www.tiktok.com/@sandrosir/video/7677905034993995041
sandrosir,2026-08-25,2026-10-05,sandrosir,video,1328,58,10,2,False,German,,"Is schon nice das Ding 

#pokemon #pokemonkarten #pokemoncommunity #pokemontiktok #pokemontcg",c06eddd7a8cabb0f85f0f761,https://www.tiktok.com/@sandrosir/video/7677899847386565921
sandrosir,2026-08-26,2026-10-05,sandrosir,video,25800,537,460,71,True,German,,"🎉 30 JAHRE BINDER COLLECTION – VERLOSUNG! 🎉

Als Dankeschön an meine Community gibt’s wieder etwas Besonderes! ❤️🔥

So seid ihr dabei:
🔥 @SandroSIR folgen
❤️ Video liken
💬 Kommentieren
🔖 Video speichern
🔄 Gerne reposten – freiwillig und kein Muss!

⏰ Teilnahmeschluss: Mittwoch, 02.09.2026, 23:59 Uhr

🎲 Die Auslosung findet ausschließlich hier auf meinem Account statt und wird anschließend bekannt gegeben.

⚠️ ACHTUNG VOR FAKE-ACCOUNTS:
Die ausgewählten Personen werden ausschließlich über meinen offiziellen Account @SandroSIR bekannt gegeben bzw. kontaktiert. Andere Accounts gehören nicht zu mir!

Teilnahmebedingungen:
Teilnahme ab 18 Jahren mit Wohnsitz in Deutschland. Keine Barauszahlung oder Übertragung der Preise. Mehrfachkommentare erhöhen die Chance nicht. Diese Verlosung steht in keiner Verbindung zu TikTok und wird weder von TikTok gesponsert, unterstützt noch organisiert. Der Rechtsweg ist ausgeschlossen.

💙 Danke für euren täglichen Support und diese unglaubliche Community! 🫶🔥

#Pokemon #PokemonTCG #pokemontiktok #Pokemon30 #pokemonpulls",52ebe512e3611a55d3632c88,https://www.tiktok.com/@sandrosir/video/7678374905104174368
sandrosir,2026-08-26,2026-10-05,sandrosir,video,3521,230,44,29,False,German,,"🔥 ENDLICH KÖNNEN WIR ES EUCH SAGEN!

Wir freuen uns riesig, dass @AOG-Absolute Objective Grading ab sofort Partner unserer Community ist! ❤️

Und das Beste: Ihr habt natürlich auch direkt etwas davon!

🎁 Regelmäßige Verlosungen mit kostenlosen Gradings
🎥 Wir besuchen AOG vor Ort und zeigen euch transparent den kompletten Gradingprozess
💸 Mit SANDROSIR bekommt ihr 5 % Rabatt auf eure Gradings

Was uns bei AOG besonders gefällt: Jede Karte wird zuerst mit KI und Bilderkennung analysiert und anschließend noch einmal persönlich geprüft. Dazu kommen schnelle Bearbeitungszeiten, damit ihr nicht ewig auf eure Karten warten müsst.

Wir freuen uns wirklich auf alles, was da gemeinsam mit euch kommt! ❤️

Werbung | Anzeige

#Pokemon #PokemonTCG #AOG #pokemoncommunity #pokemonpulls",9536152420a490dc05790796,https://www.tiktok.com/@sandrosir/video/7678342817172819232
sandrosir,2026-08-26,2026-10-05,sandrosir,video,6142,273,48,7,False,German,,"Warum auch immer ich alles aufreiße…… 

#pokemon #pokemonkarten #pokemoncommunity #pokemontcg #pokemontiktok",9ab5b84e724c76adce6da4ea,https://www.tiktok.com/@sandrosir/video/7678273752387407136
sandrosir,2026-08-27,2026-10-05,sandrosir,video,2706,93,11,1,False,English/other,,"Passiert mir immer…

@card.game.store.pirk 

#Pokemon #PokemonTCG #pokemontiktok #pokemon30 #pokemoncommunity",25aa84af8e6cf30b63cf264c,https://www.tiktok.com/@sandrosir/video/7678735391674993953
sandrosir,2026-08-27,2026-10-05,sandrosir,video,3712,174,32,4,False,German,,"Gerne auf Instagram sandromon7 

#Pokemon #PokemonTCG #pokemontiktok #pokemonpulls #pokemon30",49ca10a9a2f4f6f9464e5b53,https://www.tiktok.com/@sandrosir/video/7678673406379756832
sandrosir,2026-08-27,2026-10-05,sandrosir,video,4737,170,33,12,False,German,,"Wie ist eure Meinung?

#Pokemon #PokemonTCG #pokemontiktok #pokemonpulls #grading",4bd92d76ce494128f75e5a70,https://www.tiktok.com/@sandrosir/video/7678649520732835104
sandrosir,2026-08-28,2026-10-05,sandrosir,video,15800,754,89,38,False,German,,"Zenith der Könige 😳

Was sind eure Hits ?😍

#pokemon #pokemonkarten #pokemoncommunity #pokemontcg #pokemontiktok",6df7e332286e6a81579f90b3,https://www.tiktok.com/@sandrosir/video/7679142669272010016
sandrosir,2026-08-28,2026-10-05,sandrosir,video,8513,201,26,19,False,German,,"Opening der neuen Boxen 🔥🔥

#PokemonTCG #Pokemon #pokemontiktok #pokemoncommunity #pokemonpulls",e8679382577dc0e1283b1922,https://www.tiktok.com/@sandrosir/video/7679076223888248097
sandrosir,2026-08-28,2026-10-05,sandrosir,video,5926,139,8,3,False,German,,"Gibt es sie oder ned ? 

#Pokemon #PokemonTCG #pokemontiktok #pokemoncommunity #erhabenehelden",d4067070037affa393f3f1a6,https://www.tiktok.com/@sandrosir/video/7679074440583449889
sandrosir,2026-08-28,2026-10-05,sandrosir,video,4931,232,37,3,False,German,,"Wir haben ne SIR gezogen 😍😍😍

#Pokemon #PokemonTCG #pokemontiktok #pokemoncommunity #pokemonpulls",5704af6e0d1d8af1d34085cd,https://www.tiktok.com/@sandrosir/video/7679021656387505441
sandrosir,2026-08-29,2026-10-05,sandrosir,video,3226,275,170,73,True,German,,"🎉 30 JAHRE BINDER COLLECTION – VERLOSUNG! 🎉

Zum 30-jährigen Pokémon-Jubiläum gibt’s wieder etwas für meine Community! ❤️🔥

So seid ihr dabei:
🔥 @sandromon7 folgen
❤️ Video liken
💬 Kommentieren
🔖 Video speichern
🔄 Teilen und Link kopieren

⏰ Teilnahmeschluss: Mittwoch, 02.09.2026, 23:59 Uhr

🎲 Die Auslosung findet hier auf meinem Account statt und wird anschließend bekannt gegeben.

⚠️ ACHTUNG VOR FAKE-ACCOUNTS:
Die ausgewählten Personen werden ausschließlich über meinen offiziellen Account SandroSIR bekannt gegeben bzw. kontaktiert.

Teilnahmebedingungen:
Teilnahme ab 18 Jahren mit Wohnsitz in Deutschland. Keine Barauszahlung oder Übertragung der Preise. Mehrfachkommentare erhöhen die Chance nicht. Diese Verlosung steht in keiner Verbindung zu TikTok und wird weder von TikTok gesponsert, unterstützt noch organisiert. Der Rechtsweg ist ausgeschlossen. Daten werden ausschließlich zur Durchführung der Verlosung und zum Versand verwendet.

💙 Danke an meine Community!
Danke für euren täglichen Support, eure Kommentare und den ganzen Austausch! 🫶 Viel Glück an alle! 🍀🔥

#Pokemon #PokemonTCG #Pokemon30 #PokemonCommunity #PokemonSammlung",f05d3b7d8e00d9b03ff8f3ca,https://www.tiktok.com/@sandrosir/video/7679484652867816736
sandrosir,2026-08-29,2026-10-05,sandrosir,video,3756,137,25,2,False,German,,"Leute was sind das für Karten??

#Pokemon #PokemonTCG #pokemontiktok #pokemoncommunity #pokemonpulls",fc945dfe3b5b72eeef709a7b,https://www.tiktok.com/@sandrosir/video/7679444646480579873
sandrosir,2026-08-29,2026-10-05,sandrosir,video,2407,69,10,9,False,German,,"Ab zu @card.game.store.pirk 

Dies ist keine Werbung 😍

#Pokemon #PokemonTCG #pokemontiktok #pokemoncommunity #pokemonpulls",4bd2ed326e1d4487f6f79ba3,https://www.tiktok.com/@sandrosir/video/7679391768793582881
sandrosir,2026-08-30,2026-10-05,sandrosir,video,2705,104,17,1,False,German,,"Irgendwie schaffen es die Sachen nichtmal zu mir nachhause :/

#Pokemon #PokemonTCG #pokemonpulls #PokemonCommunity #pokemonkarten",a9f8002ab018734d8fc81953,https://www.tiktok.com/@sandrosir/video/7679861620683722016
sandrosir,2026-08-30,2026-10-05,sandrosir,video,46700,1474,98,174,True,German,,"Wie oft ich mir vornehme die hart erkämpfen Pokémon Sachen nicht zu Rippen und jedes mal mach ich’s wieder 😂😂

Wie geht’s euch so damit? 😂

#Pokemon #PokemonSammlung #pokemontiktok #pokemonpulls #pokemontcg",ab58197f7524a7dd4adf46d0,https://www.tiktok.com/@sandrosir/video/7679755126256569632
sandrosir,2026-08-31,2026-10-05,sandrosir,video,3153,164,14,3,False,German,,"Wo ist das 4te Godpack ???

#Pokemon #PokemonTCG #pokemonpulls #pokemontiktok",5e794798494c966a86ce2d40,https://www.tiktok.com/@sandrosir/video/7680296396871814433
sandrosir,2026-08-31,2026-10-05,sandrosir,video,7410,534,112,19,False,German,,"sandromon7 gerne vorbei schauen 🔥

#Pokemon #PokemonTCG #pokemonpulls #PokemonCommunity #pokemonkarten",e0065ff22945306ce5c6c243,https://www.tiktok.com/@sandrosir/video/7680239532326915360
sandrosir,2026-08-31,2026-10-05,sandrosir,video,26800,577,33,173,True,German,,"Geht sparsam damit um funktioniert super ❤️

#Pokemon #PokemonTCG #pokemonpulls #PokemonCommunity #pokemonkarten",789e4f339eea76783d7561df,https://www.tiktok.com/@sandrosir/video/7680220102280695072
sandrosir,2026-08-31,2026-10-05,sandrosir,video,7239,369,34,76,True,German,,"Kann’s kaum erwarten bald ist es soweit 😂😂

#Pokemon #Pokemon30 #PokemonTCG #pokemonpulls #PokemonCommunity",fa0cc7f332d896463ac5c97d,https://www.tiktok.com/@sandrosir/video/7680142630553963809
sandrosir,2026-09-01,2026-10-05,sandrosir,video,6468,205,26,50,False,German,,"Wer kennt es ?

#pokemon #pokemonkarten #pokemoncommunity #pokemontcg #pokemontiktok",e7a94ee925bc6cf332f62148,https://www.tiktok.com/@sandrosir/video/7680640805446356257
sandrosir,2026-09-01,2026-10-05,sandrosir,video,4080,207,28,9,False,German,,"Was sind eure Hits aus Zenith der Könige 🔥

#pokemon #pokemonkarten #pokemoncommunity #pokemontcg #pokemontiktok",1efd54791c47ca448ccd9023,https://www.tiktok.com/@sandrosir/video/7680612288344247585
sandrosir,2026-09-01,2026-10-05,sandrosir,video,16600,812,83,90,True,German,,"Das Set hat so ne gute Hitrate ❤️

Was sind eure besten Hits ?

#Pokemon #PokemonTCG #prismatic #PokemonSammlung",2edaa5a09f2298073e0e4ca8,https://www.tiktok.com/@sandrosir/video/7680581632457215264
sandrosir,2026-09-01,2026-10-05,sandrosir,video,1927,129,29,2,False,German,,"Immer was Gutes tun im Leben ❤️🔥

#Pokemon #PokemonTCG #pokemonpulls #pokemontiktok #PokemonCommunity",8eb0915cafc44df0698c4634,https://www.tiktok.com/@sandrosir/video/7680513157902667041
sandrosir,2026-09-02,2026-10-05,sandrosir,video,39800,468,89,240,True,German,,"Hat jemand was mitbekommen ? 🔥

#Pokemon #PokemonTCG #pokemontiktok #pokemoncommunity #pokemonpulls",b5054d1965bf0d83089caa5d,https://www.tiktok.com/@sandrosir/video/7680890332006894881
sandrosir,2026-09-02,2026-10-05,sandrosir,video,4388,124,17,22,False,German,,"War halt auch nicht einfach zu treffen….

#Pokemon #PokemonTCG #pokemontiktok #pokemoncommunity #pokemonpulls",9412b2d30025e7ac984457f8,https://www.tiktok.com/@sandrosir/video/7680878287421279521
sandrosir,2026-09-02,2026-10-05,sandrosir,video,7642,261,26,11,False,German,,"Ist tatsächlich wirklich schon oft passiert 😅

#Pokemon #PokemonTCG #pokemonpulls #pokemontiktok #PokemonCommunity",8ec1118085b000810889d038,https://www.tiktok.com/@sandrosir/video/7680975747359477025
sandrosir,2026-09-02,2026-10-05,sandrosir,video,5805,305,183,143,True,German,,"🎉 30 JAHRE BINDER COLLECTION – VERLOSUNG! 🎉

Zum 30-jährigen Pokémon-Jubiläum gibt’s wieder etwas für meine Community! ❤️🔥

So seid ihr dabei:
🔥 @SandroSIR folgen
❤️ Video liken
💬 Kommentieren
🔖 Video speichern
🔄 Teilen & Link kopieren

⏰ Teilnahmeschluss: Mittwoch, 02.09.2026, 23:59 Uhr

🎲 Die Auslosung findet hier auf meinem TikTok-Account statt und wird anschließend bekannt gegeben.

⚠️ ACHTUNG VOR FAKE-ACCOUNTS:
Die ausgewählten Personen werden ausschließlich über meinen offiziellen TikTok-Account SandroSIR bekannt gegeben bzw. kontaktiert. Bitte reagiert auf keine anderen Accounts!

Teilnahme ab 18 Jahren mit Wohnsitz in Deutschland. Keine Barauszahlung oder Übertragung der Preise. Mehrfachkommentare erhöhen die Chance nicht. Diese Verlosung steht in keiner Verbindung zu TikTok und wird weder von TikTok gesponsert, unterstützt noch organisiert. Der Rechtsweg ist ausgeschlossen. Daten werden ausschließlich zur Durchführung der Verlosung und zum Versand verwendet.

💙 Danke für euren täglichen Support und den ganzen Austausch! 🫶🍀🔥

#Pokemon #PokemonTCG #Pokemon30 #PokemonCommunity #sandrosir",df108243d59102eee6535d7b,https://www.tiktok.com/@sandrosir/video/7680952894505454881
sandrosir,2026-09-02,2026-10-05,sandrosir,video,388800,7101,515,1523,True,German,,"Hinweis: Die im Video gezeigten Bilder und Aufnahmen wurden live vor Ort aufgenommen und dokumentieren die dort zu diesem Zeitpunkt vorhandenen Mengen.

Aussagen zu Hintergründen, Bestellungen oder möglichen Abläufen beruhen auf den mir vorliegenden Informationen und werden entsprechend als solche dargestellt. Es wird keinem einzelnen Mitarbeiter ein Fehlverhalten unterstellt. Vermutungen werden ausdrücklich nicht als bestätigte Tatsachen dargestellt.

Ziel des Videos ist es, den Vorgang transparent zu zeigen und kritisch zu hinterfragen. Eine Stellungnahme von ROSSMANN zu den Hintergründen ist ausdrücklich willkommen.

#Pokemon #PokemonTCG #pokemontiktok #pokemoncommunity #pokemonpulls",a1b40b71ba27665b75eeb545,https://www.tiktok.com/@sandrosir/video/7680916373584776481
sandrosir,2026-09-03,2026-10-05,sandrosir,video,2888,160,29,4,False,German,,"Wie findet ihr das Format ist sehr entspannt wie ich finde 😍

#Pokemon #PokemonTCG #pokemontiktok #pokemoncommunity #pokemonkarten",e3ab38495429e53bc7fce9b8,https://www.tiktok.com/@sandrosir/video/7681365239564193056
sandrosir,2026-09-03,2026-10-05,sandrosir,video,10900,329,31,27,False,German,,"@AOG-Absolute Objective Grading 

Anzeige / Werbung 

#Pokemon #PokemonTCG #pokemontiktok #pokemoncommunity #pokemonkarten",63afec73cf52fc3265fef295,https://www.tiktok.com/@sandrosir/video/7681324765809823008
sandrosir,2026-09-03,2026-10-05,sandrosir,video,13800,355,56,79,True,German,,"⚠️ WICHTIGER HINWEIS ZUM VIDEO

In diesem Video thematisiere ich Informationen und Aussagen, die mir aus der Community bzw. von Dritten zugespielt wurden. Die eingeblendete Nachricht/Memo wird als solche wiedergegeben.

Ich kann die darin enthaltenen Behauptungen nicht unabhängig bestätigen und stelle sie ausdrücklich nicht als erwiesene Tatsachen dar. Ob und in welchem Umfang die geschilderten Vorgänge tatsächlich so stattgefunden haben, ist mir nicht bekannt.

Namen und Stimmen wurden zum Schutz beteiligter Personen unkenntlich gemacht bzw. verändert. Das Video dient der Einordnung und Diskussion der aktuellen Situation rund um Pokémon-Produkte und richtet sich nicht gegen einzelne Mitarbeiter, Filialen oder Unternehmen.

Bitte keine Spekulationen, Beleidigungen oder persönlichen Angriffe in den Kommentaren. ❤️

#Pokemon #PokemonTCG #pokemontiktok #pokemoncommunity",e57165972965434a5a364081,https://www.tiktok.com/@sandrosir/video/7681294496071617825
sandrosir,2026-09-03,2026-10-05,sandrosir,video,3513,158,35,14,False,German,,"🚨 Was aktuell bei Pokémon abgeht… 😂🔥

Hinweis: Die gezeigte Szene ist humoristisch nachgestellt/inszeniert. Das verwendete Bildmaterial wurde teilweise mit KI erstellt und stellt keine tatsächliche Lieferung oder reale Situation dar.

Das Video richtet sich gegen Scalping und übertriebene Weiterverkäufe – nicht gegen Händler, Filialen oder deren Mitarbeiter. ❤️

Bleibt fair untereinander und gönnt auch anderen Sammlern ihre Produkte. 🫶

#Pokemon #PokemonTCG #pokemontiktok #PokemonCommunity #pokemonkarten",8354afcb89681709aba0a166,https://www.tiktok.com/@sandrosir/video/7681261748808207649
sandrosir,2026-09-03,2026-10-05,sandrosir,video,1864,85,11,8,False,German,,"@Christian Wolf wie stehst du zu Pokémon? 😂🔥

#Pokemon #PokemonTCG #pokemonpulls #pokemontiktok #PokemonCommunity",070523acc9a6b13fec766d91,https://www.tiktok.com/@sandrosir/video/7681241993707638049
sandrosir,2026-09-04,2026-10-05,sandrosir,video,6497,279,38,16,False,German,,"Kleines gute nacht Freitagsvideo

#pokemon #pokemonkarten #pokemoncommunity #pokemoncenter #pokemonrestocks",47f35308cd5fa8441ffb3478,https://www.tiktok.com/@sandrosir/video/7681776769661177120
sandrosir,2026-09-04,2026-10-05,sandrosir,video,5724,229,31,3,False,German,,"So ein Banger Set 🔥🔥🔥

Was sind eure Pulls ? 

#pokemon #pokemonkarten #pokemoncommunity #pokemontcg #pokemontiktok",7fedb2ef61214002518062cd,https://www.tiktok.com/@sandrosir/video/7681711785182874913
sandrosir,2026-09-04,2026-10-05,sandrosir,video,11100,240,26,108,True,German,,"Also dauert es noch ewig mit den Produkten….

#Pokemon #PokemonTCG #pokemontiktok #pokemoncommunity #PokemonCommunity",2e1002e2acfbfe273bb39de2,https://www.tiktok.com/@sandrosir/video/7681658993772596512
sandrosir,2026-09-04,2026-10-05,sandrosir,video,2632,69,12,5,False,German,,"Glaub Produktionsfehler 🤯

#Pokemon #PokemonTCG #pokemontiktok #pokemoncommunity #pokemonkarten",b13d186235407063f63c0680,https://www.tiktok.com/@sandrosir/video/7681611051950935329
sandrosir,2026-09-05,2026-10-05,sandrosir,video,13500,402,97,85,True,German,,"Lasst sie Seald ??!!! So wie ich !!!

#Pokemon #PokemonTCG #pokemontiktok #pokemoncommunity #pokemon",53f4c9cd690e46dfb390a77c,https://www.tiktok.com/@sandrosir/video/7682093560157539616
sandrosir,2026-09-05,2026-10-05,sandrosir,video,4275,158,15,12,False,English/other,,"Frag mich immer wo mein ganzes Geld is…..

#Pokemon #PokemonTCG #pokemontiktok #pokemon30 #pokemoncommunity",e02be7883938cc9de5db8da6,https://www.tiktok.com/@sandrosir/video/7681979040135220513
sandrosir,2026-09-06,2026-10-05,sandrosir,video,4943,166,27,3,False,English/other,,"Part 1 Leute 🔥🔥

#glurak #Pokemon #PokemonTCG #pokemontiktok #pokemoncommunity",e093a2cd822a372f78bb2ddd,https://www.tiktok.com/@sandrosir/video/7682352721449504033
sandrosir,2026-09-07,2026-10-05,sandrosir,video,20700,214,60,4,False,German,,"Ich wollte einfach mal DANKE sagen. ❤️

Danke, dass ich bei euch einfach so sein kann, wie ich bin. Im normalen Alltag konnte ich meine kindliche, verrückte und hyperaktive Art nie wirklich so ausleben.

Und genau das kann ich hier endlich. Einfach Kind sein, mich über Pokémon freuen, komplett durchdrehen und einfach ICH sein. 😂❤️

Was daraus in so kurzer Zeit entstanden ist, hätte ich niemals erwartet. Und das liegt vor allem an EUCH.

Für mich seid ihr wirklich die beste Community der Welt. 🫶🏼

Danke für jeden Kommentar, jede Nachricht, jeden Like und vor allem dafür, dass ihr mich genauso nehmt, wie ich bin.

SandroSIR Crew ❤️ Wir sind noch lange nicht fertig. 🫶🏼

#Pokemon #PokemonTCG #pokemoncommunity #pokemonfan #pokemonpulls",aeb075cf2dc5e7c1f4c219ab,https://www.tiktok.com/@sandrosir/video/7682780529812360480
sandrosir,2026-09-07,2026-10-05,sandrosir,video,2190,77,21,0,False,German,,"Part 2 meine lieben Freunde ❤️schaffe ich es noch ?

#glurak #Pokemon #PokemonTCG #pokemontiktok #pokemoncommunity",9218e77a0c6f99077de8a24d,https://www.tiktok.com/@sandrosir/video/7682733214644948256
sandrosir,2026-09-08,2026-10-05,sandrosir,video,38500,1203,80,432,True,German,,"Ich hab sogar Letzens noch eines gefunden bei Rossmann obwohl es schon zwei Wochen her ist 🔥

@AOG-Absolute Objective Grading 

#Pokemon #PokemonTCG #pokemontiktok #pokemoncommunity #pokemonfan",ce3e9c30b084f5c7f302e575,https://www.tiktok.com/@sandrosir/video/7683228422251744545
sandrosir,2026-09-08,2026-10-05,sandrosir,video,1758,122,32,2,False,German,,"Ich sag’s euch doch ich bin nicht das Problem …

#Pokemon #PokemonTCG #pokemontiktok #pokemoncommunity #pokemonfan",9a6f756beca10042997c492d,https://www.tiktok.com/@sandrosir/video/7683183012799860000
sandrosir,2026-09-08,2026-10-05,sandrosir,video,17500,442,108,153,True,German,,"Es wurde einfach alles verschoben und die Mengen wurden auch alle gekürzt…

#Pokemon #PokemonTCG #pokemontiktok #pokemoncommunity #pokemonfan",b829f32524e26dae30548750,https://www.tiktok.com/@sandrosir/video/7683134309934370080
sandrosir,2026-09-08,2026-10-05,sandrosir,video,13100,677,145,33,False,German,,"Bitte lieber Mitarbeiter und Fililalleiter tut was dagegen ❤️

Quelle des Bildes @JewelCard 

#Pokemon #PokemonTCG #pokemontiktok #pokemoncommunity #pokemonfan",abb710b7be17cbe541961e9c,https://www.tiktok.com/@sandrosir/video/7683110149673815328
sandrosir,2026-09-09,2026-10-05,sandrosir,video,2707,125,41,5,False,English/other,,"Part 3 meine lieben Leute letzter Part vielleicht ?

#glurak #Pokemon #PokemonTCG #pokemontiktok #pokemontiktok",d03718b53dd258d0da8fcae8,https://www.tiktok.com/@sandrosir/video/7683593733731896609
sandrosir,2026-09-09,2026-10-05,sandrosir,video,4890,176,33,16,False,German,,"HOW TO: Karten bei @AOG-Absolute Objective Grading graden lassen 🔥 

1️⃣ Karten auswählen und sicher mit Folie + Toploader vorbereiten.
2️⃣ Auf der AOG-Website Standard- oder Expressservice auswählen und je nach Kartenwert (z. B. bis 250 € / 500 €) den passenden Service in den Warenkorb legen.
3️⃣ An der Kasse meinen Code SANDROSIR eingeben und 5 % sparen. 🔥
4️⃣ Nach der Bezahlung bekommt ihr eine E-Mail mit eurer Bestellnummer. Diese schreibt ihr beim Versand bei der AOG-Adresse entsprechend mit dazu.
5️⃣ Karten ordentlich und sicher mit Luftpolsterfolie verpacken. 📦
6️⃣ Paket bei der Post passend zum Kartenwert versichert versenden.
7️⃣ Wichtig: Vorher am besten Fotos von euren Karten und dem Zustand machen.

#grading #Pokemon #PokemonTCG #pokemoncommunity #pokemonfan",7d5463a454da4a5199ea4f77,https://www.tiktok.com/@sandrosir/video/7683555890728832289
sandrosir,2026-09-09,2026-10-05,sandrosir,video,2923,69,30,1,False,German,,"Antwort auf @Flipflop 

Macht euch aufjedenfall nicht verrückt ❤️

#PokemonTCG #pokemontiktok #pokemoncommunity #pokemonfan #pokemonpulls",1e00c18630358c27be6abbf3,https://www.tiktok.com/@sandrosir/video/7683504562275241249
sandrosir,2026-09-09,2026-10-05,sandrosir,video,3754,110,11,2,False,German,,"Ein Booster geht immer…
@card.game.store.pirk 
#pokemon #pokemonkarten #pokemoncommunity #pokemoncenter #pokemonrestocks",bc3d3a42eeb4de2660a8dac0,https://www.tiktok.com/@sandrosir/video/7683465538160446752
sandrosir,2026-09-10,2026-10-05,sandrosir,video,30900,1167,806,608,True,German,,"🎁 ERHABENE HELDEN TOP-TRAINER-BOX 🔥

Die nächste Runde für meine Community! 🫶🏻
Eine Erhabene Helden Top-Trainer-Box wartet auf eine Person von euch! ⚡️

So seid ihr dabei:

🔥 @SandroSIR folgen
❤️ Video liken
💬 Kommentar hinterlassen
🔖 Video speichern
📲 Auf „Teilen“ klicken

⏰ Schluss: Dienstag, 15.09.2026 – 23:59 Uhr
Danach erfolgt die Auslosung unter allen gültigen Teilnahmen.

Die Aktion steht in keiner Verbindung zu TikTok und wird weder von TikTok gesponsert, unterstützt noch organisiert. Keine Barauszahlung. Der Rechtsweg ist ausgeschlossen. Teilnahme ab 18 Jahren oder mit Zustimmung der Erziehungsberechtigten.

⚠️ Achtung vor Fake-Profilen: Kontakt erfolgt ausschließlich über meinen offiziellen Account.

🍀 Viel Glück euch allen! 🔥

#Pokemon #PokemonTCG #ErhabeneHelden #PokemonKarten #pokemontiktok",099698756286f2ca0e896cf7,https://www.tiktok.com/@sandrosir/video/7683933573962845473
sandrosir,2026-09-10,2026-10-05,sandrosir,video,1354,78,27,7,False,German,,"Antwort auf @Gizziy also ich seh mich echt nicht als heilig …

#Pokemon #PokemonTCG #pokemontiktok #pokemoncommunity #pokemonfan",f62a107ca7944fb7ced415b0,https://www.tiktok.com/@sandrosir/video/7683875531670031649
sandrosir,2026-09-11,2026-10-05,sandrosir,video,10700,637,137,59,False,German,,"Ist das schon der letze Part ??? 😍😍

#glurak #Pokemon #PokemonTCG #pokemontiktok #pokemoncommunity",d8f48c814503ad8dfa99be49,https://www.tiktok.com/@sandrosir/video/7684300458671820065
sandrosir,2026-09-11,2026-10-05,sandrosir,video,2435,88,20,1,False,German,,"Antwort auf @Enduroandi Pokémon ist auch ein Investment und das ist leider nichtmehr wegzudenken…

#PokemonTCG #pokemontiktok #pokemoncommunity #pokemonfan #pokemonpulls",ab29e3f3be4a18bd61ae2848,https://www.tiktok.com/@sandrosir/video/7684204218420399392
sandrosir,2026-09-12,2026-10-05,sandrosir,video,3277,121,24,3,False,English/other,,"Prismatische Traumatisierung hat wieder zugeschlagen 😂😂 

#PokemonTCG #pokemontiktok #pokemoncommunity #pokemonfan #pokemonpulls",e6df629e06e7108e468a55d9,https://www.tiktok.com/@sandrosir/video/7684634682616483104
sandrosir,2026-09-12,2026-10-05,sandrosir,video,2697,174,32,15,False,German,,"Antwort auf @bedo ich bin nicht erwachsen !! ☺️

#PokemonTCG #pokemontiktok #pokemoncommunity #pokemonfan #pokemonpulls",a69b404ac3cd4a1dcb557da8,https://www.tiktok.com/@sandrosir/video/7684590947346255137
sandrosir,2026-09-13,2026-10-05,sandrosir,video,11400,195,32,12,False,hashtags only,,"Mehr muss man auch ned sagen.

#Pokemon #PokemonTCG #pokemoncommunity #pokemonfan #pokemonpulls",5e32f3e5e6fc95fcd705a51b,https://www.tiktok.com/@sandrosir/video/7685103083638000929
sandrosir,2026-09-13,2026-10-05,sandrosir,video,3149,107,15,0,False,German,,"Prismatische Verzweiflung wieso Fall ich immer wieder auf dich rein 🥹🥹

#Pokemon #PokemonTCG #pokemoncommunity #pokemonfan #pokemonpulls",55d6507e2eb0a075738ff835,https://www.tiktok.com/@sandrosir/video/7685055545832721697
sandrosir,2026-09-13,2026-10-05,sandrosir,video,5277,185,30,3,False,German,,"So nun hab ich endlich das Bubble Mew ❤️

#Pokemon #PokemonTCG #pokemoncommunity #pokemonfan #pokemonpulls",d5fabe7a260bce1123026ca3,https://www.tiktok.com/@sandrosir/video/7684966540340399392
sandrosir,2026-09-14,2026-10-05,sandrosir,video,15600,577,106,141,True,German,,"Bitte passt absolut auf das ist es nicht werd komplett durchzudrehen wegen dieser Box…

#Pokemon #PokemonTCG #pokemontiktok #pokemoncommunity #pokemonfan",fe5fc456988571bdb6912f6c,https://www.tiktok.com/@sandrosir/video/7685415192989044001
sandrosir,2026-09-14,2026-10-05,sandrosir,video,6108,223,35,13,False,German,,"Für was hab ich mir eigentlich diese Regale gekauft 😂

#Pokemon #PokemonTCG #pokemontiktok #pokemoncommunity #pokemonfan",88b16d062c0ecc3c0d28210f,https://www.tiktok.com/@sandrosir/video/7685401799485820192
sandrosir,2026-09-14,2026-10-05,sandrosir,video,21300,710,86,164,True,German,,"Hier ein paar Tipps weil schon alle so Hyped sind 🔥🔥

#Pokemon #PokemonTCG #pokemontiktok #pokemoncommunity #pokemonfan",1199e5e5052ac152434a4e9e,https://www.tiktok.com/@sandrosir/video/7685318365354757408
sandrosir,2026-09-15,2026-10-05,sandrosir,video,55300,1531,275,316,True,German,,"ES IST SOWEIT. 😭🔥

23,46 GRAMM… und da ist einfach mein VIERTES GODPACK! 💀🔥

Und damit hab ich es tatsächlich geschafft:
DAS KOMPLETTE MASTERSET SELBST GEZOGEN! 😭❤️‍🔥
Inklusive Lillies Piepi! 🥹

Ich komm absolut nicht klar. 😂 Ich bin euch als Community unfassbar dankbar, dass ihr das alles mit mir zusammen erlebt. 🫶🏼

Und bitte… hasst mich nicht. 😭😂
Ich kann doch auch nichts dafür, meine lieben Freunde!

#PokemonTCG #Pokemon #Godpack #pokemontiktok #pokemonpulls",7e8ce58bb462b10533074d69,https://www.tiktok.com/@sandrosir/video/7685803465456618785
sandrosir,2026-09-15,2026-10-05,sandrosir,video,63500,2495,297,829,True,German,,"Das is so verrückt hahahha

#PokemonTCG #PokemonKarten #ErhabeneHelden #pokemon30 #Das",9d6d85e90dc4cdd983970c3b,https://www.tiktok.com/@sandrosir/video/7685780873475591456
sandrosir,2026-09-15,2026-10-05,sandrosir,video,21800,528,89,178,True,German,,"Jetz bekommen wir garnix 😂

#PokemonTCG #PokemonKarten #ErhabeneHelden #pokemontiktok #Pokemon",273821201025ca7b85c02752,https://www.tiktok.com/@sandrosir/video/7685709585008610592
sandrosir,2026-09-15,2026-10-05,sandrosir,video,5328,323,197,173,True,German,,"🔥 ERHABENE HELDEN FÜR EUCH! 🔥

Eine Erhabene Helden Top-Trainer-Box geht an jemanden aus der Community! 🫶🏻⚡️

So macht ihr mit:

❤️ Reel liken
🔥 @SandroSIR.official folgen
💬 Kommentar dalassen
🔖 Reel speichern
📲 Teilen

⏰ Bis Dienstag, 15.09.2026 – 23:59 Uhr
Anschließend wird ausgelost. 🍀

Die Aktion steht in keiner Verbindung zu Instagram/Meta und wird weder von Instagram gesponsert noch organisiert. Keine Barauszahlung. Der Rechtsweg ist ausgeschlossen. Teilnahme ab 18 Jahren oder mit Zustimmung der Erziehungsberechtigten.

⚠️ Nachrichten kommen ausschließlich von @SandroSIR.official – bitte achtet auf Fake-Profile!

#PokemonTCG #PokemonKarten #ErhabeneHelden #pokemontiktok",24f31212b0dab38f1a47e2cc,https://www.tiktok.com/@sandrosir/video/7685700437273513248
sandrosir,2026-09-15,2026-10-05,sandrosir,video,7056,304,32,11,False,German,,"Ok das muss jetz ein Tag vor Release geöffnet werden ❤️🔥

#PokemonTCG #Pokemon #pokemontiktok #pokemonpulls #pokemon30",5ae033ccd4cfc9f431a4abfb,https://www.tiktok.com/@sandrosir/video/7685690179843083552
sandrosir,2026-09-16,2026-10-05,sandrosir,image-slideshow,4447,151,14,9,False,German,,"Manchmal verändert ein Hobby einfach mehr, als man jemals gedacht hätte. 🥹❤️

Pokémon hat mir nicht nur ein neues Hobby gegeben, sondern irgendwie auch wieder richtig viel Spaß ins Leben gebracht. Sammeln, Packs öffnen, unterwegs sein, neue Leute kennenlernen – und vor allem diese unfassbare Community. 🫶🏻

Der alte Sandro war einfach nur fertig. 😂
Der coolere Sandro sammelt Pokémon, macht das, worauf er Bock hat, und hat dabei die beste Zeit seines Lebens. 🔥

Schon verrückt, was ein paar kleine bunte Karten verändern können. 😂❤️

Und das Beste daran: Ohne euch wäre das alles nur halb so schön. Danke, dass ihr diesen ganzen Wahnsinn mit mir erlebt. 🫶🏻

Nur Liebe ❤️

#PokemonTCG #Pokemon #pokemontiktok #pokemon30 #pokemonpulls",854f96583f9489107fb0b4b3,https://www.tiktok.com/@sandrosir/video/7686240380932640033
sandrosir,2026-09-16,2026-10-05,sandrosir,video,11900,554,71,39,False,German,,"Das is so verrückt 😍😍❤️

#PokemonTCG #Pokemon #pokemontiktok #pokemon30",b46df0676bd6042d9efd5e08,https://www.tiktok.com/@sandrosir/video/7686144478398123297
sandrosir,2026-09-16,2026-10-05,sandrosir,video,27900,776,129,110,True,German,,"Boah Leute ich konnte garned richtig sprechen 😂🔥

#PokemonTCG #pokemon30 #Pokemon #pokemontiktok #pokemonpulls",de271ae400fb898177707b4d,https://www.tiktok.com/@sandrosir/video/7686110608382528800
sandrosir,2026-09-16,2026-10-05,sandrosir,video,10200,325,77,18,False,German,,"Ich hab sie ❤️❤️❤️❤️

#PokemonTCG #pokemon30 #Pokemon #pokemontiktok",b36173b410fe9d0bc8813dc6,https://www.tiktok.com/@sandrosir/video/7686094089967750433
sandrosir,2026-09-16,2026-10-05,sandrosir,video,10400,374,87,24,False,German,,"Ich hab eine Bekommen 🫪🫪🫪🫪😵‍💫😵‍💫😵‍💫😵‍💫😵‍💫😵‍💫😵‍💫😵‍💫😵‍💫😵‍💫😵‍💫😵‍💫😵‍💫😵‍💫😵‍💫🫨🫨🫨🫨🫨

#PokemonTCG #Pokemon #Godpack #pokemon30 #pokemontiktok",4fca49e1cd9078b5f6c807d7,https://www.tiktok.com/@sandrosir/video/7686051651999763744
sandrosir,2026-09-17,2026-10-05,sandrosir,video,3336,158,46,8,False,German,,"Antwort auf @jojo Mir ist natürlich bewusst, dass es immer Menschen geben wird, die zweifeln – und das ist auch völlig okay. ❤️

Ich hoffe, dass ich euch mit diesem Video ein bisschen mehr Transparenz geben und vielleicht den ein oder anderen Zweifel aus dem Weg räumen konnte.

Am Ende möchte ich einfach meine Leidenschaft für Pokémon mit euch teilen, gemeinsam mit euch feiern, mitfiebern und Spaß an diesem Hobby haben. 🫶🏼

Danke an jeden Einzelnen, der mich unterstützt und diesen Weg mit mir geht. ❤️

Nur Liebe an euch! 🫶🏼🔥

#PokemonTCG #Pokemon #Godpack #pokemontiktok #pokemonpulls",cfe946d848e280ff163f5cd0,https://www.tiktok.com/@sandrosir/video/7686524408457973024
sandrosir,2026-09-17,2026-10-05,sandrosir,video,2314,101,16,11,False,English/other,,"Instagram: Dortmundcardshow 🔥

#PokemonTCG #Pokemon #pokemontiktok #pokemon30 #pokemonpulls",bcb67afb98d63a957754b02a,https://www.tiktok.com/@sandrosir/video/7686485679353695521
sandrosir,2026-09-17,2026-10-05,sandrosir,video,4085,173,15,0,False,German,,"Ich lieb das Set so hart 🔥❤️

#PokemonTCG #Pokemon #pokemontiktok #pokemon30 #pokemonpulls",95f98f928a2693f0705c3f83,https://www.tiktok.com/@sandrosir/video/7686418228993625377
sandrosir,2026-09-18,2026-10-05,sandrosir,video,5144,220,75,6,False,German,,"Musste das mal rauslassen…

#Pokemon #PokemonTCG #pokemoncommunity #pokemonfan #pokemon30",8df13ed4515dc86d1c0696e8,https://www.tiktok.com/@sandrosir/video/7686838005729873184
sandrosir,2026-09-18,2026-10-05,sandrosir,video,1622,37,1,0,False,German,,"Was für eine unbeschreibliche Messe! ❤️🔥

Die Muli Card Convention war einfach nur unglaublich und ich möchte euch hier ein paar Eindrücke von diesem Tag zeigen.

Was mir aber am meisten bedeutet hat, wart IHR. 🫶🏼 Jeder Einzelne, der auf mich zugekommen ist, mit mir gequatscht, gelacht oder einfach kurz Hallo gesagt hat.

Ich glaube, auf dieser Messe habe ich zum ersten Mal so richtig gemerkt, wie sehr ihr mich und das, was ich mache, schätzt und feiert. Und ganz ehrlich: Das hat mir unglaublich viel gegeben. ❤️

Ich bin einfach nur dankbar, was sich in so kurzer Zeit entwickelt hat und was für eine Community hinter mir steht.

Danke für jeden einzelnen von euch. Ihr seid der Wahnsinn! 🫶🏼🔥

Und das war erst der Anfang. 👀

#Pokemon #PokemonTCG #pokemoncommunity #pokemonfan #pokemon30",435d8a984145c2c3ffb2a8f9,https://www.tiktok.com/@sandrosir/video/7686831335767395616
sandrosir,2026-09-18,2026-10-05,sandrosir,video,8592,297,42,27,False,English/other,,"Viel Erfolg 🔥🔥

#PokemonTCG #Pokemon #pokemontiktok #pokemonpulls #pokemon30",879de6005fbea1953c8b7ed3,https://www.tiktok.com/@sandrosir/video/7686787316387564833
sandrosir,2026-09-18,2026-10-05,sandrosir,image-slideshow,2236,92,9,3,False,German,,"Was für ein unglaublicher Tag in Dortmund! 🖤💛🔥
Es sind richtig geile Aufnahmen entstanden und es hat einfach unfassbar viel Spaß gemacht!

Jetzt freue ich mich umso mehr auf die Dortmund Card Show – das wird definitiv etwas ganz Besonderes. 🔥🏟️

Dortmund, wir sehen uns! 👀

#Pokemon #PokemonTCG #pokemoncommunity",e95837d5a581b995a0c8012d,https://www.tiktok.com/@sandrosir/video/7686972535316958497
sandrosir,2026-09-18,2026-10-05,sandrosir,video,6268,255,50,19,False,German,,"Die Collection erst mal gerippt 🔥🔥

#Pokemon #PokemonTCG #pokemoncommunity #pokemonfan #pokemon30",fc7002e6fb19d7d912090bcf,https://www.tiktok.com/@sandrosir/video/7686888441514052896
sandrosir,2026-09-19,2026-10-05,sandrosir,video,8898,387,70,17,False,German,,"Das Set is so nice hoffe ich bekomm nochmal was die Tage 😂😂

#PokemonTCG #pokemoncommunity #pokemonfan #Pokemon #pokemon30",1e36cc13cd382c8104b41d9e,https://www.tiktok.com/@sandrosir/video/7687284468163530016
sandrosir,2026-09-19,2026-10-05,sandrosir,video,3734,109,20,13,False,German,,"Das is doch sehr komisch alles 😂😂

#pokemon #pokemonkarten #grading #pokemoncommunity #pokemoncenter",e2687df7eb1d51e40babc702,https://www.tiktok.com/@sandrosir/video/7687256496257764640
sandrosir,2026-09-19,2026-10-05,sandrosir,video,6528,211,39,18,False,German,,"Diese Logik Check ich halt absolut null…

#PokemonTCG #pokemoncommunity #pokemonfan #Pokemon",b158e1e840311617c048258d,https://www.tiktok.com/@sandrosir/video/7687211070016032033
sandrosir,2026-09-19,2026-10-05,sandrosir,video,2552,141,11,5,False,German,,"WERBUNG | Kooperation mit AOG

🔥 DIE VERLOSUNG LÄUFT! 🔥

Gemeinsam mit AOG gibt’s aktuell auf meinem Instagram eine richtig starke Verlosung! 👀🔥

👉 Rüber zu Instagram
👉 @SandroSIR.official
👉 Gewinnspiel-Beitrag anschauen & mitmachen 🍀

Viel Glück an alle! ❤️
Wer von euch ist dabei? 👀

#aog #PokemonTCG #PokemonTCG #pokemoncommunity #pokemonfan",68c6ed68e01a21f7f1853cf4,https://www.tiktok.com/@sandrosir/video/7687187032761830689
sandrosir,2026-09-19,2026-10-05,sandrosir,video,2506,149,37,4,False,German,,"Verrückt, wie ein einziges Video dein ganzes Leben verändern kann. ❤️

Ich wollte euch unbedingt nochmal zeigen, wie diese ganze Reise überhaupt angefangen hat.

Ich hab damals einfach meine Glurak-Karte gezogen, mein Handy genommen und ein Video aufgenommen. Ohne großen Plan, ohne zu wissen, was daraus einmal entstehen wird.

Und heute stehe ich hier mit einer Community, die ich niemals für möglich gehalten hätte. 🥹

Pokémon bedeutet mir unglaublich viel. Es lässt mich wieder Kind sein, komplett ausrasten, mich über eine Karte freuen wie früher und einfach genau der sein, der ich bin.

In den letzten Monaten wurde mein ganzes Leben einmal komplett auf den Kopf gestellt und ich bin einfach nur stolz und dankbar, dass ich diese Reise mit EUCH erleben darf.

Ihr seid wirklich das Beste, was mir auf diesem Weg passieren konnte. ❤️

Und irgendwie fühlt es sich trotzdem so an, als hätte diese Reise gerade erst angefangen.

Danke SandroSIR Crew. 🫶🏼❤️

#Pokemon #PokemonTCG #pokemoncommunity #pokemonfan #pokemonpulls",800c6ffb0d63e66818a18688,https://www.tiktok.com/@sandrosir/video/7687174201815403809
sandrosir,2026-09-20,2026-10-05,sandrosir,video,4670,279,32,10,False,German,,"Das war noch absolut heftig ich sag’s euch 😍 morgen kommt ne Verlsoung online 🔥

#Pokemon #PokemonTCG #pokemoncommunity #pokemonfan #pokemon30",4f6117ce67f3329b8621f9b1,https://www.tiktok.com/@sandrosir/video/7687574443002006817
sandrosir,2026-09-20,2026-10-05,sandrosir,video,2066,73,8,6,False,German,,"„I wanna be the very best, like no one ever was…“ ❤️

Und irgendwie fühlt sich genau dieser Satz gerade komplett anders an.

Vier God Packs. VIER. 😭🔥
Wenn mir das jemand vor ein paar Monaten erzählt hätte, hätte ich ihn wahrscheinlich ausgelacht.

Aber das Krasseste daran sind nicht einmal die Karten.

Es ist das, was Pokémon mir gegeben hat. Ich kann einfach ich selbst sein. Komplett aufdrehen, mich freuen wie ein kleines Kind, meine Leidenschaft ausleben – und da draußen sind so viele Menschen, die genau das mit mir feiern. ❤️

Jedes Opening, jeder Pull, jede Nachricht, jedes Treffen auf einer Messe und jeder von euch, der diesen Weg mitverfolgt, macht das Ganze für mich besonders.

Diese vier God Packs werde ich wahrscheinlich niemals vergessen. Nicht nur wegen der Karten, sondern weil sie mich immer an diese verrückte Zeit erinnern werden.

Danke, dass ihr da seid.
Danke, dass ihr mich so nehmt, wie ich bin.
Und danke, dass ich mit euch einfach wieder Kind sein darf. 🥹❤️

Und ganz ehrlich…

Die Reise hat gerade erst angefangen. ⚡️

#Pokemon #PokemonTCG #GodPack #PokemonCommunity #Sammeln",c96a0f2772a8e0b08beb27b6,https://www.tiktok.com/@sandrosir/video/7687539304171588896
sandrosir,2026-09-21,2026-10-05,sandrosir,video,14700,778,480,359,True,German,,"WERBUNG | Kooperation mit Cloudz TCG 🔥

Cloudz TCG hat eine Pokémon Center Top-Trainer-Box „Fatale Flammen“ für meine Community zur Verfügung gestellt! 🔥❤️

So seid ihr dabei:
🔥 @CloudzTCG & @SandroSIR folgen
🔥 Video liken
🔥 Kommentieren
🔥 Video speichern
🔥 Teilen & Link kopieren

⏰ Teilnahmeschluss: Montag, 28.09.2026 um 23:59 Uhr

Teilnahme ab 18 Jahren oder mit Zustimmung der Erziehungsberechtigten und mit Wohnsitz in Deutschland. Keine Barauszahlung. Der Rechtsweg ist ausgeschlossen. Fake-, Spam- und reine Gewinnspielaccounts können von der Teilnahme ausgeschlossen werden. Mehrfachkommentare erhöhen die Chance nicht.

Diese Verlosung steht in keiner Verbindung zu TikTok, Pokémon/The Pokémon Company International oder Nintendo und wird von diesen weder gesponsert, unterstützt noch organisiert.

⚠️ Achtung vor Fake-Accounts: Ich werde euch niemals nach Bankdaten oder einer Zahlung fragen.

Riesiges Dankeschön an Clouds TCG für die Unterstützung! ❤️🔥
Viel Glück euch allen! 🍀

#Pokemon #PokemonTCG #pokemoncommunity #pokemonfan #pokemonpulls",5c3dbd9ebbf93597cff68bc2,https://www.tiktok.com/@sandrosir/video/7688014694010850593
sandrosir,2026-09-21,2026-10-05,sandrosir,video,14300,620,86,109,True,German,,"Manchmal hilft es einfach den Mund aufzumachen ❤️🔥 Danke an alle die das ganze supportet haben ❤️Credits @xgear2 

#Pokemon #PokemonTCG #pokemoncommunity #pokemonfan #pokemonpulls",73fefe27e5795bdb17d1cc63,https://www.tiktok.com/@sandrosir/video/7687903256290348320
sandrosir,2026-09-22,2026-10-05,sandrosir,video,10200,266,69,15,False,German,,"Ich hoff echt das es nicht so weit kommt….

#Pokemon #PokemonTCG #pokemoncommunity #pokemon30",84d6828a3e7cc27022bcf9b5,https://www.tiktok.com/@sandrosir/video/7688386493131345184
sandrosir,2026-09-22,2026-10-05,sandrosir,video,5763,205,81,9,False,German,,"Was passiert grade mit Pokémon ? 

#Pokemon #PokemonTCG #pokemoncommunity #pokemonfan #pokemon30",20c4d5acbee8180882a99004,https://www.tiktok.com/@sandrosir/video/7688336048287386913
sandrosir,2026-09-22,2026-10-05,sandrosir,video,5634,287,48,28,False,German,,"Was für kranke Hits sind da bitte drin 😅

#Pokemon #PokemonTCG #pokemoncommunity #pokemonfan #pokemon30",9e18f458be4f3e78874bc0a0,https://www.tiktok.com/@sandrosir/video/7688297539388411168
sandrosir,2026-09-23,2026-10-05,sandrosir,video,5383,138,21,5,False,German,,"Ich weis garnicht wie oft ich schon TTBs da reingestellt und sie wieder aufgerissen habe 😂

#Pokemon #PokemonTCG #pokemontiktok #pokemoncommunity #pokemonfan",f7781380f1f5c5b36be305e2,https://www.tiktok.com/@sandrosir/video/7688734870016691489
sandrosir,2026-09-23,2026-10-05,sandrosir,video,6815,292,49,14,False,English/other,,"Kann man machen 🔥

#Pokemon #PokemonTCG #pokemoncommunity #pokemon30",0d15e8d9e4135eebf29f4a13,https://www.tiktok.com/@sandrosir/video/7688662341117938977
sandrosir,2026-09-24,2026-10-05,sandrosir,video,4811,133,34,7,False,German,,"Ich hoffe die Situation ändert sich noch…

#PokemonKarten #PokemonTCG #Pokemon #pokemon30",11dc7ac622ce6373f453f1b6,https://www.tiktok.com/@sandrosir/video/7689104185412832545
sandrosir,2026-09-24,2026-10-05,sandrosir,video,1570,44,13,8,False,German,,"Anzeige

🔥 HIDE & SEEK IN DER BVB-ARENA! 🔥

Am 23.01.2027 wird Dortmund zum Treffpunkt für alle TCG- & Kartenfans! 🃏⚡️

Bei der Dortmund Card Show heißt es für euch:
👀 SUCHEN.
🏃 FINDEN.
🎁 ABRÄUMEN.

Wir starten ein HIDE & SEEK direkt auf der Kartenmesse – und ihr könnt mittendrin sein! 👀🔥

📍 SIGNAL IDUNA PARK – Dortmund
📅 23.01.2027

🎟️ Tickets & alle Infos bekommt ihr auf dortmundcardshow.com

Wer von euch ist in Dortmund dabei? 👀👇

#DortmundCardShow #PokemonTCG #PokemonKarten #TCG #CardShow",7ebce8baad9b194c93a7d4d8,https://www.tiktok.com/@sandrosir/video/7689046629814406433
sandrosir,2026-09-25,2026-10-05,sandrosir,video,4962,151,24,17,False,German,,"🔥 Mit meinem Code SANDRO30 spart ihr 30 % auf das Monats- oder Jahresabo bei CollectHolo! 🔥

Anzeige | Kooperation mit CollectHolo

Ich durfte @CollectHolo.com jetzt selbst ausgiebig testen und bin wirklich begeistert davon – und das Wichtigste: Ich nutze die App mittlerweile selbst für meine Sammlung. ❤️

Das für mich stärkste Feature: Ihr könnt einfach eure Pokémon-Karten scannen und bekommt direkt die entsprechenden Kartenpreise auf Basis von Cardmarket angezeigt. Das funktioniert natürlich nicht nur mit deutschen Karten, sondern auch mit Karten in anderen Sprachen, z. B. Japanisch, Chinesisch oder Englisch.

📸 Karte fotografieren → scannen → zack, erkannt und drin.

Danach könnt ihr die Karte direkt eurem gewünschten Portfolio hinzufügen. Ihr könnt eigene Ordner und Portfolios erstellen, Lieblingskarten speichern, Preisentwicklungen beobachten und eure komplette Sammlung tracken.

Auch Sealed-Produkte und gegradete Karten könnt ihr verwalten. Gerade wenn die eigene Sammlung immer größer wird, finde ich es extrem praktisch, alles an einem Ort zu haben und direkt den Gesamtwert der jeweiligen Sammlung zu sehen.

Und das Beste: Ihr könnt CollectHolo erstmal kostenlos nutzen. In der kostenlosen Version habt ihr bis zu 25 Scans pro Tag und könnt bis zu 500 Karten verwalten. Wer mehr braucht, kann auf die kostenpflichtige Version wechseln – dort sind bis zu 500 Scans pro Tag möglich.

📱 CollectHolo ist sowohl im App Store für iOS als auch für Android verfügbar.

Ich bin wirklich happy über die Kooperation, weil es keine App ist, die ich euch einfach nur zeige: Ich nutze CollectHolo selbst und bin wirklich überzeugt davon. 🫶

👉 SANDRO30 = 30 % Rabatt auf das Monats- oder Jahresabo

Den Link zu CollectHolo findet ihr ebenfalls direkt bei mir. ❤️

#Pokemon #PokemonTCG #PokemonKarten #TCG #pokemon30",6147ded44f4da57772eada18,https://www.tiktok.com/@sandrosir/video/7689485374606888224
sandrosir,2026-09-25,2026-10-05,sandrosir,video,5065,210,49,10,False,German,,"Wir gehen dem auf die Spur 🔥

#PokemonKarten #PokemonTCG #Pokemon #pokemon30",d903eff242e8b03ad84e9c61,https://www.tiktok.com/@sandrosir/video/7689404803541142816
sandrosir,2026-09-26,2026-10-05,sandrosir,video,23900,1042,763,725,True,German,,"🎉 30 JAHRE POKÉMON – COMMUNITY-AKTION! 🎉

Passend zum 30-jährigen Jubiläum wartet eine Top-Trainer-Box auf eine Person aus der Community! 🔥

So seid ihr dabei:

❤️ Beitrag liken
💬 Euer Lieblings-Pokémon kommentieren
➕ Mir auf TikTok folgen
🔁 Beitrag reposten
📤 Auf „Teilen“ und anschließend „Link kopieren“ klicken

⏰ Zeitraum:
Samstag, 26.09.2026 bis Samstag, 03.10.2026 um 23:59 Uhr.

Danach ist FINITO! 😂

Nach Ablauf des Zeitraums wird unter allen gültigen Teilnahmen zufällig eine Person ausgewählt und über meinen offiziellen TikTok-Account bekannt gegeben.

Fake-, Bot- und Mehrfachaccounts sowie Manipulationsversuche werden ausgeschlossen. Pro Person wird nur eine Teilnahme berücksichtigt.

Bei Minderjährigen ist für die Entgegennahme der Top-Trainer-Box die Zustimmung der Erziehungsberechtigten erforderlich.

Diese Community-Aktion steht in keiner Verbindung zu TikTok und wird weder von TikTok gesponsert, unterstützt noch organisiert. Veranstalter bin ausschließlich ich.

Für die Abwicklung werden erforderliche Kontaktdaten ausschließlich zu diesem Zweck verwendet.

Der Rechtsweg ist, soweit gesetzlich zulässig, ausgeschlossen.

🔥 Also: Welches Pokémon ist euer absoluter Favorit? 👀

#Pokemon #PokemonTCG #PokemonKarten #pokemon30 #pokemontiktok",4e0d0a558bbd1d67552d26db,https://www.tiktok.com/@sandrosir/video/7689821066121858336
sandrosir,2026-09-26,2026-10-05,sandrosir,video,5909,241,38,9,False,German,,"Also das war wirklich ganz frech von dem Set ….

#Pokemon #PokemonTCG #PokemonKarten",a248038cf351215ed870a157,https://www.tiktok.com/@sandrosir/video/7689758767730216224
sandrosir,2026-09-27,2026-10-05,sandrosir,video,1701,76,13,0,False,German,,😳 #Pokemon #PokemonTCG #PokemonKarten #PokemonKarten,f3431c9e35b6cf3d568b0fba,https://www.tiktok.com/@sandrosir/video/7690316072481738016
sandrosir,2026-09-27,2026-10-05,sandrosir,video,4351,153,10,9,False,German,,"Anzeige / Werbung @AOG-Absolute Objective Grading 

Meine Karten sind zurück von AOG! 🔥❤️

Und ich muss wirklich sagen: Ich bin super happy mit dem Ergebnis. Gerade die Slabs haben mich extrem überrascht – die fühlen sich richtig hochwertig, massiv und stabil an. Das hat mich wirklich begeistert. 🙏

Was ich aber genauso hervorheben möchte, ist das ganze Drumherum. Schon beim Auspacken merkt man einfach, wie viel Liebe zum Detail da drinsteckt. Die Verpackung, die Präsentation, wie die Karten zurückkommen – da gibt sich AOG wirklich Mühe, und das muss man ihnen einfach lassen. ❤️

Für mich gehört genau sowas beim Grading mit dazu. Man schickt schließlich Karten ein, die einem teilweise richtig viel bedeuten, und dann macht es einfach Spaß, wenn sie so zurückkommen.

Ich bin auf jeden Fall mehr als zufrieden mit meinem Return und freue mich schon darauf, euch die einzelnen Karten und Grades zu zeigen. 👀🔥

Danke an AOG für die tolle Arbeit! ❤️

#Pokemon #PokemonTCG #PokemonKarten #pokemon30",b56248782cdf05862c7ab2c4,https://www.tiktok.com/@sandrosir/video/7690244307294440736
sandrosir,2026-09-27,2026-10-05,sandrosir,video,18200,1315,24,305,True,German,,"Wieso bringt sie mir nie was mit ….

#Pokemon #PokemonTCG #PokemonKarten #pokemon30 #pokemontiktok",7e1d22343852ab9c9188f7ea,https://www.tiktok.com/@sandrosir/video/7690129658880265505
sandrosir,2026-09-28,2026-10-05,sandrosir,video,9778,447,227,167,True,German,,"WERBUNG | Kooperation mit SandroSIR 🔥

Gemeinsam mit SandroSIR möchten wir der Pokémon-Community etwas zurückgeben! ❤️

Deshalb stellen wir eine Pokémon Center Top-Trainer-Box „Fatale Flammen“ für diese Verlosung zur Verfügung! 🔥

So seid ihr dabei:
🔥 @CloudzTCG & @SandroSIR folgen
🔥 Video liken
🔥 Kommentieren
🔥 Video speichern
🔥 Teilen & Link kopieren

⏰ Teilnahmeschluss: Montag, 28.09.2026 um 23:59 Uhr

Teilnahme ab 18 Jahren oder mit Zustimmung der Erziehungsberechtigten und mit Wohnsitz in Deutschland. Keine Barauszahlung. Der Rechtsweg ist ausgeschlossen. Fake-, Spam- und reine Gewinnspielaccounts können ausgeschlossen werden. Mehrfachkommentare erhöhen die Chance nicht.

Diese Verlosung steht in keiner Verbindung zu TikTok, Pokémon/The Pokémon Company International oder Nintendo und wird von diesen weder gesponsert, unterstützt noch organisiert.

⚠️ Vorsicht vor Fake-Accounts: Für die Teilnahme werden niemals Bankdaten oder Zahlungen verlangt.

Wir wünschen euch ganz viel Glück! 🍀🔥
Und ein großes Dankeschön an SandroSIR für die gemeinsame Aktion! ❤️

#Pokemon #PokemonTCG #PokemonKarten #pokemontiktok #pokemoncommunity",ae306671c98f3303edfc424d,https://www.tiktok.com/@sandrosir/video/7690609659530513697
sandrosir,2026-09-28,2026-10-05,sandrosir,video,12200,421,76,23,False,German,,"Ich war so schockiert 🔥🔥

#Pokemon #PokemonTCG #PokemonKarten #pokemon30 #pokemontiktok",58d79bafcea2565faec4b520,https://www.tiktok.com/@sandrosir/video/7690543493177036064
sandrosir,2026-09-28,2026-10-05,sandrosir,video,12600,661,84,117,True,German,,"Bin so stolz auf meine Seald Sammlung ❤️

#Pokemon #PokemonTCG #PokemonKarten #pokemon30 #pokemontiktok",2cbe529e1ba3820e059fc6fb,https://www.tiktok.com/@sandrosir/video/7690512312947477793
sandrosir,2026-09-29,2026-10-05,sandrosir,video,1528,65,6,0,False,English/other,no caption,,2df7a7db45ac5b69247a3ef9,https://www.tiktok.com/@sandrosir/video/7691064018458496288
sandrosir,2026-09-29,2026-10-05,sandrosir,video,3372,103,22,11,False,German,,"Hinweis: Dieser Vergleich basiert ausschließlich auf meiner persönlichen Meinung und meinen eigenen Erfahrungen mit den Slabs von PSA, Beckett und AOG. Er stellt keine objektive Qualitätsbewertung dar und soll keines der genannten Unternehmen oder deren Produkte abwerten. Geschmäcker und persönliche Präferenzen können natürlich unterschiedlich sein.

#Pokemon #PokemonTCG #PokemonKarten #pokemoncommunity",55883832215894ac4172b438,https://www.tiktok.com/@sandrosir/video/7690985749843381537
sandrosir,2026-09-29,2026-10-05,sandrosir,video,10600,532,56,19,False,German,,"Ich liebe es 🔥❤️

#Pokemon #PokemonTCG #PokemonKarten #pokemontiktok #pokemoncommunity",9b6e22d6f26c30eceef8ff1f,https://www.tiktok.com/@sandrosir/video/7690945076809305376
sandrosir,2026-09-30,2026-10-05,sandrosir,video,4145,202,30,26,False,German,,"Brutal die Hitrate von denen 😂

#Pokemon #PokemonTCG #PokemonKarten #pokemoncommunity #pokemon30",79ae26ce7a3a6585df6d7c80,https://www.tiktok.com/@sandrosir/video/7691359862785051937
sandrosir,2026-09-30,2026-10-05,sandrosir,video,6090,261,63,7,False,German,,"Wie findet ihr das ? 😂

#Pokemon #PokemonTCG #PokemonKarten #pokemoncommunity #pokemon30",7e1f742be1efd46683101b93,https://www.tiktok.com/@sandrosir/video/7691306912603770145
sandrosir,2026-09-30,2026-10-05,sandrosir,video,2315,104,9,2,False,German,,"Das tollste das immer was daheim is 

#Pokemon #PokemonTCG #PokemonKarten #pokemoncommunity #pokemontiktok",6364aad69f8a0c227711c667,https://www.tiktok.com/@sandrosir/video/7691256317050146081
sandrosir,2026-10-01,2026-10-05,sandrosir,video,4131,192,19,9,False,German,,"Mein Favorit gezogen 😍

#Pokemon #PokemonTCG #PokemonKarten #pokemoncommunity",3429ff36e88313b99711fced,https://www.tiktok.com/@sandrosir/video/7691803480482254113
sandrosir,2026-10-01,2026-10-05,sandrosir,video,5333,183,38,6,False,German,,"For real dachte es wird ne 10 :( 

#Pokemon #PokemonTCG #PokemonKarten #pokemoncommunity #pokemon30",da26b75897d66989ed4f68cf,https://www.tiktok.com/@sandrosir/video/7691723101654011168
sandrosir,2026-10-01,2026-10-05,sandrosir,video,2367,100,14,14,False,German,,Will einfach nur Rippen… #Pokemon #PokemonTCG #PokemonKarten #pokemoncommunity,2bc321389d7b95eb6e1031a4,https://www.tiktok.com/@sandrosir/video/7691613014138588449
sandrosir,2026-10-02,2026-10-05,sandrosir,video,5940,303,40,17,False,German,,"Was findet ihr ist besser ? 

#Pokemon #PokemonTCG #PokemonKarten #pokemon30 #pokemoncommunity",47a8bf75e42621f573751a3c,https://www.tiktok.com/@sandrosir/video/7692079875645082912
sandrosir,2026-10-02,2026-10-05,sandrosir,video,3662,115,27,86,True,German,,"Finde man sieht die Ähnlichkeit als ich damals ein Pikatchu war 🥹

#Pokemon #PokemonTCG #PokemonKarten #pokemon30",81cad04cf40094eb5ba23182,https://www.tiktok.com/@sandrosir/video/7691996937037417761
sandrosir,2026-10-03,2026-10-05,sandrosir,video,2328,91,10,2,False,German,,"Man

#Pokemon #PokemonTCG #PokemonKarten #pokemon30",cf638324a338ac20fb708713,https://www.tiktok.com/@sandrosir/video/7692520170857811233
sandrosir,2026-10-03,2026-10-05,sandrosir,video,6055,193,18,35,False,German,,"Hauptsache ich hab die Karten 

#Pokemon #PokemonTCG #PokemonKarten #pokemon30",9ac14236a4d0a616348a7a9c,https://www.tiktok.com/@sandrosir/video/7692446327740828960
sandrosir,2026-10-03,2026-10-05,sandrosir,video,2633,124,28,0,False,German,,"Wie findet ihr die Karte ? 

#Pokemon #PokemonTCG #PokemonKarten #pokemon30",360a529fca28b276e8675126,https://www.tiktok.com/@sandrosir/video/7692386517238500641
sandrosir,2026-10-04,2026-10-05,sandrosir,image,3118,68,23,1,False,English/other,,"Hab echt kein Peil…
#Pokemon #PokemonTCG #pokemoncommunity",7129b7081bd50094aa27e7fc,https://www.tiktok.com/@sandrosir/video/7692876426688695584
sandrosir,2026-10-04,2026-10-05,sandrosir,video,7207,325,44,29,False,German,,"Hm war eig gut 

#Pokemon #PokemonTCG #pokemoncommunity #PokemonKarten",b3a569b14582c772aed93903,https://www.tiktok.com/@sandrosir/video/7692849042866457888
sandrosir,2026-10-04,2026-10-05,sandrosir,video,2132,105,18,7,False,German,,"Wer kennts nicht 😂

#Pokemon #PokemonTCG #PokemonKarten #pokemoncommunity",72c685f26e87cbbdb60c77b2,https://www.tiktok.com/@sandrosir/video/7692756665153654048
sandrosir,2026-10-05,2026-10-05,sandrosir,video,945,35,4,0,False,German,,"Unglaubliches gefühl ❤️

#pokemon #pokemonkarten #30jahrepokémon #CapCut",ae4c44a4ce1fa9ddddd6c471,https://www.tiktok.com/@sandrosir/video/7693216064057904417
sandrosir,2026-10-05,2026-10-05,sandrosir,video,969,37,3,1,False,German,,"Denkt ihr diesmal schaff ich es ?

#pokemon #pokemonkarten #30jahrepokémon",47b07a5a550a50ba9b0d8cef,https://www.tiktok.com/@sandrosir/video/7693164388215164192
sandrosir,2026-10-05,2026-10-05,sandrosir,video,3514,160,42,11,False,German,,"Damit hab ich ned gerechnet 😂😂

#Pokemon #PokemonTCG #PokemonKarten #pokemontiktok #pokemoncommunity",1c607be860b0b7cc958b933b,https://www.tiktok.com/@sandrosir/video/7693115868279999776
