topic,search_term,post_date,pulled_date,handle,account_name,views,likes,comments,shares,caption,ai_summary,onscreen_text,production_style,content_type,is_commercial,has_adology_analysis,flag,url
coins,silver coins,2026-10-01,2026-10-01,coinhub,Coin Hub,84,0,1,,We’ve done it! 90% silver graded coin starting at $1! Visit Arena Club to find all the hype! We’ve gotten 2 coin packs and opened them right up! Best part is that you can open coin packs right from yo,"Coin Hub creator promotes Arena Club coin packs and auction features, demonstrating a $50 pack unboxing that yields a valuable graded silver coin, showcasing the buyback decline, applying promo code COINHUB for 10% off, and demonstrating how to list coins for auction.","1954 50C VF 30 NGC; NUMISMATIC GUARANTY COMPANY; You received an Arena Club offer!; $31; 1954 Franklin Half Dollar, VF-30 (NGC); U.S. COINS $50; Add Coin Case safe option; COINHUB 10% off; $45.00; 1906-D Barber Half Dollar, G-6 (PCGS); LIST FOR AUCTION; Start Price $1; Bid Increments $1 $5 $10 $20; Schedule Listing End Date",Polished Creator,Tutorial,true,yes,,https://www.tiktok.com/@coinhub/video/7691754720590875934
coins,(not in thumbnail),2026-10-01,2026-10-01,diggindave_,Diggin Dave,31,2,,,"What Did I Find in this Quarter Roll?

#coins #coincollecting #coincollector #coinrollhunting",,,,,,no,,https://www.tiktok.com/@diggindave_/video/7691750640187493662
coins,coin collecting,2026-10-01,2026-10-01,jmc.broadcasting,JMC Broadcasting,5,0,,,"Are collectible coins really worth it? One buyer paid $970 for a 5-ounce coin valued at just $180!
FOR MORE AMAZING JMC PROGRAMMING LIKE THIS, VIEW OUR FULL SCHEDULE HERE: https://jmcbroadcasting.com/",A financial broadcast segment from JMC Broadcasting warning viewers against overpaying for collectible coins by comparing retail invoice prices to raw metal spot value.,"GRACE PRES MET. But folks, the world has changed. I mean, you don't see people collecting canceled postage stamps anymore and putting them in these little booklets. People aren't trading and collecting semi-numismatics any longer. Bottom line, you're overpaying. I looked at an invoice the other day of someone who bought a 5-ounce coin and they paid roughly $970 for a 5-ounce coin, which is about $180. So about 3 times the prevailing spot price. So you know you're we're seeing numbers that are so divorced from the actual value of the metals that it would make your head spin.",Polished Creator,Interview,true,yes,,https://www.tiktok.com/@jmc.broadcasting/video/7691730359838428429
coins,(not in thumbnail),2026-10-01,2026-10-01,theunbelievable,The unbelievable,162,3,,,#coinrollhunting #numismatics #coincollecting #halfdollar #silvercoins #coincollector #rarecoins #fyp,,,,,,no,,https://www.tiktok.com/@theunbelievable/video/7691559330407075086
coins,rare coins,2026-10-01,2026-10-01,dansdollarss,Dans Dollars,10800,177,56,39,"1,500,000,000 UK 1971 2 NEW PENCE COIN VALUE ELIZABETH II #COIN #FYP #rarecoins #coincollecting #elizabeth","A numismatic creator reviews the history, mintage, and collectibility of the 1971 UK two new pence coin while teasing the higher value of the 1983 variant, driving audience engagement through comment calls.","1,500,000,000; UK 1971 2 NEW PENCE COIN VALUE + REVIEW ELIZABETH II; ELIZABETH II D G REG FD 1971; NEW PENCE 2",Raw UGC,Tutorial,false,yes,,https://www.tiktok.com/@dansdollarss/video/7691720334277348630
coins,silver coins,2026-10-01,2026-10-01,oakmontnumis,Oakmont Numismatics,199,17,2,1,#silver #collectibles #OldCoins #Numismatics #silvercoin,"A short-form numismatic showcase featuring a detailed close-up inspection of an 1836 Dutch East Indies coin against a backdrop of collector supplies, scored with a classic love ballad.","18 36, INDIE NEDERL, ONE POUND, No. 647572, 21, 24, 45, 595, 1787, 1964",Raw UGC,Vlog,true,yes,,https://www.tiktok.com/@oakmontnumis/video/7691682249208565014
coins,rare coins,2026-10-01,2026-10-01,colos70,Luis Coins 🇩🇪🇺🇲🇭🇺,80,24,18,2,"#coinscollector #numismatic #coins #raremünze #My coin collection is for sale!! 13,500 pieces. Coins partly plated with silver and 24 carat gold. With certificate of origin. Emperor Franz Joseph 5 cro","A coin collector showcases his 13,500-piece collection—featuring silver- and gold-plated antique coins like the 1900 Franz Joseph 5 crown—framed within a high-status cinematic narrative involving a luxury sports car, paparazzi crowds, and scale measurements.","CEFC RoHS, Count, Tare, UNIT, 17.926, LUIS COINS, FERENCZ JOZSEF I KA CS ES ME H S D O AP KIR, 5 KORONA, 1900, THE END. BYE, BYE",High-Production,Vlog,true,yes,,https://www.tiktok.com/@colos70/video/7691653675940351265
coins,silver coins,2026-10-01,2026-10-01,marcgebauerclips.eng,marcgebauerclips.eng,819,16,,,"Marc bought new silver coins 🪙🦋🔎
#marcgebauer #highlights #silver #shopping #fy","Creator Marc Gebauer unboxes an expensive silver commemorative coin featuring King Charles III and a butterfly, discussing its price and aesthetic details.","What I paid for it, you might ask, I paid for it dollar, first off, let's see it, Here is a stand, logo, And then here, we have a beautiful coin, which has Charles on this side, this side And, on the other side, Wow, stunning, *expensive plastic squeaking*, 1,000",Raw UGC,Review,true,yes,,https://www.tiktok.com/@marcgebauerclips.eng/video/7691651091448040737
coins,silver coins,2026-10-01,2026-10-01,oakmontnumis,Oakmont Numismatics,265,22,,,#silver #collectibles #OldCoins #Numismatics #silvercoin,"A short, satisfying POV video showcasing a vintage silver coin being handled and placed into a wooden and red velvet collector's tray, set to an upbeat instrumental backing track.",,Raw UGC,Vlog,false,yes,,https://www.tiktok.com/@oakmontnumis/video/7691641516422581507
coins,silver coins,2026-10-01,2026-10-01,pastor.dawn.devon6,Mr mike Andrew,780,21,16,1,"THE SILVER R1 COIN SETS WERE STRUCK AS PART OF THE SECOND DECIMAL ISSUE
1965
1990. IN 1962 IT WAS ANNOUNCED THAT A CHANGE IN SIZE, DESIGN AND METAL CONTENT OF COINS WAS BEINGK CONSIDERED. THIS WAS PRI","A creator shares an enthusiastic testimonial about successfully selling coins to Mr Mike Andrew, supported by overlaid bank deposit screenshots and coin history text, functioning as a peer recommendation for a coin purchasing service.","THE SILVER R1 COIN SETS WERE STRUCK AS PART OF THE SECOND DECIMAL ISSUE 1965 1990; Capitec Cash Deposit Note Deposit R270 000 000.00 R6,000,000.00; #typviral #southmandelacolouge #coin #southafrica #goviral",Raw UGC,Review,true,yes,,https://www.tiktok.com/@pastor.dawn.devon6/video/7691617086719692039
coins,(not in thumbnail),2026-10-01,2026-10-01,diggindave_,Diggin Dave,173,8,,,"Two Proof Dimes in One Roll!

#coins #coincollecting #coinrollhunting #valuablecoins #proofcoins",,,,,,no,,https://www.tiktok.com/@diggindave_/video/7691522817040436511
coins,silver coins,2026-10-01,2026-10-01,foreigncoincollector,rp_coins,118,8,2,,Some German coins from the coin collection. #coincollection #german #silvercoins #coins #collectors,"A short, aesthetically stylized video showcasing historical German coins from a personal collection, set to an electronic beat with sparkling visual overlays.",GERMANY; 10 PFENNIG; 1914; A; 1 MARK; DEUTSCHES REICH; 1847-1934; Paul von Hindenburg; 2 REICHSMARK,Raw UGC,Aesthetic,false,yes,,https://www.tiktok.com/@foreigncoincollector/video/7691491201337347359
coins,coin collecting,2026-10-01,2026-10-01,diggindave_,Diggin Dave,1211,26,2,,"GOLD & SILVER!

#coins #coincollecting #coinrollhunting #coinsworthmoney #gold","A coin roll hunter opens box 4 roll 4, hyping up a potential gold and silver find in the voiceover before revealing a gold-plated 2010 Mount Hood quarter and a 1984 Canadian elk quarter, subverting expectations with deadpan humor.",GOLD & SILVER!; DIGGIN DAVE; QUARTERS $500; 4; UNITED STATES OF AMERICA; IN GOD WE TRUST; LIBERTY; QUARTER DOLLAR; PHILADELPHIA 2010; MOUNT HOOD OREGON; ELIZABETH II D G REGINA; 25 CENTS; CANADA; 1984; METAL DETECTING COIN ROLL HUNTING,Raw UGC,Review,false,yes,,https://www.tiktok.com/@diggindave_/video/7691489863522159903
coins,(not in thumbnail),2026-09-30,2026-10-01,numisnuts2,NumisNuts,1000,19,7,1,AMAZING box of quarters #rarecoins #coinrollhunt #silvercoins #coincollecting #rarecoin,,,,,,no,,https://www.tiktok.com/@numisnuts2/video/7691449927548882189
coins,silver coins,2026-09-30,2026-10-01,mm244206,Miftah King 🇸🇦🇸🇦🇸🇦,554,20,,,THOUSANDS of silver dimes were inherited!!! #silvercoins #silvercoin #coin #coins,"A creator explains the potential value of an inherited collection of 3,000 silver dimes, highlighting specific rare errors like the 1942 overdate Mercury dime and the 1965 transitional Roosevelt dime to demonstrate how a collection can exceed baseline silver melt value.","Inherited 3000 silver dimes., IN GOD WE TRUST, 1942, SOLD, S $900.00, LIBERTY, 1965, 10C Roosevelt Dime -- Struck on a 90% Silver Planchet, Transitional Alloy -- PCGS. Breen-3761., Sold For: $12,600.00, Make Offer to Owner $18,900 or more, 1964 D Roosevelt Dime, Sold Jun 8, 2026, $5.99, Buy It Now",Raw UGC,Tutorial,false,yes,,https://www.tiktok.com/@mm244206/video/7691420517697424661
coins,silver coins,2026-09-30,2026-10-01,saltlakecitykid,saltlakecitykid,405,12,2,,Killing time #datacenter #silvercoins #silver #utah,"A TikTok video by user saltlakecitykid showing a first-person view of quenching, sorting, and weighing small cast silver pieces on a wooden workbench while Bob Marley's Three Little Birds plays in the background.",,Raw UGC,Vlog,false,yes,,https://www.tiktok.com/@saltlakecitykid/video/7691404853398097166
coins,coin collecting,2026-09-30,2026-10-01,diggindave_,Diggin Dave,756,18,2,,"Weird Token Found!

#coins #coincollecting #coincollector #coinrollhunting #quarters","A coin roll hunter opens a standard box of quarters, discovers an unexpected brass mini-golf token from PGN Fun Village in Hickory Hills, Illinois, and asks his audience for information about its origins in a casual, engaging TikTok video.","QUARTERS $500 5, ADVENTURE MINI GOLF PGN FUN VILLAGE HICKORY HILLS, IL 708-430-7490 FAMILY FUN FOR EVERYONE, PGN FUN VILLAGE",Raw UGC,Vlog,false,yes,,https://www.tiktok.com/@diggindave_/video/7691355060260916510
coins,(not in thumbnail),2026-09-30,2026-10-01,numisnuts2,NumisNuts,1832,40,4,2,Great frame coin find #rarecoins #rarecoin #coinrollhunt #coincollecting #limitededition,,,,,,no,,https://www.tiktok.com/@numisnuts2/video/7691351552925224222
coins,silver coins,2026-09-30,2026-10-01,dadecitycoin,Dade City Coin,224,10,1,,"🇨🇦🍁 50 Years of the Canadian Flag — in pure silver!

Ms. Sariah is showing off the 2015 Royal Canadian Mint $25 for $25 Silver Coin, issued to celebrate the 50th anniversary of Canada’s iconic mapl","Dade City Coins staff member Ms. Sariah is quizzed on camera about the 2015 Royal Canadian Mint $25 for $25 Silver Coin issued for the 50th anniversary of the Canadian flag, highlighting its purity, mintage, and historical significance.","09/30/26, The 2015, *50th Anniversary of the, Canadian Flag*, Silver Coin, DADE CITY COIN",Polished Creator,Tutorial,true,yes,,https://www.tiktok.com/@dadecitycoin/video/7691245018614418702
coins,(not in thumbnail),2026-09-30,2026-10-01,craigcollects,CraigCollects,281,13,,,"Can we find a commemorative $2 coin today?
#coinroll #australiancurrency #treasurehunt #numismatics",,,,,,no,,https://www.tiktok.com/@craigcollects/video/7680093766870437136
coins,(not in thumbnail),2026-09-30,2026-10-01,bigwillewill,BigWilleWill,6677,218,9,4,Rare $2 coin hunting! #noodling #unboxing #coinhunt #coinhunting #rare,,,,,,no,,https://www.tiktok.com/@bigwillewill/video/7691145182271606037
coins,coin collecting,2026-09-30,2026-10-01,rapidreveals03,RapidCasts,7035,78,7,1,Rare oregon trail coins worth thousands of dollars #pawnshop #coin #collection #valuable,"A short-form video compilation from a reality television pawn shop show featuring a customer attempting to sell a rare set of Oregon Trail commemorative half dollars and historical ephemera, ending on a cliffhanger appraisal question.",RARE OREGON TRAIL COINS; UNITED STATES OF AMERICA; HALF DOLLAR; OREGON; WORLD FAMOUS GOLD & SILVER PAWN SHOP,Polished Creator,Storytime,false,yes,,https://www.tiktok.com/@rapidreveals03/video/7691127237638196502
coins,coin collecting,2026-09-30,2026-10-01,marktbjt3sd,marktbjt3sd,12900,53,1,2,"I almost dumped 7,000 quarters into the coin machine… then I spotted this 👀 A 2004-D Wisconsin with the extra leaf. Scanned it with CoinClue: $50–$300 😳

Check your quarters before you cash them in ","A coin collector filming a routine trip to a grocery store coin counting machine dramatically halts the deposit of 7,000 quarters upon spotting a rare 2004-D Wisconsin Extra Leaf error coin, validating the find using the CoinClue app and estimating its value at up to $300.","I Almost Cashed In 7,000 Quarters!; Coin Total $1,569.00; Coin Total $1,597.50; Coin Total $1,626.25; Coin Total $1,655.00; Coin Total $1,683.75; Coin Total $1,699.25; W.CONSIN 1816 E PLURIBUS UNUM 2UE OF 935; CoinClue; 88% match; 2004-D Wisconsin Extra Leaf; You got 1 rare extra leaf error on your quarters; Clear Picks; $50-$300; Part 1",Raw UGC,Storytime,true,yes,,https://www.tiktok.com/@marktbjt3sd/video/7691115907715845407
coins,coin collecting,2026-09-30,2026-10-01,marktbjt3sd,marktbjt3sd,13800,80,8,4,"Digging through thousands of old coins at a flea market… and found an 1893 silver dollar 👀 Scanned it with CoinClue: 1893-S Morgan, $3,000–$5,000 😳

Check your old coins before you sell them for scr","A creator at an outdoor flea market simulates sorting through thousands of coins, discovers an 1893 silver dollar, and uses the CoinClue app to appraise it at $3,000 to $5,000, promoting the app as a tool for viewers to check their own coin collections.","I'm digging through thousands of old coins at a flea market... and wait. Is this an 1893 silver dollar? Scan your coins free Get CoinClue -> coinclue.app Let me scan it with CoinClue... an 1893-S Morgan... $3,000-$5,000? No way.",Raw UGC,Tutorial,true,yes,,https://www.tiktok.com/@marktbjt3sd/video/7691111325258337566
coins,(not in thumbnail),2026-09-29,2026-10-01,diggindave_,Diggin Dave,4130,64,,6,"SILVER Quarter Found CoinRollHunting!

#coinrollhunting #coins #silvercoins #coincollecting #silver",,,,,,no,,https://www.tiktok.com/@diggindave_/video/7691101747737103646
coins,(not in thumbnail),2026-09-29,2026-10-01,numisnuts2,NumisNuts,1891,65,14,1,Great PROOF find #rarecoins #coinrollhunt #proofcoin #coincollecting #rarecoin,,,,,,no,,https://www.tiktok.com/@numisnuts2/video/7690997043409472799
coins,rare coins,2026-09-29,2026-10-01,cartweaks_,Pawn Legacy Us Shop🇺🇸,584,20,1,,"This man brought a $700,000 sunken treasure into the pawn shop 😳🪙 #pawnshop #pawnstars #rarecoins #collection","A short-form video clip featuring an episode of Pawn Stars where a seller brings in a rare, fused mass of 1702 silver rupee coins from a sunken royal ship, valued at hundreds of thousands of dollars, concluding with a cliffhanger asking viewers to comment for part two.",TAJ MAHAL SUNKEN TREASURE COINS; PAWNLEGACY_XT; 17:02; OPEN 24 HRS; WORLD FAMOUS GOLD & SILVER PAWNSHOP,High-Production,Storytime,false,yes,,https://www.tiktok.com/@cartweaks_/video/7690981284180528406
coins,rare coins,2026-09-29,2026-10-01,usa.focus.coin,usa focus coin,6960,240,86,45,"1990 Washington Quarter Worth $365,000? 😱 Rare Coin Value You Need to Know!#1990WashingtonQuarter #WashingtonQuarter #RareCoins #ValuableCoins #CoinCollecting","A short-form educational video examining the potential value of a 1990 Washington quarter, warning viewers about common values while highlighting rare error potential.","$365,000; 1990; UNITED STATES; QUARTER; COIN; COLLECTORS; EXCEPTIONAL; CONDITION; ERROR; UNUSUAL; VARIETY; PROVIDED; CLAIMED; VALUE; AT; HOWEVER; SHOULD; CAREFULLY; VERIFY; ANY; EXTRAORDINARY; VALUATION; BECAUSE; MOST; QUARTERS; ARE; COMMON; AND; NORMALLY; TRADE; CLOSE; TO; FACE; WHILE; DOCUMENTED; HIGH-GRADE; OR; EXAMPLES; CAN; BRING; MORE; LOOK; CLOSELY; WASHINGTON'S; PORTRAIT; THE; DATE; MINT; MARK; OVERALL; SURFACES; GENUINE; SUCH; AS; STRONG; DOUBLING; MISSING; CLAD; LAYERS; DRAMATIC; OFF-CENTER; STRIKES; INCREASE; COLLECTOR; INTEREST; EXTREMELY; IMPORTANT; SCRATCHES; DAMAGE; ENVIRONMENTAL; SIGNIFCANTLY; REDUCE; IF; YOU; BELIEVE; HAS; FEATURE; PROFESSIONAL; AUTHENTICATION; GRADING; HELP; DETERMINE; ITS; TRUE; MARKET; DISCOVERY; IN; YOUR; POCKET; CHANGE; COULD; MAKE; THIS; ORDINARY-LOOKING; WORTH; INVESTIGATING.",Raw UGC,Tutorial,false,yes,,https://www.tiktok.com/@usa.focus.coin/video/7690972450716224770
coins,coin collecting,2026-09-29,2026-10-01,samso.tiv,Samso tiv,5546,193,19,37,"1966 Kennedy Half Dollar – Estimated Sold Value $54,000! Could This Vintage 50-Cent Coin Be Hiding a Fortune? One Tiny Detail Could Make Collectors Take a Second Look!","A short-form educational video exploring the numismatic history and potential $54,000 value of a 1966 Kennedy half dollar, emphasizing mint mark absence, 40% silver composition, and high-grade condition criteria.","1966 KENNEDY HALF DOLLAR - ESTIMATED SOLD VALUE $54,000! / UNITED STATES OF AMERICA / HALF DOLLAR / IN GOD WE TRUST / LIBERTY / 1966",Polished Creator,Tutorial,false,yes,,https://www.tiktok.com/@samso.tiv/video/7690943862918941965
coins,coin collecting,2026-09-29,2026-10-01,pastorjacob_coinsbuyer,pastor jacob,2523,36,28,13,#Coins #CoinTok #CoinCollection #CoinCollector #RareCoins,A TikTok video by pastor jacob warning coin sellers against paying online fees and offering to buy rare coins strictly through face-to-face meetings arranged via WhatsApp.,kindly message me on WhatsApp+27 71 950 450 to sell your coins we only meet face to face,Raw UGC,Tutorial,true,yes,,https://www.tiktok.com/@pastorjacob_coinsbuyer/video/7690808165750852884
coins,(not in thumbnail),2026-09-28,2026-10-01,zoobitip4t6,Laiba...😽Shehzadi😽,307,2,,,Deep Dive Roll Hunt Half Dollars #coincollecting #coinrollhunting #numismatics #reels #viral Com (1),,,,,,no,,https://www.tiktok.com/@zoobitip4t6/video/7690709546385444119
coins,silver coins,2026-09-28,2026-10-01,the.coin.cutter,The coin cutter,41900,204,34,4,A customer sent me this thinking it's real silver ….. #coins #silver #fake  #metalart #scam,"A coin cutting artisan demonstrates that a customer's Canadian Maple Leaf coin is counterfeit by showing its poor cutting behavior, dark discoloration, and non-genuine metal dust residue, ending with advice to buy only from trusted dealers.",I think this silver Coin is fake; THE COIN CUTTER; CANADA; 9999; FINE SILVER; 1 OZ ARGENT PUR; 2021; DOLLARS; SHATTER RESISTANT; Safety Rule; cm; mm,Raw UGC,Tutorial,false,yes,,https://www.tiktok.com/@the.coin.cutter/video/7690667089241083138
coins,rare coins,2026-09-28,2026-10-01,dansdollarss,Dans Dollars,14600,406,138,81,"400,000,000 UK 2002 1 ONE PENNY COIN VALUE ELIZABETH II #COIN #FYP #rarecoins #coincollecting #elizabeth","A coin collecting creator breaks down the mintage, history, and face value of a 2002 UK one penny coin, utilizing macro visuals and encouraging viewers to share their own coin photos in the comments.","400,000,000; UK 2002; 1 ONE PENNY COIN VALUE; ELIZABETH II",Raw UGC,Tutorial,false,yes,,https://www.tiktok.com/@dansdollarss/video/7690660245667974422
coins,silver coins,2026-09-28,2026-10-01,mkcoinguy,Marcus Kirby,613,12,2,,"$10 x Silver Proof sets ($0.85 face 90% pet set) up for grabs $38 each plus $5 shipping 
#silvercoins #sold #silvercoins #coincollecting #preciousmetals","A creator showcases vintage United States Mint silver proof sets from 1992 to 1998 on a display case with a clear price tag of thirty-eight dollars each plus five dollars shipping, targeting coin collectors on TikTok.",United States Mint Silver Proof Set 1992; United States Mint Silver Proof Set 1993; United States Mint Silver Proof Set 1994; United States Mint Silver Proof Set 1995; United States Mint Silver Proof Set 1996; United States Mint Silver Proof Set 1997; United States Mint Silver Proof Set 1998; $38 each plus $5 shipping,Raw UGC,Haul,true,yes,,https://www.tiktok.com/@mkcoinguy/video/7690629668684172557
coins,rare coins,2026-09-28,2026-10-01,usa.focus.coin,usa focus coin,8185,277,82,49,"1990 Germany 10 Pfennig Coin Worth $835,000? Rare Coin Value You Need to Know!#RareCoins #CoinCollecting #10Pfennig #GermanCoins #GermanyCoins","An educational TikTok video by usa focus coin examining the 1990 German 10 Pfennig coin, discussing its mint marks, potential errors, and a claimed auction value of $835,000 while advising collectors on proper authentication.","$835,000; NINETEEN; REPUBLIC; GERMANY; COIN; PIECE; GERMAN; HISTORY; FEATURING; DESIGN; THIS; IN; LOCATIONS; INCLUDING; D; F; G; AND; ITS; MARK; QUALITY; ANY; MINTING; CAN; COLLECTOR; INTEREST; SOME; EXAMPLES; MAY; SHOW; ATTRACTIVE; ORIGINAL; SURFACES; SHARP; DETAILS; OR; UNUSUAL; ERRORS; THAT; MAKE; THEM; MORE; INTERESTING; TO; SPECIALISTS; FOR; VIDEO; THE; COINS; CLAIMED; VALUE; TODAYS; AUCTION; MARKET; ABOUT; EIGHT; THOUSAND; EXTREMELY; ATTENTION; GRABBING; FIGURE; HOWEVER; PUBLISHED; CATALOGUE; INFORMATION; ORDINARY; TENTH; PENNY; GENERALLY; SHOWS; MUCH; LOWER; VALUES; SO; PRICE; HIGH; WOULD; REQUIRE; EXCEPTIONAL; RARITY; AUTHENTICATION; DOCUMENTED; EVIDENCE; COLLECTORS; SHOULD; CAREFULLY; INSPECT; DATE; LETTERING; SURFACE; CONDITION; POSSIBLE; BEFORE; MAKING; VALUATION; PROFESSIONAL; GRADING; SERVICE; REPUTABLE; HOUSE; HELP; DETERMINE; WHETHER; PARTICULAR; EXAMPLE; EXTRAORDINARY; SMALL; REMINDS; US; THAT; CAN; MAJOR; DIFFERENCE; NUMISMATICS",Raw UGC,Tutorial,false,yes,,https://www.tiktok.com/@usa.focus.coin/video/7690601496072801558
coins,silver coins,2026-09-27,2026-10-01,coins_and_currency,Coins_and_currency,2691,56,2,1,#coincollecting #USMint #stackingsilver #silver,"A coin collector showcases a newly acquired stack of vintage Morgan silver dollars, explaining their historical mint years, silver weight, mint marks, and retail pricing of $38 each.",Stacking Morgan Silver Dollars $38 each; Coins_and_currency; UNITED STATES OF AMERICA; IN GOD WE TRUST; E PLURIBUS UNUM; ONE DOLLAR; 1900; 1896; 1890; 1878; 1889; 1881; LIBERTY,Raw UGC,Tutorial,true,yes,,https://www.tiktok.com/@coins_and_currency/video/7690358612497075508
coins,rare coins,2026-09-27,2026-10-01,williamscoin8,EURO OLD COIN EXCHANGE,1987,70,52,4,"🇮🇹🪙 STILL GOT OLD LIRES AT HOME? 👀

Those old Italian coins you might have kept for years could interest collectors! 💰

I’m looking for authentic Italian lire, old coins, rare coins, commemorativ",A short promotional TikTok video by a coin exchange business featuring a macro shot of a coin and text prompting viewers who own old Italian lires to send photos via direct message for evaluation.,old Europe coin need,Polished Creator,Review,true,yes,,https://www.tiktok.com/@williamscoin8/video/7690350816984665364
coins,rare coins,2026-09-27,2026-10-01,coin.legend,COIN LEGEND,57700,662,175,323,"THESE 1/2 c 1c 2 c 5 c 10 c 20c 50c AND THE SILVER R1 COIN SETS WERE STRUCK AS PART OF THE SECOND DECIMAL ISSUE 1965 - 1990. IN 1962 IT WAS ANNOUNCED THAT A CHANGE IN SIZE, DESIGN AND METAL CONTENT OF","A TikTok video presenting historical facts about South African decimal coin minting from 1965 to 1990, paired with an overhead view of assorted vintage coins, concluding with a questionable claim that specific silver coins are worth millions and instructing viewers to contact the poster on WhatsApp.","R5 2005 R5,000,000; R2 2005 R5,000,000; Two Pence 2007 R5,000,000; Two Pence 2008 R5,000,000; 2c 1984 R5,000,000; 1989 R5,000,000; 50c 1994 R5,000,000; 2018 R5,000,000; 5c 2003 R5,000,000; 2008 R5,000,000; R2 1990 R5,000,000; 1989 R5,000,000; 20c 1992-2008 R5,000,000; 1997 R5,000,000; 1997 R5,000,000; ONE CENTS R5,000,000; the South Africa SILVER is the rarest coin worth 4 million each.",Raw UGC,Inform,true,yes,,https://www.tiktok.com/@coin.legend/video/7690315949127322901
coins,coin collecting,2026-09-27,2026-10-01,judyburgos14,LOSTCOINS,6303,248,64,158,"Is there a hidden fortune sitting in your coin stash? 🪙 French 10 Centimes from 1963 are usually worth under a dollar, BUT finding a major mint error piece can push the value into thousands for error","A numismatic content creator uses a macro lens and magnifying glass to inspect a 1963 French 10 Centimes coin, explaining how mint errors can drastically increase its value and prompting viewers to search their own coin stashes.","$100,000; REPUBLIQUE FRANCAISE; LIBERTE EGALITE FRATERNITE; 10 CENTIMES; 1963",Raw UGC,Tutorial,false,yes,,https://www.tiktok.com/@judyburgos14/video/7690300651351428373
coins,silver coins,2026-09-27,2026-10-01,thelastpenny,The Last Penny,117800,432,18,18,Why Do Coins Have Ridged Edges 🪙 #thelastpenny,"A fast-paced educational short explaining the historical origin of reeded coin edges as a countermeasure against metal shaving fraud, featuring high-detail macro demonstrations of historical coin clipping.","UNITED STATES OF AMERICA, ONE DOLLAR, 1 OZ FINE SILVER, 9999, CANADA, 9999, DOLLARS, LIBERTY, IN GOD WE TRUST, 1990, 20, Why Do Coins Have Ridged Edges",High-Production,Tutorial,false,yes,,https://www.tiktok.com/@thelastpenny/video/7690284308119997709
coins,(not in thumbnail),2026-09-27,2026-10-01,ceeteekoins,CEETEEKO,13200,154,17,41,"Trump $1 coin roll hunting. Bought straight from the US MINT; got one 4th of july privy $1 coin. #preciousmetals 
#fyp 
#coincollecting 
#uscoins 
#usmint",,,,,,no,,https://www.tiktok.com/@ceeteekoins/video/7690239336914111774
coins,silver coins,2026-09-27,2026-10-01,legit.coins.buyer919,legit coins buyer,444,8,5,2,"THESE 1/2 c 1c 2 c 5 c 10 c 20c 50c AND THE SILVER R1 COIN SETS WERE STRUCK AS PART OF THE SECOND DECIMAL ISSUE
1965 - 1990. IN 1962 IT WAS ANNOUNCED THAT A CHANGE IN SIZE, DESIGN AND METAL CONFENT OF","A promotional video by an unverified coin buyer offering luxury car gifts to people who sell their historical South African coins, employing high-reward incentives to drive inbound messaging.","congratulations to those of you who sold their coins in our company we are bringing your car gift that we promise so if you have not sold your coins yet inbox us now Thank you; THESE 1/2 c 1c 2 c 5 c 10 c 20c 50c AND THE SILVER R1 COIN SETS WERE STRUCK AS PART OF THE SECOND DECIMAL ISSUE 1965 - 1990. IN 1962 IT WAS ANNOUNCED THAT A CHANGE IN SIZE, DESIGN AND METAL CONFENT OFCOINS WAS BEiNG the coins and CONSIDERED. THIS WAS PRIMÄRILY DUE TO THE INCREASE IN THE PRICE OF SILVER. VARIOUS PATTERNS WERE STRUCK FOR CONSIDERATION BY THE PARLIMENTARY COMMITTEE INVESTIGATING THIS AS THE INCREASED USE OF COIN AUTOMATION MACHINES REQUIRED LONG TERM USE OF THE COIN TYPES CHOSEN",Raw UGC,Rant,true,yes,,https://www.tiktok.com/@legit.coins.buyer919/video/7690088928270961941
coins,rare coins,2026-09-27,2026-10-01,dansdollarss,Dans Dollars,1820,41,45,3,KING CHARLES III SALMON 50 PENCE COIN 2025 #COIN #FYP #rarecoins #coincollecting #kingcharles,Dans Dollars showcases 2025 King Charles III salmon 50p coins and announces a three-coin giveaway for viewers who comment 'salmon' by Monday at 6:00 p.m.,KING CHARLES III SALMON 50 PENCE COIN 2025 #COIN #FYP #rarecoins #coincollecting #kingcharles,Raw UGC,Review,true,yes,,https://www.tiktok.com/@dansdollarss/video/7690074347033087254
coins,rare coins,2026-09-26,2026-10-01,mphile105,Mandela Coins Company,201700,5716,862,630,"Creator THESE 1/2 c 1c 2 c 5 c 10 c 20c 50c AND THE SILVER R1 COIN SETS WERE STRUCK AS PART OF THE SECOND DECIMAL ISSUE 1965 - 1990. IN 1962 IT WAS ANNOUNCED THAT A CHANGE IN SIZE, DESIGN AND METAL CO","A South African coin buying company showcases rare and valuable old coins, detailing historical decimal issues and providing valuation guides to encourage viewers to appraise and sell their collections.","South Africa, 5 Rand 2005 (featuring a wildebeest), Sells for 6,750 Rands., South Africa, 5-Cent 1965 (Part of the first decimal), South Africa, 1 Rand 1992 SOLI DEO GLORIA, South Africa, 5 Rand 2018 (Nelson Mandela Centenary), Common myths about coins value, WhatsApp me here +2763 453 7010, R80,000 Africa, 1986 2 cent coin, SOUTH AFRICA OLD COINS COLLECTION, RARE COINS • HIGH VALUE • REAL ESTIMATES, SA COIN COMPANY, BUYING OLD COINS & BANKNOTES, TRUSTED • FAIR • INSTANT PAYMENT, FACE-TO-FACE, NO FEE • NO SCAM, SOUTH AFRICA, DO YOU HAVE THIS WE STILL NEED OTHER COINS, VALUABLE SOUTH AFRICAN COINS",Raw UGC,Tutorial,true,yes,,https://www.tiktok.com/@mphile105/video/7689978257940221204
coins,coin collecting,2026-09-26,2026-10-01,coinhub,Coin Hub,3596,50,7,8,"Will pennies stay in collector sets?

U.S. Mint Director Paul Hollis joins Blake Alma and Justin Couch for CoinHub Journal. Justin asks about the future of the Lincoln cent in proof sets and mint sets","Coin collector Justin Couch interviews US Mint Director Paul Hollis at a convention to ask whether the Lincoln cent will be removed from proof and mint sets. Hollis definitively confirms that pennies will remain in collector sets, citing their historic legacy and popularity among collectors.","COIN HUB JOURNAL / HIGHLIGHTS; Will pennies stay in collector sets?; PAUL HOLLIS - U.S. MINT DIRECTOR; JUSTIN COUCH; I don't know if you're allowed to answer this, but a lot of my followers have been asking me if I know if you guys, the U.S. Mint is going to continue to put the Lincoln cent into proof sets and mint sets going forward.; THE COINHUB INTERVIEW With Blake Alma - Paul Hollis - Justin Couch; BEST OF THE MINT - 1997 Saint-Gaudens High Relief Proof; 2026 COLLECTIBLE LINCOLN CENT; IMAGES: U.S. MINT; 2026 SILVER PROOF SET; Watch the full story at CoinHubJournal.com",Polished Creator,Interview,false,yes,,https://www.tiktok.com/@coinhub/video/7689542570120154398
coins,(not in thumbnail),2026-09-26,2026-10-01,diggindave_,Diggin Dave,1621,55,2,,"I Found SILVER in these Rolls!

#coinrollhunting #coins #silvercoins #coincollecting #silver",,,,,,no,,https://www.tiktok.com/@diggindave_/video/7689931297107496223
coins,rare coins,2026-09-26,2026-10-01,coins.worth.today,coins worth today,8306,305,110,56,"1981 Lincoln Penny Value – How Much Is This Rare 1 Cent Coin Worth?

#coinsworthtoday #coins #dollar #quater","A short educational video by TikTok creator 'coins worth today' examining the 1981 US Lincoln penny, using a $500,000 clickbait valuation hook to discuss actual coin conditions, mint errors, and collector value.",$500000; WELCOME; WHERE; INTERESTING; THEIR; LOOKING; USA; FROM; 1981; CENT; FEATURES; ABRAHAM; LINCOLN; ON; THE; FRONT; AND; MEMORIAL; REVERSE; PRODUCED; IN; LARGE; NUMBERS; SO; MOST; CIRCULATED; EXAMPLES; ARE; WORTH; ONLY; A; FEW; CENTS; ABOVE; FACE; VALUE; HOWEVER; CONDITION; CAN; MAKE; BIG; DIFFERENCE; COINS; WITH; STRONG; DETAILS; ATTRACTIVE; SURFACES; RARE; MINT; ERRORS; MAY; BE; MORE; TO; COLLECTORS; CHECK; YOUR; PENNIES; CAREFULLY; BEFORE; SPENDING; THEM; MIGHT; HAVE; SPECIAL; HIDING; COLLECTION; THANKS; WATCHING; SUBSCRIBE; FOR; MORE; VALUES; VIDEOS; SUBSCRIBE (button),Raw UGC,Tutorial,false,yes,,https://www.tiktok.com/@coins.worth.today/video/7689912892455652610
coins,coin roll hunting,2026-09-26,2026-10-01,theunbelievable,The unbelievable,68700,446,6,41,#coinrollhunting #numismatics #coincollecting #halfdollar #silvercoins #coincollector #rarecoins #fyp,"A coin roll hunting creator walks viewers through searching a roll of US dollar coins, successfully identifying valuable non-circulated commemorative finds like the 2019-D Native Americans in Space and 2004-D Sacagawea dollars while providing educational error-checking tips.",How good would it be if we found a 2015 Dwight D Eisenhower Presidential NIFC; NARROW RIM / WIDE RIM Note width of rim and distance to 1 of date; 1979; 2019-D Am. Indians in Space Mintage: 1.54M Ebay Last Sold: $3-$7; 2000 P Philadelphia; Regular / Cheerios; 2004-D Sacagawea; NIFC Mintage: 2.66M Ebay Last Sold: $2-$6; Normal Reverse / FS-001 Elongated Ray; 2018-P Jim Thorpe Mintage: 1.4M Ebay Last Sold: $3-$5; Deep Dive Roll Hunt! Dollars #25; Follow and save for next time! Share what you enjoy collecting; COIN ROLL TREASURES,Raw UGC,Tutorial,false,yes,,https://www.tiktok.com/@theunbelievable/video/7689677939339824397
coins,rare coins,2026-09-26,2026-10-01,vithunan8,Victor,432,21,2,,Coins for sale collection #numismatics #coincollecting #rarecoins #fyptiktok #2euro,"A short-form aesthetic showcase of a 2007 Portuguese commemorative 2 euro coin, presented for collectors with relevant hashtags.","Portugal 🇵🇹 
 2007!! 
 TRATADO DE ROMA 50 ANOS 
 EUROPA 
 PORTUGAL 
 2007 
 2 EURO",Raw UGC,Collection,true,yes,,https://www.tiktok.com/@vithunan8/video/7689857335874882818
coins,silver coins,2026-09-26,2026-10-01,unique_royal_coins,~𝑹𝒐𝒚𝒂𝒍_𝑪𝒐𝒊𝒏𝒔~,523,54,17,8,"The 1901 Romanian 5 Lei silver coin is a truly remarkable piece of history, struck in .900 silver with a weight of 25g and a 38mm diameter. With an exceptionally low mintage of only 82,460 pieces, it ","A numismatic showcase post highlighting a rare 1901 Romanian 5 Lei silver coin, featuring detailed macro footage of the coin alongside historical archives of King Carol I, designed for coin collectors and history enthusiasts.",Majestatea Sa Regele Carol I; 3488.; CAROL I REGE AL ROMANIEI; 1901; 5 L; B; KULLERICH,Curated Aesthetic,Aesthetic,false,yes,,https://www.tiktok.com/@unique_royal_coins/video/7689796457842412832
coins,silver coins,2026-09-26,2026-10-01,legitcompany7,MR CHRISTIAN WILLEM  🇿🇦®️,2945,68,15,6,"THESE 1/2c 1c 2c 5c 10c 20c 50c AND THE SILVER R1 COIN SETS WERE STRUCK AS PART OF THE SECOND DECIMAL ISSUE 1965 - 1990.
IN 1962 IT WAS ANNOUNCED THAT A CHANGE IN SIZE, DESIGN AND METAL CONTENT OF COI",A promotional TikTok video by a South African coin buyer combining historical trivia about 1965-1990 decimal coin issues with visual displays of large quantities of cash to attract people selling old coins and banknotes.,"THESE 1/2c 1c 2c 5c 10c 20c 50c AND THE SILVER R1 COIN SETS WERE STRUCK AS PART OF THE SECOND DECIMAL ISSUE 1965 - 1990. IN 1962 IT WAS ANNOUNCED THAT A CHANGE IN SIZE, DESIGN AND METAL CONTENT OF COINS WAS BEING CONSIDERED. THIS WAS PRIMARILY DUE TO THE INCREASE IN THE PRICE OF SILVER. VARIOUS PATTERNS WERE STRUCK FOR CONSIDERATION BY THE PARLIAMENTARY COMMITTEE INVESTIGATING THIS AS THE INCREASED USE OF COIN AUTOMATION MACHINES REQUIRED LONG TERM USE OF THE COIN TYPES CHOSEN. this is the coins shop at Capetown Hello everyone! I'm currently in Cape Town, going house to house buying all types of old South African coins and notes - safe, fast, and trusted! We are available in all provinces: 1 Gauteng 2 Eastern Cape 3 Free State 4 Northern Cape 5 Limpopo 6 Mpumalanga 7 Western Cape 8 North West 9 KwaZulu-Natal 10 Soweto Message me now on WhatsApp",Raw UGC,Informational,true,yes,,https://www.tiktok.com/@legitcompany7/video/7689715806636166420
coins,silver coins,2026-09-26,2026-10-01,darrenrealdeal,Darren’s Real Deals,767,12,3,,#silver #silvercollection #bullion #tiktokmademebuyit #silvercoin,Darren's Real Deals reacts to expensive silver coin prices on TikTok Shop and promotes a heavily discounted 10oz Queen's Beast Dragon coin available through his video link.,"2026 In Capsule £699.95 +£11.95 delivery Click & Collect 12 watchers; NEW LOW PRICE 2020 Royal Mint George & The Dragon 10oz Silver Coin | Very High Grade Quality £873.70 or Best Offer +£11.95 delivery Click & Collect; 10oz Silver Coin 99.99% Pure Silver, Saint George & Dragon 2018, Silver Valiant. £766.60 +£11.95 delivery; 2012 Lunar Y... 999 Fine Si... £617.68 or Best Offer +£11.95 delivery Click & Collect",Raw UGC,Review,true,yes,,https://www.tiktok.com/@darrenrealdeal/video/7689668876333862166
coins,silver coins,2026-09-25,2026-10-01,jcoins03,jcoins03,61,1,,,One Ounce Silver Bars #stackingsilver #silver #coincollecting,"A short promotional video showcasing one-troy-ounce silver bars priced at $59 each, aimed at coin collectors and silver stackers on TikTok.",$59 each,Raw UGC,Haul,true,yes,,https://www.tiktok.com/@jcoins03/video/7689598459099335950
coins,rare coins,2026-09-25,2026-10-01,thecoincollectoruk,CoincollectorUK,48100,882,49,24,Hunt through £2 coins with me for rare ones! 🤞 #viral #fyp #coinhunting #thecoincollectoruk #ConSantanderConecto,"A UK-based coin collector takes viewers along on a rapid currency hunt through a stack of two-pound coins, identifying commemorative editions like Florence Nightingale and VE Day.",Hunt through £2 coins with me for rare ones! 🤞; Florence Nightingale; VE Day; Another VE Day; Shakespeare Histories; TWO POUNDS; ELIZABETH II D G REG F D; 1998; 2013; 2015; PEACE PROSPERITY AND FREEDOM,Raw UGC,Vlog,false,yes,,https://www.tiktok.com/@thecoincollectoruk/video/7689556291622046998
coins,silver coins,2026-09-25,2026-10-01,legitcompany7,MR CHRISTIAN WILLEM  🇿🇦®️,1781,43,4,14,"THESE 1/2c 1c 2c 5c 10c 20c 50c AND THE SILVER R1 COIN SETS WERE STRUCK AS PART OF THE SECOND DECIMAL ISSUE 1965 - 1990.
IN 1962 IT WAS ANNOUNCED THAT A CHANGE IN SIZE, DESIGN AND METAL CONTENT OF COI",A promotional TikTok video by MR CHRISTIAN WILLEM detailing historical South African decimal coin sets and inviting viewers in Cape Town to visit the Century City Conference Hall coin fair to sell their coins for cash.,"THESE 1/2c 1c 2c 5c 10c 20c 50c AND THE SILVER R1 COIN SETS WERE STRUCK AS PART OF THE SECOND DECIMAL ISSUE 1965 - 1990; IN 1962 IT WAS ANNOUNCED THAT A CHANGE IN SIZE, DESIGN AND METAL CONTENT OF COINS WAS BEING CONSIDERED; sell your coins to our company; WELCOME IN SOUTH AFRICA",Polished Creator,Informational; Opinion,true,yes,,https://www.tiktok.com/@legitcompany7/video/7689431662765116693
coins,silver coins,2026-09-25,2026-10-01,beneath_the_surface_nh,Beneath the Surface NH,191,23,7,,#silver #coins #vintage #foryoupage #fyp,"A short, silent TikTok video by Beneath the Surface NH showcasing the obverse and reverse of a 1926 Standing Liberty quarter and a 1901 Barber dime in protective cardboard holders under natural window light.","I love old silver coins!;
1926;
F;
1901;
Ft;
UNITED STATES OF AMERICA;
QUARTER DOLLAR;
IN GOD WE TRUST;
ONE DIME;
1901",Raw UGC,Vlog,false,yes,,https://www.tiktok.com/@beneath_the_surface_nh/video/7689404119961931021
coins,(not in thumbnail),2026-09-25,2026-10-01,diggindave_,Diggin Dave,2251,50,7,1,"Time Traveling Penny???

#coins #coincollecting #coinrollhunting #coinsworthmoney #pennies",,,,,,no,,https://www.tiktok.com/@diggindave_/video/7689289929003699486
coins,silver coins,2026-09-23,2026-10-01,bullion_numismatics,bullion & Numismatics,1327,32,1,1,some 1oz silver coins just came in today should we keep or sell #investment #bullion #silver #999silver #silverbar,"A precious metals dealer showcases a fresh shipment of 1oz silver Britannia coins priced at $63 each shipped, inviting audience engagement on whether to hold or liquidate the inventory.",1oz silver Britannia coins $63 each shipped; PROTECT YOUR WEALTH; BULLION & NUMISMATICS SILVER; 318588,Raw UGC,Vlog,true,yes,,https://www.tiktok.com/@bullion_numismatics/video/7688878283202579732
coins,silver coins,2026-09-23,2026-10-01,itz.penny0,Penny,71200,3177,253,68,The elotero gave me a #silver quarter and was mad demanding it back. #coin #collecor #fyp #penny,"A creator shares a story on TikTok about receiving a 1957 silver quarter as change from an elotero street vendor, refusing to return it when asked, and asking the audience if they would have given it back.",,Raw UGC,Storytime,false,yes,,https://www.tiktok.com/@itz.penny0/video/7688841891294563615
coins,(not in thumbnail),2026-09-23,2026-10-01,jrowlive,JrowLive,137,2,,,"You pick the next hunt 🪙 Dimes, quarters, halves, pennies — comment it and that's what I'm hunting next. Follow so you don't miss it. #coinrollhunting #coincollecting #pickmyhunt #coinhunting #jrowli",,,,,,no,,https://www.tiktok.com/@jrowlive/video/7686292797330033933
coins,silver coins,2026-09-23,2026-10-01,numisnuts2,NumisNuts,2794,56,2,3,Pretty great box! #coincollecting #silvercoins #rarecoins #coincollection #coinhunting,"A coin roll hunter summarizes the valuable finds from searching 2,000 quarters, highlighting specific low-mintage national parks, 2009 issues, a 2020-W West Point mint mark quarter, and a 1956 silver quarter with valuation stats.","WHAT I FOUND IN 2K QUARTERS; Silver, found...; LOW MINTAGE QUARTERS: 18; 2009 QUARTERS: 12; 2020-W Marsh Billings Rockefeller Mintage: 2 mil Last Sold: $8.50; 1956-P Silver Mintage: 44 mil Last Sold: $",Raw UGC,Tutorial,false,yes,,https://www.tiktok.com/@numisnuts2/video/7688709149751856397
coins,silver coins,2026-09-23,2026-10-01,man.of.coin6,Man of coin 🪙,1793,84,56,9,"THESE 1/2 c 102 c 5c10 c 20c 50c AND
THE SILVER R1 COIN SETS WERE STRUCK AS
PART OF THE SECOND DECIMAL ISSUE 1965 -
1990. IN 1962 IT WAS ANNOUNCED THAT A
CHANGE IN SIZE, DESIGN AND METAL
CONTENT OF CO","A coin buyer delivers a firm warning to online sellers that legitimate buyers never charge fees or require bank deposits, offering safe face-to-face meetings at offices or police stations.","THESE 1/2 c 102 c 5c10 c 20c 50c AND THE SILVER R1 COIN SETS WERE STRUCK AS PART OF THE SECOND DECIMAL ISSUE 1965 - 1990. IN 1962 IT WAS ANNOUNCED THAT A CHANGE IN SIZE, DESIGN AND METAL CONTENT OF COINS WAS BEINGK CONSIDERED. THIS WAS PRIMARILY DUE TO THE INCREASE IN THE PRICE OF SILVER. VARIOUS PATTERNS WERE STRUCK FOR CONSIDERATION BY THE PARLIMENTARY COMMITTEE INVESTIGATING THIS AS THE INCREASED USE OF COIN AUTOMATION MACHINES REQUIRED LONG TERM USE OF THE COIN TYPES CHOSEN; I BUY COINS FACE TO FACE DEAL; SELLER SHOULD NEVER PAY ANY FEES",Raw UGC,Opinion,true,yes,,https://www.tiktok.com/@man.of.coin6/video/7688681630390652178
coins,silver coins,2026-09-23,2026-10-01,legitcoincompany,legitcoincompany,469200,27300,4977,4696,"THESE 1/2 c 1c 2 c 5 c 10 c 20c 50c AND THE SILVER R1 COIN SETS WERE STRUCK AS PART OF THE SECOND DECIMAL ISSUE 1965 - 1990. IN 1962 IT WAS ANNOUNCED THAT A CHANGE IN SIZE, DESIGN AND METAL CONTENT OF",A South African creator showcases bundles of cash and rare vintage decimal coins while instructing viewers on historical mint dates and prompting engagement via comments.,"WE BUY MANDELA & OLD SOUTH AFRICAN COINS; R5 Mandela coins - 2008, 2018, 2019; R2 Mandela coins - 2003, 2004, 2019; R5 Let Us Strive for Freedom - 2019; R2 Flag - 2004; 1 Cent coins; 2 Cent coins; 5 Cent coins; Easterncape southafrica; 100 RAND; BANKIKULU YA AFRIKA DZONGA; SOUTH AFRICAN RESERVE BANK; TAP BRIZZI DI SINI; CALL BRI 1500017; BRI; 200 GHANA",Raw UGC,Tutorial,true,yes,,https://www.tiktok.com/@legitcoincompany/video/7688673047653469441
coins,coin collecting,2026-09-22,2026-10-01,williamscoin8,EURO OLD COIN EXCHANGE,91200,608,92,79,"🇮🇹🪙 STILL GOT OLD LIRES AT HOME? 👀

Those old Italian coins you might have kept for years could interest collectors! 💰

I’m looking for authentic Italian lire, old coins, rare coins, commemorativ",A commercial TikTok post by a coin buyer using a sensationalized valuation of standard vintage Italian lire coins to prompt viewers to check their homes and send photos via direct message.,,Casual Snapshot,Photo-dump,true,yes,,https://www.tiktok.com/@williamscoin8/video/7688430043172736276
coins,coin collecting,2026-09-22,2026-10-01,diggindave_,Diggin Dave,2004,70,2,,"SHINY Proof Dime Found!
#coins #coincollecting #coincollector #coinrollhunting #proofcoin","Coin roll hunting creator Diggin Dave opens a roll of dimes, spots a thick rim, and discovers a pristine 2005 S proof dime, sharing his genuine excitement with viewers.","DIGGIN DAVE, METAL DETECTING, COIN ROLL HUNTING, LIBERTY, IN GOD WE TRUST, 2005, S, UNITED STATES OF AMERICA, E PLURIBUS UNUM, ONE DIME",Raw UGC,Vlog,false,yes,,https://www.tiktok.com/@diggindave_/video/7688402115005369631
coins,silver coins,2026-09-22,2026-10-01,goldknoxjewelryandcoin,goldknoxjewelryandcoin,9784,183,65,17,"How much do you think a bag of 40% silver Kennedy half dollars is worth? 👀🪙

These coins may look like ordinary change, but their silver content can add up quickly depending on how many you have and","A coin shop owner in Pasadena demonstrates the value and variety of a large bag of 40% silver Kennedy half-dollar coins, engaging viewers with a valuation question and inviting them to visit his store.",How much is this bag of 40% silver coins is worth?; GOLD KNOX PASADENA CA,Raw UGC,Tutorial,true,yes,,https://www.tiktok.com/@goldknoxjewelryandcoin/video/7688376179895602463
coins,silver coins,2026-09-22,2026-10-01,mr.mulder.exchang,mr Mulder exchange,13100,348,184,19,"Creator THESE 1/2 c 1c 2 c 5 c 10 c 20c 50c AND THE SILVER R1 COIN SETS WERE STRUCK AS PART OF THE SECOND DECIMAL ISSUE 1965 - 1990. IN 1962 IT WAS ANNOUNCED THAT A CHANGE IN SIZE, DESIGN AND METAL CO","A coin dealer uses an attention-grabbing, multi-million rand bank deposit slip and DHL logistics imagery as a hook to deliver an educational voiceover about the history of South African decimal and silver R1 coin sets.","i need coins face to face; 13/09/2026 12:29; CAPITEC; Note Deposit R300,000,000.00; Account Number: ******3771; Reference: Cash Dep Underberg Shoppin; Call our 24hr Business Centre on 0860 30 92 50 for more information; ATM ID: 8475 Underberg Shopping 4; Transaction ID: 0078710652069; P.O. # 172372; Substation Spec #: 37932; PO Description: Maximum Transformer Winding Style: B; S/N: 34111; COLOR: ; QUANTITY: 4; WRITER; MAA-5873; ECUADOR; KING LONG; 2020.10",Raw UGC,Vlog,true,yes,,https://www.tiktok.com/@mr.mulder.exchang/video/7688344026596084999
coins,(not in thumbnail),2026-09-21,2026-10-01,jrowlive,JrowLive,232,5,,,"This is what coin roll hunting actually looks like — flip, check, next. A whole $500 box in under 45 minutes 🪙 Hobbies aren't meant to be exciting. Follow for a hunt every day. #coinrollhunting #co (",,,,,,no,,https://www.tiktok.com/@jrowlive/video/7686292518543166734
coins,coin collecting,2026-09-21,2026-10-01,diggindave_,Diggin Dave,5310,156,6,4,"This Silver Dime Shocked Me!

#coins #coincollecting #coinrollhunting #coinsworthmoney #silver","Coin roll hunting creator Diggin Dave discovers an exceptionally well-preserved, uncirculated 1943-S Mercury dime in a standard coin roll and expresses genuine astonishment at its pristine condition and luster.",THIS SILVER DIME SHOCKED ME!; DIGGIN DAVE; IN GOD WE TRUST; 1943; UNITED STATES OF AMERICA; E PLURIBUS UNUM; ONE DIME,Raw UGC,Vlog,false,yes,,https://www.tiktok.com/@diggindave_/video/7688027602178575646
coins,silver coins,2026-09-21,2026-10-01,coin.legend,COIN LEGEND,39400,632,181,106,"THESE 1/2 c 1c 2 c 5 c 10 c 20c 50c AND THE SILVER R1 COIN SETS WERE STRUCK AS PART OF THE SECOND DECIMAL ISSUE 1965 - 1990. IN 1962 IT WAS ANNOUNCED THAT A CHANGE IN SIZE, DESIGN AND METAL CONTENT OF","A TikTok video by Coin Legend presenting estimated 2026 values for South African 5 Rand Mandela commemorative coins, supported by an expert voiceover detailing historical context, minting figures, and auction realities.","South Africa Coin Value 
 ESTIMATED 2026 VALUES 
 • Do You Have These Coin? • 
 2018–5 RAND (Mandela) 
 Sells for 6,750 Rands 
 Depending on Condition 
 2008–5 RAND (Mandela) 
 Sells for 5,550 Rands 
 Depending on Condition 
 DO NOT CLEAN YOUR COINS 
 CLEANING THEM CAN REDUCE THEIR VALUE!",Polished Creator,Informational,false,yes,,https://www.tiktok.com/@coin.legend/video/7688009961237925141
coins,silver coins,2026-09-21,2026-10-01,pastokkd62d,Pastor,15500,508,186,37,"THESE 1/2 c 1c 2 c 5 c 10 c 20c 50c AND THE SILVER R1 COIN SETS WERE STRUCK AS PART OF THE SECOND DECIMAL ISSUE 1965 - 1990. IN 1962 IT WAS ANNOUNCED THAT A CHANGE IN SIZE, DESIGN AND METAL CONTENT OF","A personal update video where an ecstatic South African creator named Rifile announces to the camera that she sold her coin collection and bought a car, combining raw emotional delivery with meme-like graphic overlays.",I just sold my coins; THIS; THIS IS FOR REAL; MY NAME IS RIFILE; I AM OVER THE MOON RIGHT NOW,Raw UGC,Personal-update,false,yes,,https://www.tiktok.com/@pastokkd62d/video/7687963087881686293
coins,silver coins,2026-09-21,2026-10-01,legitcompany7,MR CHRISTIAN WILLEM  🇿🇦®️,387600,16700,3734,1181,"THESE 1/2c 1c 2c 5c 10c 20c 50c AND THE SILVER R1 COIN SETS WERE STRUCK AS PART OF THE SECOND DECIMAL ISSUE 1965 - 1990.
IN 1962 IT WAS ANNOUNCED THAT A CHANGE IN SIZE, DESIGN AND METAL CONTENT OF COI","A fast-paced TikTok meme combining historical facts about South African decimal coins from 1965 to 1990 with chaotic clips of massive cash stacks, accompanied by spoken Zulu instructions urging viewers to engage and comment.","THESE 1/2c 1c 2c 5c 10c 20c 50c AND THE SILVER R1 COIN SETS WERE STRUCK AS PART OF THE SECOND DECIMAL ISSUE 1965 - 1990.
IN 1962 IT WAS ANNOUNCED THAT A CHANGE IN SIZE, DESIGN AND METAL CONTENT OF COINS WAS BEING CONSIDERED. THIS WAS PRIMARILY DUE TO THE INCREASE IN THE PRICE OF SILVER. VARIOUS PATTERNS WERE STRUCK FOR CONSIDERATION BY THE PARLIAMENTARY COMMITTEE INVESTIGATING THIS AS THE INCREASED USE OF COIN AUTOMATION MACHINES REQUIRED LONG TERM USE OF THE COIN TYPES CHOSEN.
this is the coins shop in South Africa
COMPANY
AT CAPE TOWN
WELCOME TO SOUTH AFRICA MANANGA PORT OF ENTRY",Raw UGC,Meme,false,yes,,https://www.tiktok.com/@legitcompany7/video/7687918551298067732
coins,(not in thumbnail),2026-09-20,2026-10-01,judyburgos14,LOSTCOINS,398,42,7,32,"​🇮🇹 Is this 1957 Italian 100 Lire worth $10,000?! 🪙 Over 90 million were made, but die errors and rotated dies on these early Minerva coins are top targets for collectors! Check your change jars!  ",,,,,,no,,https://www.tiktok.com/@judyburgos14/video/7687713363123539220
coins,rare coins,2026-09-20,2026-10-01,samso.tiv,Samso tiv,8964,329,56,75,"1944 Copper Wheat Cent Estimated Sold $400,000? 🪙💰 Could This Rare Wartime Penny Be Hiding a Fortune in Plain Sight? | Rare Coin Value, Valuable Coins, Coin Collecting & Hidden Treasure","A short-form numismatic educational video exploring the history and potential $400,000 value of rare 1944 copper wheat cents, hosted via a close-up POV coin examination.","$400,000.00; STOP SCROLLING; WHAT IF AN; OLD PENNY HIDING IN; YOUR; COLLECTION; COULD SECRETLY BE; WORTH HUNDREDS OF; THOUSANDS OF; DOLLARS?; HERE'S THE BIG; QUESTION; COULD ONE TINY DETAIL ON; A 1944 COPPER; WHEAT CENT; TURN AN ORDINARY; ONE CENT; COIN INTO A; COLLECTOR'S DREAM; THIS IS THE 1944; COPPER; WHEAT CENT; ON THE FRONT YOU'LL FIND; THE CLASSIC; PORTRAIT OF; ABRAHAM; LINCOLN; ALONG WITH; LIBERTY IN GOD; WE TRUST; AND THE DATE; 1944; TURN IT OVER; AND YOU'LL SEE THE; ICONIC; TWO WHEAT EARS; SURROUNDING; ONE CENT; AND UNITED STATES OF; AMERICA; NOW LOOK CLOSELY AT THE; COIN'S; DATE; COLOR; AND SURFACE; THE 1944; CENT IS ESPECIALLY; INTERESTING; BECAUSE WARTIME; COIN PRODUCTION; CREATED; SOME UNUSUAL AND HIGHLY; COLLECTIBLE; VARIETIES DURING; WORLD WAR 2; THE US MINT CHANGED; THE; COMPOSITION OF; CENTS TO CONSERVE; COPPER; THAT MAKES UNUSUAL; 1944; CENTS; ESPECIALLY; INTERESTING TO; COLLECTORS; AFTER MORE THAN 80; YEARS; MOST EXAMPLES; SHOW SCRATCHES; WORN DETAILS; AND SIGNS OF; CIRCULATION; BUT COLLECTORS; CAREFULLY EXAMINE THESE; COINS FOR; AUTHENTIC; COMPOSITION; RARE VARIETIES; MINTING ERRORS; STRONG STRIKES; ORIGINAL SURFACES; AND EXCEPTIONAL; CONDITION; AND HERE'S WHERE THE; MYSTERY; GETS EXCITING; AN EXCEPTIONAL; AND AUTHENTICATE D; 1944 COPPER; WHEAT CENT HAS; AN ESTIMATED SOLD; VALUE OF; UP TO $400,000; BUT REMEMBER; NOT EVERY 1944; WHEAT CENT; IS WORTH ANYWHERE; NEAR THIS AMOUNT; THE EXACT; COMPOSITION; VARIETY; CONDITION; GRADE; AUTHENTICITY; AND PROVENANCE ",Polished Creator,Tutorial,false,yes,,https://www.tiktok.com/@samso.tiv/video/7687654856173096205
coins,coin collecting,2026-09-20,2026-10-01,numis415,numis,22400,337,53,65,#collections #monnaie #poutoi #coin #numismatik,A numismatist demonstrates the identification and valuation of a rare French 5 centimes 1938 star coin using an authoritative reference catalog.,"100,500,000 — 71,900,000 — 126,505,600 — février 1966 (arrêté du 19 janvier … soit 75% de la frappe courante — Bronze-aluminium 2 g 17 mm Tranche lisse Graveurs : Henri Lagriffoul et Adrien Diedouard — R Ô F — LIBERTÉ • ÉGALITÉ • FRATERNITÉ — 5 CÉNTIMES — 1938 — rare 5 centimes 1938 étoile — 171. 5 CENTIMES points avant et après la date — Créé par décret le 24 février 1938 — Essai en creux — Essai en relief — ★ entre R et F — 26,330,247 — 52,672,500 — … type Lindauer furent démonétisées le 1er janvier 1941 — Gadoury vert : Essais et Piéforts Français 1872-2001 — TB TTB SUP FDC — 350 500 800 1300 — 1 5 30 40 500",Raw UGC,Tutorial,false,yes,,https://www.tiktok.com/@numis415/video/7687592013465783584
coins,rare coins,2026-09-20,2026-10-01,usacoin09,USA Coin Reveal,263,6,,,#CoinCollecting #WheatPenny #RareCoins #HiddenWealth #FinancialAlert #viral #fyp,"An instructional short-form video from USA Coin Reveal detailing how to identify high-value 1953-D and 1951-D Lincoln wheat pennies based on condition, grade, and mint marks.","Found This Wheat Penny STOP! It Could Be Worth $350,000+; part 4; 1953 d; ONE CENT UNITED STATES OF AMERICA; IN GOD WE TRUST; LIBERTY; 1951",Polished Creator,Tutorial,false,yes,,https://www.tiktok.com/@usacoin09/video/7687506370769243406
coins,silver coins,2026-09-19,2026-10-01,coins_and_currency,Coins_and_currency,3030,54,8,6,#coincollecting #investing #fyp #silver #puresilver,"A creator showcases a newly purchased bag of fractional silver coins and bars, highlighting specific designs like Valcambi and buffalo heads while encouraging viewers to purchase similar tangible assets when prices are close to spot.","Bag of Fractional silver 
 $200 shipped",Raw UGC,Review,false,yes,,https://www.tiktok.com/@coins_and_currency/video/7687245839005191442
coins,rare coins,2026-09-18,2026-10-01,dansdollarss,Dans Dollars,18400,516,167,104,"800,000,000 UK 1988 1 ONE PENNY COIN VALUE ELIZABETH II #COIN #FYP #RARECOINS #coincollecting #elizabeth","A numismatic creator reviews the 1988 UK one penny coin, detailing its mintage of 800 million, historical context, and face value while encouraging audience interaction.","800,000,000; UK 1988 1 ONE PENNY COIN VALUE ELIZABETH II",Raw UGC,Tutorial,false,yes,,https://www.tiktok.com/@dansdollarss/video/7686791017600732419
coins,rare coins,2026-09-18,2026-10-01,ahmaducfdi1,oldrarecoins,1663,61,65,11,"🪙 1983-P QUARTER DOLLAR — COULD THIS 25¢ COIN BE WORTH MORE? 😱💰

Don’t overlook this vintage quarter! 🔎 Check the 1983 date and “P” mint mark, then examine the condition, strike, and details for u","A coin collecting creator uses high-urgency text overlays and a macro POV coin demonstration to claim that a 1983-P Washington quarter can be worth up to $245,000 in fine condition, prompting viewers to check their change and comment.","DON'T MISS THIS! 
 NOW LET'S TALK ABOUT THE VALUE OF THIS COIN 
 IN FINE CONDITION 
 IN TODAY'S AUCTION MARKET 
 A 1983 WASHINGTON QUARTER 
 WITH A LARGE DATE AND P MINT MARK 
 IN FINE CONDITION CAN FETCH ANYWHERE FROM 
 $245,000 
 THE VALUE FLUCTUATES BASED ON FACTORS 
 SUCH AS THE COIN'S OVERALL APPEARANCE 
 THE SHARPNESS OF THE DATE 
 UNIQUE CHARACTERISTICS THAT MIGHT MAKE IT 
 STAND OUT 
 FOLLOW FOR MORE VIDEOS",Polished Creator,Tutorial,false,yes,,https://www.tiktok.com/@ahmaducfdi1/video/7686556829664513302
coins,silver coins,2026-09-17,2026-10-01,mrchristmaaswilliams0,Mr Christmaas Williams,233500,2984,927,1035,"THESE 1/2 c 1c 2 c 5 c 10 c 20c 50c AND THE SILVER R1 COIN SETS WERE STRUCK AS 
-1990. IN 1962 IT WAS ANNOUNCED THAT A CHANGE IN SIZE DESIGN AND METAL 
CONTENT OF COINS WAS BEING 
CONSIDERED THIS WAS ",An informational post pairing a detailed historical background of South African currency changes with an eye-catching graphic claiming vintage coins are worth up to two million rands.,"SOUTH AFRICA COIN VALUE, ESTIMATED 2026 VALUES, Do You Have Any Of These Coins?, 1965 to 1990 1 Rand Sells for R2,000,000 Depending on Condition, 1965 to 1990 50 Cent Sells for R1,350,000 Depending on Condition, 1965 to 1990 20 Cent Sells for R1,150,000 Depending on Condition, 1965 to 1987 10 Cent Sells for R850,000 Depending on Condition, 1965 to 1989 5 Cent Sells for R650,000 Depending on Condition, 1965 to 1990 2 Cent Sells for R450,000 Depending on Condition, 1965 to 1989 1 Cent Sells for R300,000 Depending on Condition, OLD COINS HAVE REAL VALUE!, SAFE & SECURE, 100% LEGITIMATE, GET THE BEST VALUE, DO NOT CLEAN YOUR COINS! CLEANING THEM CAN REDUCE THEIR VALUE!",Polished Creator,Informational,false,yes,,https://www.tiktok.com/@mrchristmaaswilliams0/video/7686561494439365908
coins,(not in thumbnail),2026-09-17,2026-10-01,thompson.coin_stamp,Thompson Coin & Stamp,348,17,1,,Hunting bank rolls for rare coins #money #coins #fyp,,,,,,no,,https://www.tiktok.com/@thompson.coin_stamp/video/7686525077667499277
coins,coin collecting,2026-09-17,2026-10-01,premierrarecoins,Premier Rare Coins,25800,678,2,6,"This 5-pound brick looks like gold—but there’s actually zero gold in it.
It’s made from Nordic Gold, a copper-based alloy originally developed for coinage and best known today for its use in the €0.10","A coin expert showcases a 5-pound brick of Nordic gold, explaining its true copper-and-bronze alloy composition and its historical use in European and American coinage.",I bought 5lbs of Nordic Gold; LIBERTY IN GOD WE TRUST; 10 CENT; 20 CENT; 50 CENT; CARL XVI GUSTAF SVERIGES KONUNG FÖR SVERIGE I TIDEN,Polished Creator,Informative,true,yes,,https://www.tiktok.com/@premierrarecoins/video/7686486220033101069
coins,coin collecting,2026-09-17,2026-10-01,samso.tiv,Samso tiv,16300,464,37,93,"1956-D Lincoln Wheat Cent Estimated Sold for $17,000!  Could This Denver-Minted Wheat Penny Be Hiding a Rare Variety, Mint Error, Doubled Detail, or Exceptional Condition That Makes It a Valuable Coll","An educational numismatic video by creator Samso tiv on TikTok explaining the potential high value of a 1956-D Lincoln wheat cent. Through macro close-ups and engaging narration, the creator breaks down key identifying features, mint marks, striking errors, and condition factors that can elevate a common penny's value up to an estimated $17,000, encouraging viewers to check their own coin collections.","$17,000.00; IMAGINE FINDING A; 1956 D; LINCOLN WHEAT CENT; THAT LOOKS LIKE; AN ORDINARY OLD; PENNY; BUT WHAT IF I; TOLD YOU ONE OF; THESE TINY; COINS COULD BE; WORTH ENOUGH TO; PUT A LUXURY; CAR IN YOUR; DRIVEWAY; OR MAKE A; SERIOUS CONTRIBUTION; TOWARD YOUR; DREAM HOUSE; IN THIS VIDEO; YOU'LL FIND OUT; WHAT MAKES THIS; COIN INTERESTING; AND HOW MUCH A; DESIRABLE EXAMPLE; HAS SOLD FOR; IN THE PAST; THIS IS THE; 1956 D LINCOLN; WHEAT CENT; STRUCK AT THE; DENVER MINT; AND PART OF; THE HISTORIC LINCOLN; WHEAT PENNY SERIES; ON THE FRONT; YOU'LL SEE ABRAHAM; LINCOLN'S PORTRAIT; ALONG WITH LIBERTY; IN GOD WE TRUST; AND THE DATE 1956; TURN IT OVER; AND YOU'LL FIND; THE CLASSIC; TWO WHEAT EARS; SURROUNDING; ONE CENT; AND UNITED STATES OF; AMERICA; NOW LOOK CLOSELY; BENEATH THE DATE; THE SMALL D; MINT MARK; IDENTIFIES THIS COIN; AS A DENVER; MINTED ISSUE; BUT HERE'S WHERE; COLLECTORS START; LOOKING; MUCH CLOSER; THEY EXAMINE 1956; D CENTS FOR; RARE VARIETIES; STRIKING ERRORS; DOUBLE DETAILS; STRONG STRIKES; ORIGINAL RED COLOR; CLEAN SURFACES; AND EXCEPTIONAL MINT; STATE CONDITION; A COIN WITHOUT; STANDING; PRESERVATION; CAN ATTRACT; SIGNIFICANTLY; MORE COLLECTOR; ATTENTION; AND NOW COMES; THE SURPRISING; REVEAL; A HIGHLY DESIRABLE; 1956 D LINCOLN; WHEAT CENT; CAN HAVE AN; ESTIMATED SOLD; VALUE AROUND; $17,000; OF COURSE; NOT EVERY 1956 D; PENNY IS WORTH; $17,000; THE ACTUAL VALUE; DEPENDS ON THE; SPECIFIC VARIETY OR; ERROR; CONDITION; GRADE; RARITY; AND; AUTHENTICITY; SO BEFORE YOU; O",Polished Creator,Tutorial,false,yes,,https://www.tiktok.com/@samso.tiv/video/7686481739203529998
coins,rare coins,2026-09-17,2026-10-01,samso.tiv,Samso tiv,11900,405,121,99,"1974-D Lincoln Cent – Estimated Sold Value $25,200!  Could This Vintage Penny Be the Hidden Treasure Sitting in Your Collection? One Small Detail Could Make This One-Cent Coin Extremely Valuable! 

#1","A fast-paced macro video tutorial instructing viewers to inspect their old 1974-D Lincoln cent pennies for rare condition attributes and mint marks that could allegedly command a $25,200 collector value.",,Polished Creator,Tutorial,false,yes,,https://www.tiktok.com/@samso.tiv/video/7686481085747809550
coins,(not in thumbnail),2026-09-17,2026-10-01,coincollecting_detecting,Michael,6125,309,4,5,"Fifty Cent Coin Roll Search - Follow Along 
#fiftycentcoins #coinsearch #foryou #somethingtodo #satisfying",,,,,,no,,https://www.tiktok.com/@coincollecting_detecting/video/7686370310857297172
coins,silver coins,2026-09-16,2026-10-01,lonestarcoins,Lone Star Coins,24600,240,10,3,500oz of Maples. Not one milk spot. The finest 🍁 #gold #silver #finance,"A coin shop owner enthusiastically explains the problem of milk spotting in modern silver bullion coins while showcasing a pristine 500oz monster box of Canadian Silver Maple Leafs, directing viewers to his website.","THIS IS A MONSTER BOX OF CANADIAN SILVER MAPLE LEAVES AND THIS BATCH IS MY FAVORITE BATCH BECAUSE THERE IS NO MILK SPOTTING. MILK SPOTTING IS A MASSIVE ISSUE WITH MODERN BULLION COINS AND THAT HAS TO DO WITH THE WAY THEY'RE MANUFACTURED CAUSE THEY USE A BUNCH OF CHEMICALS AND SOMETIMES THERE IS A FAINT TRACE OF CHEMICALS STILL ON THE SILVER COINS THAT CAUSE THEM TO SPOT AND IT LOOKS LIKE MILK AND IT MAKES THEM REALLY KIND OF DISGUSTING, BUT THIS IS 500 OUNCES OF THE WORLD'S FINEST CANADIAN SILVER MAPLE LEAFS AND THEY'RE AVAILABLE ON LONESTARCOINS.COM",Raw UGC,Review,true,yes,,https://www.tiktok.com/@lonestarcoins/video/7686258768786640141
coins,silver coins,2026-09-16,2026-10-01,coincitycoins,Coin City,55200,218,19,16,5 ounces of American silver.🇺🇸🪙 Tune into Coin City livestreams to bid. #silver #coincity #preciousmetals #usa🇺🇸 #collectibles,"A short-form product showcase by Coin City featuring a 5-ounce US-shaped silver commemorative bar, utilizing macro videography and tactile handling to drive traffic to live bidding streams.",5 ounces of American silver.🇺🇸🪙 Tune into Coin City livestreams to bid. #silver #coincity #preciousmetals #usa🇺🇸 #collectibles,Polished Creator,Haul,true,yes,,https://www.tiktok.com/@coincitycoins/video/7686239125669727518
coins,silver coins,2026-09-16,2026-10-01,.silverstack,Silver Stack,1110,56,2,,Silver stacking day 2!!! #silver #coins #10k,"A short-form TikTok video documenting day two of a personal financial challenge to accumulate 10,000 dollars worth of physical silver. The creator showcases the addition of a 1 Troy ounce American Silver Eagle coin, updating the running stack value from $23.05 to $87.43 with clean on-screen overlays and satisfying tactile sound effects.",Day 2 of stacking silver untill 10K value.; Today I'm adding a silver eagle which has 1 Troy ounce of silver.; Stack Value: $23.05; Stack Value: $87.43; UNITED STATES OF AMERICA; 1 OZ. FINE SILVER - ONE DOLLAR; 2008; IN GOD WE TRUST,Raw UGC,Vlog,false,yes,,https://www.tiktok.com/@.silverstack/video/7685935765381074190
coins,coin collecting,2026-09-14,2026-10-01,lateefayo67,wang lama 🇲🇾,20800,739,624,184,#duitshilinglama #malaysiaoldcoins #koleksi #duitlama #coincollection,"A Malaysian creator films a short, engaging video inside a shopping mall inviting viewers to message her if they want to sell their old coins.","Hantarkan mesej kepada saya sekarang, saya beli semua jenis syiling tanpa sebarang bayaran.; ULIKO",Raw UGC,Tutorial,true,yes,,https://www.tiktok.com/@lateefayo67/video/7685264657220750600
coins,coin collecting,2026-09-13,2026-10-01,lateefayo67,wang lama 🇲🇾,35500,1260,1004,275,#duitshilinglama #malaysiaoldcoins #koleksi #duitlama #coincollection,"A Malaysian creator records a short talking-head video in a shopping mall offering to buy all types of old coins without fees, directing viewers to message her directly.","Saya membeli semua jenis syiling tanpa sebarang bayaran jika anda ada, sila mesej saya sekarang.",Raw UGC,Opinion,true,yes,,https://www.tiktok.com/@lateefayo67/video/7685133224510491911
coins,silver coins,2026-09-13,2026-10-01,koos.leon,koos.leon,10100,461,311,57,"THESE 1/2 c 1c 2 c 5 c 10 c 20c 50c AND

THE SILVER R1 COIN SETS WERE STRUCK AS PART OF THE SECOND DECIMAL ISSUE 1965 - 1990. IN 1962 IT WAS ANNOUNCED THAT A CHANGE IN SIZE, DESIGN AND METAL CONTENT O","A coin buyer demonstrates substantial liquidity by showing bundles of South African cash and gold coins, inviting local sellers to contact him for in-person collections with no fees.",THESE 1/2 c 1c 2 c 5 c 10 c 20c 50c AND THE SILVER R1 COIN SETS WERE STRUCK AS PART OF THE SECOND DECIMAL ISSUE 1965 - 1990...,Raw UGC,Personal-update,true,yes,,https://www.tiktok.com/@koos.leon/video/7685064148799048968
coins,(not in thumbnail),2026-09-13,2026-10-01,numisnuts2,NumisNuts,79600,353,5,16,Love hitting silver #coinhunting #rarecoins #silvercoin #coincollecting #coinrolling,,,,,,no,,https://www.tiktok.com/@numisnuts2/video/7685043773650373918
coins,coin collecting,2026-09-12,2026-10-01,ma.basetsana6,Mr William,1024,37,2,1,"#THESE 1/2 c 1c 2 c 5 c 10 c 20c 50c

AND

THE SILVER R1 COIN SETS WERE STRUCK AS PART OF THE SECOND DECIMAL ISSUE 1965-1990. IN

1962 IT WAS ANNOUNCED THAT A CHANGE IN SIZE, DESIGN AND METAL CONTENT ","A short promotional TikTok post by Mr William displaying collections of vintage South African coins and banknotes with itemized valuations, backed by visual proof of large bank deposits, inviting viewers via a phone number to sell their old currency.","500x2c
1500x1c
175x5c
2x 1Rand
1x50c
3x20c
1x10
1x5c silver
Total 2183
send a message to this number
+27832779606
if you are interested
🌍🌎🌏
in selling your old coins
and notes 💰💵💵💷
STANDARD BANK
050101
TR. NO. 0004
ATM NO. K034
5,000,000.00
BRC Morison01
TRANSACTION REASON:
Transactionekarekurand
CASH DEPOSIT RECEIPT
13:56
12/03/2026
12/03/2026",Raw UGC,Meme,true,yes,,https://www.tiktok.com/@ma.basetsana6/video/7684673450904063253
coins,coin collecting,2026-09-12,2026-10-01,thecanadiancoinbroker,The Canadian Coin Broker,817100,21300,260,9242,"If you have a 2010 toonie… CHECK THE EDGE. 👀🪙

Most have 16 serrations in each section.

But there’s a scarcer variety with only 14.

✅ 16 = regular
🔥 14 = the one you want

And in high grade, the ","A coin collecting creator teaches viewers how to identify a rare 14-serration variety of the 2010 Canadian toonie, explaining its high potential value in mint condition to educate and engage coin enthusiasts.","IF YOU HAVE A 2010 TOONIE, YOU'RE GONNA WANNA CHECK THE EDGE. A NORMAL TOONIE HAS 16 SERRATIONS IN EACH SECTION, BUT THE VARIETY WE'RE LOOKING FOR ONLY HAS 14. 16 = regular, 14 = the one you want. DATE / DESCRIPTION / MINTAGE / MS-63 / MS-64 / MS-65 / MS-66, 2009 38,430,000 4., 10., 30., 75., 2010 8,220,000 12., 20., 40., 80., 2010 NWL 16 Serrations Included, 2010 14 Serrations Included 40., 65., 150., 300.",Polished Creator,Tutorial,false,yes,,https://www.tiktok.com/@thecanadiancoinbroker/video/7684660001511656711
coins,rare coins,2026-09-12,2026-10-01,dansdollarss,Dans Dollars,39100,1098,316,204,"500,000,000 UK 1997 2 TWO PENCE COIN VALUE ELIZABETH II #COIN #FYP #rarecoins #coincollecting #elizabeth","A numismatic creator examines a 1997 UK two pence coin, explaining its half-billion mintage and face-value worth, while encouraging viewers to check their change and comment on other coins for future reviews.","500,000,000; UK 1997 2 TWO PENCE COIN VALUE ELIZABETH II",Raw UGC,Tutorial,false,yes,,https://www.tiktok.com/@dansdollarss/video/7684617219602648343
coins,rare coins,2026-09-12,2026-10-01,coinsplacemint,COINSPLACEMINT,151800,5296,1486,1045,"🪙 We buy and sell rare coins, Mandela coins, and gold coins. Add value to your collection or sell yours at the best price. THESE 1/2 c 1c 2 c 5 c 10 c 20c 50c AND

THE SILVER R1 COIN SETS WERE STRUCK","A promotional TikTok video by a coin dealer featuring an ecstatic customer receiving a gift, accompanied by a voiceover and text detailing rare South African coins and offering a car in exchange for old coins.","We buy and sell rare coins, Mandela coins, and gold coins. Add value to your collection or sell yours at the best price. +27 60 577 8787; BCG 2588; Volkswagen logo in background",Raw UGC,Promotional,true,yes,,https://www.tiktok.com/@coinsplacemint/video/7684599860972195074
coins,coin collecting,2026-09-11,2026-10-01,metro_coin_motion,Henriantoni420,56400,1459,226,479,"A 1943 copper penny struck in San Francisco during just sold for $456,000 (all in) at auction. During the US Mint accidentally struck a handful of Lincoln cents on bronze planchets instead of steel cr","A TikTok post detailing the auction sale of a rare 1943-S copper Lincoln cent for hundreds of thousands of dollars, combining live auction footage with coin specifications and captioning.","380,000 here; BREAKING 1943-S Copper Penny Sells for $456,000; Lot 3024; 1943-S Lincoln Cent, Struck on a Bronze Planchet, AU-55 (PCGS), Gold CAC, CMQ.",Documentary,News,false,yes,,https://www.tiktok.com/@metro_coin_motion/video/7684304075663461662
coins,rare coins,2026-09-11,2026-10-01,oldusacoin0,old coins 🪙 usa,6258,278,88,30,"1999 French Euro Cent Coin Worth $863,000? Rare Coin Discovery!#RareCoin #FrenchCoin #EuroCent #1999Coin #CoinValue","A TikTok video by an old coin creator uses sensationalized valuation claims of $863,000 for a 1999 French 20-euro cent coin to capture collector attention and drive audience engagement.","$863,000; THE 1999; FRENCH EURO CENT; COIN IS A; FASCINATING; PIECE THAT COULD; CATCH THE; ATTENTION OF COLLECTORS; AROUND THE WORLD; THIS COIN FEATURES; MARIANNE, THE; POWERFUL SYMBOL OF THE; FRENCH REPUBLIC,; REPRESENTING LIBERTY,; STRENGTH,; AND NATIONAL IDENTITY.; THE LETTERS RF STAND FOR; REPUBLIQUE FRANCAISE,; MAKING THIS COIN INSTANTLY; RECOGNIZABLE AS; A FRENCH ISSUE.; BASED ON THE IMAGE; AND ITS VISIBLE CONDITION,; THIS COIN COULD; BECOME ESPECIALLY; INTERESTING; IF IT CONTAINS; A RARE MINTING ERROR,; UNUSUAL VARIETY,; OR; EXCEPTIONAL CONDITION.; THE 1999 DATE; IS ALSO SIGNIFICANT; BECAUSE IT BELONGS; TO THE EARLY; YEARS OF EURO; COIN PRODUCTION.; WHILE MOST CIRCULATED; EXAMPLES ARE COMMON,; RARE ERRORS AND; SPECIAL HIGH-GRADE EXAMPLES; CAN ATTRACT; SERIOUS COLLECTOR; INTEREST.; ESTIMATED; AUCTION VALUE; PROVIDED FOR THIS; FEATURED COIN,; IT COULD BE; WORTH AROUND $
 863,000;
 IN TODAY'S AUCTION; MARKET IF IT; HAS A TRULY; RARE AND VERIFIED; CHARACTERISTIC.; ALWAYS CHECK THE; MINT MARKS, DETAILS,; CONDITION,; AND AUTHENTICITY CAREFULLY,; BECAUSE ONE SMALL; DIFFERENCE COULD TURN; AN ORDINARY; COIN INTO AN; EXTRAORDINARY DISCOVERY",Raw UGC,Tutorial,false,yes,,https://www.tiktok.com/@oldusacoin0/video/7684291291294764310
coins,coin collecting,2026-09-10,2026-10-01,legbootlegit,Legboot,22600,850,27,25,"did I overpay for the 2026 penny?
#coins #coincollecting",Creator Legboot satirizes the exorbitant pricing and elite allocation of mint coin sets by humorously destroying mint packaging with heavy tools and hand-stamping his own Omega mark onto a 2026 penny before circulating it at a coffee shop.,,Raw UGC,Comedy-skit,false,yes,,https://www.tiktok.com/@legbootlegit/video/7683930382005259534
coins,rare coins,2026-09-10,2026-10-01,dansdollarss,Dans Dollars,130600,2641,684,448,"100,000,000 UK 1992 2 TWO PENCE COIN VALUE ELIZABETH II #COIN #fyp #coincollecting #elizabeth #rarecoins","Creator Dans Dollars examines a 1992 UK two-pence coin, explaining its mintage of 100 million and standard face value, while contrasting it with the rarer 1983 two new pence coin to educate collectors.","100,000,000
UK 1992
2 TWO PENCE COIN
VALUE ELIZABETH II
ELIZABETH II DEI GRA DEF 1992
TWO PENCE 2",Raw UGC,Tutorial,false,yes,,https://www.tiktok.com/@dansdollarss/video/7683900713289780513
coins,silver coins,2026-09-10,2026-10-01,samso.tiv,Samso tiv,8986,307,75,44,"1947-D Washington Quarter – Estimated Sold Value $32,400!  Could This Old Silver Quarter Be Worth the Price of a Luxury Car? Check Your Vintage Quarters for This Hidden Collector’s Treasure!

#1947DWa","A fast-paced numismatic tutorial video explaining how a high-grade 1947-D Washington quarter can be worth up to $32,400, encouraging viewers to check their pocket change for rare silver coins.","32,400.00, WHAT IF A QUARTER YOU'VE BEEN IGNORING FOR YEARS COULD BE WORTH ENOUGH TO PUT YOU BEHIND THE WHEEL OF A LUXURY CAR? MOST PEOPLE SEE AN OLD 25-CENT COIN AND SPEND IT WITHOUT A SECOND THOUGHT, BUT SOME WASHINGTON QUARTERS CAN BECOME EXTRAORDINARY COLLECTOR'S TREASURES, COULD THIS TINY SILVER COIN BE HIDING A FORTUNE IN PLAIN SIGHT, THIS IS THE 1947 D WASHINGTON QUARTER, ON THE FRONT YOU'LL FIND THE ICONIC PORTRAIT OF GEORGE WASHINGTON WHILE THE REVERSE FEATURES THE CLASSIC AMERICAN EAGLE WITH ARROWS AND OLIVE BRANCHES, STRUCK JUST AFTER WORLD WAR II THIS QUARTER IS MADE OF 90% SILVER MAKING IT AN IMPORTANT PIECE OF AMERICAN COIN HISTORY, THE SMALL D MINT MARK TELLS US THIS QUARTER WAS STRUCK AT THE DENVER MINT, MILLIONS WERE PRODUCED AND MANY ENTERED EVERYDAY CIRCULATION LEAVING COUNTLESS EXAMPLES WORN SCRATCHED AND MISSING THEIR ORIGINAL BRILLIANCE, BUT COLLECTORS SEARCH FOR SURVIVING EXAMPLES WITH SHARP DETAILS CLEAN SURFACES STRONG LUSTER AND EXCEPTIONAL PRESERVATION, RARE VARIETIES MINT ERRORS AND EXTREMELY HIGH GRADES CAN MAKE A PARTICULAR QUARTER STAND OUT FROM ORDINARY EXAMPLES, EXPERTS CAREFULLY EXAMINE THE DATE MINT MARK STRIKE QUALITY SURFACES AND OVERALL CONDITION, EVEN THE SMALLEST DIFFERENCE IN PRESERVATION CAN DRAMATICALLY INCREASE COLLECTOR INTEREST, AND HERE'S WHERE THE MYSTERY GETS EXCITING A HIGH GRADE 1947 D WASHINGTON QUARTER HAS AN ESTIMATED SOLD VALUE OF $32,400, TURNING A SIMPLE 25-CENT COIN INTO A REMARKABLE COLLECTOR'S TREASURE, SO BEFORE YOU",Polished Creator,Tutorial,false,yes,,https://www.tiktok.com/@samso.tiv/video/7683896903678921997
coins,silver coins,2026-09-10,2026-10-01,legitcompany7,MR CHRISTIAN WILLEM  🇿🇦®️,52700,1283,463,269,"THESE 1/2c 1c 2c 5c 10c 20c 50c AND THE SILVER R1 COIN SETS WERE STRUCK AS PART OF THE SECOND DECIMAL ISSUE 1965 - 1990.
IN 1962 IT WAS ANNOUNCED THAT A CHANGE IN SIZE, DESIGN AND METAL CONTENT OF COI","An educational TikTok video featuring a detailed historical breakdown of South African decimal coins from 1965 to 1990, paired with striking visual footage of a Cape Town coin show, massive cash heaps, and warehouse logistics.","THESE 1/2c 1c 2c 5c 10c 20c 50c AND THE SILVER R1 COIN SETS WERE STRUCK AS PART OF THE SECOND DECIMAL ISSUE 1965 - 1990. IN 1962 IT WAS ANNOUNCED THAT A CHANGE IN SIZE, DESIGN AND METAL CONTENT OF COINS WAS BEING CONSIDERED. THIS WAS PRIMARILY DUE TO THE INCREASE IN THE PRICE OF SILVER. VARIOUS PATTERNS WERE STRUCK FOR CONSIDERATION BY THE PARLIAMENTARY COMMITTEE INVESTIGATING THIS AS THE INCREASED USE OF COIN AUTOMATION MACHINES REQUIRED LONG TERM USE OF THE COIN TYPES CHOSEN. this is the coins shop at Cape Town SO THIS IS THE COIN SHOW AT THE AT CAPE TOWN AND IT HAS JUST OPENED ITS DOORS. AND AS YOU CAN SEE, THERE'S A LOT PEOPLE AND MOVING TRAFFIC AROUND ETCETERA. AND IF YOU'RE IN THE CAPE TOWN EAR.",Raw UGC,Informational,false,yes,,https://www.tiktok.com/@legitcompany7/video/7683864039021137172
coins,silver coins,2026-09-09,2026-10-01,rizal757575,Kolektor_Amatir,1025,39,1,13,"#SilverCoin $1 Singapore 1977
#fyppppppppppppppppppp #kointiktok #koinkuno #singapore @WORLD COIN COLLECTION PH. @harborcoincompany @CoinNewsMagazine @Old coins & silver Collection @U.S.A Coin @Coin H",A short-form video showcasing a 1977 Singapore one dollar silver proof coin accompanied by its official Numista catalog specifications.,"#SilverProof
$1 Singapore 1977
Numista Catalog · Singapore
1 Dollar
Silver Proof
Singapore 1977
Features
Issuer Singapore
Period Republic (1965-date)
Type Non-circulating coins
Years 1975-1984
Value 1 Dollar
1 SGD = IDR 13938
Currency Dollar (1967-date)
Composition Silver (.925) (Copper .075)
Weight 18.05 g
Diameter 33.32 mm
Thickness 2.4 mm
Shape Round
Technique Milled
Orientation Medal alignment ↑↑
Number N#124224
References KM#6a",Raw UGC,Meme,false,yes,,https://www.tiktok.com/@rizal757575/video/7683408347197902100
coins,silver coins,2026-09-08,2026-10-01,namibia.coins.buye,Coins buyer,3215,106,84,13,"THESE 1/2 c 1c 2 c 5 c 10 c 20c 50C AND THE SILVER R1 COIN SETS WERE STRUCK AS PART ORTHE SECOND
DECIMAL ISSUE
1965 - 1990. IN 1962 IT WAS
ANNOUNCED THAT A CHANGE IN SIZE, DESIGN AND METAL CONFENT OFC","A professional coin buyer based in Windhoek, Namibia, addresses local residents in a talking-head video to announce that he is actively purchasing second decimal issue coins and silver R1 sets, offering top rates with assurances against scams.","THESE 1/2 c 1c 2 c 5 c 10 c 20c 50C AND THE SILVER R1 COIN SETS WERE STRUCK AS PART ORTHE SECOND DECIMAL ISSUE 1965 - 1990. IN 1962 IT WAS ANNOUNCED THAT A CHANGE IN SIZE, DESIGN AND METAL CONFENT OFCOINS WAS BEiNG the coins and CONSIDERED. THIS WAS PRIMARILY DUE TO THE INCREASE IN THE PRICE OF SILVER. VARIOUS PATTERNS WERE STRUCK FOR CONSIDERATION BY THE PARLIMENTARY COMMITTEE INVESTIGATING THIS AS THE INCREASED USE OF COIN AUTOMATION MACHINES REQUIRED LONG TERM USE OF THE COIN TYPES CHOSEN #namibiantiktoker / #windhoek #windhoeknamibia #windhoeknamibia / #coinsneededurgently",Polished Creator,Tutorial,true,yes,,https://www.tiktok.com/@namibia.coins.buye/video/7683253294701088020
coins,rare coins,2026-09-07,2026-10-01,usacoin09,USA Coin Reveal,3072,107,13,11,The $5.2 Million Secret Hiding in Your Pocket Change: Is Your Wheat Penny Real#WheatPenny #RareCoins #CoinCollecting#viral#HiddenFortune#fyp#PennyValuation #HiddenFortune #,"An instructional numismatic video hosted by an automated voiceover guides viewers through identifying and valuing 1950-D and 1951-D Lincoln Wheat Pennies, emphasizing condition, mint marks, and preservation.","STOP! This Wheat Penny Could Be Worth $5.2 Million — Check Yours!; errors; most importantly; don't clean anything; collector value; proper identification and; preservation should; always come before; trying to sell; or spend the coin; and now; let's talk about; the auction record; that demonstrates; just how; valuable an exceptional; 1950 d wheat; penny can become; according to PCGS; auction records; the highest; recorded auction price; for a 1950; d Lincoln; Penny; is $118,600; achieved by a; PCGS; MS 67 RD; example at Heritage; Auctions in January 2023; this was an; exceptionally high grade; certified coin; so that auction record; should not be interpreted; as the; value of every; 1950 d wheat; penny; instead; it shows the; substantial premium; collectors can place; on an; outstanding example; with exceptional grade; and original red; colour; so; the next time; you find; a 1950 wheat; penny with a; D; Mint mark; stop before you spend; it; check the date; examine the d; Mint; mark; study Lincoln's portrait; inspect the wheat reverse; and pay close; attention to the; coin's condition; color luster and; surfaces; look for genuine; varieties; but don't mistake; damage for a; rare; error; the 1950; d wheat penny; can be valuable; in the right; condition; and exceptional; examples have; proven; capable of bringing; serious money at; auction; if you enjoyed; this video; and want to; discover more; rare; wheat pennies valuable; Lincoln cents; old coins worth; money and; hidden; tre",Polished Creator,Tutorial,false,yes,,https://www.tiktok.com/@usacoin09/video/7682742789964156174
coins,coin collecting,2026-09-06,2026-10-01,buygoldsilver,Jon's Health & Wealth,11600,168,34,49,nickel price is going up fast. #nickels #coin #coincollecting,"A creator presents physical hoards of nickels and coin rolls, arguing that industrial copper and nickel shortages will drive individual coin values to one dollar, and urges viewers to buy coin boxes from the bank on Monday.",1 nickel worth $1.00; NICKELS; $2.00; $2.00 NICKELS; SentrySafe,Raw UGC,Tutorial,false,yes,,https://www.tiktok.com/@buygoldsilver/video/7682447426640268574
coins,rare coins,2026-09-06,2026-10-01,jessica.usa14,Jessica,199,8,,,THE HARDEST PENNY TO FIND! Extremely Rare Coin That Broke Every Collector's Expectations!#viral #trending,"An engaging, fast-paced numismatic tutorial hosted by an enthusiastic narrator who demonstrates how ordinary-looking 1945, 1953, and 1951 wheat pennies can be worth hundreds of thousands of dollars based on mint marks, condition, color, and rare errors.",THE HARDEST PENNY TO FIND! Extremely Rare Coin That Broke Every Collector's Expectations! PART 2 ONE CENT UNITED STATES OF AMERICA LIBERTY 1945 1953 1951 IN GOD WE TRUST E PLURIBUS UNUM #viral #trending,Polished Creator,Tutorial,false,yes,,https://www.tiktok.com/@jessica.usa14/video/7682370500474981662
coins,rare coins,2026-09-06,2026-10-01,jessica.usa14,Jessica,113,2,,,THE HARDEST PENNY TO FIND! Extremely Rare Coin That Broke Every Collector's Expectations!#viral #trending,"An educational short-form video detailing the historical background, mint marks, grading criteria, and extreme market values of rare 1943 and 1945 Lincoln wheat pennies.",THE HARDEST PENNY TO FIND! Extremely Rare Coin That Broke Every Collector's Expectations!; PART 1; ONE CENT; UNITED STATES OF AMERICA; IN GOD WE TRUST; LIBERTY; 1943; 1945; D,Polished Creator,Tutorial,false,yes,,https://www.tiktok.com/@jessica.usa14/video/7682369773786696990
coins,rare coins,2026-09-05,2026-10-01,williamsmicheal91,williams coins 🪙,34700,676,104,240,#rare #millionviews #coins #money #italy,"A numismatic content creator presents a TikTok countdown video detailing rare 2-euro coins found in everyday circulation, combining macro visual demonstrations of specific mint marks and designs with an engaging conversational voiceover.","10 monete da 2 euro più rare Trovate in Circolazione le 7 monete da 2 euro che valgono una fortuna; 120,000 euro; 9 NO. 09; TORINO GIOCHI INVERNALI; 2 EYPW",Raw UGC,Top,false,yes,,https://www.tiktok.com/@williamsmicheal91/video/7682065799460212000
coins,rare coins,2026-09-04,2026-10-01,dansdollarss,Dans Dollars,248300,2316,381,823,"750,000,000 UK 1982 20 TWENTY PENCE COIN VALUE ELIZABETH II #coin #fyp #coincollecting #rarecoins #elizabeth","A numismatic creator breaks down the history, mintage figures, and collecting significance of the 1982 UK twenty pence coin, engaging hobbyists with practical identification tips.","750,000,000; UK 1982 20 TWENTY PENCE COIN VALUE ELIZABETH II; TWENTY PENCE; 19 82; 20; ELIZABETH II DEI GRATIA REGINA FIDEI DEFENSOR",Raw UGC,Tutorial,false,yes,,https://www.tiktok.com/@dansdollarss/video/7681806485520731414
coins,coin collecting,2026-09-04,2026-10-01,pennyjackpot,Pennyjackpot,402,18,2,1,"🪙❤️ A SMALL REMINDER FOR EVERYONE WHO LOVES COIN COLLECTING!

Every coin has a story. It doesn’t have to be rare, expensive, or perfect to deserve a place in a collection. Sometimes the excitement is","A coin collector delivers a humorous, sarcastic rant about the low like-to-view ratio on TikTok, using macro shots of vintage pennies as visual accompaniment to argue that viewers should support smaller creators instead of distant celebrities.",if i have 200 views; I should have 200 likes; why do y'all act like liking a video; is like me asking you donate a kidney; y'all want to give these celebrities so much; and praise; and affection; they don't know you gang; they are rich; you're bringing sand to the beach; you are giving the rich; more money; how about you help a brother to... come up; is it really that hard ?,Raw UGC,Opinion,false,yes,,https://www.tiktok.com/@pennyjackpot/video/7681736892882160909
coins,silver coins,2026-09-06,2026-10-01,coins_and_currency,Coins_and_currency,7297,102,27,13,#coin #silver #coincollecting #fyp #puresilver,"A silent, satisfying POV video showcasing a stack of 1 oz silver Libertad coins priced at $63 each, targeted toward coin collectors and precious metal enthusiasts on TikTok.",,Raw UGC,Showcase,true,yes,,https://www.tiktok.com/@coins_and_currency/video/7682440187913227527
coins,coin collecting,2026-09-03,2026-10-01,coinclue.app,coinclue.app,9367,146,7,48,"🪙 Do you recognize any of these classic U.S. coins?

The Mercury dime, 1964 Roosevelt silver dime, 1963 Franklin half dollar, and 1964 Kennedy half dollar are popular with collectors—but a coin’s pot","A short educational video by CoinClue showcasing four classic U.S. vintage coins—the Mercury dime, Roosevelt dime, Franklin half dollar, and Kennedy half dollar—highlighting their potential collector value and encouraging viewers to scan their own pocket change.","OLD U.S. COINS AND THEIR VALUE, MERCURY DIME, 1964 ROOSEVELT, 1963 FRANKLIN, 1964 KENNEDY, IN GOD WE TRUST, LIBERTY, E PLURIBUS UNUM",Polished Creator,Tutorial,true,yes,,https://www.tiktok.com/@coinclue.app/video/7681450944864832781
coins,silver coins,2026-09-03,2026-10-01,adamcurbow,Curbz,14600,308,63,21,Was this even worth my time or should I have just gave him the refrigerator? #silver #bullion #925silver #coins #marketplace,"A creator shares a humorous story on TikTok about trading an old refrigerator for what he jokingly calls 'junk' silver on Facebook Marketplace, deliberately downplaying the substantial value of the precious metals to spark audience engagement.",Did I get scammd? ; Pony Express 5oz. Bar ; OPM METALS .999+ FINE SILVER 10 TROY OUNCE ; 40% 1967 ; 40% 1968 ; 40% Misc. ; JM BULLION,Raw UGC,Storytime,false,yes,,https://www.tiktok.com/@adamcurbow/video/7681385412195126558
coins,coin collecting,2026-09-03,2026-10-01,usacoin09,USA Coin Reveal,5894,165,10,23,"CHECK YOUR CHANGE: THE $285,000 WHEAT PENNY! #RareCoins #WheatPenny #CoinCollecting #ThriftFinds #ValuableChange","An instructional numismatic video teaching viewers how to identify, grade, and evaluate 1945 and 1958 Lincoln wheat pennies for high-value auction potential.","CHECK YOUR CHANGE: THE $285,000 WHEAT PENNY!; part 2; [word-by-word synchronized transcript captions]",Polished Creator,Tutorial,false,yes,,https://www.tiktok.com/@usacoin09/video/7681231396316155149
coins,silver coins,2026-09-02,2026-10-01,coin.buyerlimited,coin buyer#limited,66500,1392,996,353,"THESE ½c 2c 5c 10c 20c 50c AND THE SILVER R1 COIN SET WERE STRUCK AS PART OF THE SECOND DECIMAL ISSUE 1965 - 1990. IN 1962 IT WAS ANNOUNCED THAT A CHANGE IN SIZE, DESIGN AND METAL CONTACT OF COINS WAS","A TikTok post by coin buyer#limited displays historical South African 5-cent coins from 1965 and 1966, falsely claiming they are worth millions of rands each, and urges viewers to contact the creator via direct message to sell them.",The 1965/1966 south African 5cent coins; Each worth R1.5 million; Issuer: South Africa; Ruling authority: Republic (1961-date); Type: 5 Cents; Years: 1965-1966,Raw UGC,Informational,true,yes,,https://www.tiktok.com/@coin.buyerlimited/video/7681038221500878101
coins,rare coins,2026-09-02,2026-10-01,coinhunter80,Coin Hunter🪙,3860,120,7,25,"STOP! Check Your Five Cent Before Spending It — It Could Be Worth a Fortune! 💰
#FiveCent #RareCoins #CoinCollecting #RareCoin #ValuableCoins",A coin collecting creator uses macro footage of a 2004-D Lewis and Clark Keelboat nickel to explain how viewers can find valuable rare coins in their everyday pocket change.,"+ Follow, STOP SCROLLING AND CHANGE RIGHT NOW, BECAUSE IF YOU HAPPEN TO FIND A 2004D JEFFERSON NICKEL, YOU MIGHT BE HOLDING A PIECE OF HISTORY THAT COIN COLLECTORS ARE ACTIVELY HUNTING FOR, BUT DO NOT SPEND IT UNTIL YOU KNOW WHAT MAKES THIS SPECIFIC NICKEL SO DIFFERENT, BACK IN 2004, THE US MINT RELEASED SPECIAL NICKELS TO CELEBRATE THE BICENTENNIAL OF THE LEGENDARY LEWIS AND CLARK EXPEDITION, AND ONE OF THE MOST FAMOUS DESIGNS INTRODUCED DURING THE SPECIAL WESTWARD JOURNEY SERIES IS THE KEELBOAT NICKEL MINTED RIGHT IN DENVER, MARKED WITH A SMALL D ON THE OBVERSE NEAR THE DATE, MILLIONS UPON MILLIONS OF THESE COINS WERE PUT DIRECTLY INTO EVERYDAY CIRCULATION, SO FINDING ONE IN YOUR CHANGE JAR IS ACTUALLY QUITE COMMON AND EXPECTED, HOWEVER, THIS IS PRECISELY WHERE THE STORY GETS EXCITING FOR TREASURE HUNTERS AND COIN ENTHUSIASTS, MOST EVERYDAY CIRCULATED 2004D KEELBOAT NICKELS ARE WORTH JUST FACE VALUE AT 5 CENTS, BUT ADVANCED NUMISMATISTS LOOK CLOSELY AT THE FINE DETAILS UNDER A MAGNIFYING GLASS, WHEN YOU INSPECT THE COIN, LOOK AT THE LETTERING, CHECK THE FIELDS FOR ACCIDENTAL DIE CRACKS, AND CAREFULLY EXAMINE THE WINDOWS OR THE BOAT DESIGN ON THE REVERSE SIDE, WHY IS THIS SO IMPORTANT, BECAUSE RARE MINT ERRORS, STRIKING ANOMALIES, OR HIGH GRADE UNCERTIFIED CERTIFIED SPECIMENS CAN COMPLETELY CHANGE THE GAME, IF A COIN SURVIVES IN PRISTINE CONDITION WITHOUT A SINGLE SCRATCH OR BAG MARK AND GETS GRADED BY A PROFESSIONAL SERVICE LIKE PCGS OR NGC, ITS COLLECTOR APPEAL SKYROCKETS,",Polished Creator,Tutorial,false,yes,,https://www.tiktok.com/@coinhunter80/video/7680982190330531086
coins,silver coins,2026-09-02,2026-10-01,htbglobalcapital1,HTB Global capital©,68500,2100,747,380,"THESE 1/2 c 102 c 5c10 c 20c 50c AND
THE SILVER R1 COIN SETS WERE STRUCK AS
PART OF THE SECOND DECIMAL ISSUE 1965-
1990.IN 1962 IT WAS ANNOUNCED THAT A
CHANGE IN SIZE, DESIGN AND METAL
CONTENT OF COIN","A commercial coin buyer demonstrates high purchasing power by displaying large quantities of cash and coins while inviting viewers to sell their vintage South African currency through secure, in-person police station meetings.","FACE TO FACE DEAL ONLY; THESE 1/2 c 102 c 5c10 c 20c 50c AND THE SILVER R1 COIN SETS WERE STRUCK AS PART OF THE SECOND DECIMAL ISSUE 1965-1990. IN 1962 IT WAS ANNOUNCED THAT A CHANGE IN SIZE, DESIGN AND METAL CONTENT OF COINS WAS BEING CONSIDERED...",Polished Creator,Tutorial,true,yes,,https://www.tiktok.com/@htbglobalcapital1/video/7680944612969565447
coins,rare coins,2026-09-02,2026-10-01,rarecoins72,RARE COINS,281,14,1,1,"THESE 1/2 c 1c 2 c 5 c 10 c 20c 50c AND THE SILVER R1 COIN SETS WERE STRUCK AS PART OF THE SECOND DECIMAL ISSUE 1965-1990. IN 1962 IT WAS ANNOUNCED THAT A CHANGE IN SIZE, DESIGN AND METAL CONTENT OF C","A rare coin dealer showcases a South African 5 Rand commemorative coin, citing high potential auction values and warning viewers never to clean their collectible coins, while inviting direct WhatsApp contact.","SOUTH AFRICA COIN VALUE 
ESTIMATED 2026 VALUES 
INBOX ME ON WHATSAPP 
+27768439455 
5 Rand (Mandela) - R2 MILLION 
Buys for R2,000,000 
Depending on Condition 
A 2018 5 RAND COIN SELLS FOR 6,700 RAND 
ON THE BASANTSE AUCTION HOUSE APP. 
WHY? AND WHEN WE LOOK AT A 2018 MANDELA COIN 
DO NOT CLEAN YOUR COINS CLEANING THEM CAN REDUCE THEIR VALUE!",Polished Creator,Tutorial,true,yes,,https://www.tiktok.com/@rarecoins72/video/7680845644029840660
coins,coin collecting,2026-09-01,2026-10-01,famouscoins0,USA Famous Coins .,11900,493,180,92,"🔥 3 Lincoln Pennies You Should Never Ignore! 💰 One Could Be Rare! $800,000 😱#RareCoins #LincolnPenny #RarePennies #CoinCollecting #CoinHunting","An educational video about three specific vintage Lincoln Memorial pennies (1968, 1980D, 1974), explaining that while ordinary circulated versions are common, high grades, mint errors, and special varieties can command significant collector value.",,Raw UGC,Tutorial,false,yes,,https://www.tiktok.com/@famouscoins0/video/7680549974874082582
coins,coin collecting,2026-09-01,2026-10-01,fynghjbdj9213259,fynghjbdj9213259,90600,697,9,44,#pawnstars #antique #collection #collector #collecting,"A TikTok video repurposing a Pawn Stars clip about an 1882 Newfoundland two-dollar gold coin, front-loaded with an unrelated provocative hook and concluding with a call for viewers to comment their valuation guesses.","so if I buy it I can have your wife, look what happened when this moron tried to sell his old coin, without knowing its true value, the two dollar Newfoundland, was the only gold coin that circulated in Canada at the time, it's a rare 1882 Newfoundland two dollar gold coin, he explains that only around 2,500 of these coins were ever minted, making it one of the rarest gold coins to circulate in North America, the coin carries an AU 55 grade from PCGS, meaning it remains in almost uncirculated condition, Rick takes a close look and quickly realizes, this is an important piece of Canadian numismatic history, when the coin was minted Newfoundland was still a British colony, it would not officially become part of Canada until the 1940s, the Newfoundland two dollar gold coin, was also the only gold coin circulating in Canada at the time, Rick points out one major issue, Canadian coins simply have a much smaller collector market than American coins, US gold coin could potentially sell for tens of thousands of dollars, Canadian coins tend to attract a far more specialized group of collectors, then Rick asks what he is hoping to get for it, he admits he really has no idea, what do you think this rare coin could be worth, comment your guess",Polished Creator,Storytime,false,yes,,https://www.tiktok.com/@fynghjbdj9213259/video/7680516086848032030
coins,rare coins,2026-08-31,2026-10-01,mintvalues,Coin worth USA,6837,329,54,45,"🇺🇸 1942 WHEAT PENNY VALUE — Is This Old Lincoln Penny Worth Money? 🪙💰
The 1942 Lincoln Wheat Penny is a classic American coin from the World War II era. Its value can vary depending on the mint ma","A short-form numismatic video advising viewers to check their spare change for a rare 1942 wheat penny, claiming valuations between $375,000 and $520,000 for well-preserved specimens.",CHECK YOUR CHANGE!; ONE CENT E PLURIBUS UNUM UNITED STATES OF AMERICA; 1942; IN GOD WE TRUST LIBERTY; CHECK BEFORE YOU SPEND IT,Raw UGC,Tutorial,false,yes,,https://www.tiktok.com/@mintvalues/video/7679670235942735126
coins,silver coins,2026-08-31,2026-10-01,pastor.dawn.devon6,Mr mike Andrew,33900,1139,566,156,"THE SILVER R1 COIN SETS WERE STRUCK AS PART OF THE SECOND DECIMAL ISSUE
1965
1990. IN 1962 IT WAS ANNOUNCED THAT A CHANGE IN SIZE, DESIGN AND METAL CONTENT OF COINS WAS BEINGK CONSIDERED. THIS WAS PRI","Creator Mr Mike Andrew addresses South African viewers, stating an urgent need to buy coins and directing interested parties to his inbox or bio, accompanied by historical coin text overlays and banking deposit slips.","THE SILVER R1 COIN SETS WERE STRUCK AS PART OF THE SECOND DECIMAL ISSUE 1965 1990... Capitec Cash Deposit Note Deposit R6,000,000.00 R270,000,000.00... payment ID: 052 05 Potch Mac! TEC PARLIMENTARY... #typviral #southmandelacolouge #coin #southafrica #goviral",Raw UGC,Personal-update,true,yes,,https://www.tiktok.com/@pastor.dawn.devon6/video/7680210184349781266
coins,silver coins,2026-08-31,2026-10-01,ed..md,Elliot,195000,5083,88,95,"Absolutely gorgeous tiny hammered coin, can’t wait to identify when I get home 🥺 #History #metaldetecting #hammered #silvercoin #medieval","A metal detecting enthusiast films a first-person POV discovery of a tiny medieval hammered silver coin in a plowed agricultural field, highlighting the tactile thrill of unearthing history.",This tiny item is over 500 years old,Raw UGC,Vlog,false,yes,,https://www.tiktok.com/@ed..md/video/7680191405435768086
coins,silver coins,2026-08-30,2026-10-01,ed..md,Elliot,2400000,142200,897,1471,"Always happy to add another hammered coin to the collection, especially half groats and groats 🤤 #History #metaldetecting #silvercoin #hammered #medieval","A metal detecting enthusiast shares a first-person POV video of unearthing an ancient hammered coin from a plowed agricultural field, engaging history buffs with a satisfying archaeological find.",Someone dropped this over 500 years ago,Raw UGC,Vlog,false,yes,,https://www.tiktok.com/@ed..md/video/7679881134573931798
coins,silver coins,2026-08-30,2026-10-01,mrchristian098,MR CHRISTIAN WILLEM,33000,1436,722,78,"THESE 12c 1c 2 c 5 c 10 c 20 c AND THE SILVER R1 COIN SETS WERE STRUCK AS PART OF THE SECOND DECIMAL ISSUES 1965-1990.

IN 1962 IT WAS ANNOUNCED THAT A CHANGE IN SIZE, DESIGN AND METAL CONTENT OF COIN","A coin dealer records a brief, unedited talking-head video assuring viewers of his company's honesty, loyalty, and lack of scams when purchasing vintage South African coin sets.",,Raw UGC,Opinion,true,yes,,https://www.tiktok.com/@mrchristian098/video/7679832793240669460
coins,rare coins,2026-08-30,2026-10-01,coins.company.223,coins company 22,12700,225,129,30,"BUY OLD & RARE COINS

HOUSE TO HOUSE IN SOUTH AFRICA!

Are you in possession of valuable or old coins?

We're actively buving coins house to house across South Africa and neighboring countries!

Wheth","A South African coin buyer posts a promotional video addressing local sellers, emphasizing secure, face-to-face cash transactions and immediate payment via WhatsApp without hidden fees or digital card scams.",only face-to-face; COINS FROM THE REPUBLIC OF SOUTH AFRICA HOBBIT OF KINGS; SOUTH; 1c,Raw UGC,Opinion,true,yes,,https://www.tiktok.com/@coins.company.223/video/7679803237347708181
coins,silver coins,2026-08-30,2026-10-01,italianworldcoin,ItalianWorldCoin,474,31,,1,"CUBA 🇨🇺 40 CENTAVOS 1920
⭐ 90% SILVER
⚖️ 10 g
🥈 9 g argento puro
📅 104 YEARS OLD
💰 Vintage Cuban Silver

Caption corta:

1920 Cuba 🇨🇺 40 Centavos 🪙 90% Silver — over 100 years old! 🔥 Who coll","A short-form numismatic showcase featuring a 1920 Cuban 40 Centavos silver coin, highlighting its historical age, silver purity, and intricate design details for coin collectors.",Cuba 💎 40 CENTAVOS; CUBA 1920; 40 CENTAVOS; SILVER; PATRIA Y LIBERTAD; 10 G.; 1920; REPUBLICA DE CUBA; CUARENTA CENTAVOS,Raw UGC,Review,false,yes,,https://www.tiktok.com/@italianworldcoin/video/7679691119558429965
coins,coin collecting,2026-08-29,2026-10-01,lindaulgkni,LIGIT BUYERR,12500,408,70,42,"I'm currently looking to buy/collect this particular
Singapore old coin shown in the picture. If you have this coin in your collection, or you know someone who has one available, please feel free to r","A TikTok post by a collector seeking specific vintage Singapore coins, utilizing visual proof of similar coins and a high monetary valuation to drive engagement and acquisition.",What you must do in Singapore; ($20k); 1967 SINGAPORE 50 CENTS; 1967 10 CENTS,Raw UGC,Collection,true,yes,,https://www.tiktok.com/@lindaulgkni/video/7679588680536804616
coins,rare coins,2026-08-29,2026-10-01,nauvoocoins,nauvoocoins,2143,147,18,5,"1878-S US Trade Dollar

#silvercoin #numismatics #rarecoins #oldcoins","A silent, high-detail visual showcase of an authentic 1878-S US Trade Dollar silver coin, targeting numismatics enthusiasts on TikTok.","IN GOD WE TRUST, 1878, LIBERTY, UNITED STATES OF AMERICA, E PLURIBUS UNUM, 420 GRAINS, 900 FINE, S, TRADE DOLLAR, Trade Dollar",Raw UGC,Review,false,yes,,https://www.tiktok.com/@nauvoocoins/video/7679570000537029919
coins,coin collecting,2026-08-29,2026-10-01,luxerestock0,Luxe Restock,15200,386,2,10,"coin collection 
#vending #vendingmachinebusiness #coin","A creator opens a coin pusher arcade machine inside a laundromat to review its five-day earnings, discussing operational modifications, security features, and profit margins.","SMILE! YOU'RE ON CAMERA; MASTER CRAFT SAND washed, graded & dried (27.2 KG); SAFETY SWITCH",Raw UGC,Vlog,false,yes,possible off-topic,https://www.tiktok.com/@luxerestock0/video/7679559965060730143
coins,silver coins,2026-08-29,2026-10-01,coinsbuyer313,coins buyer 111,8779,321,239,101,"THESE 1/2 c 1c 2 c5 c 10 c20 c50 AND THE SILVER R1 COINS SETS WERE STRUCK AS PART OF THE SECOND DECIMAL ISSUE 1965-1990.IN 1962 ΤΟ WAS ANNOUNCED THAT A CHANGE IN SIZE, DESIGN AND METAL CONTENT OF COIN",A numismatic content creator delivers an urgent warning on TikTok to South African coin sellers about advance-fee scams where fake buyers demand upfront fees.,"THE ONLY ADVICE I CAN GIVE YOU RIGHT NOW IS THIS, IF YOU ARE THE ONE SELLING YOUR COINS, HOW CAN YOU BE THE ONE PAYING MONEY BEFORE SELLING THEM? PLEASE TAKE A MOMENT TO THINK ABOUT THAT. WE ARE TRIED OF SCAMMER TRYING TO DESTROY THIS COINS BUSINESS. MANY PEOPLE HAVE LOST MILLIONS BECAUSE OF FAKE BUYER WHO KEEP ASKING FOR DIFFERENCE FEES BEFORE COMPLETING THE DEAL. PLEASE BE CAREFUL. A REAL BUYER WILL NOT ASK SELLER TO PAY MONEY BEFORE PICKING UP THE COINS.; listen carefully; THESE 1/2 c 1c 2 c5 c 10 c20 c50 AND THE SILVER R1 COINS SETS WERE STRUCK AS PART OF THE SECOND DECIMAL ISSUE 1965-1990.IN 1962 TO WAS ANNOUNCED THAT A CHANGE IN SIZE, DESIGN AND METAL CONTENT OF COINS WAS BEING CONSIDERED. THIS WAS PRIMARILY DUE TO THE INCREASED. IN THE PRICE OF SILVER. VARIOUS PATTERNS WERE STRUCK FOR CONSIDERATION BY THE PARLIAMENTARY COMestraptec bank INVESTIGATING THIS PARLIAMENTARY THE INCREASED USE OF COINS LONG TERMS USE OF THE AUTOMATION MACIHNE REQUIRED COMMITTEE INVESTIGATING THIS AStomers COIN#fypviralシviral vira#southmandelacolougedelacolouge #southafrica #fy",Raw UGC,Opinion,false,yes,,https://www.tiktok.com/@coinsbuyer313/video/7679448248687398165
coins,coin collecting,2026-08-29,2026-10-01,dansdollarss,Dans Dollars,249200,5347,959,853,"500,000,000 UK 1993 2 TWO PENCE COIN VALUE ELIZABETH II #COIN #FYP #coincollecting #rarecoins #elizabeth","A coin collecting creator uses a macro POV shot of a 1993 UK two-pence coin to explain that while the 1993 version is a common face-value coin with 500 million minted, viewers should check for the rare 1983 'new pence' error version worth £1,000.","500,000,000; UK 1993 2 TWO PENCE COIN VALUE ELIZABETH II",Raw UGC,Tutorial,false,yes,,https://www.tiktok.com/@dansdollarss/video/7679418599798361366
coins,silver coins,2026-08-28,2026-10-01,treasurenick,Treasure Nick,575600,25700,645,1532,"Who clipped the edge of these silver coins 300 years ago??
All these coins are now available on my website in my bio!!! Very limited amount available!!

#treasurehunting #history #treasure","Creator Treasure Nick explores the history of clipped Spanish colonial silver coins known as cobs from 300 years ago, debunking clipping myths before pitching the sale of authentic pieces available on his website.","Cobs, 1700, 1675, 1707",Raw UGC,Storytime,true,yes,,https://www.tiktok.com/@treasurenick/video/7679065318853004558
coins,rare coins,2026-08-28,2026-10-01,usacoin09,USA Coin Reveal,132500,3847,141,1159,The Legendary 1-Cent Coin That Shattered Every Auction Record #RareCoins #CoinCollecting #Numismatics #HiddenTreasures #ValuableFinds,"An educational video detailing the history, grading, and staggering auction value of rare 1943 and 1945 Lincoln wheat pennies.",The Legendary 1-Cent Coin That Shattered Every Auction Record; part 1; ONE CENT; UNITED STATES OF AMERICA; E PLURIBUS UNUM; IN GOD WE TRUST; LIBERTY; 1943; 1945,Polished Creator,Tutorial,false,yes,,https://www.tiktok.com/@usacoin09/video/7678990378070035726
coins,rare coins,2026-08-28,2026-10-01,mintvalues,Coin worth USA,12700,495,60,195,"Biggest risk: don’t claim the 2000 South Carolina P quarter is automatically rare or worth a huge amount—most are common. The hook should focus on checking condition and errors.
5 Hashtags:
#SouthCaro",A coin collecting creator uses sensationalist valuation claims about a 2000 South Carolina quarter to capture viewer attention and drive engagement on TikTok.,"CHECK YOUR CHANGE!; UNITED STATES OF AMERICA; IN GOD WE TRUST; LIBERTY; P; QUARTER DOLLAR; SOUTH CAROLINA; 1788; THE PALMETTO STATE; 2000; E PLURIBUS UNUM; $75,000",Raw UGC,Opinion,false,yes,,https://www.tiktok.com/@mintvalues/video/7678627977181105430
coins,(not in thumbnail),2026-08-27,2026-10-01,coincollecting_detecting,Michael,14500,734,22,18,"Let’s Get Straight Into This Roll And Search These Coins For Value - Follow For More 
#fun #coinsearch #interesting #calming #goodtimes",,,,,,no,,https://www.tiktok.com/@coincollecting_detecting/video/7678607682554760469
coins,coin collecting,2026-08-25,2026-10-01,dansdollarss,Dans Dollars,322000,7435,1144,1084,"350,000,000 UK 1989 2 TWO PENCE COIN VALUE ELIZABETH II #COIN #FYP #rarecoins #coincollecting #kingcharles","A coin collecting creator breaks down the mintage, history, and valuation of the 1989 UK two pence coin, explaining that despite 350 million being minted, viewers should watch out for rarer variants.","350,000,000; UK 1989 2 TWO PENCE COIN VALUE ELIZABETH II; #COIN #FYP #rarecoins #coincollecting #kingcharles",Raw UGC,Tutorial,false,yes,,https://www.tiktok.com/@dansdollarss/video/7677986864103509270
coins,silver coins,2026-08-25,2026-10-01,everydaydetectorist,everydaydetectorist,221000,2296,76,49,"Every find tells a story, but some take a little extra patience to uncover.  
I picked up this heavy concretion on a beach hunt expecting a weathered pre-decimal copper penny. But after a careful sess","An everyday metal detectorist demonstrates the delicate cleaning and restoration of an encrusted beach find, revealing it to be a 1960 Australian Silver Florin after initial misidentification as a penny. The video combines satisfying ASMR scraping visuals with a narrative about beach history and patience.","I couldn't have been more wrong; I thought the coin covered in debris was a penny; But actually it was a silver coin; Did you see the reeded edge?; I set about trying to remove as much as I possibly could without damaging the coin; And I was more than a bit surprised that it was so easy to get off; Okay let's brush it off and turn it over; Nice; Did you see the reverse imprint the coin made?; Now this tool you need to be really careful with; It's just a case of steady as she goes; Just take your time; You'll get there; Then all of a sudden, yes it's off; All of those crisp lines you'd expect on a coin are gone; That's the results of 50 years underwater; everyday detectorist logo",Raw UGC,Tutorial,false,yes,,https://www.tiktok.com/@everydaydetectorist/video/7677763367515229447
coins,rare coins,2026-08-24,2026-10-01,mrchristianwilliams6,Mr Christian Williams 🪙,5393,135,91,20,#CoinBuyer #WeBuyCoins #RareCoins #OldCoins #CoinCollection,"A coin buyer releases a public service announcement video on TikTok warning his followers and customers that scammers are using his photograph to commit fraud, clarifying that he only conducts transactions face-to-face with no fees.",REASON WHY I AM DOING THIS VIDEO BECAUSE MANY SCAMMER ARE USING MY PICTURE TO SCAM MY CUSTOMER THAT IS NOT ME BECAUSE I ONLY BUY COINS FACE TO FACE WITH NO FEES,Raw UGC,Personal-update,false,yes,,https://www.tiktok.com/@mrchristianwilliams6/video/7677738342485708052
coins,rare coins,2026-08-24,2026-10-01,dansdollarss,Dans Dollars,61100,1633,473,347,"500,000,000 UK 2006 1 ONE PENNY COIN VALUE ELIZABETH II #COIN #FYP #rarecoins #coincollecting #elizabeth","Creator Dans Dollars explains the 2006 UK one-penny coin mintage of 500 million, advising viewers not to overpay for common circulation coins online.","500,000,000; UK 2006 1 ONE PENNY COIN VALUE ELIZABETH II; ELIZABETH II D G REG F D 2006; ONE PENNY",Raw UGC,Tutorial,false,yes,,https://www.tiktok.com/@dansdollarss/video/7677509351182961942
coins,silver coins,2026-08-23,2026-10-01,coinszhistory,CoinszHistory,86700,1642,449,680,"🇮🇹🪙 Have this 1978 Italian silver coin? We’re interested in buying it! 💰
📩 Send us clear photos of your coins and we’ll take a look.
#WeBuyCoins #OldCoins #ItalianCoins #SilverCoins #CoinCollecto","A short promotional video from a coin buyer displaying an Italian 1978 coin with an exaggerated price tag of 180,000 euros, prompting users to submit photos of their own coins.","🇮🇹 Italian Classic 
 Silver Old Coin 1978 R 
 100 lires 🪙🪙 
 €180.000.00 
 🇮🇹🪙 Have this 1978 Italian silver coin? We’re interested in buying it! 💰 
 📩 Send us clear photos of your coins and we’ll take a look.",Raw UGC,Meme,true,yes,,https://www.tiktok.com/@coinszhistory/video/7677377857844448532
coins,coin collecting,2026-08-23,2026-10-01,kevin123_508,Charles Kevin,43600,811,230,230,#germany #münzen #coinscollection #fypgermany🇩🇪 #goviral,"A coin collecting short featuring a macro presentation of a 1950 Germany 10 Pfennig coin paired with a bold 130,000 euro valuation hook and reference document background.","1950 Germany 10 Pfennig Coin; €130,000; Website: MA-S...; A: Berlin; B: Vienna; D: Munich; E: Muldenhuetten; F: Stuttgart; G: Karlsruhe; J: Hamburg",Raw UGC,Tutorial,false,yes,,https://www.tiktok.com/@kevin123_508/video/7677241829053435169
coins,(not in thumbnail),2026-08-23,2026-10-01,tydsfs222,tydsfs222,2616,54,1,2,Speed roll Hunt! 23 #coincollecting #coinrollhunting #numismatics #uscoins #usatiktok,,,,,,no,,https://www.tiktok.com/@tydsfs222/video/7677186557773712653
coins,(not in thumbnail),2026-08-23,2026-10-01,azcoinhunters,azcoinhunters,1432,40,,2,"$2 roll, 25 chances! 🪙 Look, a 2022 ""A"" Commonwealth Games $2 coin! 🇦🇺
This one's part of a 3-coin set (A, U, S) released to celebrate the Aussie Team heading to the Birmingham 2022 Commonwealth Ga",,,,,,no,,https://www.tiktok.com/@azcoinhunters/video/7677165228685118728
coins,rare coins,2026-08-23,2026-10-01,rarecoins72,RARE COINS,299,14,3,,"Creator THESE 1/2 c 1c 2 c 5 c 10 c 20c 50c AND THE SILVER R1 COIN SETS WERE STRUCK AS PART OF THE SECOND DECIMAL ISSUE 1965-1990. IN 1962 IT WAS ANNOUNCED THAT A CHANGE IN SIZE, DESIGN AND METAL CONT","An educational short-form video featuring a numismatic creator discussing the history and high potential valuation of South African banknotes, prompting viewers to check their collections and visit the creator's bio.","SOUTH AFRICA NOTE VALUES; DO YOU HAVE ANY AWAY OF THESE NOTES?; 2 RAND NOTE (1986); R1,000,000; Depending on Condition; 5 RAND NOTE (1989); 10 RAND NOTE (1990); 20 RAND NOTE (1991); 50 RAND NOTE (1992); NOTES ARE WORTH A LOT OF MONEY!; CHECK IT - CHECK YOUR COLLECTION NOW!; CHECK MY BIO MESSAGE ME ON WHATSAPP",Polished Creator,Informational,true,yes,,https://www.tiktok.com/@rarecoins72/video/7677093906923654420
coins,silver coins,2026-08-23,2026-10-01,thecanadiancoinbroker,The Canadian Coin Broker,21200,485,24,107,"🥈 Check your old Canadian quarters before you spend them! 🇨🇦

Some contain a LOT more silver than others:

🪙 1870–1919: 92.5% silver
🪙 1920–1966: 80% silver
🪙 1967: 80% or 50% silver
🪙 1968: 50","A coin expert educates viewers on how to identify silver-containing Canadian quarters based on their mint years and magnetic properties, encouraging engagement by asking about their oldest finds.",@TheCanadianCoinBroker; How much Silver is in my change?; 1870-1919; 92.5%; 1920-1966; 80%; 1967; 80% or 50%; 1968; 50% possible; thanks FOR watching,Polished Creator,Tutorial,false,yes,,https://www.tiktok.com/@thecanadiancoinbroker/video/7677028257249643794
coins,silver coins,2026-08-22,2026-10-01,mr.stassen.albert8,MR STASSEN ALBERTUS,8794,142,66,21,"THESE 1/2 c 1c 2 c 5 c 10 c 20c 50c AND THE SILVER R1 COIN SETS WERE STRUCK AS PART OF THE SECOND DECIMAL ISSUE 1965 - 1990. IN 1962 IT WAS ANNOUNCED THAT A CHANGE IN SIZE, DESIGN AND METAL CONTENT OF","A financial creator pitches an in-person coin buying service at ABSA Bank for South African second decimal issue coins minted between 1965 and 1990, promising zero fees and direct messaging engagement.","THESE 1/2 c 1c 2 c 5 c 10 c 20c 50c AND THE SILVER R1 COIN SETS WERE STRUCK AS PART OF THE SECOND DECIMAL ISSUE 1965 - 1990. IN 1962 IT WAS ANNOUNCED THAT A CHANGE IN SIZE, DESIGN AND METAL CONTENT OF COINS WAS BEING CONSIDERED. THIS WAS PRIMARILY DUE TO THE INCREASE IN THE PRICE OF SILVER. VARIOUS PATTERNS WERE STRUCK FOR CONSIDERATION BY THE PARLIMENTARY COMMITTEE INVESTIGATING THIS AS THE INCREASED USE OF COIN AUTOMATION MACHINES REQUIRED LONG TERM USE OF THE COIN TYPES CHOSEN; BRING YOUR COINS HERE AT ABSA BANK, FACE-TO-FACE DEAL AND NO FEE. MESSAGE ME NOW.",Polished Creator,Inform,true,yes,,https://www.tiktok.com/@mr.stassen.albert8/video/7676947713715391752
coins,rare coins,2026-08-22,2026-10-01,rarecoins72,RARE COINS,758,9,2,3,"THESE 1/2 c 1c 2 c 5 c 10 c 20c 50c AND THE SILVER R1 COIN SETS WERE STRUCK AS PART OF THE SECOND DECIMAL ISSUE 1965-1990. IN 1962 IT WAS ANNOUNCED THAT A CHANGE IN SIZE, DESIGN AND METAL CONTENT OF C",An educational video by a rare coin creator presenting estimated values for vintage South African coins while narrating the historical background of coinage and banknote evolution.,"SOUTH AFRICA COIN VALUE ESTIMATED 2026 VALUES • Do You Have Any of These Coins? MANDELA 5 RAND COIN 2018 Commemorative Coin VALUE R1,000,000 Depending on Condition KRUGER 1 RAND COIN 1967 Bronze Coin VALUE R1,000,000 Depending on Condition 1 RAND COIN 1966 Silver Coin VALUE R1,000,000 Depending on Condition 5c COIN 1963 Nickel Coin VALUE R1,000,000 Depending on Condition 20c COIN 1982 Bronze Coin VALUE R1,000,000 Depending on Condition 2c COIN 1961 Bronze Coin VALUE R1,000,000 Depending on Condition GOLD COIN 1961 Gold Coin VALUE R1,000,000 Depending on Condition SOUTH AFRICAN CROWNS OLD COINS ARE WORTH MILLIONS - DON'T SPEND THEM - CHECK THEIR VALUE! VALUE DEPENDS ON CONDITION, RARITY & DEMAND",Polished Creator,Informational,false,yes,,https://www.tiktok.com/@rarecoins72/video/7676945303936748821
coins,coin collecting,2026-08-22,2026-10-01,tydsfs222,tydsfs222,14300,323,7,17,Deep Dive Roll Hunt Quarters #coincollecting #coinrollhunting #numismatics #usatiktok,"A coin roll hunting creator walks viewers through a live search of a $10 roll of quarters, identifying notable dates, mint errors, and specific designs while offering numismatic valuations and educational tips.","FIRSTSTRIKE, PCGS MS64, Washington Signed 1st Patent, 2018 S, DISTRICT OF COLUMBIA, PUERTO RICO, GUAM, AMERICAN SAMOA, VIRGIN ISLANDS, NORTHERN MARIANA ISLANDS, $10 QUARTERS $10, COIN ROLL TREASURES, 2024-P Zitkala-Sa Mintage: 152M Common - not low mintage, Ebay Last Sold: $1-$3.5, 2024-P Zitkala-Sa, 2024-P, 1976-P Bicentennial Mintage: 809M Ebay Last Sold: Face Value, 2025-P Stacey Park Milbern Mint Mintage: 94.8M, Like and follow! Share what you enjoy collecting, Deep Dive Roll Hunt! Quarters #17",Polished Creator,Tutorial,false,yes,,https://www.tiktok.com/@tydsfs222/video/7676924427992435982
coins,silver coins,2026-08-22,2026-10-01,srqantiquesllc,SRQ ANTIQUES,68800,1487,52,26,"watch us chaotically try and open up an old coin bank we got out of a storage locker this week. Who would have though the coins would actually be old!

#antique #vintage #coins #silvercoins #storagewa","An antique reseller captures the chaotic process of opening a vintage mechanical coin bank found in a storage locker, surprising themselves and viewers with a massive haul of 1964-and-earlier silver coins.","NICKELS DIMES QUARTERS; AMOUNT DEPOSITED DOLLARS - CENTS; UNCLE SAM'S 3 COIN REGISTER BANK; READ DIRECTIONS ON BACK; TOY & NOVELTY CORPORATION 175 ESSEX STREET HACKENSACK NEW JERSEY; totals: 3 - half dollars, 54 - quarters, 9 - dimes, 7 - nickels, all 1964 and earlier",Raw UGC,Vlog,false,yes,,https://www.tiktok.com/@srqantiquesllc/video/7676639533575736607
coins,rare coins,2026-08-21,2026-10-01,malcolm.ashby,Malcolm Ashby,16800,715,28,130,Which 17 Rare & Valuable Coins Could Be Worth Thousands Of Dollars? #RareCoins #CoinCollecting #Numismatics #TreasureHunt #PocketChange,"An expert coin valuer outlines rare and valuable coins that could be found in everyday circulation, detailing specific mint marks and auction sale prices while promoting his comprehensive collectibles price guide.",17 Rare & Valuable Coins That Could Be Worth Thousands Of Dollars (Don't Spend Them); part 1; 17 rare coins you should never spend in 2026; Sotheby's; Ashby's Household & Collectibles Price Guide 2027; Scan Me; Get your guide at: www.MalcolmAshby.com; #17 2019-2020 W QUARTERS; 10M Tiny beside normal quarter mintages; $100s A 25-cent coin worth a hundred,Polished Creator,Tutorial,true,yes,,https://www.tiktok.com/@malcolm.ashby/video/7676470981556292895
coins,rare coins,2026-08-21,2026-10-01,mintvalues,Coin worth USA,44800,1137,261,149,"🔥 TOP 5 RARE USA COINS 🇺🇸🪙
3 Wheat Pennies and 2 Washington Quarters that could be worth serious money! 💰🔎 Check your old coins, pocket change, jars, and collections—you never know what hidden t","A fast-paced, high-energy TikTok video counting down five rare U.S. coins from everyday change that could theoretically be worth hundreds of thousands of dollars, designed to capture viewer attention through sensational financial valuations.","TOP 5 RARE USA COINS; CHECK YOUR CHANGE!; FESSIONAL AUTHENTICATION; CHECK BEFORE YOU SPEND IT; $430,000.00; $420,000.00; $400,000.00; THIRD RARE USA COIN; FORTH RARE USA COIN; FIFTH RARE USA COIN",Polished Creator,Tutorial,false,yes,,https://www.tiktok.com/@mintvalues/video/7676338310289132822
coins,silver coins,2026-08-21,2026-10-01,aliboy36216,pastor,21400,532,367,104,"THESE 1/2 c 1c 2 c 5 c 10 c 20c 50c AND

THE SILVER R1 COIN SETS WERE STRUCK AS PART OF THE SECOND DECIMAL ISSUE 1965 - 1990. IN 1962 IT WAS ANNOUNCED THAT A CHANGE IN SIZE, DESIGN AND METAL CONTENT O","An older creator delivers an urgent, trust-based request regarding coin purchases while showcasing a green-screen overlay of historical South African second decimal issue coins from 1965 to 1990.","THESE 1/2 c 1c 2 c 5 c 10 c 20c 50c AND THE SILVER R1 COIN SETS WERE STRUCK AS PART OF THE SECOND DECIMAL ISSUE 1965 - 1990. IN 1962 IT WAS ANNOUNCED THAT A CHANGE IN SIZE, DESIGN AND METAL CONTENT OF COINS WAS BEING CONSIDERED. THIS WAS PRIMARILY DUE TO THE INCREASE IN THE PRICE OF SILVER. VARIOUS PATTERNS WERE STRUCK FOR CONSIDERATION BY THE PARLIMENTARY COMMITTEE INVESTIGATING THIS AS THE INCREASED USE OF COIN AUTOMATION MACHINES REQUIRED LONG TERM USE OF THE COIN TYPES CHOSEN",Raw UGC,Opinion,false,yes,,https://www.tiktok.com/@aliboy36216/video/7676387027717213447
coins,silver coins,2026-08-21,2026-10-01,coinexpert1793,coinexpert1793,376,12,7,,"World coins collect part 6! All coins are silver, all coins are old! Old world coins!#numismatics #cointok #oldcoins #worldcoins #coin","A numismatist shares part 6 of an extraordinary world coin collection, highlighting rare and valuable silver coins from countries like Mexico, Netherlands, and Peru while sorting through double-row storage boxes.","World Coins Part 6; MEXICO 1928, 1935 1 PESO; MEXICO 1950, 1967 25 CENTAVOS; MEXICO 1898, 1909 1 PESO; NETHERLANDS 1756 1753 1757 1/2 GULDEN; NETHERLANDS 1739 1739A 1 DAALDER; NETHERLANDS 1597 1641 1 DAALDER; PERU 1791 1803 2 REALES; PERU 1871 1921 4 REALES; PERU 1890 1917 1/2 DINERO; PERU 1922 1935 1/4 SOL; PERU 1890 1847 8 REALES; PERU 1880 5 PESETAS; PHILIPPINES 1865 1868; P, W, N, S alphabetical index markers.",Raw UGC,Vlog,false,yes,,https://www.tiktok.com/@coinexpert1793/video/7676313493552860430
coins,coin collecting,2026-08-21,2026-10-01,mintvalues,Coin worth USA,21900,463,78,119,"💰1942 UK Half Penny – Rare World War II Coin Worth Checking! 🇬🇧🪙 Some 1942 Half Pennies can attract collector interest due to their age, condition, and historical significance during the Second Wo","A short-form numismatic video by Coin worth USA showcasing a 1942 UK half penny coin and claiming astronomical auction values of up to $339,000 to encourage viewers to inspect their own pocket change.","CHECK YOUR CHANGE!;
$339,000.00;
GEORGIUS VI D:G:BR:OMN:REX F:D:IND:IMP;
HALF PENNY;
1942;
collector's price pieces that retain visible design detail despite extensive wear and fine stories of everyday life encapsulated within each nick and rust spot furthermore auctions and collector forums elevate interest in 1942 half pennies that exhibit unusual aesthetic qualities or provenance often driving bidding activity during sales;
The appetite for classic British coins remains strong among international collectors and this sustained interest contributes to the ongoing market value for well preserved or historically significant examples;
The market value of a 1942 United Kingdom half penny varies widely based on condition grade and selling venue an average auction results a circulated example might fetch roughly around $339,000 with some records showing sales around that level at major auction houses;
This average reflects data collated from CoinMarket Archives and auction records where collectors bid on pieces similar to the 1942 half penny;
Historical sales show that more pristine coins graded by professional services have achieved higher prices with one certified specimen selling for $468,000 in earlier auctions",Raw UGC,Inform,false,yes,,https://www.tiktok.com/@mintvalues/video/7675987265121832214
coins,(not in thumbnail),2026-08-20,2026-10-01,diggindave_,Diggin Dave,15000,624,14,34,"What's in this Roll of Pennies?

#coinrollhunting #coincollecting #tiktokshop #coins #pennies",,,,,,no,,https://www.tiktok.com/@diggindave_/video/7676235681160498462
coins,coin collecting,2026-08-20,2026-10-01,kingofthecheapdat,KingOfTheCheapDate,5035,147,22,11,Always great to see coin enthusiasts proud of their collection. This clip is  from our coin show in Fort Lauderdale. I make a point to interview our guests coming and going. This Sunday we had a numbe,A short-form video from KingOfTheCheapDate spotlighting a young collector showing off his silver and coin acquisitions at a Fort Lauderdale coin show.,Spotlight on a Young Coin Collector; COIN SHOWS IN FLORIDA; 1934 LINCOLN CENT; $5.00; TROY OZ .999 SILVER; PROSPECTORS GOLD & GEMS; SOUTH FLORIDA COIN SHOWS; GOLD COAST COIN CLUB; FORT LAUDERDALE COIN CLUB; PALM BEACH COIN CLUB,Raw UGC,Vlog,false,yes,,https://www.tiktok.com/@kingofthecheapdat/video/7676159389039955230
coins,coin collecting,2026-08-20,2026-10-01,metaldetective.fla,Metaldetective Flanders,19800,1251,70,24,I found an extremely rare Roman coin in purchased coin collection 🤩💸🤑 #metaldetecting #metaldetector #minelab #romanempire #coincollecting,"A metal detectorist shares a story about purchasing a 240-piece Roman coin collection and discovering that one coin features a rare 'VAR' countermark associated with General Publius Quintilius Varus, making the single coin worth more than the entire collection.","I BOUGHT THIS; I BOUGHT THIS ROMAN COIN COLLECTION; BUT NOBODY REALISED THAT THERE WAS ONE; THAT IS WORTH MORE THAN WHAT I PAID FOR THE WHOLE COLLECTION; SO NOT TOO LONG AGO; A 240 PIECE ROMAN COIN COLLECTION; AS YOU SEE; IT DOES CONTAIN SOME AMAZING COINS; CAME FROM NORTH METAL DETECTORIST; WHO WANTED TO SELL EVERYTHING THAT HE EVER FOUND; AS I WAS GOING THROUGH THE COLLECTION PIECE BY PIECE; I WAS PRETTY HAPPY WITH MY PURCHASE; THEN I WAS EXAMINING THIS ONE; AT FIRST GLANCE; THIS LOOKS LIKE A REGULAR AS FROM EMPEROR AUGUSTUS; WITH THE ALTAR OF LUGDUNUM; WHEN I SUDDENLY NOTICED; THIS COUNTERMARK; IT SAYS VERY CLEARLY 'VAR'; THIS COIN COMES FROM NONE OTHER; LESS THAN THE FAMOUS GENERAL PUBLIUS QUINTILIUS VARUS; IT IS INDEED THE GUY; WHO WAS SLAUGHTERED AT TOTUSBURG FOREST BY THE CELTS; THERE ARE ONLY 1,000 OF THESE COINS IN THE WORLD; AND WHAT MAKES THIS ONE EVEN MORE; THIS ONE'S COUNTERMARK IS ON THE BACK; ONLY 50 LIKE THIS ONE ARE KNOWN TO EXIST; BY LOOKING AT SOME AUCTION RESULTS; IT IS CLEAR THAT THIS COIN IS WORTH; MINIMUM OF THOUSAND FIVE; SO SOMETIMES YOU JUST HAVE TO BE LUCKY; RIGHT?",Raw UGC,Storytime,false,yes,,https://www.tiktok.com/@metaldetective.fla/video/7676120111840824598
coins,coin collecting,2026-08-20,2026-10-01,oldcoinexchange1,SouthAfrican old Coin Exchange,6994,123,146,10,#oldcoins Hello! Thank you for reaching out to [Gold Coin Treasure Exchange Company]. We buy old and collectible coins across South Africa. 🇿🇦 Dm on WhatsApp ‪+27 70 716 5944‬,A South African coin buying business uses a direct-to-camera video featuring a storefront and a promise of safe police station meetings to drive potential sellers to WhatsApp.,I buy coins face to face; SA COINS COOPERATION COMPANY THE BEST PLACE TO SELL YOUR COINS FACE TO FACE NOW; TikTok @andre.le.roux21; KERRIN PACKAGING,Raw UGC,Commercial,true,yes,,https://www.tiktok.com/@oldcoinexchange1/video/7676020839149505813
coins,(not in thumbnail),2026-08-20,2026-10-01,craigcollects,CraigCollects,7636,100,12,17,"It took 8 rolls to find the most common commemorative coin!
#coinhunt #commemorativecoin #treasure #Numismatics #AustralianCoins",,,,,,no,,https://www.tiktok.com/@craigcollects/video/7671901666844790036
coins,silver coins,2026-08-19,2026-10-01,well8802,Parisian Vintage Coins&Medals,7325,130,25,1,"Vintage French Silver Coins Found at a Paris Flea Market — For My Collection 🇫🇷🪙

#VintageCoins
#FrenchCoins
#SilverCoins
#ParisFleaMarket
#Numismatics

Vintage Coins
French Coins
Silver Coins
Pari","A silent, aesthetic showcase of vintage French and Moroccan silver coins found at a Paris flea market, presented through top-down overhead shots and macro coin rotations.",SUBSCRIBE 💕; 20 FRANCS 1933 LIBERTE EGALITE FRATERNITE; REPUBLIQUE FRANCAISE; 5 FRANCS 1875; MAROC 20 FRANCS EMPIRE CHERIFIEN; Vintage French Silver Coins 🇫🇷,Polished Creator,Aesthetic,false,yes,,https://www.tiktok.com/@well8802/video/7675804467048008993
coins,coin collecting,2026-08-19,2026-10-01,vithunan8,Victor,19200,481,155,56,Coins collection #numismatics #rarecoins #coincollecting #2euro #coin,"A minimalist numismatic showcase featuring a rotating 2002 German 2-euro coin from mint F, targeted at coin collecting enthusiasts on TikTok.",Germany; 2002/F; 2002; EURO,Raw UGC,Tutorial,false,yes,,https://www.tiktok.com/@vithunan8/video/7675713437854485782
coins,rare coins,2026-08-19,2026-10-01,coinsxjmqs1,pastor John Henry,4074,60,22,10,"BUY OLD & RARE COINS

HOUSE TO HOUSE IN SOUTH AFRICA!

Are you in possession of valuable or old coins?

We're actively buving coins house to house across South Africa and neighboring countries!

Wheth","Pastor John Henry posts a promotional TikTok ad targeting South African residents who own old and rare coins, offering house-to-house buying services and safe meetups at police stations. The video features a scenic Cape Town opening, rapid b-roll of coin collections and sorting trays, and synchronized text overlays emphasizing security against online scams.","BUY OLD & RARE COINS 
 HOUSE TO HOUSE IN SOUTH AFRICA! 
 Are you in possession of valuable or old coins? 
 We're actively buying coins house to house across South Africa and neighboring countries! 
 Whether you're looking to sell gold coins, Krugerrands, old South African coins-or world coins - we come to YOU! 
 We're available in the following areas: 
 I NEED COINS 
 M6 Cape Town Sea Point 
 M62 Table Mountain Cape Town 
 Curious what your... 
 RARE COIN COLLECTION 
 $300 
 $4300 
 $32400 
 $9100 
 $1000 
 $8000 
 $50 
 $21000 
 $20 
 COINS FROM THE REPUBLIC OF SOUTH AFRICA 
 HOBBY OF KINGS",Raw UGC,Advertisement,true,yes,,https://www.tiktok.com/@coinsxjmqs1/video/7675618363002948885
coins,coin collecting,2026-08-18,2026-10-01,coinexpert1793,coinexpert1793,319,12,3,,This is part three of the most amazing world Coin collection I have ever handled. Every Coin in this collection is silver.#numismatics #cointok #coincollection #worldcoins #silvercoins,"A numismatist presents part three of their newly acquired world coin collection, systematically walking through silver coins from Denmark, France, Egypt, and other nations while discussing dates, denominations, and historical details.",World Coin Collection Part 3; DENMARK 1681 2 SKILLING; FRANCE 1565 1 TESTON; 1g = .0322 TROY OUNCE; 1 TROY OZ = 31.1035 GRAMS,Raw UGC,Vlog,false,yes,,https://www.tiktok.com/@coinexpert1793/video/7675494122534259982
coins,rare coins,2026-08-18,2026-10-01,mintvalues,Coin worth USA,19100,548,119,124,"1989-D BLACK WASHINGTON QUARTER! 🚨
Could this dark-colored quarter be worth far more than 25 cents? Some collectors search for unusual Washington Quarters with rare mint errors, while others turn out","An educational TikTok video examining a dark toned 1989-D Washington Quarter, contrasting extreme auction error valuations with normal circulated worth and advising collectors on authentication.","$380,000.00; STANDARD CIRCULATED EXAMPLE THE VALUE REMAINS CLOSELY CONNECTED TO ITS ORDINARY NUMISMATIC STATUS WHILE EXCEPTIONAL EXAMPLES WITH SIGNIFICANT AND AUTHENTICATED CHARACTERISTICS CAN COMMAND MUCH STRONGER PRICES WITH STANDOUT RARE ERROR OR HIGHLY COLLECTIBLE SPECIMENS POTENTIALLY REACHING ONE HUNDRED FIFTY THOUSANDS DOLLARS AND IN EXCEPTIONAL DOCUMENTED CASES EVEN THREE HUNDRED EIGHTY THOUSANDS DOLLARS THE IMPORTANT POINT IS THAT THE MARKET VALUE OF A PARTICULAR COIN MUST BE ESTABLISHED FROM ITS EXACT CHARACTERISTICS AND VERIFIED AUCTION OR SALES EVIDENCE SO COLLECTORS SHOULD FOCUS ON AUTHENTICATION CONDITION RARITY AND DOCUMENTED DEMAND RATHER THAN RELYING ONLY ON A DARK APPEARANCE OR AN ONLINE CLAIM THE BEST WAY TO BUILD KNOWLEDGE AS A WASHINGTON QUARTER COLLECTOR IS TO DEVELOP A HABIT OF CHECKING EVERY INTERESTING COIN CAREFULLY LEARN THE MAJOR MINT MARKS AND DESIGN DETAILS COME FAMILIAR WITH GENUINE MINT ERRORS AND RECOGNIZED VARIETIES STUDY PHOTOGRAPHS OF CERTIFIED EXAMPLES AND KEEP NOTES ABOUT COINS THAT APPEAR UNUSUAL A COIN DOES NOT HAVE TO LOOK PERFECT TO BE FASCINATING AND A CIRCULATED PIECE CAN STILL TELL AN IMPORTANT STORY ABOUT AMERICAN COMMERCE AND COLLECTING HISTORY; CHECK BEFORE YOU SPEND IT",Polished Creator,Tutorial,false,yes,,https://www.tiktok.com/@mintvalues/video/7675181014251015446
coins,rare coins,2026-08-17,2026-10-01,usacoin09,USA Coin Reveal,5406,178,17,80,"Which 5 Ultra Rare Lincoln WheatPennies Are Worth $1,163,000? #CoinCollecting #WheatPenny #RareCoins #ValuableCoins #CoinTok","An educational short-form video by USA Coin Reveal instructing viewers on how to identify a rare 1944 Lincoln Wheat Penny worth hundreds of thousands of dollars, warning against cleaning or spending potential rare finds.","5 Ultra Rare Lincoln Wheat Pennies Worth $1,163,000! Do NOT Spend These Coins!; part 2; IN GOD WE TRUST; LIBERTY; 1944; E PLURIBUS UNUM; ONE CENT; UNITED STATES OF AMERICA",Raw UGC,Tutorial,false,yes,,https://www.tiktok.com/@usacoin09/video/7674984889778834701
coins,coin collecting,2026-08-16,2026-10-01,coinsgallerycollections1,Coinsgallerycollections,16200,309,87,20,"RM 50SEN 
RM7000
#BanknoteCollector #CoinCollecting #CoinCollector #4u #moneycollector","A coin collector posts a POV video showcasing three vintage Malaysian 50-sen coins and offers to buy each one for 4,000, urging viewers to message privately if they possess similar items.","Terjumpa sebis sejarah Malaysia 🇲🇾, RM 50SEN, RM7000",Raw UGC,Review,true,yes,,https://www.tiktok.com/@coinsgallerycollections1/video/7674773931198336264
coins,(not in thumbnail),2026-08-16,2026-10-01,cad_roll_hunter,CAD Roll Hunter,92400,1557,35,354,"You've gotta look for the 2002 ""Dot in H"" Variety! Don't let this one slip past you! #coins #coinrollhunting #canada #toonie #coincollecting #coin #cadrollhunter",,,,,,no,,https://www.tiktok.com/@cad_roll_hunter/video/7674617573027302677
coins,silver coins,2026-08-14,2026-10-01,heribase,HeriBase,40100,474,58,63,💵 This 50¢ Coin Could Be Worth Much More! 😱#RareCoins #CoinCollecting #USCoins #coin #OldCoins #CoinValues #CoinValue #HeriBase #Numismatics #ValuableCoins #CoinCollector,"A coin expert demonstrates a rare overweight 1971 Kennedy half dollar coin error worth thousands of dollars, using the demonstration to promote the HeriBase coin scanning and valuation mobile app.","💵 This 50¢ Coin Could Be Worth Much More! 😱; fellas this 1971 Kennedy half dollar weighs wrong; a normal 1971 D Kennedy should be around 11.34 grams; this extra weight could mean one thing; it may have been struck on the wrong planchet; mistake could turn a 50 cent coin into a five figure discovery; download HeriBase; scan your coins; Normal; 11.34g; Silver; 12.5g; $13,000; $0.5; USA 1/2 dollar Kennedy Half Dollar 1971-MS silver; 1971-S Proof; MS 69; Category: My Set 1 / Date: 07/03/2026; Reference Price USD $630.00; Mintage 3,244,183 Scarce; Sell it; Market; Top; U.S. Coins; U.S. Banknotes; $30.00; 1943 USA 1/2 dollar Walking Liberty AU Silv...; $30.00; 1907-O USA 1/2 dollar Barber Half Dollar F Silv...; $35.00; 1902-O USA 1/2 dollar Barber Half Dollar F Silv...; $500.00; 1965 USA 25 c... Washington Quarter W...; SOLD; 1865 USA 2 cents Union Shield VF; $48.00; 1918 United Kingdom 1/2 penny AU; $100.00; 1916 USA 1 dime Mercury F Silver 0.900; $25.00; 2000 Canada 1 cent; NEW; HeriBase_app; HeriBase (Formerly HeriCoin) is your Al-powered coin collecting hub. Buy and sell easily! ↗ www.heribase.com?utm_source=instagram&...; Add banners; Professional dashboard; 1.7M views in the last 30 days.; Edit profile; Share profile; New; Free coin s...",Polished Creator,Tutorial,true,yes,,https://www.tiktok.com/@heribase/video/7673766793835580686
coins,rare coins,2026-08-11,2026-10-01,samso.tiv,Samso tiv,38500,1077,63,270,"Rare 1976-S Washington Bicentennial Quarter Worth an Estimated $19,200! Don't Ignore This Valuable Collector Coin","A fast-paced numismatic tutorial explaining how a rare 1976-S Washington Bicentennial quarter can be worth up to $19,200, urging viewers to inspect their pocket change.","$19,200.00; UNITED STATES OF AMERICA; E PLURIBUS UNUM; QUARTER DOLLAR; LIBERTY; IN GOD WE TRUST; 1776-1976; S",Polished Creator,Tutorial,false,yes,,https://www.tiktok.com/@samso.tiv/video/7672829401419091231
coins,(not in thumbnail),2026-08-11,2026-10-01,coinstackin_nurse_la97,Southern*Nurse*Salleye,1592,24,11,16,"Don't miss out on this highly sought after roll hunting, matt that sells out within one or two weeks after coming back into stock. This roll hunting mat serves as a resource for searching coins for er",,,,,,no,,https://www.tiktok.com/@coinstackin_nurse_la97/video/7672754243375320350
coins,coin collecting,2026-08-10,2026-10-01,behind.the.coin,behind the coin,316900,9764,1510,601,#Numismatics #behindthecoin #RareCoins #coincollecting #OldCoins,"A numismatics creator instructs viewers on how to check the value of old coins lying around their homes, using a 2014 UAE 1-dirham coin as a case study and evaluating its worth in Pakistani rupees.","Urdu text overlays in red boxes corresponding to speech; Arabic numerals 2014 and 1435 on coin; English and Arabic text on coin (UNITED ARAB EMIRATES, 1 DIRHAM)",Raw UGC,Tutorial,false,yes,,https://www.tiktok.com/@behind.the.coin/video/7672377814800190742
coins,silver coins,2026-08-07,2026-10-01,jewelermaxwell,JewelerMaxwell,9458,249,42,25,"$20,000 worth of “junk” silver… but there’s nothing junk about it 🪙💰

These old U.S. coins may look like pocket change, but their silver content gives them real value.

Would you rather have $20,000","A creator explains the concept of junk silver inside a car, showing bags of pre-1965 US coins worth over $20,000 due to their silver content, encouraging viewers to check their own homes.","this is over $20,000 in coins, but not because of the coin, but because of the silver in them, this is called junk silver, pre-1965 dimes quarters, half dollars all of it is 90% silver, look at that dimes, dimes, a lot of half dollars, I don't even know what's in here, I think it's every coin there is look at that quarters everything, if you have coins at your house, you can look at them junk silver, it's worth a lot of money now",Raw UGC,Informative,false,yes,,https://www.tiktok.com/@jewelermaxwell/video/7671425898880519437
coins,(not in thumbnail),2026-08-06,2026-10-01,reecesidequest,Reece’s Sidequests,33900,2167,24,45,Coinroll hunting! Specific subreddits explained #coins #reddit #silver #crh #subreddit,,,,,,no,,https://www.tiktok.com/@reecesidequest/video/7670969590444330253
coins,rare coins,2026-08-06,2026-10-01,coinsmastertt,Coins Master,12900,471,150,73,"United Kingdom 10 New Pence 1971 Coin Value Today | Rare UK Coin Worth in Dollars

Discover the history, features, collector demand, and today's market value of the United Kingdom 10 New Pence 1971 co","A numismatic educational short exploring the history, background, and collector value of the 1971 United Kingdom 10 New Pence coin, utilizing professional close-up visuals and synchronized kinetic typography to retain viewer engagement.","WELCOME BACK TO THE CHANNEL TODAY WE ARE GOING TO EXPLORE ONE OF THE MOST HISTORIC COINS IN MODERN BRITISH COIN THE UNITED KINGDOM 10 NEW PENCE 1,971 COIN IF YOU HAVE THIS COIN IN VERY FINE CONDITION YOU MIGHT BE WONDERING WHETHER IT HAS ANY COLLECTOR VALUE AND HOW MUCH IT IS WORTH IN TODAY'S MARKET STAY WITH ME UNTIL THE END BECAUSE WE WILL DISCUSS THE COIN'S HISTORY IT'S CONDITION BACKGROUND AND COMPOSITION COLLECTOR DEMAND TODAY'S MARKET VALUE IN DOLLARS USEFUL COLLECTING TIPS AND WHY THIS FASCINATING COIN CONTINUES TO ATTRACT COLLECTORS FROM AROUND THE WORLD THE UNITED KINGDOM 10 NEW PENCE COIN WAS FIRST INTRODUCED IN 1,968 AS PART OF BRITAIN'S PREPARATION FOR DECIMAL DAY WHICH OFFICIALLY TOOK PLACE ON 15 FEBRUARY 1971 BEFORE DECIMALISATION BRITAIN USED POUNDS SHILLINGS AND PENCE A SYSTEM THAT HAD EXISTED FOR CENTURIES THE INTRODUCTION OF THE 10 NEW PENCE COIN MARKED A MAJOR CHANGE IN THE COUNTRY'S MONETARY HISTORY",Polished Creator,Tutorial,false,yes,,https://www.tiktok.com/@coinsmastertt/video/7670929904963276054
coins,rare coins,2026-08-04,2026-10-01,coincollectingwizard,Coin Collecting Wizard,170500,4031,822,823,Do you have this coin? #necklasecoin #queenelizabeth #rarecoins #getrich,"A coin collecting creator debunks viral social media rumors claiming that UK coins featuring Queen Elizabeth II wearing a necklace are rare and worth thousands of pounds, explaining that the portrait by Rafael Maklouf was minted by the millions between 1985 and 1997.","QUEEN ELIZABETH COIN WITH A NECKLACE; £7,000 ARE YOU NOW RICH?; THERE HAS BEEN; TALK ONLINE ABOUT; UK COINS FEATURING QUEEN; ELIZABETH THE 2ND; WEARING A NECKLACE; WITH MANY PEOPLE; BELIEVING THESE COINS; ARE RARE AND; WORTH A LOT OF MONEY; THIS IS SIMPLY; NOT TRUE; THE PORTRAIT IN; QUESTION IS THE; QUEEN'S THIRD OFFICIAL; COIN PORTRAIT; INTRODUCED IN 1985; AND USED UNTIL; 1997; DESIGNED BY SCULPTOR; RAFAEL MAKLOUF; IN THIS DESIGN; THE QUEEN IS SHOWN; WEARING THE; GEORGE 4 STATE; DIADEM AND A; NECKLACE; WHICH SOME PEOPLE; HAVE MISTAKEN AS; A SPECIAL OR; RARE FEATURE; IN REALITY; MILLIONS OF COINS; WITH THIS PORTRAIT; WERE MINTED ACROSS; ALL DENOMINATIONS; FROM 1P TO 2 POUND; MAKING THEM; VERY COMMON; DESPITE THE RUMOURS; THESE COINS HOLD; NO EXTRA VALUE; AND ARE WORTH; ONLY THEIR FACE; VALUE; THE STORY LIKELY; STARTED FROM; MISUNDERSTANDINGS; ON SOCIAL MEDIA; OR ONLINE MARKETPLACES; BUT THERE IS; NO RARITY; ATTACHED TO; THIS DESIGN; IT IS SIMPLY; A STANDARD PART OF; UK COIN HISTORY",Polished Creator,Tutorial,false,yes,,https://www.tiktok.com/@coincollectingwizard/video/7670214799799618838
coins,coin collecting,2026-08-03,2026-10-01,diggindave_,Diggin Dave,21800,938,205,127,"RARE 1996 W DIME FOUND!
#coinrollhunting #dimes #coincollecting #coins #valuablecoins","A coin collecting creator shares his exciting find of a rare 1996-W Roosevelt dime, explaining its history, mint mark significance, and estimated value to an audience of hobbyists.","LIBERTY, IN GOD WE TRUST, 1996, W, UNITED STATES OF AMERICA, E PLURIBUS UNUM, ONE DIME, JS",Raw UGC,Tutorial,false,yes,,https://www.tiktok.com/@diggindave_/video/7669924247690644767
coins,(not in thumbnail),2026-08-03,2026-10-01,dashthangnay5ka,WatchBros,1027,21,2,1,I spent $750 On Coin Rolls To Test If Silver Hunting Still Works In 2026 #coinhunter #silver #coincollecting #rarecoins,,,,,,no,,https://www.tiktok.com/@dashthangnay5ka/video/7669830625402096927
coins,(not in thumbnail),2026-08-03,2026-10-01,islandgcoincollector,IslandGCoinCollector,33500,232,20,19,"🚨 I Don’t Buy Rare Coins… I Find Them at the Bank! 😱💰

Ever wonder how coin roll hunting works? Here’s my entire process from start to finish:

🏦 Pick up boxes of coins from the bank
🔍 Search eve",,,,,,no,,https://www.tiktok.com/@islandgcoincollector/video/7669727377160817950
coins,(not in thumbnail),2026-08-02,2026-10-01,dashthangnay5ka,WatchBros,18000,274,6,3,I HIT THE MEGA JACKPOT!!! COIN ROLL HUNTING NICKEL #coinhunter #silver #coincollecting #rarecoins,,,,,,no,,https://www.tiktok.com/@dashthangnay5ka/video/7669455292014415117
coins,coin collecting,2026-08-02,2026-10-01,tarra.lets.go,Tara Let's Go,148400,2825,80,1598,"$84,099 coin 
#hobby #didyouknow #coincollecting #coins","A short educational video breaking down a rare 2014-D Sacajawea mule error coin valued at $84,000, encouraging viewers to save the post for reference.","$84,000; LIBERTY; IN GOD WE TRUST; UNITED STATES OF AMERICA; $1; This coin is worth $84,000.; This is a 2014 D Sacajawea dollar that has the rare mule mint error.; The back of the coin has the reverse of a presidential dollar.; It sold on April 24, 2021.; Save this for reference.; And thank you all for watching.",Polished Creator,Tutorial,false,yes,,https://www.tiktok.com/@tarra.lets.go/video/7669402509332466965
coins,rare coins,2026-07-30,2026-10-01,investingmax,investingmax,47600,2271,151,891,These are the most expensive pennies to sell at auction so far this year! #CoinCollecting #CoinHunting #RareCoins #ErrorCoin #CoinCollection,"A fast-paced, engaging countdown video by creator investingmax detailing the six most expensive rare pennies sold at auction in 2026, highlighting specific mint errors, grading scores, and extraordinary auction values up to $456,000.","MOST EXPENSIVE PENNIES SOLD IN 2026!; SOLD $24,000; 1983 Lincoln Cent. Struck on a Copper Planchet. MS-62 BN (PCGS).; SPRING 2026 SHOWCASE AUCTION; SOLD $26,000; 1969-S Lincoln Cent. FS-101. Doubled Die Obverse. MS-63 BN (PCGS). CAC.; SOLD $52,800; 1909-S Lincoln Cent. V.D.B. MS-66+ RD (PCGS). CAC. CMQ.; SOLD $63,000; 1914-S Lincoln Cent. MS-66 RD (PCGS).; SOLD $72,000; 1926-S Lincoln Cent. MS-64+ RD (PCGS).; SOLD $456,000; 1943-S Lincoln Cent. Struck on a Bronze Planchet. AU-55 (PCGS). Gold CAC. CMQ.",Polished Creator,Top-list,false,yes,,https://www.tiktok.com/@investingmax/video/7668118339037760799
coins,coin collecting,2026-07-29,2026-10-01,thecoinchannel,Eric Miller,428000,12600,429,2127,"Valuable drummer quarter found THIS MORNING!!! #collecting #quarter #coin #coins 

Found by @Kory C","Coin expert Eric Miller breaks down a rare 1976 D-mint doubled die Bicentennial quarter found by a follower, demonstrating the exact error markers to look for and quoting circulated and mint state values.","Valuable drummer quarter found THIS MORNING!, TOMLOV, 1776, 1976, IN GOD WE TRUST, LIBERTY, 1976D DDO Doubled, $150.00, SALE PRICE $810.00",Polished Creator,Tutorial,false,yes,,https://www.tiktok.com/@thecoinchannel/video/7667985109332528415
coins,silver coins,2026-07-28,2026-10-01,coin_cowboy,Coin Cowboy,5732,24,6,6,We started 50oz of silver at $1 & took an over $1000 loss on our live stream!!!! Good grabs all night & we ALWAYS start at $1!!! #coins #numismatics #liveauction #live,"A live-stream coin seller vents to his audience about taking a $1000 loss after auctioning off a 50oz silver bar starting at $1, using the moment to prove his commitment to customer value.","ON/OFF, UNIT, ZERO, HOLD, 50.0 T.O., 999 FINE, SILVER, Guschimayerts, U.S. EAGLE 1/4 DOLLAR GOLD LIBERTY HEAD, MS 62, POLO 1904, SILVER EAGLE",Raw UGC,Personal-update,true,yes,,https://www.tiktok.com/@coin_cowboy/video/7667463203957394701
coins,rare coins,2026-07-27,2026-10-01,articleoneco,ArticleOneCo,113200,2305,153,476,"💰 Sometimes a single coin can change a life.

These are five of the most famous U.S. coins that have sold for incredible amounts at auction, proving that rare coins can be worth far more than their f","An educational and engaging infographic post by ArticleOneCo detailing five of the most expensive rare U.S. coins sold at auction, designed to spark curiosity and engagement among coin collectors and treasure hunters.","5 COINS THAT MADE ORDINARY PEOPLE RICH 
 1 
 1943 COPPER PENNY 
 ONLY 35-40 KNOWN TO EXIST 
 $1,700,000 
 2 
 1893-S MORGAN DOLLAR 
 LOW MINTAGE KEY DATE 
 RARE IN HIGH GRADE 
 $2,115,000 
 3 
 1804 SILVER DOLLAR 
 THE 'KING OF 
 AMERICAN COINS' 
 $4,140,000 
 4 
 1894-S BARBER DIME 
 ONLY 24 MINTED 
 9 KNOWN TO EXIST 
 $1,997,500 
 5 
 1913 LIBERTY HEAD QUARTER EAGLE 
 ONLY 5 KNOWN TO EXIST 
 $8,400,000 
 1933 DOUBLE EAGLE 
 $18,872,250 
 SOLD AT AUCTION IN 2021",Polished Creator,Informatics; Infographic; Educational,false,yes,,https://www.tiktok.com/@articleoneco/video/7667198446746570015
coins,(not in thumbnail),2026-07-27,2026-10-01,azcoinhunters,azcoinhunters,3169,82,2,4,"Colour coin found! 🪙 2026 Bluey $1 Sleepytime (Bingo) coin! 🐾
Today we were on the hunt through the 2026 Bluey coin rolls, and found a beauty! Who else is still chasing a coloured set?
#australianco",,,,,,no,,https://www.tiktok.com/@azcoinhunters/video/7667115284943162632
coins,rare coins,2026-07-27,2026-10-01,rarecoins72,RARE COINS,1022,13,3,4,"Creator THESE 1/2 c 1c 2 c 5 c 10 c 20c 50c AND THE SILVER R1 COIN SETS WERE STRUCK AS PART OF THE SECOND DECIMAL ISSUE 1965-1990. IN 1962 IT WAS ANNOUNCED THAT A CHANGE IN SIZE, DESIGN AND METAL CONT","A coin expert uses macro video and white gloves to educate viewers on a rare 1961 South African 1-cent coin worth up to 40,000 rand, contrasting it with the extremely common standard version.","South Africa, 1961 1-Cent (Issued by Republic of South Africa) +27 74 429 8458; Do you know that there's a special 1-cent coin from 1961 that could be worth over 40,000 rand? Now the normal one is not really worth anything with over a 150 million of them made, even in a perfect condition they're not even worth 20 rand. But the one that is worth something, with only 80 made and only 20 of them known.",Raw UGC,Tutorial,true,yes,,https://www.tiktok.com/@rarecoins72/video/7667088183800122645
coins,(not in thumbnail),2026-07-25,2026-10-01,pepsiglasses,Pepsi Glasses ❌,404,22,6,1,"Coin roll hunting! Not supposed to be circulating in U.S. quarter rolls!
#CoinFamily 
#CoinFam 
#TreasureHunting 
#CoinRollHunting 
#Coins",,,,,,no,,https://www.tiktok.com/@pepsiglasses/video/7666619150223117599
coins,(not in thumbnail),2026-07-25,2026-10-01,ashlandoregonauctions,ASHLAND OREGON AUCTIONS,49000,426,34,113,"Found the Rarest Bill in 30,000 and It's Worth Big #jackpot #shorts#MONEY #coinrollhunt",,,,,,no,,https://www.tiktok.com/@ashlandoregonauctions/video/7666613090166770975
coins,rare coins,2026-07-25,2026-10-01,maxxtiktokshop,maxwithdeals,235600,5753,99,1185,This is how I collect copper pennies #coinhunting #copperpennies #copper #coins  #rarecoins,"Creator maxwithdeals demonstrates how to sort through bulk penny rolls to separate 95% copper pennies from zinc pennies using date checks and a digital scale, turning $17.52 in face value into $71.25 in copper value.","Face Value: $17.52; Copper Value: $71.25; P.F. STRING & SON, INC. HARRISBURG, PA. 17105; PENNIES; QUICK START GUIDE; UNIVEIGH; Capacity: 200g Graduation: 0.01g; TARE MODE ON OFF; MADE IN CHINA; 1971 DDR; 1972 DDR; 1976 S SILVER DDO; 1990 S DMD; 2005 EXTRA LEAVES; 2021 CROSSING DELAW; DIE CHIP ON NAIL; 2012 WIMANA KILLER RETAINED DIE BREAK",Raw UGC,Tutorial,true,yes,,https://www.tiktok.com/@maxxtiktokshop/video/7666513593931697438
coins,rare coins,2026-07-25,2026-10-01,davidcoincollector2,davidcoincollector2,45800,571,111,152,"Rare Switzerland 5 Rappen Coin
#rappen #switzerland #coincollection #fypviral #fypforyourpagetiktok","A short-form video showcasing a Swiss 5 Rappen coin paired with a prominent 41,000 euro valuation overlay, targeting coin collectors on TikTok.","Rare Switzerland + 5 Rappen Coin; 41,000 €",Raw UGC,Collection,false,yes,,https://www.tiktok.com/@davidcoincollector2/video/7666509147529137440
coins,silver coins,2026-07-25,2026-10-01,articleoneco,ArticleOneCo,74000,752,41,101,"TOP 5 SILVER COINS EVERY COLLECTOR SHOULD OWN 🪙

Every collection has a starting point—but these five silver coins have stood the test of time. Whether you’re a beginner or a seasoned collector, they","A polished educational infographic ranking the top five silver coins for collectors, detailing average prices and acquisition difficulty for each piece while driving community engagement through a concluding question.",TOP 5 SILVER COINS; EVERY COLLECTOR SHOULD OWN; 1 AMERICAN SILVER EAGLE; AVERAGE COLLECTOR PRICE: $38-$45; DIFFICULTY: EASY; 2 MORGAN SILVER DOLLAR; AVERAGE COLLECTOR PRICE: $60-$90; DIFFICULTY: EASY; 3 PEACE SILVER DOLLAR; AVERAGE COLLECTOR PRICE: $55-$85; DIFFICULTY: MEDIUM; 4 1946-S ROOSEVELT DIME; AVERAGE COLLECTOR PRICE: $100-$160; DIFFICULTY: HARD; 5 STANDING LIBERTY QUARTER; AVERAGE COLLECTOR PRICE: $75-$125; DIFFICULTY: MEDIUM; * PRICES VARY BASED ON CONDITION AND MARKET TRENDS **,Polished Creator,Tutorial,true,yes,,https://www.tiktok.com/@articleoneco/video/7666454723909799199
coins,coin collecting,2026-07-24,2026-10-01,jacklocker18,Jack Chestnut,32700,263,4,6,"So MUCH CASH had to go to the BANK! ~ Cashing in HUGE coin collection from HOARDER HOUSE!
#storagewars #storagebox #storageunitfinds #storage","Creator Jack Chestnut sorts through a massive collection of coins salvaged from a hoarder house, categorizing pennies, quarters, half-dollars, and dollar coins while bantering with an off-camera partner and counting his total finds.","So MUCH CASH had to go to the BANK! Cashing in HUGE coin collection from HOARDER HOUSE!; BEST IDEA; I DON'T; OH WHY; IT'S MORE; WAY; MONEY; WE'RE GONNA; SEE BASICALLY; WE'LL TAKE; NICKELS AND; DIMES IN; BUT ALL THE; COIN; DOLLAR COINS; IT WON'T; HARD IN THE MEANTIME; THERE MIGHT BE SILVER; PUT IN; THERE COULD; DEFINITELY HALF; LIKE BOOM; JFK'S; THERE'S SUSAN; B ANTHONY'S; WAS THERE MORE CASH; OR THERE; MORE; COINS; WHAT DOESN'T IN THE COMMENTS WHAT YOU; CHACHI WHAT; THINK; DON'T EVEN; WELL IF; YOU GUESSED RIGHT; IT ALL; BUT SINCE; CHACHI GUESSED WRONG; HA HA HA; NOT IN THERE; MAN; OF DOLLAR; DOLLAR COIN; HALF DOLLARS; OTHER HALF; THESE COINS; WILL SELL; OR GIVE THEM AWAY; PEOPLE CALL ME ALL; ALL THESE; GOLD COINS; 86; HALF DOLLAR; THERE'S ALWAYS; FALL THROUGH THE CRACKS; THIS IS; EMPTY; IT JUST; KEEPS GOING; AND GOING; SO I REMEMBER GOING THROUGH TO FIND; FEW SILVER; AND THAT'S NOT EVEN US; A PARLOR COIN; THAT TO; SACAGAWEANA; STICKING; SUSAN B; 1969; SILVER COIN; 12, 13; LET'S GO BACK ON THAT SIDE JACK; OK WE'RE GONNA; DEFINITELY HAVE $100; DOLLARS AND; DOLLAR COINS; LET'S KEEP ON FINDING THEM; WOW; IT'S A GUARDIAN ANGEL; GOT MY GUARDIAN ANGEL; LOOKING OUT OF ME; SIDES MAN; THERE'S FOUR SUSAN B ANTHONY'S; 1974; THIS IS A; WHOLE JOB; YOU KNOW WHAT I'M SAYING; ANOTHER BIG ONE; $1, $2, $3, $4, $5; IT'S GOT THE; BACK THERE; JFK HALF; THESE ARE SILVER; OUR EISENHOWER; THESE ARE SOME QUARTERS AND THINGS I LIKE IN THE; SMILEY FACE THING AND A; PARLOR COIN; PRESIDENTIAL; SACKS YOU; ",Raw UGC,Vlog,false,yes,,https://www.tiktok.com/@jacklocker18/video/7666125253097098509
coins,(not in thumbnail),2026-07-23,2026-10-01,bigwillewill,BigWilleWill,58400,935,14,20,Ridiculously rare find inside of this coin roll! Found while hunting for rare Australian coins! #rarecoins #coinhunt #unboxing #noodling #fyp,,,,,,no,,https://www.tiktok.com/@bigwillewill/video/7665734445969804565
coins,rare coins,2026-07-22,2026-10-01,rarecoins72,RARE COINS,44700,593,300,322,"Creator THESE 1/2 c 1c 2 c 5 c 10 c 20c 50c AND THE SILVER R1 COIN SETS WERE STRUCK AS PART OF THE SECOND DECIMAL ISSUE 1965-1990. IN 1962 IT WAS ANNOUNCED THAT A CHANGE IN SIZE, DESIGN AND METAL CONT","An informational slideshow detailing the history and estimated 2026 market values of rare South African decimal and pre-decimal coins, prompting viewers to check their homes and contact the creator via WhatsApp.","MESSAGE ME NOW ON WHATSAPP +27 74 429 8458 SOUTH AFRICA COIN VALUE ESTIMATED 2026 VALUES Do You Have Any Of These Coin At Home? 1965 - 1989 - 5 Cent Sells for 4,850 Rands Depending on Condition 1961 DO NOT CLEAN YOUR COINS CLEANING THEM CAN REDUCE THEIR VALUE! 2018 - 5 RAND (Mandela 1918) Sold for 6,750 Rands 1975 - 50 Cent Sells for [Updated Value] Rands 1898 - Single 9 Pond Sells for 18,750 Rands 1965 - 1 Rand (Afrikaans) Sells for 6,950 Rands 1967 - Krugerrand (first year) Sells for 4,850 Rands 1965 - 50 Cent (English) Sells for 5,350 Rands 2008 - 5 Rand (Mandela) Sells for 6,750 Rands 1C - ONE CENT (19,05mm / 3gr) 1965 Afrikaans R 500 - R 5,000 50c - FIFTY CENTS (27,85mm / 9,5gr) 1965 English R 12,500 - R 40,000 R1 - ONE RAND (32,7mm / 15gr) 1965 Afrikaans 1966 to 1976 R 3,000 - R 8,000 R 50 SUID-AFRIKAANSE RESERWEBANK EEN RAND ONE RAND Old 1 Rand Banknote Sells for 3,560 Rands 1965 - 20 Cent Sells for 5,750 Rands 2002 to 2012 - 10 CENT Sells for 2,550 Rands 1965 to 1969 - 10 CENT Sells for 4,750 Rands 20 Cent - 1965 R5,500 R1 - 1966 (Afrikaans) R9,200 10 Cent - 1985 R6,200 2 Cent - 1971 R7,800 1/2 Cent - 1963 R7,800",Polished Creator,Tutorial,true,yes,,https://www.tiktok.com/@rarecoins72/video/7665239456110120212
coins,rare coins,2026-07-21,2026-10-01,thelastpenny,The Last Penny,145600,6181,79,3038,10 Rare & Valuable Coins are Look For! #thelastpenny #coincollector #rarecoins #valueforyourmoney #Coins,A coin collecting creator demonstrates how to identify rare 2019 and 2020 West Point mint quarters in everyday pocket change and shows verified eBay sold prices ranging from twenty to hundreds of dollars.,"10 RARE QUARTERS; SAN ANTONIO MISSIONS; SALT RIVER BAY; LOWELL; AMERICAN MEMORIAL PARK; WEIR FARM; WAR IN THE PACIFIC; AMERICAN SAMOA; TALLGRASS PRAIRIE; IN GOD WE TRUST; QUARTER DOLLAR; V75; PCGS MS66; Sold Sep 9, 202; Buy It Now; How Many Have You Found?",Raw UGC,Tutorial,false,yes,,https://www.tiktok.com/@thelastpenny/video/7664972812326571277
coins,(not in thumbnail),2026-07-21,2026-10-01,digger_max_,Digger_Max,16200,200,22,,"🪙 Roll Hunt Time!
Opening coin rolls and searching for rare varieties, mint errors, and valuable coins! 👀 Will we find a hidden treasure today? Stay until the end to see what turns up!

💬 Which coi",,,,,,no,,https://www.tiktok.com/@digger_max_/video/7664837162914893077
coins,silver coins,2026-07-20,2026-10-01,treasurenick,Treasure Nick,278500,19900,336,543,"These are not just coins... they're surviving examples from the golden age of piracy! Each one is Unique and tells its own story.

If you are interested in purchasing one of these pieces of history, s","Creator Treasure Nick presents authentic 300-year-old silver cob coins from the golden age of piracy, explaining their origins, irregular minting, and coin-clipping history before inviting interested buyers to send a direct message.","'Cabo de Barra', '1679', '1670'",Polished Creator,Tutorial,true,yes,,https://www.tiktok.com/@treasurenick/video/7664700387605089549
coins,rare coins,2026-07-18,2026-10-01,the.coin.aura,The Coin Aura,57100,1490,191,301,"2000 Sacagawea Dollar No Mint Mark Value | Rare $1 Coin Worth Thousands?
#2000DSacagaweaDollar #SacagaweaDollar #DollarCoin #RareCoins #CoinValue","A numismatic educational short on TikTok by The Coin Aura explaining the history, specifications, and potential high value of rare 2000-D Sacagawea dollar mint errors, designed to drive subscriber engagement and coin-checking behavior.",2000 ONE DOLLAR 2000-D COIN IS THAN DOLLAR? BEFORE SPEND IT A CLOSER LOOK BECAUSE SOME 2000-D SACAGAWEA GOLDEN DOLLAR COINS WITH RARE MINT ERRORS HAVE SOLD FOR HUNDREDS OR THOUSANDS DOLLARS THIS IN YEAR NEW FEATURES CARRYING HER INFANT SON JEAN BAPTISTE NATIVE AMERICAN WOMAN WHO PLAYED VITAL ROLE GUIDING FAMOUS LEWIS CLARK EXPEDITION ACROSS WESTERN STATES MAKING BOTH HISTORICALLY IMPORTANT HIGHLY COLLECTIBLE D MARK MEANS STRUCK AT DENVER IN COLORADO PRODUCED MILLIONS THESE FOR CIRCULATION WEIGHS 8.1 GRAMS MEASURES 26.5 MILLIMETERS DIAMETER MADE MANGANESE BRASS CLAD COMPOSITION OVER PURE COPPER CORE GIVING ITS DISTINCTIVE APPEARANCE OBVERSE DESIGNED BY GLENNA GOODACRE WHILE REVERSE FEATURING SOARING EAGLE SURROUNDED BY 17 STARS CREATED THOMAS D ROGERS SENIOR MOST CIRCULATED ARE WORTH ABOUT 1 5 BRIGHT UNCIRCULATED EXAMPLES TYPICALLY SELL 10 50 HIGH GRADE CERTIFIED SUCH AS MS68 SEVERAL HUNDRED EVEN REAL VALUE COMES FROM COLLECTORS ACTIVELY SEARCH OFF CENTER STRIKES BROADSTRIKES DOUBLE DIE CRACKS CLIPPED PLANCHETS OTHER UNUSUAL MINTING MISTAKES DEPENDING RARITY CONDITION CAN MAJOR AUCTIONS EXAMINE CAREFULLY UNDER GOOD LIGHTING MAGNIFYING GLASS TINY COULD TURN ORDINARY LOOKING VALUABLE ITEM ENJOY DISCOVERING DON'T FORGET SUBSCRIBE MORE HUNTING VIDEOS LIKE COMMENT BELOW SHARE YOUR FRIENDS NEXT HIDDEN TREASURE ALREADY COLLECTION THE COIN AURA RARE ERROR VALUE COLLECT & SELL THANKS FOR WATCHING,Polished Creator,Tutorial,false,yes,,https://www.tiktok.com/@the.coin.aura/video/7663909706435661063
coins,coin collecting,2026-07-18,2026-10-01,unclebrian_wilson52,unclebrian_wilson52,502,23,1,5,#coinhunt #coincollector #coincollecting #coins @AA71NDY @UkCoinHunt @porters_coins @dB coins uk @coin collector @balltoucher29 @Coin World UK,"A TikTok video showcasing a collection of specialty commemorative coins, including Beatrix Potter, Disney, and historical themes, filmed in close-up over a dark desk mat with a blues song playing throughout.",Few kion club token,Raw UGC,Vlog,false,yes,,https://www.tiktok.com/@unclebrian_wilson52/video/7663762898765860118
coins,silver coins,2026-07-17,2026-10-01,coins_and_currency,Coins_and_currency,42700,461,16,18,#silver #silvereagles #coin #investing #puresilver,"A coin stacker showcases three different rolls of silver American eagles from 2011, 1987, and 2024 on TikTok, listing the price at $1000 each.",Rolls of silver eagles on deck $1000 each; Coins_and_currency; Struck at West Point Mint 2011 (W) EAGLE S$1 ROLL (20) GEM UNCIRCULATED 3554813-(361-380) NGC; 1987; APMEX MintDirect PREMIER (20) 2024 1 oz SILVER AMERICAN EAGLE ID#: 284445 FIRSTSTRIKE. PCGS FirstStrike Eligible; 55734; GELHARD,Raw UGC,Review,true,yes,,https://www.tiktok.com/@coins_and_currency/video/7663647689971649800
coins,coin collecting,2026-07-17,2026-10-01,thecoinchannel,Eric Miller,44400,2361,177,258,"Extremely mirrored Penny found!!! #coinlist #coin #coins #collecting 

Found by @Aaaaahhh😳","Creator Eric Miller explains why certain coins look exceptionally mirrored and shiny, identifying them as proof coins, and lists specific years and missing mint mark errors that command massive sums at auction, such as a 1975 'No S' dime selling for $456,000.","Extremely mirrored Penny found!!! #coinlist #coin #coins #collecting; Can someone please tell me why this penny is so shiny; WHAT YOU JUST FOUND; PROOF COIN; THAT'S WHY IT LOOKS SO CRAZY; IN GOD WE TRUST; LIBERTY; 1989 S; UNITED STATES OF AMERICA; E PLURIBUS UNUM; ONE CENT; 1990; 1983; 1975; PCGS PR68 No S; SOLD US $1,813.00; US $615.00; US $456,000; US $769.95; $45,600.00; US $3,120.00",Polished Creator,Tutorial,false,yes,,https://www.tiktok.com/@thecoinchannel/video/7663503824123907359
coins,silver coins,2026-07-15,2026-10-01,coin.buyerlimited,coin buyer#limited,38800,470,84,137,"THESE ½c 2c 5c 10c 20c 50c AND THE SILVER R1 COIN SET WERE STRUCK AS PART OF THE SECOND DECIMAL ISSUE 1965 - 1990. IN 1962 IT WAS ANNOUNCED THAT A CHANGE IN SIZE, DESIGN AND METAL CONTACT OF COINS WAS","A coin expert showcases the 2021 South African 5 Rand commemorative coin, detailing its design and historical significance while using prominent value claims to capture viewer attention.",THE VALUE OF THE 2021/2022 R5; EACH WORTH R1.5 MILLION; SOUTH AFRICAN RESERVE BANK - 100 YEARS; 5 RAND; 2021; SARB; UMSANTSI AFRIKA; SUID-AFRIKA,Polished Creator,Review,false,yes,,https://www.tiktok.com/@coin.buyerlimited/video/7662829932468309268
coins,silver coins,2026-07-14,2026-10-01,coins.buyers9,MR. JACOB ✪,478100,20500,4252,4175,"THESE 1/2 c 102 c 5c10 c 20c 50c AND
THE SILVER R1 COIN SETS WERE STRUCK AS
PART OF THE SECOND DECIMAL ISSUE 1965 -
1990. IN 1962 IT WAS ANNOUNCED THAT A
CHANGE IN SIZE, DESIGN AND METAL
CONTENT OF CO",A coin buyer in South Africa uses a direct-to-camera pitch to encourage viewers to sell their old household coins for cash by messaging him on WhatsApp.,"THESE 1/2 c 102 c 5c10 c 20c 50c AND THE SILVER R1 COIN SETS WERE STRUCK AS PART OF THE SECOND DECIMAL ISSUE 1965 - 1990. IN 1962 IT WAS ANNOUNCED THAT A CHANGE IN SIZE, DESIGN AND METAL CONTENT OF COINS WAS BEINGK CONSIDERED. THIS WAS PRIMARILY DUE TO THE INCREASE IN THE PRICE OF SILVER. VARIOUS PATTERNS WERE STRUCK FOR CONSIDERATION BY THE PARLIMENTARY COMMITTEE INVESTIGATING THIS AS THE INCREASED USE OF COIN AUTOMATION MACHINES REQUIRED LONG TERM USE OF THE COIN TYPES CHOSEN; COINS BUYER SOUTH AFRICA; OUR MISSION To be the most trusted Coins Buyer in South Africa. Honesty, Integrity, Trust.; COINS BUYER; MANDELA PACK; LYONDELA",Polished Creator,Tutorial,true,yes,,https://www.tiktok.com/@coins.buyers9/video/7662377742545046791
coins,coin collecting,2026-07-14,2026-10-01,.gloomyguineveree,🍂⊹˙∘: 𝄞ᥙіᥒᥱ᥎ᥱrᥱ┄𝟏.𝟒𝒌「s⍴2」,4301,59,14,,"BYEEE I LIKE COLLEFTINGNCOIND
#fyp #viral #piso #coincollector #collector","A short TikTok video capturing a creator excitedly showing off a commemorative 5-peso coin they found, utilizing upbeat background music and a rapid close-up visual reveal.",BYE WHAT DID I JST FOUND; 2018; 5 PISO; BAGONG BAYANI; REPUBLIKA NG PILIPINAS,Raw UGC,Vlog,false,yes,,https://www.tiktok.com/@.gloomyguineveree/video/7662349470616522002
coins,silver coins,2026-07-13,2026-10-01,coins_and_currency,Coins_and_currency,37800,292,11,5,#silver #coin #coincollection #junksilver #constitutionalsilver,"A satisfying ASMR video of a collector sorting thousands of dollars worth of vintage US constitutional silver coins through a Cummins automated counter, accompanied by on-screen text and rapid counter milestones.","Sorting some junk...; Coins_and_currency; CUMMINS; TOTAL; UNIT; HELP; MENU; BATCH; BAG; DRY; 1C; 5C; 10C; 25C; 50C; $1; running dollar amounts from 424.00 to 1,078.62",Raw UGC,Vlog,false,yes,,https://www.tiktok.com/@coins_and_currency/video/7662135602757881106
coins,silver coins,2026-07-11,2026-10-01,khadijah12389,Christian willem,207800,3852,932,808,"THESE 1/2 c 1c 2 c 5 c 10 c 20c 50c AND THE SILVER R1 COIN SETS WERE STRUCK AS PART OF THE SECOND DECIMAL ISSUE 1965 - 1990. IN 1962 IT WAS ANNOUNCED THAT A CHANGE IN SIZE, DESIGN AND METAL CONTENT OF","A TikTok video combining historical facts about South African second decimal issue coins (1965-1990) with metalworking B-roll footage, serving as an advertisement for a buyer purchasing old coins face-to-face in Johannesburg.","THESE 1/2 c 1c 2 c 5 c 10 c 20c 50c AND THE SILVER R1 COIN SETS WERE STRUCK AS PART OF THE SECOND DECIMAL ISSUE 1965 - 1990. IN 1962 IT WAS ANNOUNCED THAT A CHANGE IN SIZE, DESIGN AND METAL CONTENT OF COINS WAS BEING CONSIDERED. THIS WAS PRIMARILY DUE TO THE INCREASE IN THE PRICE OF SILVER. VARIOUS PATTERNS WERE STRUCK FOR CONSIDERATION BY THE PARLIMENTARY COMMITTEE INVESTIGATING THIS AS THE INCREASED USE OF COIN AUTOMATION MACHINES REQUIRED LONG TERM USE OF THE COIN TYPES CHOSEN; Johannesburg; +27686517751",Raw UGC,Tutorial,true,yes,,https://www.tiktok.com/@khadijah12389/video/7661307558539316488
coins,coin collecting,2026-07-11,2026-10-01,usa.coin.discover,USA Coin Discovery,15800,587,44,73,"The coin worth it $10000000
#PocketChange #RareCoins #CoinCollecting #ValuableCoin #foryou","A cinematic TikTok video by USA Coin Discovery exploring the historical significance and ten-million-dollar valuation of the 1794 Flowing Hair silver dollar, utilizing macro cinematography and dramatic voiceover narration.","PCL-02; 3817; S Flowing Silver; Grili, 6XR; MGD999/35G; 1994; 1794; $10,000,000",Cinematic,Documentary,false,yes,,https://www.tiktok.com/@usa.coin.discover/video/7661270520607853846
coins,silver coins,2026-07-09,2026-10-01,avexcoin,AvexCoin,2856,62,5,5,"Limited edition 5oz Silver Coin from 🇦🇺 dedicated to Native Bees 🐝. Only 2500 pieces worldwide! 
Would you add this to your collection? 
#cointok #silver #numismatics #bee #coincollecting","A polished POV unboxing video showcases a rare 5oz silver coin dedicated to Australian Native Bees, highlighting its holographic details, limited mintage of 250 pieces worldwide, and official Niue coinage specifications while prompting viewer interaction.",Limited edition 🤫; Australian Native Bees 🐝; Let's open it together!; Stunning Silver Coin 🪙; Incredible design 😍; 5 ounces of Pure Silver!; AUSTRALIAN NATIVE BEES; 5oz 999 PURE SILVER; CHARLES III NIUE TEN DOLLARS 2026; JC; CERTIFICATE OF AUTHENTICITY; COIN SPECIFICATIONS; METAL Silver; MINTAGE 250; PURITY 999; DENOMINATION $10; SIZE 70mm; YEAR OF ISSUE 2026; WEIGHT 5oz; ISSUING AUTHORITY Niue; COIN NUMBER 214; THE COIN COMPANY; www.thecoincompany.com.au; Only 250 pieces 😲; Rate 1-10 🐝; Would you buy?,Polished Creator,Unboxing,true,yes,,https://www.tiktok.com/@avexcoin/video/7660490687497915670
coins,(not in thumbnail),2026-07-09,2026-10-01,cyber.age.emporiu,cyber age emporium,134,1,,,Roll #1 Half Dollar coin roll hunting / coin collecting,,,,,,no,,https://www.tiktok.com/@cyber.age.emporiu/video/7660416313562631455
coins,coin roll hunting,2026-07-09,2026-10-01,nursetiff8500,Nurse Tiff,617,47,21,2,1st roll of dimes silver!! #silver #collection #coinrollhunt #neworleans,"A TikTok post by user Nurse Tiff sharing a coin roll hunting milestone of finding a silver dime, paired with a personal motivational quote and community hashtags.",Staying focused on the path (first image); LIBERTY (both images); IN GOD WE TRUST (both images); 1952 (first image); UNITED STATES OF AMERICA (second image); QUARTER DOLLAR (second image); W (second image),Raw UGC,Carousel,false,yes,,https://www.tiktok.com/@nursetiff8500/video/7660380868321529102
coins,silver coins,2026-07-08,2026-10-01,hannes.tony.botha02,HANNES TONY BOTHA*,7924,158,46,19,"THESE 1/2 c 1c 2 c 5 c 10 c 20c 50c AND THE SILVER R1 COIN SETS WERE STRUCK AS PART OF THE SECOND DECIMAL ISSUE 1965 - 1990. IN 1962 IT WAS ANNOUNCED THAT A CHANGE IN SIZE, DESIGN AND METAL CONTENT OF","A numismatic guide on TikTok presenting rare South African coin types, mint years, and estimated values ranging up to 180,000 Rands, designed to inspire viewers to check their own coin collections.","Do You Have Any Of These Coin At Home?; 1965 - 1989 - 5 Cent; Sells for 4,850 Rands; Depending on Condition; 1965 to 1990 - 20 Cent; Sells for 5,750 Rands; ESTIMATED 2026 VALUES; 20 Cent - 1965 R5,500 Depending on Condition; R1 - 1966 (Afrikaans) R9,200 Depending on Condition; 10 Cent - 1985 R6,200 Depending on Condition; 2-Cent - 1971 R7,800 Depending on Condition; 1/2 Cent - 1963; 1961 - 20 Cent; Sells for 40,500 Rands; 1998 - 5c Coin Series; Sells for R250-R1200; 20 Cent - 1978 R18,500 Depending on Condition; Special Notes for 1978: Check for distinct die variations, Look for Proof-like quality; 1961 - 1 Eent; 5 Rands - 1921 R180,000 Depending on Condition; Special Notes for 1921: First year of new security features, Features a detailed commemorative design; 1992 - 5 CENT, 1992 - OBVERSE, 1992 - REVERSE",Polished Creator,Tutorial,false,yes,,https://www.tiktok.com/@hannes.tony.botha02/video/7660093688218930454
coins,silver coins,2026-07-08,2026-10-01,oldcoinscompanybackup,OLD COINS COLLECTOR,21900,605,407,87,"THESE 1/2 c 1c 2 c 5 c 10 c 20c 50c AND THE SILVER R1 COIN SETS WERE STRUCK AS PART OF THE SECOND DECIMAL ISSUE 1965 - 1990. IN 1962 IT WAS ANNOUNCED THAT A CHANGE IN SIZE, DESIGN AND METAL CONTENT OF","A South African coin expert films a talking-head video inside a coin shop, claiming to pay three million for specific vintage coin sets and offering safe, face-to-face transactions at local police stations with no fees.","THESE 1/2 c 1c 2 c 5 c 10 c 20c 50c AND THE SILVER R1 COIN SETS WERE STRUCK AS PART OF THE SECOND DECIMAL ISSUE 1965 - 1990. IN 1962 IT WAS ANNOUNCED THAT A CHANGE IN SIZE, DESIGN AND METAL CONTENT OF COINS WAS BEING CONSIDERED. THIS WAS PRIMARILY DUE TO THE INCREASE IN THE PRICE OF SILVER. VARIOUS PATTERNS WERE STRUCK FOR CONSIDERATION BY THE PARLIMENTARY COMMITTEE INVESTIGATING THIS AS THE INCREASED USE OF COIN AUTOMATION MACHINES REQUIRED LONG TERM USE OF THE COIN TYPES CHOSEN; no fee free delivery; AND 2 RAND; SUZA; AFRICK; COINS; 1 RAND; 1965",Polished Creator,Tutorial,true,yes,,https://www.tiktok.com/@oldcoinscompanybackup/video/7660075149081021716
coins,(not in thumbnail),2026-07-08,2026-10-01,coincollecting_detecting,Michael,3300000,186400,527,3014,"It’s a Bit Dirty but We’ll Still See if we Can Find Something in This Roll - Follow Along
#dirty #coins #coinrollsearch #funactivity #goodtimes",,,,,,no,,https://www.tiktok.com/@coincollecting_detecting/video/7660044208757148949
coins,(not in thumbnail),2026-07-07,2026-10-01,halfdollamakeyouholla,HalfDollaMakeYouHolla,29000,572,10,24,125 year-old nickel found coin roll hunting! #coin #nickel #victory #silver #hunting,,,,,,no,,https://www.tiktok.com/@halfdollamakeyouholla/video/7659875558695718175
coins,rare coins,2026-07-04,2026-10-01,articleoneco,ArticleOneCo,6529,180,23,23,"🪙 Treasure might already be in your pocket…

Most people spend these coins without ever taking a second look.

A few dates, mint marks, and errors can turn ordinary pocket change into collector treas","An educational TikTok video infographic by Article One Co highlighting five valuable U.S. pocket change coins with specific error and date markers, designed to drive engagement and comments from coin collectors.",DON'T IGNORE YOUR CHANGE; 5 COINS WORTH CHECKING TODAY; 1 1964 QUARTER 90% SILVER WORTH $5-$15+ LOOK FOR THE DATE!; 2 1943 STEEL PENNY MADE OF STEEL TICKS TO A MAGNET! WORTH $1-$20+ LOOK FOR THE DATE!; 3 1972 DOUBLED DIE PENNY DOUBLE DIE ERROR WORTH $100-$500+ CHECK THE DATE AND LETTERS!; 4 1982 SMALL DATE COPPER PENNY RARE VARIETY WORTH $500+ LOOK FOR THE SMALL DATE!; 5 2004 WISCONSIN EXTRA LEAF QUARTER EXTRA LEAF ERROR WORTH $100-$400+ CHECK THE CORN LEAF!; TREASURE COULD BE HIDING IN YOUR POCKET.; CHECK DATES Old dates can mean big value.; LOOK FOR ERRORS Mistakes can be worth hundreds!; KNOW THE METAL Silver & copper coins are valuable.; USE GOOD LIGHT Details can be easy to miss.; YOUR NEXT FIND COULD PAY FOR DINNER!; HAPPY HUNTING!,High-Production,Tutorial,true,yes,,https://www.tiktok.com/@articleoneco/video/7658665069068176671
coins,(not in thumbnail),2026-07-03,2026-10-01,cad_roll_hunter,CAD Roll Hunter,6310,107,2,5,Silver Coins are what Coin Roll Hunting is all about! 1968 50% Silver Quarter! #coin #coins #coinrollhunting #coincollecting #cadrollhunter #silver #quarter #canada,,,,,,no,,https://www.tiktok.com/@cad_roll_hunter/video/7658408581217144065
coins,(not in thumbnail),2026-07-03,2026-10-01,coinexpert1793,coinexpert1793,2961,55,25,9,"Coin roll hunting for the new quarter with July 4th Privy mark. While only 250,000 were made, this is a coin hunt that can really payoff! #coinrollhunting #cointok #coincollecting #numismatics #fyp",,,,,,no,,https://www.tiktok.com/@coinexpert1793/video/7658370856225131789
coins,coin roll hunting,2026-07-03,2026-10-01,sailings19,sailings19,6103,79,,,#coin #roller #finding #collection,"A coin roll hunting creator unrolls a roll of quarters, discovers a 2000 Canadian 'Health' commemorative commemorative quarter, examines its details, and places it into the corresponding slot in a blue Uni-Safe coin folder album.",WILD! MYSTERY COIN FOUND IN HAND ROLLED QUARTER ROLLS!; Part 4; Canadian: varies; 90% Silver: 6.25g; Old 90% Silver: 6.25g; Clad (No Silver): 11.3; ELIZABETH II D G REGINA; 25 CENTS; 2000; HEALTH; CANADA; CANADA 25 CENTS 2000 - DATE; COIN FOLDER ALBUM DES PIECES DE MONNAIE; UNI-SAFE; PAGE 1; PAGE 2; PAGE 3; PAGE 4,Raw UGC,Tutorial,false,yes,,https://www.tiktok.com/@sailings19/video/7658323948488166687
coins,rare coins,2026-06-28,2026-10-01,usa.coin.discover,USA Coin Discovery,161500,4815,578,1372,"This $0.10 Coin Is Worth $930,000!
#coincollecting #rarecoins #numismatics #valuablecoins #coincollection","A fast-paced, high-engagement short-form video by USA Coin Discovery detailing the historical significance and $930,000 auction value of a rare San Francisco Mint Barber dime, designed to capture numismatic enthusiasts and curious casual viewers alike.","$930,000; TINY; SILVER; VALUABLE; UNITED STATES; HISTORY; LOOKS; 10; CENT; PIECE; IS; ACTUALLY; LEGENDARY; RARITY; WORTH; AN; ASTONISHING; IN; TODAY'S; AUCTION; MARKET; FEATURING; THE; CLASSIC; INSCRIPTIONS; ONE; DIME; AND; AMERICA; ITS; VALUE; COMES; ENTIRELY; FROM; EXTREME; SCARCITY; FLAWLESS; CONDITION; ONLY; A; HANDFUL; OF; THESE; HISTORICAL; MASTERPIECES; EXIST; WORLD; TODAY; COLLECTORS; WILL; SPEND; MILLIONS; TO; OWN; CHECK; YOUR; OLD; COIN; COLLECTIONS; TIGHTLY; BECAUSE; HIDDEN; TREASURES; LIKE; THIS; ARE; WAITING; BE; FOUND; RARE; BARBER; VIDEO; COVERS; REAL; EVALUATION; CONTEXT; FROM; SAN; FRANCISCO; MINT",Polished Creator,Informational,false,yes,,https://www.tiktok.com/@usa.coin.discover/video/7656463238959238422
coins,rare coins,2026-06-28,2026-10-01,articleoneco,ArticleOneCo,333800,7638,321,4345,"Pennies may be disappearing from everyday use…

But they are far from worthless. 🪙

Some old pennies are worth hundreds…
Some are worth thousands…
And a few have sold for over $1 million.

Before you","An educational TikTok infographic by ArticleOneCo identifying five rare and valuable US pennies to look for in pocket change, paired with a comment prompt about viewers' oldest coin discoveries.","PENNIES ARE GONE BUT STILL HAVE VALUE! YOUR GUIDE TO PENNY VALUE. 5 PENNIES TO SEARCH FOR IN YOUR POCKET CHANGE! 1. 1943 COPPER OBVERSE, WORTH $100,000+ EXTREMELY RARE! 2. 1955 DOUBLE DIE OBVERSE, WORTH $10,000-$15,000 LOOK FOR DOUBLING! 3. 1909-S V.D.B. LINCOLN CENT, WORTH $600-$2,000 KEY DATE! 4. 1944 STEEL PENNY, WORTH $75-$500 MOST WERE DATES! 5. 1969-S DOUBLE DIE OBVERSE, WORTH $500-$3,000+ LOOK FOR DOUBLING! PENNY VALUE QUICK GUIDE: COMMON DATES 16-54, WHEAT PENNIES (1909-1958) 56-50C, COPPER PENNIES (PRE-1982) 26-20c, KEY DATES / ERRORS $100+ DON'T OVERLOOK YOUR CHANGE! A TINY PENNY COULD BE YOUR BIGGEST FIND! TIPS FOR PENNY HUNTING: CHECK DATES Focus on key years and mint marks. LOOK FOR ERRORS Doubling, off-center strikes, and clips. CHECK CONDITION Cleaner, sharper pennies are worth more. KNOW YOUR COINS A coin book or app can help you identify valuable finds. SEARCH YOUR PENNIES. YOUR NEXT TREASURE COULD BE WORTH A FORTUNE! What's the oldest penny you've ever found?",High-Production,Inform,true,yes,,https://www.tiktok.com/@articleoneco/video/7656461575645072670
coins,coin collecting,2026-06-24,2026-10-01,articleoneco,ArticleOneCo,2276,43,1,2,"Thinking about starting a coin collection?

Here’s the secret…

Start before you’re ready. 🪙

You don’t need rare coins.
You don’t need expensive coins.
You don’t need to know everything.

Most colle","An informative and encouraging infographic outlining a six-step guide for beginner coin collectors, published by ArticleOneCo on TikTok to drive engagement and save actions.","HOW TO START COLLECTING COINS; A SIMPLE GUIDE FOR BEGINNERS; 1. LEARN THE BASICS: Understand coins, grading, metals, and values.; 2. SET A BUDGET: Start small and buy what you can afford.; 3. CHOOSE A FOCUS: Pick a series, type, or theme that interests you.; 4. BUY SMART: Buy from reputable dealers and avoid deals that seem too good to be true.; 5. STORE & PROTECT: Use proper holders and safe storage to protect your coins.; 6. KEEP LEARNING: Read, ask questions, join the community, and enjoy the journey!; BE PATIENT. HAVE FUN. GREAT COLLECTIONS TAKE TIME!",Polished Creator,Tutorial,false,yes,,https://www.tiktok.com/@articleoneco/video/7654976133351378206
coins,rare coins,2026-06-24,2026-10-01,justinebe.us,arsonpoqw1o,554900,15600,1749,1128,HE FOUND A ＂RARE＂ COIN IN HAWAII 😭,"A short-form storytelling video recounts a viral TikTok mystery about a coin found in Hawaii that internet commenters falsely claimed was worth millions, revealing it to be a 20-peso coin worth only 33 cents.","Group 'Game Indo' and Like the game f; Throwback to when this video went viral on TikTok after this guy found an unknown coin in Hawaii, USA. What is this?; At first, he thought the coin could be worth thousands of dollars.; And the comments were making it even crazier.; One person claimed: 5 Jay, thats rare coin in the Philippines that cost 20million, 2023-1-13 Reply, View 38 replies; So bro started thinking he had just found a fortune.; The 'rare coin' was actually just a 20-peso coin from the Philippines.; 20 PISO REPUBLIKA NG PILIPINAS; And if you convert it to U.S. dollars...; 20 Philippine peso equals 0.33 United States Dollar, Jun 17, 6:53 AM UTC",Raw UGC,Storytime,false,yes,,https://www.tiktok.com/@justinebe.us/video/7654905543525551391
coins,(not in thumbnail),2026-06-21,2026-10-01,coincollecting_detecting,Michael,440900,12300,95,137,"BURSTING with Value - One Dollar Coin Roll Search - Follow for More
#bursting #coincollecting #onedollarcoins #asmr #funactivity",,,,,,no,,https://www.tiktok.com/@coincollecting_detecting/video/7653649161035812117
coins,rare coins,2026-06-20,2026-10-01,okochieli,SA coins corporation company,41900,1147,539,257,"WE BUY OLD & RARE COINS

HOUSE TO HOUSE IN SOUTH AFRICA!

Are you in possession of valuable or old coins?

We're actively buving coins house to house across South Africa and nelghboring countries!

Wh","A South African coin buying business owner posts a TikTok video in front of his physical storefront, offering safe, face-to-face transactions for old and rare coins with zero fees and optional police station meetups.","WE BUY COIN BANKNOTES MEDALS GOLD SILVER COLLECTIBLES, SA COINS COOPERATION COMPANY, THE BEST PLACE TO SELL YOUR COINS FACE TO FACE NOW, SA COINS COOPERATION COMPANY circular logos on tie and lapel",Polished Creator,Vlog,true,yes,,https://www.tiktok.com/@okochieli/video/7653351010504625426
coins,rare coins,2026-06-19,2026-10-01,oldcoin.secrets,OldCoin Secrets,132100,3447,235,948,"1944 Copper Wheat Cent – Estimated Sold Value $25,000! Rare Coin Hidden Treasure Revealed

#1944CopperWheatCent #LincolnWheatPenny #RareCoins #goal #TiktokGrowthChallenge","A short-form educational video by OldCoin Secrets explaining the history, identifying features, and immense potential value of the rare 1944 copper wheat cent, urging viewers to inspect their own loose change.","$25,000.00; IMAGINE HOLDING A SIMPLE PENNY IN YOUR HAND; ONE CENT; UNITED STATES OF AMERICA; IN GOD WE TRUST; LIBERTY; 1944; AUTHENTIC 1944 WHEAT PENNY; ESTIMATED AT $25,000",Polished Creator,Tutorial,false,yes,,https://www.tiktok.com/@oldcoin.secrets/video/7653156837935631647
coins,coin collecting,2026-06-18,2026-10-01,well8802,Parisian Vintage Coins&Medals,66700,953,,38,"Searching Through Hundreds of Vintage Coins at a Paris Flea Market for My Collection

paris flea market, coin collecting, vintage coins, world coins, numismatics

#parisfleamarket #coincollecting #vin","A silent TikTok vlog capturing a vintage coin collector searching through a massive box of international currency at a Paris flea market, showcasing detailed macro shots of diverse global coins.",Subscribe; Carré amande 280g x6; EPP B.D.; COT x12; 22.05.2026; 2; NUZILATAN; UNITED STATES; KAZAKHSTAN-UNITED STATES STRATEGIC PARTNERSHIP; TWO PENCE; ELIZABETH II DEI GRA REG FID DEF 2015; REPUBLIQUE FRANCAISE; 10 FRANCS; 1982; 1985; VICTOR HUGO; 1885; 1985; BANK OF UGANDA; ONE HUNDRED SHILLINGS; 2022; BOLIVAR LIBERTADOR; REPUBLICA DE VENEZUELA; 1880,Raw UGC,Vlog,false,yes,,https://www.tiktok.com/@well8802/video/7652789341240003872
coins,silver coins,2026-06-18,2026-10-01,onyenashiablessing,onyenashiablessing,434100,8875,4152,1352,"THESE 1/2 c 1c 2 c 5 c 10 c 20c 50c AND THE SILVER R1 COIN SETS WERE STRUCK AS PART OF THE SECOND DECIMAL ISSUE 1965 - 1990. IN 1962 IT WAS ANNOUNCED THAT A CHANGE IN SIZE, DESIGN AND METAL CONTENT OF","A TikTok video combining historical text about South African silver and decimal coins with mismatched footage of law enforcement officers endorsing a coin-buying company, functioning as a commercial solicitation.","THESE 1/2 c 1c 2 c 5 c 10 c 20c 50c AND THE SILVER R1 COIN SETS WERE STRUCK AS PART OF THE SECOND DECIMAL ISSUE 1965 - 1990. IN 1962 IT WAS ANNOUNCED THAT A CHANGE IN SIZE, DESIGN AND METAL CONTENT OF COINS WAS BEING CONSIDERED. THIS WAS PRIMARILY DUE TO THE INCREASE IN THE PRICE OF SILVER. VARIOUS PATTERNS WERE STRUCK FOR CONSIDERATION BY THE PARLIMENTARY COMMITTEE INVESTIGATING THIS AS THE INCREASED USE OF COIN AUTOMATION MACHINES REQUIRED LONG TERM USE OF THE COIN TYPES CHOSEN #fypvira#southmandelacolouge#southafric#fypviral",Raw UGC,Opinion,true,yes,,https://www.tiktok.com/@onyenashiablessing/video/7652696157033876756
coins,silver coins,2026-06-17,2026-10-01,william.john6780,William John,69300,2119,678,379,"THESE 1/2 c 1c 2 c 5 c 10 c 20c 50c AND THE SILVER R1 COIN SETS WERE STRUCK AS PART OF THE SECOND DECIMAL ISSUE 1965 - 1990. IN 1962 IT WAS ANNOUNCED THAT A CHANGE IN SIZE, DESIGN AND METAL CONTENT OF","A financial creator dressed in corporate attire speaks directly to the camera from a bank-branded setting, inviting viewers to bring their vintage South African coins for face-to-face purchases.","absa; Welcome to Absa Your story matters; GOOD MORNING, WE ARE HERE AT ABSA BANK BUYING ALL TYPES OF COINS AND NOTES. WE DEAL FACE TO FACE ONLY. BRING YOUR COINS TO ABSA BANK RIGHT NOW.",Polished Creator,Tutorial,true,yes,,https://www.tiktok.com/@william.john6780/video/7652223140566879508
coins,rare coins,2026-06-16,2026-10-01,samso.tiv,Samso tiv,20900,642,203,216,"1965 Washington Quarter Estimated Sold for $38,400! Could This Rare Quarter Be Worth a Fortune? 😱

#1965WashingtonQuarter #WashingtonQuarter #RareQuarter #QuarterDollar #USCoins","An engaging numismatic explainer video by creator Samso tiv on TikTok explores the historical significance and potential high value of 1965 Washington Quarters, leveraging high-end macro visuals and a financial shock hook.","$38,400.00; what if a simple 1965; Washington Quarter in your pocket; was worth more than a; luxury vacation; most people wouldn't; think twice about this coin; but collectors know that; some rare examples can be; worth an astonishing; amount of money; the 1965 Washington; Quarter is one of the; most interesting coins in modern; American coin history it; was the first year the US; Mint transitioned; away from the traditional 90; percent silver composition; used in quarters for; circulation; because of this major change; the 1965 Quarter has; become a favorite among collectors; while millions were produced; certain examples stand out; due to their condition; rarity and unique minting characteristics; over the decades most 1965; quarters were heavily circulated; leaving them with scratches; wear and faded details; that's why collectors search; for coins with sharp designs; clean surfaces and strong luster; some rare varieties; and minting errors have attracted; significant attention; in the numismatic community; high grade certified examples are; especially desirable; because they are much; harder to find an ordinary; circulated coins; what makes this coin; fascinating; is that two quarters from; the same year can have dramatically; different values depending; on condition and rarity; exceptional examples with; outstanding preservation; have achieved remarkable; results in the collector market; some exceptional 1965; Washington quarters have sold for as much as $38,400; that's ",Polished Creator,Tutorial,false,yes,,https://www.tiktok.com/@samso.tiv/video/7652040152625335566
coins,silver coins,2026-06-14,2026-10-01,cayleependerass,Caylee Harper,29700,1213,34,19,Pure Silver Sucks To Machine,"A creator documents the step-by-step process of melting, shaping, machining, and engraving a 128-gram bar of pure silver into a custom novelty coin stamped with humorous text and imagery.",Pure Silver Sucks To Machine; Making a Giant Silver Coin; 5 Caylee Bucks (Aka Cucks); Illegal Tender; I need more TORQUE; 128g; BARTLESVILLE BRUINS,Raw UGC,Tutorial,false,yes,,https://www.tiktok.com/@cayleependerass/video/7651386844554300702
coins,rare coins,2026-06-14,2026-10-01,gold_and_coin,Gold and Coin,798,32,4,,Silver Rare Coins #Rarities #coincollecting #RareCoins #Rare,"A coin shop owner opens with commentary on precious metal spot prices and geopolitical news before showcasing four vintage British trade dollars from 1902 to 1912, asking his TikTok audience for valuation advice and price predictions.","Spot Price, Gold - Silver, 4218 - 67.90, 6/14/26, GoldandCoin, AMERICA, One Dollar, 1902, 1911, 1912",Raw UGC,Vlog,true,yes,,https://www.tiktok.com/@gold_and_coin/video/7651241131472080158
coins,(not in thumbnail),2026-06-11,2026-10-01,user8485827284904,RobFindsTreasure,6456,28,,,"""HUNTING THROUGH BANK ROLLS! 🏦

WILL WE FIND ANYTHING GOOD? 🤞

#coinrollhunting #bankrolls #treasure #searching #luck""",,,,,,no,,https://www.tiktok.com/@user8485827284904/video/7650256855062596877
coins,coin collecting,2026-06-10,2026-10-01,thecoinchannel,Eric Miller,125800,7589,426,975,THE FIRST ONE EVER HAS BEEN FOUND!!! #coin ##coins #treasurehunt #collecting,"Creator Eric Miller announces and proves the discovery of the first ever certified 1966 silver Washington quarter error coin, currently valued at over $21,000 in an active auction, establishing high authority in the coin collecting niche.","THE FIRST ONE EVER HAS BEEN FOUND!!!; Mint Error PCGS AU53 Struck on Silver 25C Planchet E5879.53/61276986; Current Bid $21,000; Unique 1966 Washington Quarter Struck on 90% Silver Planchet",Polished Creator,Tutorial,false,yes,,https://www.tiktok.com/@thecoinchannel/video/7649771206664588574
coins,silver coins,2026-06-10,2026-10-01,goldknoxjewelryandcoin,goldknoxjewelryandcoin,133200,4040,912,272,"A 1964 coin could buy you a decent lunch back then… and believe it or not, it still can today.

That’s the difference between real silver and regular change. Pre-1965 dimes, quarters, and half dollars","A coin shop owner in Pasadena explains how pre-1965 silver quarters retain significant melt value exceeding their face value, using a 1964 quarter as an educational hook.","THIS QUARTER COULD BUY YOU A DECENT LUNCH, REAL MONEY, THIS COIN, 1964 SILVER QUARTER, WOULD BUY YOU A DECENT LUNCH BACK THEN, AND TODAY THIS COIN WILL BUY YOU A DECENT LUNCH, 1964 90% SILVER QUARTER $15 MELT VALUE, GOLD KNOX JEWELRY & COIN EXCHANGE PASADENA",Polished Creator,Tutorial,true,yes,,https://www.tiktok.com/@goldknoxjewelryandcoin/video/7649672183739927822
coins,rare coins,2026-06-07,2026-10-01,oldcoin.secrets,OldCoin Secrets,29900,762,162,141,"This 1989 Lincoln Penny Could Be Worth $7,100! Rare Coin Hidden Treasure Revealed

#1989LincolnPenny #numismatics #tiktokusa #finance  #RareCoins","A numismatic short-form video by OldCoin Secrets explains how a pristine 1989 Lincoln penny can be worth up to $7,100, encouraging viewers to check their everyday spare change for rare, high-grade specimens.","$7,100.00; UNITED STATES OF AMERICA; E PLURIBUS UNUM; ONE CENT; IN GOD WE TRUST; LIBERTY; 1989; NUMISMATIC GRADED",Polished Creator,Tutorial,false,yes,,https://www.tiktok.com/@oldcoin.secrets/video/7648695318778842399
coins,(not in thumbnail),2026-06-07,2026-10-01,bigwillewill,BigWilleWill,8501,234,9,5,7 coins in 1 roll while hunting for rare coins! You don’t see that everyday! #coins #rarecoins #australiancoins #unboxing #coincollecting,,,,,,no,,https://www.tiktok.com/@bigwillewill/video/7648576655023295765
coins,coin collecting,2026-06-07,2026-10-01,heribase,HeriBase,5860,120,9,20,"Scan Your Old Coins On Heribase To Sell For Cash.
#oldcoins #treasurefinds #rarecoins #treasurehunt #coincollecting #penny #coins #bills #coinvalue #numismatics #coin #dime #Washington #Lincoln #gold ","A fast-paced promotional video for the HeriBase coin-scanning app, demonstrating how users can scan vintage US coins like nickels and dimes to instantly appraise their value and sell them for cash, highlighted by eye-catching six-figure valuation claims.","Scan Your Old Coins On Heribase To Sell For Cash; USA, 5 cents Jefferson Nickel; ESTIMATED PRICE $2,164.00; Country: USA; Denomination: 5 cents; Years of Minting: 1942; Period: 1942-1970; USA, 1937-D Buffalo Nickel; ESTIMATED PRICE $2,150.00; Years of Minting: 1937; Period: 1937-1960; USA, 1916-D Mercury Dime; ESTIMATED PRICE $207,000; Denomination: 10 cents; Years of Minting: 1916; Period: 1916-1950; Sell it; Sold; Reference Price; USD $253.26; Heribase @heribase; 279 Following; 160.7K Followers; 1.2M Likes; USA 253 cents Washington Quarter 1974; 1996-W Roosevelt Dime",Polished Creator,Tutorial,true,yes,,https://www.tiktok.com/@heribase/video/7647849657128815885
coins,rare coins,2026-06-03,2026-10-01,oldcoin.secrets,OldCoin Secrets,46400,1198,132,348,"This 1943-D Steel Wheat Cent Could Be Worth $8,500! Rare Wartime Coin Hidden Treasure Revealed

#1943DSteelCent #SteelWheatCent #LincolnPenny #RareCoins #WheatPenny","A numismatic short-form video by OldCoin Secrets explaining the history and potential value of the 1943-D steel wheat cent, utilizing extreme macro videography and high-value valuation claims to engage coin collectors.","$500,000.00; IT LOOKS LIKE; STEEL PENNIES; BUT THIS; TINY COIN; COULD QUIETLY BE WORTH; ENOUGH TO BUY A; LUXURY HOUSE; MOST PEOPLE OVERLOOK IT; UNAWARE; THAT RARE; COINS FROM; WARTIME; AMERICA HAVE; TURNED EVERYDAY; CHANGE INTO; HIDDEN TREASURES; COULD THIS; UNASSUMING PENNY BE; THE ONE THAT CHANGES; SOMEONE'S LIFE; AND THEIR DREAM HOME; THIS IS THE; 1943 D; STEEL WHEAT CENT; ON THE FRONT; YOU'LL SEE THE; ICONIC; PORTRAIT OF; ABRAHAM; LINCOLN; WHILE ON THE; BACK; THE CLASSIC; WHEAT EARS; DESIGN; PROUDLY; DISPLAYS THE WORDS; ONE CENT; ONE OF THE MOST FAMOUS; DESIGNS IN; US COIN; HISTORY; BUT HERE'S WHERE; THINGS GET; INTERESTING; DURING WORLD; WAR 2; COPPER WAS; NEEDED FOR THE; WAR EFFORT; SO THE; US MINT; PRODUCED; PENNIES USING; STEEL COATED; WITH ZINC; INSTEAD OF; COPPER; THAT'S WHAT; MAKES THE; 1943; STEEL CENT SO; UNIQUE; AND HISTORICALLY; IMPORTANT; THE D; MINT MARK; SHOWS; IT WAS; STRUCK IN; DENVER; AND WHILE; MILLIONS WERE; PRODUCED; MOST OF THEM BECAME; SCRATCHED; RUSTED OR; LOST THEIR; ORIGINAL SHINE; OVER TIME; HOWEVER; A SMALL NUMBER; SURVIVED IN; EXCELLENT; CONDITION; STILL SHOWING; STRONG DETAILS AND; ORIGINAL; LUSTER; THESE WELL; PRESERVED; EXAMPLES ARE; THE ONES; COLLECTORS; SEARCH FOR; TODAY; EXPERTS; CAREFULLY; EXAMINE; EVERY DETAIL; FROM LINCOLN'S; PORTRAIT; TO THE WHEAT STALKS; AND THE COIN; SURFACE QUALITY; EVEN SMALL; DIFFERENCES IN; CONDITION; OR RARE; MINT ERRORS; CAN AFFECT; ITS VALUE; THAT'S WHY; HIGH GRADE; EXAMPLES; OF THE; 1943 D; STEEL WHEAT; CENT",Polished Creator,Documentary,false,yes,,https://www.tiktok.com/@oldcoin.secrets/video/7647214746210405663
coins,rare coins,2026-05-31,2026-10-01,coinhunteruk_usa,Coin Hunter UK & USA,21000,1120,64,282,"The 4 Ultra-Rare USA Coins From 1960 to 1971 You Should Never Spend! 🚨
Check your pocket change immediately for these four legendary USA coins! In this ultimate coin hunt breakdown, we are unmasking ","A coin collecting creator uses a macro POV video to highlight four specific US Lincoln Memorial penny years (1960-D, 1964, 1968-D, 1971-S) that feature valuable mint errors, encouraging viewers to check their pocket change and follow for more tips.",LOOK CLOSELY AT THESE FOUR ORDINARY LOOKING PENNIES ON MY SCREEN ONE OF THESE COULD ACTUALLY PAY FOR YOUR NEXT VACATION AND NOBODY IS TALKING ABOUT IT IF YOU WANT TO KNOW WHICH POCKET CHANGE CAN MAKE YOU RICH FOLLOW 1960 D LINCOLN MEMORIAL PENNY IN THIS EXACT YEAR THE US MINT MADE A MASSIVE MISTAKE WITH THE DATE SIZE THERE ARE LARGE DATE AND SMALL DATE VARIETIES BUT HERE IS THE REAL SECRET LOOK FOR A D OVER D RPM ERROR WHERE THE MINT MARK WAS STAMPED TWICE AN UNCIRCULATED 1960 PENNY WITH A MAJOR REPUNCHED MINT MARK CAN SHOOT UP FROM A FEW CENTS TO HUNDREDS OF DOLLARS AT AUCTION NEXT WE HAVE THE 1964 PENNY THIS WAS A MASSIVE TRANSITION YEAR FOR US CURRENCY AND BILLIONS WERE MINTED BECAUSE PRODUCTION WAS RUSHED INCREDIBLE ERRORS SLIPPED THROUGH CHECK THE WORD LIBERTY AND THE DATE VERY CLOSELY UNDER A MAGNIFIER IF YOU FIND A DOUBLE DIE OVERSE DDO WHERE THE LETTERS LOOK DOUBLED YOU ARE NOT LOOKING AT ONE CENT ANYMORE YOU ARE LOOKING AT A COLLECTOR'S JACKPOT MOVING ON TO THE 1968 D PENNY THIS COIN IS OVER 50 YEARS OLD WHILE NORMAL ONES ARE COMMON ERROR COLLECTORS HUNT DOWN THE 1968 D DOUBLE MINT MARK AND DRAMATIC REPUNCH DS ALSO KEEP AN EYE OUT FOR A FLOATING ROOF ERROR ON THE BACK WHERE THE DESIGN FADED OUT A HIGH GRADE ERROR FROM 1968 IS AN ABSOULTE PRIZE FOR ANY COIN HUNTER FINALLY LOOK AT THE BOTTOM COIN THE 1971 WITH AN S MINT MARK FROM SAN FRANCISCO S MINT PENNIES FROM THIS ERA ARE HIGHLY SOUGHT AFTER BUT WAIT CHECK THE FRONT FOR THE FAMOUS 1971 S DOUBLE DIE ERROR IF THE INS,Polished Creator,Tutorial,false,yes,,https://www.tiktok.com/@coinhunteruk_usa/video/7645909956025257238
coins,(not in thumbnail),2026-05-31,2026-10-01,user8485827284904,RobFindsTreasure,980,17,,,"""Opening The Bank Rolls
What Will We Find In These Rolls? 🔍
#coinrollhunting #bankrolls #money #rarecoins #treasurehunt""",,,,,,no,,https://www.tiktok.com/@user8485827284904/video/7646177393652059405
coins,silver coins,2026-05-28,2026-10-01,buccaneerblake,BuccaneerBlake,412300,25100,260,487,"I’ve told you guys a million times how special these things are.

From the moment they were minted over 400 years ago, then sinking in a shipwreck in 1622, then being found by Mel Fishers Crew in 2026","Creator BuccaneerBlake shares an excited update from a boat off Key West, showing off a 400-year-old silver coin recovered from the Atocha shipwreck.",Four hundred years ago a Spanish galleon called the Atocha was sailing through these seas off Key West to return to Spain with thousands and thousands of these silver bars untold amounts of gold and we just found this one today It spent the last almost 404 years on the bottom of the ocean This is history right here I can't wait to see what this looks like cleaned up This is a silver coin they always look like this when we find them Silver coins get encrusted under time underwater and these have been underwater for over 400 years We're gonna get these cleaned up and I can't wait to show you guys what this looks like Let's go today is the day,Raw UGC,Vlog,false,yes,,https://www.tiktok.com/@buccaneerblake/video/7645070399650368799
coins,silver coins,2026-05-27,2026-10-01,user8485827284904,RobFindsTreasure,771,16,,,"""How To Spot Silver! 🪙

Mastering The Coin Hunt Technique! 🔍

#silverhunting #tips #coins #learning #skills""","A creator demonstrates coin roll hunting techniques for half-dollar coins, explaining specific year ranges and silver percentages for beginners.","How To Spot Silver! 🪙 
Mastering The Coin Hunt Technique! 🔍 
$10 HALF HALVES 
IN GOD WE TRUST 
LIBERTY 
2023",Polished Creator,Tutorial,false,yes,,https://www.tiktok.com/@user8485827284904/video/7644711556244049166
coins,silver coins,2026-05-26,2026-10-01,365_days_of_silver,365 Days of Silver,13600,179,6,9,"Gloves on or off? It's a personal preference for handling silver. Some coins need protection, but enjoying the feel of real wealth in hand is unbeatable. #SilverCollecting #StackingSilver #CoinCollect","A silver stacking creator discusses the debate around wearing gloves when handling precious metals, arguing that while proof coins need protection, ordinary bullion is best enjoyed bare-handed for the tactile experience of real wealth.","365 DAYS OF SILVER, CANADA 9999 ARGENT PUR 1 OZ, 5 DOLLARS, ELIZABETH II D G REGINA, THE CORONATION OF KING CHARLES III, ROYAL DRAGON 2026",Raw UGC,Opinion,false,yes,,https://www.tiktok.com/@365_days_of_silver/video/7644212416498257185
coins,silver coins,2026-05-26,2026-10-01,marengjennjewelry,MARENG JENN,113100,2356,492,395,Liberty coins coins #silvercoins 1969,"A jewelry and coin shop creator demonstrates specific vintage US silver coins minted in 1964 and earlier, explaining their 90% silver content and inviting viewers to sell similar pieces to her shop.",GANITO URI NG COINS NA MAY VALUE!!; 1969; LIBERTY; IN GOD WE TRUST; 1944; 1940; 1949; UNITED STATES OF AMERICA; HALF DOLLAR; QUARTER DOLLAR; DIME; E PLURIBUS UNUM,Raw UGC,Tutorial,true,yes,,https://www.tiktok.com/@marengjennjewelry/video/7644040013746851079
coins,rare coins,2026-05-25,2026-10-01,thecoinchannel888,Thecoinchannel,235400,7942,215,1901,That old quarter could be worth big money 🪙 #quarter #learnontiktok #coinerrors #rarecoins,"A coin collecting creator explains how to identify a rare doubled-die 1776-1976 D Bicentennial quarter worth $1,500 to $1,800, using macro footage of a follower's certified coin and comparison graphics.","a $1500 Bicentennial quarter was just found; also known as the Drummer Boy Quarter; this is one that everyone holds on to; NORMAL QUARTER DESIGN; 1976-D, QUARTER CONECA DDO-010 FS-101 VERY SLIGHT DOUBLING ON MOTTO; 1776-1976 D DDO 25C FS-101 MS 64 6925704-001 NUMISMATIC GUARANTY COMPANY NGC",Polished Creator,Tutorial,false,yes,,https://www.tiktok.com/@thecoinchannel888/video/7643834282347187469
coins,silver coins,2026-05-23,2026-10-01,coinbucket,Audrey | Coinbucket,56400,246,26,18,I had fun with this one :) #makeup #silvereagle #silver #coincollection #coins,"A coin creator named Audrey posts a quick transformation transition video on TikTok, moving from a casual home look to a glamorous, sparkly outfit while showing off a silver coin.",,Raw UGC,Meme,false,yes,,https://www.tiktok.com/@coinbucket/video/7642881060640017695
coins,rare coins,2026-05-21,2026-10-01,c0inbuyer6,Coin buyer,285000,2700,343,843,#germany #euro #2 #rare #coins,"A short TikTok video showcasing a German 2002 2 Euro coin with a D mint mark, claiming an exorbitant value of 2500 euros to drive viewer curiosity and engagement.",Germany 2002 2 Euro; Letter D; 2500 €,Raw UGC,Inform,true,yes,,https://www.tiktok.com/@c0inbuyer6/video/7642317299273272597
coins,silver coins,2026-05-19,2026-10-01,gold.and.silvertraders,gold.and.silvertraders,707,20,6,,#silver #coins #houston #texas,"A quiet, visual showcase of Mexican silver commemorative coins displayed on black velvet by a Houston-based precious metals trader.","Text visible on coin faces including '$10', '$5', '2006', 'ESTADO DE JALISCO', 'HOSPICIO CABANAS', 'ESTADOS UNIDOS MEXICANOS', '1 ONZA DE PLATA LEY 0.999'.",Raw UGC,Collection showcase,true,yes,,https://www.tiktok.com/@gold.and.silvertraders/video/7641638750023372062
coins,silver coins,2026-05-18,2026-10-01,well8802,Parisian Vintage Coins&Medals,38500,525,,12,"Rare Silver Coins Found at a Paris Flea Market for My Collection #silvercoins #coinhunting #numismatics #parisfleamarket #rarecoins silver coins, rare coins, paris flea market, coin hunting, numismati","A numismatic collector showcases a diverse haul of rare silver and vintage coins found at a Paris flea market, presented through a tactile POV video featuring close-up examinations of historical currency.",Rare Silver Coins; Subscribe; Flea Market Paris; PAUL DESCHANEL 1922-1950; REPUBLIQUE FRANCAISE; LIBERTÉ ÉGALITÉ FRATERNITÉ; 1.F.; 200 YEARS UNITED STATES OF AMERICA; DECLARATION OF INDEPENDENCE JULY 4 1776; 20 КОПЕЕКЪ 1906 С.П.Б.; DEUTSCHES REICH 1939; ONE PENNY 1917; GEORGIVS V D.G.BRITT:OMN:REX F.D.IND:IMP:; LEO XIII PONT: MAX: AN: XVII,Raw UGC,Vlog,false,yes,,https://www.tiktok.com/@well8802/video/7641299307525688609
coins,silver coins,2026-05-18,2026-10-01,vintagee.vault,VintageVault,801600,11000,100,66,"These Pawn Shop Moments Changed Lives 😳 

#pawnshop #coins #reseller #fyp #usa🇺🇸","A pawn shop owner evaluates a collection of silver coins brought in by a customer wanting to trade them for a chainsaw, resulting in a transparent cash transaction.","SMOLTZ 29, ATARI, Wii, HUK FISHING, $3664, $3364, $1682",Raw UGC,Storytime,false,yes,,https://www.tiktok.com/@vintagee.vault/video/7641282950163746062
coins,coin collecting,2026-05-17,2026-10-01,quinscoins,Quin’s Coins,308600,14000,116,159,"I bought $1,750 worth of coins at the bank! #coincollecting","A coin-collecting creator showcases $1,750 worth of coin boxes recently purchased from the bank, inspecting the roll ends of dimes, half dollars, and dollar coins for silver and rare dates while prompting audience engagement for upcoming videos.",$250 DIMES; $500 HALVES; $1000 DOLLARS; Quin's Coins Est. 2015,Raw UGC,Vlog,false,yes,,https://www.tiktok.com/@quinscoins/video/7641008781341576479
coins,silver coins,2026-05-17,2026-10-01,stanhole_gd,Stanhole_gd😮‍💨🇪🇸,84400,805,37,20,Free silver coins.   #gd #stanhole,A Geometry Dash creator shares a screen recording of completing their custom blue-themed level in two attempts to demonstrate how players can obtain free silver coins.,My level for free silver coins ; ATTEMPT 1 ; 9% ; 4% ; 15% ; 21% ; 26% ; 32% ; 35% ; 43% ; 49% ; 54% ; 60% ; 65% ; 71% ; 76% ; 52% ; 57% ; 93% ; 95% ; 100% ; LEVEL COMPLETE! ; ATTEMPTS: 2 ; JUMPS: 56 ; TIME: 00:23 ; LEVEL AND COINS VERIFIED! ; LOADING... ; BUILD ; EDIT ; DELETE,Screen Recording,Gameplay,false,yes,possible off-topic,https://www.tiktok.com/@stanhole_gd/video/7640913447839960327
coins,coin collecting,2026-05-09,2026-10-01,well8802,Parisian Vintage Coins&Medals,61100,887,135,30,"Paris Flea Market Hunt for Rare Collectible Coins #parisfleamarket #coincollecting #numismatics #rarecoins #vintagefinds paris flea market, rare coins, numismatics, coin hunting, collectible coins","A quick point-of-view video capturing a coin collector browsing rare historical coins at a Paris flea market, showcasing detailed close-ups of 19th-century currency against a bright pink background.",Flea Market Paris; Subscribe; UNITED STATES OF AMERICA; 420 GRAINS 900 FINE TRADE DOLLAR; 1885; IMPERATORE; NAPOLEON III; 10 FRANCS 1968; LIBERTE EGALITE FRATERNITE; DEUTSCHES REICH 1907 FUNE MARK; KING GEORGE THE SIXTH; NEW ZEALAND CROWN 1949,Raw UGC,Vlog,false,yes,,https://www.tiktok.com/@well8802/video/7637954729632435478
coins,rare coins,2026-05-06,2026-10-01,oldcoin.secrets,OldCoin Secrets,185700,4974,161,1252,"Don’t Ignore This Small Penny! 1952-D Lincoln Wheat Penny Hidden Value Explained – Rare Wheat Cent That Could Be Worth Thousands in High Condition!

#1952DPenny #WheatPenny #LincolnPenny #RareCoins","An educational numismatic video instructing viewers on how to identify valuable 1952-D Lincoln Wheat pennies based on condition, mint mark, and color grade, highlighting potential values up to $11,300.","$11,300.00; IMAGINE THIS YOU\'RE; HANDFUL OF OLD PENNIES; ONE CENT; UNITED STATES OF AMERICA; E PLURIBUS UNUM; IN GOD WE TRUST; LIBERTY; 1952 D",Polished Creator,Tutorial,false,yes,,https://www.tiktok.com/@oldcoin.secrets/video/7636760023422618910
coins,silver coins,2026-05-05,2026-10-01,thecoinchannel,Eric Miller,43900,1798,46,120,Silver found in coin roll! #coinroll #silver #coins #collecting,"Creator Eric Miller demonstrates how coin roll hunters can spot 90% silver dimes by checking their rims, and explains that rare 1965 error dimes struck on silver planchets can be worth thousands of dollars.","YOU ALWAYS WANNA LOOK THROUGH COINS; I SAW THIS UNDER IT LOOKED SHINY; AND THAT IS A 90% SILVER DIME; HE FOUND THAT SILVER DIME JUST BY CHECKING THE RIM; AND IT IS SO CLEAR IF YOU LOOK AT ALL OF THESE THAT OBVIOUSLY THAT ONE IS SILVER; BUT ONE OF THE MOST VALUABLE DIME ERRORS YOU CAN FIND THE EXACT SAME WAY; 1964 AND OLDER IS ALL 90% SILVER; BUT THAT'S SUPPOSED TO BE THE LAST YEAR; THE MOMENT IT HIT 1965 THEY TOOK THE SILVER OUT; BUT THE MINT ACCIDENTALLY MADE SOME OF THE 1960 FIVES IN SILVER; LOOK AT ALL THESE IT'S NOT EVEN JUST ONE OR TWO IT'S A BUNCH OF THEM; HERE'S EVEN MORE RECENT ONES LOOK IT SAYS 90% SILVER 1965 OVER $14,000; ANOTHER ONE OVER 12,000; ANOTHER ONE 9 GRAND; SO JUST LIKE FINDING THE FREE SILVER IN THIS ROLE CHECK THE RIMS OF THE 1960 FIVES; $21,600 or more; 1965 10C Roosevelt Dime -- Struck on a 90% Silver Planchet -- MS62 PCGS; Auction 1299 | Lot: 4712 | Sep 6, 2019; Sold For: $14,400.00; Make Offer to Owner; 1965 10C Roosevelt Dime -- Struck on a Silver Planchet -- AU55 PCGS; Auction 1373 | Lot: 3068 | Mar 3, 2024; Sold For: $12,600.00; 1965 10C Roosevelt Dime -- Struck on Silver 10C Planchet - 2.45 grams -- AU58 PCGS; Auction 60398 | Lot: 52376 | Sep 6, 2024; Sold For: $9,000.00; All of TheCoinChannel real account names: TikTok TheCoinChannel, Instagram TheCoinChannel, Facebook TheCoinChannel, YouTube TheCoinChannelTube. Any other account, with numbers, underscores, or anything different from what I have listed here is a fake account that steals my cont",Raw UGC,Tutorial,false,yes,,https://www.tiktok.com/@thecoinchannel/video/7636420382605593886
coins,rare coins,2026-05-31,2026-10-01,oldcoin.secrets,OldCoin Secrets,19000,735,53,85,"Collectors Pay Huge Money For These Rare Lincoln Pennies!

 #rarecoins #lincolnpenny #wheatpenny #coinsworthmoney #coincollecting

🪙 1940-D Lincoln Wheat Penny
🪙 1955 Lincoln Wheat Penny
🪙 1983-D L","An educational breakdown of three rare Lincoln penny issues (1940-D, 1955, and 1983-D), detailing historical background, minting errors, and potential collector values.","Collectors Pay Huge Money For These Rare Lincoln Pennies! #rarecoins #lincolnpenny #wheatpenny #coinsworthmoney #coincollecting 🪙 1940-D Lincoln Wheat Penny 🪙 1955 Lincoln Wheat Penny 🪙 1983-D Lincoln Penny WHAT IF I TOLD YOU A SINGLE PENNY HIDING IN AN OLD JAR TODAY COULD BE WORTH THE KIND OF MONEY PEOPLE ASSOCIATE WITH LUXURY CARS, DREAM VACATIONS AND UNBELIEVABLE TREASURE DISCOVERIES MOST PEOPLE SPEND PENNIES WITHOUT A SECOND THOUGHT BUT COLLECTORS KNOW THAT CERTAIN DATES MINT MARKS AND RARE VARIETIES CAN TURN AN ORDINARY COIN INTO A VALUABLE COLLECTOR PRIZE AND IN TODAY'S VIDEO WE'RE REVEALING THREE FASCINATING LINCOLN CENTS THAT CONTINUE TO ATTRACT ATTENTION FROM COLLECTORS 1940 D LINCOLN WHEAT PENNY 1955 LINCOLN WHEAT PENNY 1983 D LINCOLN PENNY INCLUDING ONE LEGENDARY PENNY CONNECTED TO ONE OF THE MOST FAMOUS COIN ERRORS IN AMERICAN HISTORY SO BEFORE YOU IGNORE YOUR NEXT OLD PENNY TAKE A CLOSER LOOK BECAUSE THE SMALLEST COIN IN YOUR COLLECTION MIGHT SECRETLY BE THE BIGGEST TREASURE WELCOME BACK COIN NO. 1 1940 D LINCOLN WHEAT PENNY A PRE WAR WHEAT PENNY WITH HIDDEN COLLECTOR APPEAL IMAGINE HOLDING A SMALL COPPER PENNY THAT WAS MINTED BEFORE AMERICA ENTERED WORLD WAR 2 A COIN THAT WITNESSED ONE OF THE MOST IMPORTANT PERIODS IN MODERN HISTORY AND SOMEHOW SURVIVED DECADES OF CIRCULATION TO REACH THE PRESENT DAY THAT'S THE FASCINATING STORY BEHIND THE 1940 D LINCOLN WHEAT PENNY TO MOST PEOPLE IT LOOKS LIKE AN ORDINARY OLD CENT BUT COLLECTORS KNOW THAT CERTAIN WHEAT PENNIES ",Polished Creator,Tutorial,false,yes,,https://www.tiktok.com/@oldcoin.secrets/video/7646111770918145310
coins,rare coins,2026-05-29,2026-10-01,treasure4deals,Treasure Deals,81600,1522,378,22,"Rare 485 years B.C Coin
#pawn #collection #pawnshop #rarefinds #collector","A fast-paced narrative video recounting a dramatic pawn shop appraisal of a rare 400 BC coin, ending on a cliffhanger that demands comments for part two.","400 BC COIN SECRET; FROM NOTHING TO EVERYTHING...; $20,000",Polished Creator,Storytime,false,yes,,https://www.tiktok.com/@treasure4deals/video/7645463187457953046
