topic,search_term,post_date,pulled_date,handle,account_name,views,likes,comments,shares,caption,ai_summary,onscreen_text,production_style,content_type,is_commercial,has_adology_analysis,flag,url
coins,coin roll hunting,2025-10-01,2026-10-01,djcummins_,djcummins_,1758,78,14,1,Been a while since I’ve done any coin roll hunting lives. But I proved last night that I can still call out dubs before the flip 😎 #coinrollhunting #westpointquarters #letsgooo #467 #tiktoklive,"A coin roll hunting creator shares highlights from a live stream where they attempt to predict rare West Point quarter mint marks before flipping coins, celebrating successes and laughing off incorrect guesses.","65., OOH, THIS IS A, I BET THIS IS A DUB RIGHT HERE, So confident, SEE IF I CAN STILL CALL IT, THIS IS W, Well that's embarrassing, THAT'S A DENVER, THAT'S BAD, THAT SUCKS, OOH, THIS IS LOOKING DUBISH, QUICK REDEMPTION, LET'S GO, ONE RIGHT HERE, GUYS, ONLY MADE THEM IN 2019 AND 2020, Round 2!, OOH HOO, THIS HAS POTENTIAL RIGHT HERE, LOOK AT THAT EDGE, MAN, DON'T FOOL ME, DON'T BE PLAYING, W, WAR IN THE PACIFIC, HELL YES",Raw UGC,Vlog,false,yes,,https://www.tiktok.com/@djcummins_/video/7556392776435256606
coins,rare coins,2025-10-02,2026-10-01,bunglecollectscoins,Bungle Collects,125200,835,88,248,Rare and Valuable 50p for Just 50p!!#collector #collection #coin #rare,"A coin collector showcases a large haul of UK 50p and 2-pound commemorative coins acquired at face value from a post office worker named Suzy, reviewing their designs, mintages, and estimated resale values one by one.",Rare 50p Coins,Raw UGC,Tutorial,false,yes,,https://www.tiktok.com/@bunglecollectscoins/video/7556670519194471702
coins,coin roll hunting,2025-10-06,2026-10-01,jkpcoinsandmetals,jkpcoinsandmetals,22800,422,80,84,Slim pickings this week. #coinrollhunting,"A coin roll hunter reviews a slow week of sorting through four boxes of half dollars plus assorted smaller denominations, resulting in only one silver nickel and one silver dime.",,Raw UGC,Vlog,false,yes,,https://www.tiktok.com/@jkpcoinsandmetals/video/7558187861799898398
coins,wheat penny,2025-10-07,2026-10-02,cad_roll_hunter,CAD Roll Hunter,57900,819,32,207,Super Cool 109 yr old penny! 1916 Wheat Cent found in a roll of Canadian Pennies!#coin #coincollecting #coins #coinrollhunting #penny #cent,"A coin roll hunter excitedly reveals a 109-year-old 1916 US wheat cent found in a roll of Canadian pennies, engaging hobbyists with a quick discovery video.","Check THIS out!; In that lot of COINS there was one sole, lone WHEAT CENT; From the UNITED STATES; I FLIP it over; And it is a 1916; So that is a VERY, VERY OLD penny; SUPER COOL!",Raw UGC,Vlog,false,yes,,https://www.tiktok.com/@cad_roll_hunter/video/7558527400380747020
coins,silver coins,2025-10-07,2026-10-01,creta.numismatics,Creta Numismatics,4443,49,2,5,"The world’s most iconic bullion coin — now in pure silver.
The 2025 Silver Krugerrand continues a legacy of trust, beauty, and global recognition.
Discover it now at Creta Numismatics, your trusted so","Creta Numismatics presents the 2025 Silver Krugerrand in a polished, informative TikTok showcasing its historical lineage from the 1967 gold original to the modern 1oz silver release, driving viewers to their retail website.",THE 2025 SILVER KRUGERRAND A LEGEND REBORN IN PURE SILVER FIRST INTRODUCED AS A GOLD COIN IN 1967 THE KRUGERRAND BECAME THE MOST RECOGNISED AND TRUSTED BULLION COIN IN THE WORLD TODAY THE SOUTH AFRICAN MINT CONTINUES THAT PROUD LEGACY WITH THIS STUNNING 1 OUNCE SILVER EDITION ON THE OBVERSE YOU'LL SEE THE PORTRAIT OF PAUL KRUGER THE FORMER PRESIDENT OF SOUTH AFRICA A SYMBOL OF NATIONAL PRIDE THE REVERSE FEATURES THE GRACEFUL SPRINGBOK ANTELOPE DESIGNED BY COERT STEYNBERG A TIMELESS EMBLEM OF SOUTH AFRICAN HERITAGE STRUCK FROM ONE TROY OUNCE OF FINE SILVER EACH COIN REFLECTS CRAFTSMANSHIP PURITY AND ENDURING VALUE WHETHER YOU COLLECT OR INVEST THE SILVER KRUGERRAND STANDS FOR RELIABILITY AND GLOBAL PRESTIGE 20 KRUGERRAND 25 FINSILVER 1 OZ FINE SILVER R1 SUID-AFRIKA SOUTH AFRICA,Polished Creator,Tutorial,true,yes,,https://www.tiktok.com/@creta.numismatics/video/7558566011050396950
coins,silver coins,2025-10-08,2026-10-01,shubhamjewellers.ca,SHUBHAM JEWELLERS,2708,24,7,9,"Pure Silver Coins 
#brampton #silver #coins #jeweller #goldsmith","A short promotional video by Shubham Jewellers in Brampton showcasing pure silver coins of various weights adorned with religious symbols, accompanied by Punjabi music and text.","SHUBHAM JEWELLERS (logo), Pure Silver Coins, ੴ ਸੁੱਧ ਚਾਂਦੀ ਦੇ ਸਿੱਕੇ, 5 gm, 10 gm, 20 gm, 50 gm",Raw UGC,Haul,true,yes,,https://www.tiktok.com/@shubhamjewellers.ca/video/7558693682136796423
coins,coin roll hunting,2025-10-10,2026-10-01,the_coin_goblin,The Coin Goblin,178,2,1,,Another day of coin hunting. #auscoins #coinhunting #coins #creatorsearchinsights,,,,,,no,,https://www.tiktok.com/@the_coin_goblin/video/7559507561951546631
coins,rare coins,2025-10-10,2026-10-01,coincollectingwizard,Coin Collecting Wizard,35600,646,34,337,"💰🌎 The world’s most valuable coins will blow your mind! 🌎💰

From million-pound rarities to coins so scarce you’ll never see one in circulation — these are the ones every collector dreams of findin","A TikTok educational countdown by Coin Collecting Wizard detailing eight of the world's most valuable coins, highlighting their history, auction valuations, and what collectors should look out for.",8 OF THE WORLD'S MOST VALUABLE COINS; D. Brent Pogue Collection; PCGS MS66+ B-1 BB-1 Lord St. Oswald; 1794; 1; 2; 3; 4; 5; 6; 7; 8; GENUINE UNCIRCULATED MORGAN SILVER DOLLAR; CARSON CITY MINT; 1893 S MORGAN; 1901 MORGAN; 1889 CC MORGAN; 1884 S MORGAN; 1893 O MORGAN,Polished Creator,Tutorial,false,yes,,https://www.tiktok.com/@coincollectingwizard/video/7559667997246377238
coins,numismatics,2025-10-15,2026-10-02,a.s.h_cash,🪙Ash's Cash🪙,395,14,6,1,"A moment for the gold ✨️🪙

#numismatics 
#coincollecting  #gold 
#golden","A quick visual showcase of a numismatic gold coin collection, presenting high-detail macro shots of various coins in protective cardboard holders synchronized to an ambient electronic beat.","GOLD COIN, 1/2 Gram, 1883-PC, AU, Gold Wash, 1867, 1967, Gold, 1943, IN GOD WE TRUST, LIBERTY, 1928, SCORSAIC, EIREANN, 1972, 1986 P, Gold Plated, 3 Pence",Casual Snapshot,Photo-dump,false,yes,,https://www.tiktok.com/@a.s.h_cash/video/7561517662426189070
coins,coin roll hunting,2025-10-16,2026-10-01,the_coin_goblin,The Coin Goblin,279,6,,,Coin hunting a 50c roll. Some interesting ones today! #coinhunting #coinnoodling #creatorsearchinsights,"A silent, satisfying coin roll hunting video where a creator unrolls Australian fifty-cent pieces, inspecting them for wear, errors, and commemorative editions while displaying short text updates.",Coin hunting; Poor coin's had a tough life; Nice find!; Looking for errors; Changeover coin!; Not a bad haul!,Raw UGC,Vlog,false,yes,,https://www.tiktok.com/@the_coin_goblin/video/7561667391118265608
coins,rare coins,2025-10-16,2026-10-01,premierrarecoins,Premier Rare Coins,63400,2089,60,95,What to do if you find a RARE Coin?? #coins #rarecoins #premierrarecoins,"A coin expert from Premier Rare Coins outlines a practical three-step guide for anyone who discovers a rare coin: safeguarding its condition using PVC-free holders, researching its market value on trusted numismatic databases like NGC and PCGS, and consulting multiple professional dealers to maximize its payout.","What to do if you find a rare coin?, POV: You find a Rare coin..., 1. Keep it safe, PVC free!!!, Cool dry place, 2. Research..., Price guides:, NGC, Numismatic Guaranty Corporation, PCGS, Professional Coin Grading Service, 3. Call a dealer, Shop around, PREMIER RARE COINS",Polished Creator,Tutorial,true,yes,,https://www.tiktok.com/@premierrarecoins/video/7561809214742531383
coins,rare coins,2025-10-18,2026-10-01,vecchiemonetedimichele02,Michael alte Münzen 🇩🇪,246000,1984,327,259,#euro #rare #coin #rarecoins #italy,"A short, text-driven TikTok video by German collector account Michael alte Münzen showcasing an Italian 10 euro cent coin and asserting a valuation of 70,000€ to spark collector curiosity and engagement.","10 euro cent Italy; 70,000€",Raw UGC,Collection; Opinion; Personal-update,false,yes,,https://www.tiktok.com/@vecchiemonetedimichele02/video/7562605814834384139
coins,coin roll hunting,2025-10-21,2026-10-01,gdochre,"Gd,,,,",46100,690,144,85,Rotated $1 error coin..#coinrollhunting #aussiecoinnooodlersblog #coincollecting #tiktokcoins #errorcoins,"An Australian coin collector demonstrates a die rotation error on a 1996 Sir Henry Parkes one dollar coin, explaining how to check the alignment.",Error coin. Upset dies/rotation.; Gd Ochre,Raw UGC,Tutorial,false,yes,,https://www.tiktok.com/@gdochre/video/7563597467757989140
coins,rare coins,2025-10-25,2026-10-01,coincollectingwizard,Coin Collecting Wizard,31700,216,23,94,The 2 rarest 50p coins you can find in your change. #rarecoins #50pcollector #ukmoney #coincollectinguk #fiftypencecoins,"A TikTok coin expert educates viewers on the two rarest UK 50p coins—the 2009 Kew Gardens and the 2023 Atlantic Salmon—detailing their mintage numbers, historical significance, and potential resale value to drive engagement and pocket change inspections.","Do you have the two rarest 50ps that can be found in your change?; Look out for the 2009 Kew Gardens and 2023 Atlantic Salmon 50p coins today; If your piggy bank has a Kew Gardens 50p coin; you're holding a gem! The Kew Gardens 50p hit the headlines in February 2014; when it was revealed as the most scarce 50p in circulation; at the peak of the hype surrounding its value; some coins were exchanging hands for hundreds of pounds; The Royal Botanic Gardens in Kew are a UNESCO World Heritage Site; which boast 4.5 acres of gardens under glass; as well as a soaring treetop walkway; one of the garden buildings is a Chinese pagoda built in 1761; which features on the design of this scarce commemorative 50 p; this coin was reissued in 2019; as part of the 50th anniversary of the 50 p celebrations; the 2019 version of this coin was a commemorative issue; and did not enter general circulation; a circulated version of the 2009 Kew Gardens 50 p can easily sell for £150 today; £150; The Royal Mint has now revealed that the Atlantic Salmon 50 p; that is in active circulation; is the rarest 50 p out there; with only 200,000 released to UK banks and post offices; 200,000; News about 50p: Salmon 50p with King's portrait on... this is an exciting day in the world of coin collecting; Royal Mint unveils 2023 Atlantic Salmon 50p as rarest coin; New coin passes Kew Gardens 50p as UK rarest - and worth 100 times its...; King Charles 50p with unique feature is rare and worth big sum; as the Atlantic ",Polished Creator,Tutorial,false,yes,,https://www.tiktok.com/@coincollectingwizard/video/7565197775051443459
coins,wheat penny,2025-10-29,2026-10-02,malena.ml,M.M,879,87,7,,I found this interesting  1950 rare penny wheat coin #fypシ #collection,"A silent, macro-focused TikTok video showcasing both sides of a worn and oxidized 1950 D Lincoln wheat penny against a bright green backdrop, accompanied by lofi background music and a brief caption noting the find.","IN GOD WE TRUST, LIBERTY, 1950, D, E PLURIBUS UNUM, ONE CENT, UNITED STATES OF AMERICA",Raw UGC,Aesthetic,false,yes,,https://www.tiktok.com/@malena.ml/video/7566660114443144461
coins,coin roll hunting,2025-11-01,2026-10-01,quinscoins,Quin’s Coins,47200,1240,37,30,"These just might be the last penny boxes I’ll ever get…

#coinrollhunting #coins #coincollecting #pennies","A coin roll hunter opens three boxes of pennies from the bank, searching for rare wheat pennies and reflecting on the impending end of penny production while showing an incomplete Lincoln Cents collection album.",TODAY I PICKED UP THREE BOXES OF PENNIES FROM MY BANK AND NOW I'M GOING TO UNSEAL THEM AND TAKE A LOOK AT THE ENDS OF THE ROLLS TO SEE IF THERE'S ANYTHING COOL SHOWING. HERE WE GO WITH BOX NUMBER ONE. ... $25 PENNIES ... Shield Ce (2010-DA ... Lincoln Cents 1909-2009,Raw UGC,Vlog,false,yes,,https://www.tiktok.com/@quinscoins/video/7567887373938199839
coins,coin roll hunting,2025-11-02,2026-10-01,thecoinshedau,The Coin Shed,1296,49,7,3,"Inside this roll could be a coin worth up to $4,000 👀
We’re opening a 2016 5c Changeover roll hunting for the Alien error — no luck this time, but some stunning uncirculated coins! 🪙

#ChangeoverCoi","A coin collector opens a roll of 2016 Australian 5-cent changeover coins to search for a rare 'alien error' worth up to $4,000, ultimately finding uncirculated coins and directing viewers to their website.","www.thecoinshed.com.au; Alien Antennae; $4,000; N/A; Inside this roll could be a coin worth up to $4,000; We're opening a 2016 5c Changeover roll hunting for the Alien error",Raw UGC,Tutorial,true,yes,,https://www.tiktok.com/@thecoinshedau/video/7568023017926823189
coins,silver coins,2025-11-04,2026-10-01,coincollectingwizard,Coin Collecting Wizard,14500,284,28,50,Old silver coins worth money #silver #oldcoins #worthmoney #coincollecting #rarecoins,"A numismatic content creator details five valuable historical British silver coins, citing exact mintage numbers and market values ranging from £500 to £7,000, encouraging viewers to check family collections.","Old silver coins worth money, HEY, SOME OF YOUR OLD SILVER ARE ACTUALLY RARE AND VALUABLE, 1851 Shilling, SHILLING, 470,000, MADE, VALUE, £700, 1851 Florin, VERY LOW MINTAGE, 1,500, AMAZING, £7,000, 1841 Half Crown, NEXT, 42,000, WITH, £5,000, 1828 Sixpence, 1828, THERE, OVER, 15,000 OF, THIS, CONDITION, £500, 1853 Fourpence, GROT, HAVE, GO, 2,000, LESSER, STILL, LOOKING, 200, WHAT ARE YOU WAITING FOR, YOUR GRANDADS OLD COIN COLLECTION AS YOU MIGHT JUST HAVE ONE OF THESE BEAUTIES, DON'T COMMENT SHARE I ALWAYS TRY MY BEST TO HELP",Polished Creator,Tutorial,false,yes,,https://www.tiktok.com/@coincollectingwizard/video/7568842050880228630
coins,wheat penny,2025-11-10,2026-10-02,destinysspamaccoun,Dizzy :},7828,289,4,8,Everytime I collect a  wheat penny I think it is worth a million dollars. #penny #money #wheatpenny #fyp,"A creator shares a relatable and humorous POV video of sweeping up pennies from the floor during routine cleaning, accompanied by dramatic operatic music and a caption about imagining wheat pennies are worth a million dollars.",Gotta start treasuring these things now,Raw UGC,Vlog,false,yes,,https://www.tiktok.com/@destinysspamaccoun/video/7571213654339718430
coins,coin roll hunting,2025-11-16,2026-10-01,cccoiners,cccoiners,70900,350,41,17,Unboxing €1 rolls searching for rare coins,"A first-person coin roll hunting video featuring the unboxing and inspection of 1-euro coins on a textured surface, designed for tactile ASMR and numismatic interest.",Unboxing €1 rolls searching for rare coins,Raw UGC,Vlog,false,yes,,https://www.tiktok.com/@cccoiners/video/7573323843608022293
coins,coin roll hunting,2025-11-17,2026-10-01,bigwillewill,BigWilleWill,8132,152,4,4,"Coin hunting going LIVE 🎯
I’ve got 160 rolls to rip through! let’s see what beauties we can pull tonight! 🪙🔥 See you soon!

#unboxing #unpacking #coins #rarecoins #coinhunting","A coin collecting creator previews a massive inventory of 160 paper-wrapped $2 coin rolls for an upcoming live stream, opening a sample roll to reveal a common Alley Oz coin, highlighting a Mr. Squiggle end-roll find, and showcasing an official collector checklist.","Rare coin hunting!; All Things Minted; $2 Commemorative Circulated Coins; 2012 Gold Poppy Mintage - 5,700,000; 2012 Red Poppy Mintage - 500,000; 2014 Dove Anniversary Mintage - 1,986,000; 2015 Anzac Centenary Mintage - 1,460,000; 2015 Flanders Field Mintage - 2,100,000; 2015 Lest We Forget Mintage - 1,500,000; 2017 Wesa Mosaic Mintage - 3,875,000; 2017 Possum Magic Mintage - 2,100,000; 2017 Possum Magic Colour Mintage - 2,000,000; 2018 Armistice Flame Mintage - 2,000,000; 2018 Women's Team Mintage - 2,000,000; 2019 Wallabies Mintage - 2,100,000; 2019 Police Remembrance Mintage - 2,000,000; 2019 Mr Squiggle Blackboards Mintage - 2,000,000; 2019 Mr Squiggle Happy Hood Mintage - 2,000,000; 2019 Mr Squiggle Kite Mintage - 2,000,000; 2019 Mr Squiggle Art Mintage - 2,000,000; 2020 Firefighters Mintage - 2,000,000; 2020 75th End WWII Mintage - 2,000,000; 2020 Indigenous Service Mintage - 2,000,000; 2020 50 Years Moon Landing Mintage - 2,000,000; 2020 Suffragettes Mintage - 2,000,000; 2021 2020 Tokyo Olympics Mintage - 2,000,000; 2021 2020 Tokyo Paralympics Mintage - 1,500,000; 2021 Santa Sack Mintage - 1,500,000; 2021 Frontline Workers Mintage - 2,000,000; 2022 Honey Bee Mintage - 3,000,000; 2022 Australia's Open Heritage Mintage - 1,000,000; 2022 Indigenous Service Mintage - 3,000,000; 2022 Women's Cricket World Cup Mintage - 3,000,000; 2023 2023 Women's FIFA World Cup Mintage - 3,000,000; 2023 King Charles III Mintage - 3,000,000; 2023 Indigenous Australia Mintage - 3,000,000; 202",Raw UGC,Vlog,true,yes,,https://www.tiktok.com/@bigwillewill/video/7573607013611998482
coins,coin roll hunting,2025-11-18,2026-10-01,rise.up.and.prais,Rise up and Praise Jesus,5264,113,6,1,"Just a couple of my great finds coinroll hunting. Pennies are done. I hearda a vague rumore that the might be pressed again in 2026, time will tell. #coincollecting #coinrollhunting #coinfamily #coinh",,,,,,no,,https://www.tiktok.com/@rise.up.and.prais/video/7573867665937141005
coins,wheat penny,2025-11-20,2026-10-02,yahs.warrior6,Yah's Warrior,49600,1338,255,366,CHECK YA COINS! #wheatpenny  #rarecoins  #comegetit  #tiktok #business,"A creator named Yah's Warrior shares a TikTok video displaying a large collection of pennies, specifically highlighting a 1944 wheat penny, and claims the coins are worth over $300,000, calling on coin enthusiasts to make an immediate deal.",,Raw UGC,Personal-update,true,yes,,https://www.tiktok.com/@yahs.warrior6/video/7574899234059619598
coins,silver coins,2025-11-22,2026-10-01,tthesilverstacker,T the Silver Stacker,65000,1621,110,135,Holding a very expensive ancient coin. #ancientcoins #coincollecting #numismatics #coinshow #tthesilverstacker,"Creator T the Silver Stacker visits a coin convention booth run by Harlan J. Berk Ltd., where dealer Zach identifies and discusses a rare Syracusian decadrachm priced at $41,500. The video plays on audience reactions by showing the coin being handled bare-handed, blending numismatic education with lighthearted community banter.",HARLAN J. BERK LTD. / BUY - SELL - APPRAISE / COIN SHOP; BEGA; COIN SHOW; thumbs up icon; comment box icon; subscribe button,Raw UGC,Vlog,false,yes,,https://www.tiktok.com/@tthesilverstacker/video/7575547573943930125
coins,numismatics,2025-11-22,2026-10-02,ardito,ardito,871700,23700,1584,1043,#fyp #viral_video #numismatics #currencies #viral,A TikTok creator humorously responds to a user comment calling his currency collection a flex by lip-syncing and flipping through a massive stack of real international banknotes in time with the Animaniacs nations of the world song.,Auf Kommentar von Kat antworten: this is a flex,Raw UGC,Meme,false,yes,,https://www.tiktok.com/@ardito/video/7575652533436157206
coins,wheat penny,2025-11-29,2026-10-02,paintingsbyv,Vanessa 🦋,279,12,2,,"Who else collects wheaties? 

Fun facts:

There were 26 billion “Wheaties” produced over its 50-year run, the design eventually replaced by a depiction of the Lincoln Memorial in 1959, the 150th anniv","A creator shares a personal moment of coin collecting by displaying a 1946 wheat penny, paired with informative background text on wheat cent history, valuation, and collecting tips to spark audience engagement.","Who else collects wheaties? 

Fun facts:

There were 26 billion “Wheaties” produced over its 50-year run, the design eventually replaced by a depiction of the Lincoln Memorial in 1959, the 150th anniversary of Lincoln's birth. Production of wheat cents spanned some of the most important times in U.S. history, and their metallic composition reflects it.

How much is a wheat penny worth?
The wheat penny value can vary greatly. Factors like the coin's condition, the year it was minted, and its rarity all play a part. Most wheat pennies are worth between four cents to $4 on average. However, some rare and highly sought-after ones can fetch thousands of dollars at auction.

How do you spot rare and valuable wheat pennies? One way is to check for errors from the minting process. Coins with mistakes, such as a double die or missing letters, can be worth significantly more than their regular counterparts. Another way is to look for specific years known to be scarce or have low mintage numbers.  Collectors also value wheat pennies with a high level of detail and minimal wear.

Where can you find wheat pennies?
Wheat pennies are out of circulation, but millions still exist. You can find them in coin shops, online auctions, and maybe even in your piles of loose change.",Raw UGC,Personal-update,false,yes,,https://www.tiktok.com/@paintingsbyv/video/7578183358501375245
coins,coin roll hunting,2025-11-29,2026-10-01,saharamunzenundschatz,SELTENE MÜNZEN KÄUFER DE,2594,72,17,5,"Ireland 2 Euro Coin Roll Hunting
113nld_ #munzen #hunting #ireland #2euro #munzen","A creator sorts through 320 inherited 2-Euro coins on camera, narrating the process with casual humor and disappointment when no extremely rare coins are found, while engaging the audience for identification and value assessment.","Irland 2 Euro Münzwurf Jagd 113nld; 100,000€; Germany F 2015 - Hessen - Mintage 7,200,000; Italy 2012 - Giovanni Pascoli - Mintage 15,000,000; Germany F 2007 - Treaty of Rome - Mintage 8,000,000; Germany D 2012 - EU Cash - Mintage 6,300,000",Raw UGC,Vlog,false,yes,,https://www.tiktok.com/@saharamunzenundschatz/video/7578203463679528203
coins,coin collecting,2025-11-29,2026-10-01,chinesecoins,Ancient Coins finds,6197,95,6,2,#coppercoins #chinesecoins #coincollecting,"A short POV video capturing a family member receiving an antique Chinese amulet coin from their grandmother in a rustic courtyard, appealing to coin collectors and history enthusiasts.",POV : Ancient coins collected by Grandma,Raw UGC,Vlog,false,yes,,https://www.tiktok.com/@chinesecoins/video/7578232063703223566
coins,coin collecting,2025-11-30,2026-10-01,canyoukeepasecret000,Truffled Burrata,323100,44700,200,1263,#pennies #america #sad #collection #coincollecting,"A short, aesthetic POV video depicts a person organizing a massive historical penny collection starting from 1793 in a lined notebook, tapping into cozy hobbyist trends and relatable hyper-fixation humor.","POV The U.S stopped penny production forever so now you're going through all your coins and beginning a collection and are determined to have one from each year in history; 1793, 1794, 1795, 1796, 1797, 1798; 1799, 1800, 1801, 1802, 1803, 1804; 1805, 1806, 1807, 1808, 1809, 1810; 1948, 1949, 2000, 2001, 2002, 2003, 2004, 2005, 2006, 2007, 2008, 2009, 2011, 2012, 2013, 2014, 2015, 2016, 2017",Raw UGC,Meme,false,yes,,https://www.tiktok.com/@canyoukeepasecret000/video/7578313345594379550
coins,rare coins,2025-11-30,2026-10-01,saharamunzenundschatz,SELTENE MÜNZEN KÄUFER DE,76200,827,126,273,This 2 euro Error RARE COIN Your assessment if you can find it is a life changing  achievement _ #münzen #collection #frankfurt #nürnberg #deutschland,"A TikTok video featuring a macro POV of hands inspecting two 2-euro coins while a voiceover claims one is worth up to 555,000 euros due to a rare error, designed to capture attention through sensationalist numismatic misinformation.","2 Euro Fehler SELTENE MÜNZE Ihre Bewertung; €500 +Defect Coin; 555 EURO Defekt; RARE; 55,000€",Raw UGC,Opinion,false,yes,,https://www.tiktok.com/@saharamunzenundschatz/video/7578425528529521932
coins,coin roll hunting,2025-11-30,2026-10-01,user8485827284904,RobFindsTreasure,2985,58,1,2,Coin Roll Hunting Penny Boxes for Old Wheat Pennie-What Will We Find?-2 #CoinRollHunting #RareCoins #CoinCollecting #SilverStacking #Numismatics,"A coin roll hunting creator sifts through multiple boxes of penny rolls, sorting out wheat cents, copper coins, and specific dates for his collection while narrating his finds.",Coin Roll Hunting Penny Boxes for Old Wheat Pennie-What Will We Find?-2; Lincoln Penny Coin Hunts; Lincoln Wheat Pennies Key Dates Mintage; 3 lbs 7 oz; OMEN; plugable,Raw UGC,Vlog,false,yes,,https://www.tiktok.com/@user8485827284904/video/7578622430588030239
coins,silver coins,2025-12-01,2026-10-01,aussie_bakery_recipes,Aussie Bakery Recipe,219,10,1,,"Silver Coin Collection!!!
#silver #coins #collection #investment #money","An aesthetic showcase of an expanding Australian silver coin collection, filmed from an overhead perspective with a slow zoom and a glowing text overlay, accompanied by atmospheric pop music.",FIRST DECIMAL FIFTY CENTS; 1966 SILVER FIFTY CENTS; THE PERTH MINT; KOOKABURRA; 1992; GROWING SILVER COLLECTION,Casual Snapshot,Aesthetic,false,yes,,https://www.tiktok.com/@aussie_bakery_recipes/video/7578748367644167442
coins,coin roll hunting,2025-12-01,2026-10-01,thecoinchannel,Eric Miller,57100,2724,77,370,"Huge error found in a coin roll!!! #pcgspartner #coin #coinroll #penny 

Found by @LytehouseDefensive","Coin expert Eric Miller explains how a follower found a valuable 1983 Denver doubled die obverse penny in a bank roll, showing auction pricing and grading instructions via PCGS.","LOOK CLOSELY. RIGHT ABOVE MY RIGHT SHOULDER; TWO HOURS AGO; HUGE FINE WAS POSTED BY ONE OF MY FOLLOWERS; A 1983 DENVER MINT PENNY; CAN YOU SEE THE ERROR?; DOUBLED EAR; DOUBLED DIE OBVERSE; SALE PRICE $1,762.50; AUCTION RECORD; PCGS.COM/SUBMISSIONS; Raw Coin Submission",Polished Creator,Tutorial,true,yes,,https://www.tiktok.com/@thecoinchannel/video/7578914034653711646
coins,rare coins,2025-12-01,2026-10-01,oldcoiins,OldCoins,48400,464,40,208,"10 Rare Canadian Pennies Worth Up To $300,000! Do You Have One? #7 #coins #worthit #queenelizabeth #oldcoins","An educational numismatic video detailing the high value and distinguishing features of the 1969 Canadian small date penny and associated mint errors, hosted by an expert creator using macro coin footage.","10 Rare Canadian Pennies Worth Up To $300,000! Do You Have One? #7; 1969; CANADA; 1 CENT; K.G.; ELIZABETH II D G REGINA; word-by-word captions in lower third",Polished Creator,Tutorial,false,yes,,https://www.tiktok.com/@oldcoiins/video/7578964911078804738
coins,coin roll hunting,2025-12-06,2026-10-01,philfindscollects,Phil Finds & Collects,6328,118,7,8,Firefighter $2 find March 2025#coins #rollhunting,A coin collector records a POV video celebrating the discovery of a rare 2020 Australian firefighters commemorative two-dollar coin during a roll hunt.,Firefighter $2 find March 2025 #coins #rollhunting ELIZABETH II AUSTRALIA 2020 2 DOLLARS FIREFIGHTERS,Raw UGC,Tutorial,false,yes,,https://www.tiktok.com/@philfindscollects/video/7580541133407784208
coins,coin roll hunting,2025-12-06,2026-10-01,philfindscollects,Phil Finds & Collects,11700,145,4,8,"NRL $2 find Jan 2025
#coins #rollhunting","A coin roll hunter shares a quick, exciting discovery of a 2024 National Rugby League Premiership commemorative two-dollar coin, pointing out its key numismatic features for fellow collectors.","THERE WAS SOME SHINY COINS, OH, THERE WE GO. ONE IN THIS ROLE. ANOTHER NATIONAL RUGBY LEAGUE PREMIERSHIP TROPHY FROM 2024. THE MEN'S PREMIERSHIP TROPHY HAS THE 2024 DATE THERE WITH THE DENOMINATION AND THE MEMORIAL EFFIGY AND THE MEMORIAL LEGEND.",Raw UGC,Vlog,false,yes,,https://www.tiktok.com/@philfindscollects/video/7580542446279331089
coins,wheat penny,2025-12-07,2026-10-02,quickcatchquail,Quick Catch Quail,1152,62,13,3,"Paste):

“1954 one cent — a 70-year-old wheat penny still holding strong 👀✨
These vintage copper coins are getting more collectible every year.
Would you keep this one?
Follow for more rare coins!”
#","An educational short-form video breaking down the history, characteristics, and potential value of a 1954 Lincoln wheat penny, designed to engage coin collectors and casual viewers alike.",THIS A CENT PENNY FINAL THE WEAR DAY ONE STILL DETAILS SHINE THAN COMMON WORN LOOK WITH LETTERING MINIMAL THOSE HIGH GRADE EXAMPLES OUT NOW VALUE REGULAR WON'T WORTH WELL PRESERVED DEFINITELY MORE UNCIRCULATED SELL $5 TO $20 PLUS PROFESSIONALLY GRADED MINT-STATE GREAT COLOR CAN GO EVEN HIGHER DEPENDING ON QUALITY IT'S ABOUT CONDITION STRIKE AND HOW WELL SURVIVED OVER 70 YEARS IF YOU HAVE AT HOME TAKE A CLOSE MIGHT BETTER THAN AVERAGE FOLLOW FOR MORE BREAKDOWNS DROP YOUR NEXT IN COMMENTS,Polished Creator,Tutorial,false,yes,,https://www.tiktok.com/@quickcatchquail/video/7581174042195987734
coins,coin roll hunting,2025-12-07,2026-10-01,user8485827284904,RobFindsTreasure,2067,23,3,,INSANE Customer Wrapped Roll Hunt! - MOST Customer Rolls I’ve EVER Searched-2 #CoinRollHunting #SilverDime #WQuarters #TreasureHunt #CoinCollecting,"Creator RobFindsTreasure documents an exciting customer-wrapped coin roll hunt, sorting through boxes of quarters and dimes to find rare foreign coins, unexpected debris, and a W quarter, maintaining high energy and engaging commentary throughout.",INSANE Customer Wrapped Roll Hunt! - MOST Customer Rolls I've EVER Searched-2; INDIA; RUPEE 1985; $500 QUARTERS; $5.00 DIMES; Coin-Tainer; ULINE 2025; Eisenhower Dollars Varieties 1 and 2; Susan B Anthony Dollars; Sacagawea Dollars; Presidential Dollars,Raw UGC,Vlog,false,yes,,https://www.tiktok.com/@user8485827284904/video/7581213691618528567
coins,coin roll hunting,2025-12-08,2026-10-01,user8485827284904,RobFindsTreasure,843,10,1,,Searching Original Bank Rolls for RARE Varieties --1 #coinrollhunting #numismatics #extravpenny #rarecorn #treasurehunt,"Creator RobFindsTreasure begins a multi-part series searching three original bank-wrapped rolls of 2023 Philadelphia mint pennies for rare extra-V varieties, utilizing a microscope setup and tracking finds with on-screen counters.","Searching Original Bank Rolls for RARE Varieties --1; 50c PENNIES; RFT; ROB FINDS TREASURE; 1,193,000 866,000; 6,045,000 4,026,000; 4,431,000 6,101,000; 4,137,000 4,833,000; 7,160,000 8,700,000; 7,520,000 4,550,000; 4,460,000 6,200,000; Penny Key Varieties; DD Obverse; D or Weak D; OD Obverse; 1958 D; 1969 S; 1970 S; 1971 P; 1972 P; 1980 P; 1982 L; 1983 P; 1984 D; 1988 P; 1990 P; 1992 P; 1994 P; 1995 P; 1997 P; 1998-S; 1 2 3 4 5 6 7 8 9",Polished Creator,Tutorial,false,yes,,https://www.tiktok.com/@user8485827284904/video/7581595356517944606
coins,rare coins,2025-12-12,2026-10-01,quickcatchquail,Quick Catch Quail,3976,142,40,8,"“1995 One Pound 💷✨
One of the classic UK round pounds collectors still search for today.
Simple, iconic, and full of 90s history. Would you keep this coin?”
#1995OnePound
#OnePoundCoin
#UKCoins
#Rare","A short-form educational video detailing the history and collectible appeal of the 1995 UK one-pound coin, featuring macro cinematography and engaging kinetic text overlays.","1995 One Pound 💷✨ One of the classic UK round pounds collectors still search for today. Simple, iconic, and full of 90s history. Would you keep this coin?",Raw UGC,Tutorial,false,yes,,https://www.tiktok.com/@quickcatchquail/video/7582883152570420502
coins,coin collecting,2025-12-13,2026-10-01,sarahhanzz,Sarah,135100,20200,222,2369,"If we’re being realistic, at this point we’re just starting with the goal of trying to find every year of the Lincoln pennies 😅

#collection #coins #penny #collector #coincollecting","Sarah and her dad embark on a nostalgic mission to collect a Lincoln penny for every year they were minted, starting by sorting through a massive household jar of loose change at their kitchen table.","1978, 1977, 1996, 1986, 1983, 1990, 1993, 1980, 1989, 2016, 2015, 2014, 2012, 2011, 2004, 2007, 2006, 2005, 2003, 2002, 2000, 1999",Raw UGC,Vlog,false,yes,,https://www.tiktok.com/@sarahhanzz/video/7583203952703851831
coins,rare coins,2025-12-14,2026-10-01,mintvalues,Coin worth USA,39200,363,64,66,"1949 German 10 Pfennig coin — a rare post-war collectible.
High-grade examples sold for hundreds to $1,000+.
Check condition, mint details, and shine carefully.
Hidden treasures still exist in old coi","A short educational video by a coin collecting account examining a 1949 German 10 Pfennig coin minted post-WWII, highlighting its collectible status and potential auction value to engage numismatics enthusiasts and casual treasure hunters.","This Tiny German Coin Sold for HUNDREDS? THIS IS A 1949 GERMAN 10 PFENNIG COIN, MINTED JUST AFTER WORLD WAR II. EARLY POST-WAR COINS LIKE THIS ARE HIGHLY COLLECTIBLE, AND TOP-GRADE EXAMPLES HAVE SOLD FOR THOUSANDS AT AUCTION! CHECK THE DATE, CONDITION, AND MINT DETAILS — YOU MIGHT BE HOLDING A RARE PIECE OF HISTORY",Raw UGC,Tutorial,false,yes,,https://www.tiktok.com/@mintvalues/video/7583698046630858006
coins,silver coins,2025-12-15,2026-10-01,moneymetals,moneymetals,40700,842,67,41,"5 oz Silver Quarter?! Gettysburg ATB Bullion Coin

https://www.moneymetals.com/buy/silver/coins/america-the-beautiful-silver-bullion

It looks like a quarter… but it’s five ounces of silver.

In this ","Mike Maharrey of Money Metals showcases an oversized 5-ounce America the Beautiful silver coin featuring the Gettysburg design, demonstrating its massive size compared to a regular quarter to appeal to silver stackers and coin collectors.",MONEY METALS EXCHANGE TORCH LOGO (top right); STAFF 3 (badge text); UNITED STATES OF AMERICA LIBERTY IN GOD WE TRUST QUARTER DOLLAR (on coin); GETTYSBURG PENNSYLVANIA E PLURIBUS UNUM (on reverse of coin),Raw UGC,Tutorial,true,yes,,https://www.tiktok.com/@moneymetals/video/7584111579419905335
coins,rare coins,2025-12-16,2026-10-01,abcnewslive,ABC News Live,5500000,353000,2228,22500,"America's smallest coins just brought in some big bucks.

Pennies from the final minted set of the coin sold for over $16.76 million at auction, according to Stack’s Bowers Galleries in California.
#P","ABC News Live reports on the historic auction of the final minted set of US pennies, which sold for over $16.76 million through Stack's Bowers Galleries, highlighting the inclusion of Philadelphia and Denver issues and a special omega-marked solid gold coin.",abc NEWS LIVE; IN GOD WE TRUST; LIBERTY; 2025; FINAL PENNIES SELL FOR $16.7 MILLION; UNITED STATES OF AMERICA; E PLURIBUS UNUM; ONE CENT; LB; JFH; U.S. Mint; Omega Gold Penny Obverse Philadelphia; Omega Gold Penny Reverse Philadelphia; Omega Circulating Penny Obverse Denver; Omega Circulating Penny Obverse Philadelphia; Omega Circulating Penny Reverse,High-Production,News,false,yes,,https://www.tiktok.com/@abcnewslive/video/7584585927121538359
coins,wheat penny,2025-12-17,2026-10-02,dlgevents,DLG Events,2090,63,14,7,"by my grandpa was known for collecting coins, but especially pennies and the old rare wheat pennies , picked lots out to save… over 12,500 pennies with more to go , its been a fun project to say the l","A TikTok video documenting a creator and their grandmother sorting through over 12,500 vintage wheat pennies collected by their late grandfather, concluding with a trip to the bank coin machine.","Text caption: by my grandpa was known for collecting coins, but especially pennies and the old rare wheat pennies , picked lots out to save… over 12,500 pennies with more to go , its been a fun project to say the least .. sure noisey one too 😂. Tag: @Ginger Gallagher. On coin machine screen: CoinStream, Insert coins, Reject tray, Total 14.48. On printed receipts: PSECU Moscow Branch, 828 S Pullman Rd Moscow ID 83843, Transact no. 3967 and 3968, Date 12-16-2025, Total 199.10 and 1.90, Net Total 179.49 and 1.71, Fee for PSEQU Account Holders 0.00, Fee for Non-Account Holders 10%.",Raw UGC,Vlog,false,yes,,https://www.tiktok.com/@dlgevents/video/7584640662163770655
coins,wheat penny,2025-12-19,2026-10-02,united7915,United,4389,140,48,17,"Is your 1958-D wheat penny worth more than one cent? 💰 It’s the last year of the wheat design—check condition and errors before you spend it!
#1958DWheatPenny
#WheatPenny
#OneCent
#RarePennies
#Coins","A short educational video explaining the potential numismatic value of the 1958-D wheat penny, urging viewers to check their pocket change before spending old coins.",1958 D ONE CENT VALUE; IN GOD WE TRUST; LIBERTY; 1958; D; E PLURIBUS UNUM; ONE CENT; UNITED STATES OF AMERICA,Polished Creator,Tutorial,false,yes,,https://www.tiktok.com/@united7915/video/7585392690666212630
coins,wheat penny,2025-12-20,2026-10-02,james.webb11,James Webb,259,17,,,a very rare wheat penny,"A short, unedited TikTok video displaying a vintage US wheat penny on a wooden surface while an emotional pop song plays in the background, captioned 'a very rare wheat penny'.","ONE CENT 
 UNITED STATES OF AMERICA 
 E PLURIBUS UNUM",Raw UGC,Meme,false,yes,,https://www.tiktok.com/@james.webb11/video/7585813921940933902
coins,coin collecting,2025-12-20,2026-10-01,coincollectinguniversity,Coin Collecting University,354,10,1,,"Feeling overwhelmed by coin collecting? Here's how to build a meaningful collection step-by-step:
• Start small: Focus on one type or era.
• Learn to spot errors and varieties — they add value!
• Use ","A top-down educational tutorial on coin collecting, featuring a step-by-step guide on how beginners can start building a collection while demonstrating the physical process of organizing coins into an album.",Feeling overwhelmed by coin collecting? Here's how to build a meaningful collection step-by-step: • Start small: Focus on one type or era. • Learn to spot errors and varieties — they add value! • Use trusted tools like Coin Advisor™ PRO for expert analysis. • Join our community for support and shared discoveries. • Keep it fun — every coin tells a story! Ready to find hidden treasures in your change? Jump in with confidence and let us guide you!,Raw UGC,Tutorial,true,yes,,https://www.tiktok.com/@coincollectinguniversity/video/7586064241371778318
coins,coin roll hunting,2025-12-24,2026-10-01,neo.strang.fun,neo.strang.fun,809,26,1,,"2 nickel rolls looked at , nothing special found #coin #coinrollhunting","A creator documents inspecting two rolls of nickels for rare varieties, ultimately finding nothing special, serving the coin roll hunting community on TikTok.","2 nickel rolls looked at , nothing special found #coin #coinrollhunting; LOOMIS; $2 NICKELS; 2005; LIBERTY; IN GOD WE TRUST; E PLURIBUS UNUM; FIVE CENTS; UNITED STATES OF AMERICA; MONTICELLO; 2000; 1975; 1964; 1954",Raw UGC,Vlog,false,yes,,https://www.tiktok.com/@neo.strang.fun/video/7587214598546148638
coins,rare coins,2025-12-30,2026-10-01,pawnvibes,PawnMaster,289800,2232,27,14,Experts were shocked by how rare and expensive this coin is 💰😳#pawnshop #viral #american #recommendation #fyp,"A short-form video clip from a pawn shop television show where a customer attempts to sell a rare ancient silver coin for $20,000, prompting the expert owner to express skepticism about its condition before calling in a specialist, ending on a cliffhanger.","Ultra-rare coin found 🪙🔥; Part 2; HOW; MUCH; YOU; WANT; FOR; IT; COMPLETELY; HONESTLY; WAS; HOPING; ABOUT; 20; GRAND; $20,000; AND; RIGHT; NOW; WE'RE; AT; THE; LOW; END; I; COULD; PROBABLY; GO; HIGHER; HAHAHA; CONCERNS; ARE; LIKE; IT'S; IN; REALLY; GOOD; SHAPE; NO; ABSOLUTELY; STRUCK; WELL; MOST; OF; THESE; COINS; THE; FIGURES; ON; FRONT; AND; THESE; BACK; ARE; WAY; OFF; CENTER; BECAUSE; THEY; HAD; DIES; A; SILVER; SLUG; IN; THEM; STOOD; BACK; 5; FEET; WITH; A; 5-FOOT-LONG; HAMMER; THEN; HAVE; TO; STRIKE; HIM; A; FEW; TIMES; OKAY; SO; GENERALLY; TOO; GOOD; BE; TRUE; MEAN; THERE'S; CHANCE; THIS; COULD; REAL; ASSUMING; FAKED; FIRMLY; BELIEVE; ONE'S; PERSON; WHO; HAD; ACTUALLY; AN; AVID; COLLECTOR; DON'T; POUNDED; ANY; PAPERWORK; DO; NOT; KNOW; NOT; PERSONALLY; LET; ME; SOMEONE; TAKE; LOOK; AT; FRIEND; OF; MINE; WHO; BASICALLY; WHAT; DEALS; WITH; ANCIENT; COINS",High-Production,Documentary,false,yes,,https://www.tiktok.com/@pawnvibes/video/7589652400584101142
coins,coin collecting,2025-12-30,2026-10-01,visitcarsoncity,Visit Carson City,114000,10200,145,295,"The Nevada State Museum’s coin collection tells the story of Nevada’s wild and influential past. From rare coins struck at the historic Carson City Mint to pieces shaped by Nevada’s mining booms, this","An expert collector at the Nevada State Museum enthusiastically showcases one of the world's top three Carson City coin collections inside a historic vault, highlighting the extreme rarity of missing pieces like the unique 1873 dime.","NORM BILTZ CC COIN COLLECTION / In the world of coining, this is where it's at. Right here. This is one of the top three collections of Carson City coins in the world, I'm only missing the 1873 dime, which there's only one known to exist. And I'm missing the 1873 quarter, of which there's said only eight of them exist.",Raw UGC,Documentary,false,yes,,https://www.tiktok.com/@visitcarsoncity/video/7589730667974364447
coins,coin collecting,2026-01-02,2026-10-01,breannainpixels,breanna ⋆˚꩜｡,4309,192,2,2,working on my penny collection!! 🪙🤍 #coincollection #collection #coins #money #coincollecting,"A young woman shares a vulnerable personal vlog sorting through a large pile of pennies on her bedroom floor as a tribute to her recently deceased grandfather who loved coin collecting, showcasing her finds and notebook checklist.","Sort Coins! With Me!, finds at the end! :), Pennies i need ♡, 2025, 1963, 1966, 1957, 1954, 1953, 1952, 1951, 1950",Raw UGC,Vlog,false,yes,,https://www.tiktok.com/@breannainpixels/video/7590763545512447263
coins,wheat penny,2026-01-04,2026-10-02,pennyscollection,pennyscollection,470,10,1,,#1853-S#weatPenny,"A silent, high-definition macro showcase of a 1953-S wheat penny, targeting coin collectors and numismatics enthusiasts on TikTok through pristine visual presentation.",1953 S Wheat Penny; IN GOD WE TRUST; LIBERTY; 1953; S; E PLURIBUS UNUM; ONE CENT; UNITED STATES OF AMERICA,Raw UGC,Collection showcase,false,yes,,https://www.tiktok.com/@pennyscollection/video/7591607667827723550
coins,silver coins,2026-01-06,2026-10-01,365_days_of_silver,365 Days of Silver,4003,28,1,1,"This coin box keeps coins separate! No clanking, no scratches... but also, no satisfying silver sounds. 🪙 #CoinCollecting #SilverCoins #CoinStorage #ASMRfail","A coin collector explains the second reason he dislikes a specific storage box: while it successfully prevents coin clanking and scratching, it ruins the satisfying sound of silver touching silver.",2. It keeps your coins separated; THE SECOND REASON WHY I WOULDN'T BUY THIS COIN STORAGE BOX IS IT ACTUALLY KEEPS YOUR COINS SEPARATED,Raw UGC,Review,false,yes,,https://www.tiktok.com/@365_days_of_silver/video/7592340702646832416
coins,coin roll hunting,2026-01-07,2026-10-01,thecoinchannel,Eric Miller,240800,9313,198,292,Opening up a piece of history! #coinroll #steelpenny #coins #findingmoney,"A coin collecting creator opens an original vintage Bank of America roll of 1943 steel pennies, teasing the possibility of a rare 1944 error coin worth over $100,000, and reveals a pristine, uncirculated set of coins.","Original Bank of America 1943 coin roll!!!!!; BANK OF AMERICA; 1944 1C Struck on a Zinc-Coated Steel Planchet MS64 PCGS. (PCGS# 82722) Auction 1331 | Lot: 3043 | Jun 17, 2021 Sold For: $180,000.00; ONE CENT UNITED STATES OF AMERICA; LIBERTY; IN GOD WE TRUST; 1943",Raw UGC,Tutorial,false,yes,,https://www.tiktok.com/@thecoinchannel/video/7592668433687252254
coins,numismatics,2026-01-16,2026-10-02,coinmafioso,coinmafioso,114600,1427,179,68,"The 15€ Heist: Episode 1 💼🕵️‍♂️

I bought 1 Kilo of ""World Coins"" for just 15 Euros. Is it a vault full of treasures or just a bag of scrap metal? 🪙⚖️

Today, we pour it all out. Every single coin ","A coin collecting creator kicks off a new series titled The 15€ Heist by unboxing a one-kilogram bag of mixed international coins purchased for 15 euros, inviting his audience to guess whether the final appraised value will exceed the purchase price.",The 15€ Heist: Episode 1 💼👨‍🔍 / I bought a kilo of random coins / from all over the world for €15. / I would like to sort through them with you / and catalogue them in my coin app / I will select coins for my personal collection / and place some old or valuable coins in envelopes / Do you think the coins are worth more than €15?? / Let's find out! / Follow me to don't miss an episode / and also check out my YouTube channel / if you want to see the full video / In the first episode / I'm going to start to find coins / for my personal collection,Raw UGC,Vlog,true,yes,,https://www.tiktok.com/@coinmafioso/video/7595159601985850647
coins,numismatics,2026-01-17,2026-10-02,silver.numismatic,Silver Numismatic,547,61,6,1,#coincollecting #silver #numismatics #currencytrading #bullion,"A short, aesthetically focused video featuring an 1887 Morgan silver dollar viewed through a rotating crystal prism, accompanied by a dreamy pop soundtrack and coin collecting hashtags.","1887 (on coin), E PLURIBUS UNUM (on coin), UNITED STATES OF AMERICA (on coin), ONE DOLLAR (on coin), IN GOD WE TRUST (on coin)",Curated Aesthetic,Aesthetic,false,yes,,https://www.tiktok.com/@silver.numismatic/video/7596358098952916254
coins,coin collecting,2026-01-18,2026-10-01,wifieli,WifiEli,409800,4967,26,118,The COOLEST Coins in the World 😱 #coins #coolfinds #gadgets,"WifiEli presents a compilation of unusual novelty coins with hidden mechanisms and weapons, interspersed with a live challenge where he attempts to saw through plastic handcuffs using razor string.","coin, coolest?, level 1, paper, level 2, cardboard, level 3, SUBSCRIBE",Raw UGC,Review,false,yes,,https://www.tiktok.com/@wifieli/video/7596805198689946910
coins,silver coins,2026-01-20,2026-10-01,the.coin.jar.ph,CoinjarPHL,10200,86,48,15,"Check out this vintage Saudi Arabian 1 Riyal coin featuring King Abdul-aziz 🇸🇦! Minted between 1935–1955, originally struck in the holy city of Mecca 🕋 according to the inscription
Follow for more ",A short-form TikTok video by CoinjarPHL showcasing a vintage Saudi Arabian 1 Riyal silver coin from the King Abdulaziz period with on-screen specifications and a direct call to action for buyers.,"Saudi Arabia — 1 Riyal
.9167 Silver Content
King Abdulaziz Period
Classic Islamic Design",Raw UGC,Review,true,yes,,https://www.tiktok.com/@the.coin.jar.ph/video/7597454871389916424
coins,coin roll hunting,2026-01-21,2026-10-01,coin_collektor,Münzensammler_AL,956,64,22,5,"#creatorsearchinsights 

Coinroll unboxing Part 37. In search of rare European coins","Creator Münzensammler_AL shares Part 37 of their coin roll unboxing series, sorting through 2-euro rolls to find rare European commemorative coins and excitedly discovering an Italian 2012 commemorative piece missing from their collection.",Coinroll unboxing Part 37; In search of rare European coins; SO UND JETZT; SO; DE1505100014 25 x 2 EUR; ITALIEN; ÖSTERREICH; SLOWAKEI; DEUTSCHLAND; ANDERE MENSCH WE SIND EIN VOLK JA; VON LETZTE JAHR; ZU 25; DIETER BAUM FRANKREICH; SAARLAND. SOND; NIEDERSACHSEN; OH ES IS ITALIANISCHE JAHR LEIDER SCHLECHTE ZUSTAND ABER DIE MÜNZE HABE ICH NICHT IN MEIN SO SO JA LEIDER BISHER ABER IST AUCH SCHON FÜR MEINE GALAXIEN ICH HAP SOWAS NICHT SORRY FREU MICH PASST VOLL ITALIENISCHE 2012; Thanks for watching; NEIN.,Raw UGC,Vlog,false,yes,,https://www.tiktok.com/@coin_collektor/video/7597774807245147414
coins,rare coins,2026-01-23,2026-10-01,user5163610597610,Coin Value Identifier,3600000,7179,43,339,Detect rare coins and valuable metals with precision scanning. Try it today!,"A polished short-form video demonstration showing a smartphone app identifying gold, copper, and steel using built-in sensors when scanned over physical objects on a table.",Metal Identifier; No metal; 39 uT; Gold; 147 uT; Copper; 111 uT; Steel; 182 uT,Polished Creator,Tutorial,true,yes,,https://www.tiktok.com/@user5163610597610/video/7598467242178759958
coins,silver coins,2026-01-26,2026-10-01,chaudharytalha007,❌ innocent 😇❗️😇 چhaudhaرy ❌,59200,1273,81,50,BEAUTIFUL SILVER COIN 1976 #foryou #foryoupage #viral #million,"A short-form numismatic showcase video featuring a close-up examination of a 1976 Pakistan 150 Rupee silver commemorative coin, accompanied by informative text overlays and upbeat Punjabi hip-hop audio.",PAKISTAN 1976 SILVER COIN 150 RUPEE WEIGHT:35GARAM,Raw UGC,Collection showcase; Numismatic display,false,yes,,https://www.tiktok.com/@chaudharytalha007/video/7599623303992528146
coins,silver coins,2026-01-27,2026-10-01,thecoinchannel,Eric Miller,50800,2873,74,337,I FOUND A RARE SILVER QUARTER!! #rarecoin #silverquarter #findingmoney #coin,"TikTok creator Eric Miller shares an exciting coin-hunting discovery from his live show, explaining how viewers can identify valuable Type B silver Washington quarters minted between 1956 and 1964 by examining specific spacing in the lettering and leaf details on the reverse, noting they can sell for $40 ungraded or up to $240 certified.","I HAVE NOT FOUND ONE OF THESE IN A VERY LONG TIME, BUT THIS IS A SCREENSHOT FROM MY LIVE SHOW FROM YESTERDAY OF A SILVER QUARTER THAT I FOUND, SAVE THIS EVERYONE THIS IS A SIMPLE WAY TO MAKE SILVER QUARTERS AT LEAST THREE TO FOUR TIMES MORE VALUABLE, HERE IT IS EVERYBODY THIS IS THE SILVER QUARTER YOU JUST SAW AS A SCREENSHOT, SO QUARTERS FROM 1964 AND OLDER ARE 90% SILVER, BUT SPECIFICALLY YOU'RE GOING TO LOOK FOR ONES FROM 1964 THROUGH 1956, THIS ONE'S A 1956 SO TURN IT OVER TO THE BACK, NOW EVERYONE IF YOU LOOK VERY CLOSE BETWEEN THE E AND THE S IN STATES THERE IS AN OBVIOUS SPACE, AND IF YOU LOOK AT THE A IN DOLLAR THAT LEAF IS TOUCHING THE TOP OF IT, WHEN YOU FIND ONE OF THESE THEY'RE ACTUALLY CALLED TYPE B QUARTERS, HERE'S ONE THAT JUST SOLD THIS ONE'S IN AMAZING CONDITION AND CERTIFIED, THAT ONE SOLD FOR $240, BUT EVEN UNGRADED YOU COULD STILL PULL ABOUT $40 FOR THESE, I COULDN'T BELIEVE I FOUND THIS ONE DURING MY LIVE SHOW, ALMOST EVERYONE WATCHING KNOWS WHAT A SILVER QUARTER IS SO REMEMBER THIS ONE, Add LIVE goal, Royals vs Knights Try 1v3 Team Match!, 200k or no giveaway, my hand cramped... I'm back, $240.00 or Best Offer, Free delivery, 1956 SILVER Washington, Sold May 20 2025, Sold Mar 31 2025, 1956 Type B Reverse, $40.00, Buy It Now, +$4.51 delivery, TYPE B, PCGS",Raw UGC,Tutorial,false,yes,,https://www.tiktok.com/@thecoinchannel/video/7600102672271789342
coins,coin collecting,2026-01-27,2026-10-01,phredigold,Phredigold,830100,32300,206,714,Another coin to the collection ⚜️ #fyp#gold#foryoupage#jewelry#oro,"Creator Phredigold documents an impromptu cash purchase of a 1947 Centenario gold coin housed in a custom diamond pendant bezel from a seller in a parking lot, emphasizing transparency, rigorous testing, and mutual trust.",Buying 1947 Centenario,Raw UGC,Vlog,false,yes,,https://www.tiktok.com/@phredigold/video/7600168715241491743
coins,silver coins,2026-01-29,2026-10-01,goldtradersuk,Gold Traders UK Ltd,23300,594,27,66,A 10oz coin hits different. Who’s held one of these? 😳 #bullion #fyp #investment #silver #silvercoin,A short-form TikTok video by Gold Traders UK Ltd showcasing the satisfying visual scale of a 10oz silver Britannia coin to engage precious metal collectors.,"10 OZ, 2025, BRITANNIA, 999 FINE SILVER, NATHAN, CHARLES III D G REX F D 10 POUNDS",Raw UGC,Aesthetic,true,yes,,https://www.tiktok.com/@goldtradersuk/video/7600829218401979670
coins,coin roll hunting,2026-01-31,2026-10-01,philfindscollects,Phil Finds & Collects,3571,40,2,2,2019 Mr Squiggle - Gus#coins #rollhunting,"A coin roll hunter records a POV video sorting through Australian two-dollar coins, discovering a 2019 Mr. Squiggle Gus commemorative coin and sharing nostalgic trivia about the classic children's television show.",2019 Mr Squiggle - Gus #coins #rollhunting,Raw UGC,Vlog,false,yes,,https://www.tiktok.com/@philfindscollects/video/7601332908451794197
coins,numismatics,2026-02-01,2026-10-02,silver.numismatic,Silver Numismatic,189,30,7,,#numismatica #money #numismatics #collection #fyp,"A silent, aesthetic showcase of collectible vintage US silver half dollars, highlighting their toning, grades, and prices for coin enthusiasts on TikTok.",1964; LIBERTY; IN GOD WE TRUST; UNITED STATES OF AMERICA; HALF DOLLAR; gem bu tone; $40; 1942; E PLURIBUS UNUM; 1909; Fine; $50; WC 50; SH; F 44; 24,Raw UGC,Vlog,true,yes,,https://www.tiktok.com/@silver.numismatic/video/7602025311408065822
coins,numismatics,2026-02-01,2026-10-02,silver.numismatic,Silver Numismatic,202,26,7,,#numismatica #money #numismatics #collection #fyp,"A silent, aesthetically focused TikTok video showcasing a brilliantly rainbow-toned 1972 Canadian dollar coin inside a professional grading holder, targeting numismatics enthusiasts through visual satisfaction.",ELIZABETH II D G REGINA on obverse; CANADA 1972 DOLLAR on reverse,Raw UGC,Aesthetic,false,yes,,https://www.tiktok.com/@silver.numismatic/video/7602027333058350366
coins,numismatics,2026-02-01,2026-10-02,silver.numismatic,Silver Numismatic,326,53,24,1,#numismatica #money #numismatics #collection #silver,"A silent, aesthetically focused showcase of a rare silver coin, designed to appeal to numismatics enthusiasts through detailed visual presentation.",,Raw UGC,Aesthetic,false,yes,,https://www.tiktok.com/@silver.numismatic/video/7602031372240194847
coins,numismatics,2026-02-03,2026-10-02,numismatick,numismatick,4444,81,16,7,#numismatique #silver #argent #stacking #numismatics,"A concise numismatic showcase of a 1960 French 5 Franc silver coin, presenting its specifications, silver content, intrinsic value, and mintage numbers through clean on-screen text over a macro video.",5 Francs 1960; Argent 835oo; Valeur intrinsèque : 24€; Tirage : 55 082 000,Raw UGC,Tutorial,false,yes,,https://www.tiktok.com/@numismatick/video/7602613991650692374
coins,rare coins,2026-02-06,2026-10-01,internationalstacker,InternationalStacker,3695,51,1,1,1000-Year-Old Polish Coins! The Ultimate Treasure Hunt!,"A coin store owner is asked by a customer about the most unique item in his store, prompting him to present and discuss rare 1,000-year-old Polish silver coins valued at 3,000 Zloty.","WHAT'S THE MOST UNIQUE ITEM THAT YOU'VE EVER HAD COME IN THE STORE BECAUSE I HAVE IT RIGHT NOW VERY UNIQUE VERY OLD POLISH COINS AND VERY RARE 1,000 YEARS POLISH COINS OUR HISTORY IS AROUND 1,000 YEARS AND THIS COIN IS ALSO AROUND 1,000 YEARS HOW MUCH DOES SOMETHING LIKE THIS COST FOR THE COIN LIKE THIS IT'S AROUND HALF GRAM OF THE SILVER IT'S 3,000 ZLOTY",Raw UGC,Vlog,true,yes,,https://www.tiktok.com/@internationalstacker/video/7603844458706210061
coins,wheat penny,2026-02-09,2026-10-02,thecoinchannel888,Thecoinchannel,16700,434,20,79,1909 Wheat Pennies you should Never ignore!! #learnontiktok #coincollecting #lincolnpenny #1909penny,"A coin collecting expert breaks down four distinct variants of the 1909 US wheat penny, detailing identifying marks and their respective cash values ranging from eight to twelve hundred dollars.",1909 Wheat Pennies you should Never ignore!! #learnontiktok #coincollecting #lincolnpenny #1909penny; Years of Production; 1909-1958,Polished Creator,Tutorial,false,yes,,https://www.tiktok.com/@thecoinchannel888/video/7605019307474570509
coins,rare coins,2026-02-11,2026-10-01,thecoinchannel,Eric Miller,84400,4547,163,1212,It happened!!  9K FOR THIS DIME!!! #coins #errorcoin #rarecoin #dime,"Creator Eric Miller explains how a 1965 Roosevelt dime can be worth over $9,000 if it is a transitional error struck on a 90% silver planchet. Using physical coins, macro zoom-ins, and Heritage Auctions screen captures, he provides a three-step guide involving the year, the silver rim, and the coin's weight.","It happened!! 9K FOR THIS DIME!!! #coins #errorcoin #rarecoin #dime; Sold on Jan 15, 2026 for: $9,150.00 includes Buyer's Premium (BP); Bid Source: Internet bidder; Get one of these: Create Wantlist; View Recent Offers this cat; 1965; IN GOD WE TRUST; LIBERTY; Heritage Auctions, HA.com; Hover to Zoom; 1965 Roosevelt Dime -- Struck on a 90% Silver Planchet -- $9,150.00; weight of 2.5 grams (melt weight), is circulated silver; weighs 2.7 grams... older 90% silver, 2.5-grams is a rare transitional error",Raw UGC,Tutorial,false,yes,,https://www.tiktok.com/@thecoinchannel/video/7605660949571325214
coins,wheat penny,2026-02-13,2026-10-02,stephanienlgeorge,Stephanie Langley-George,77000,3476,79,68,#wheatpenny #penny #pennies #coincollecting #fyp,"A creator shares her thrifted novelty penny tin from Goodwill, revealing her collection of vintage wheat pennies stored inside and examining the lucky souvenir symbols on the lid.","IN GOD WE TRUST, LIBERTY, 1999, LINCOLN, ABRAHAM, ONE CENT, E PLURIBUS UNUM, SOUVENIR, WEALTH, HAPPINESS, HEALTH",Raw UGC,Vlog,false,yes,,https://www.tiktok.com/@stephanienlgeorge/video/7606140217526914335
coins,wheat penny,2026-02-13,2026-10-02,bullionshark,Bullion Shark,122700,5204,65,45,Why are these pennies black?? #Penny #Coin #RareCoin #WheatPenny #BullionShark.,"A coin shop employee presents rare black ruthenium-plated 1943 steel pennies, explaining their unique composition and encouraging viewers to purchase them before they sell out.","ONE CENT UNITED STATES OF AMERICA, E PLURIBUS UNUM, IN GOD WE TRUST, LIBERTY, 1943",Raw UGC,Tutorial,true,yes,,https://www.tiktok.com/@bullionshark/video/7606382747203947790
coins,rare coins,2026-02-13,2026-10-01,coinstrusted_buyer,trusted buyer,265300,13500,443,3840,"""Rare 1999 Bulgarian Coin Value Revealed $6 5 Million|""Rare Bulgarian Coin from 1999 Worth
Welcome to old coin Zee collection your go-to destination for allthings numismatics and coin collection We're","A numismatic creator presents the 1999 Bulgarian 50 stotinki coin, detailing its design and history while sensationally claiming it could be worth up to $6.5 million.","YouTube Old Coin Zee Collection watermark, notification badge text 'Is This 1979 10 Yen Coin W...' and 'Most Valuable UAE 1 Dirh...'",Polished Creator,Tutorial,true,yes,,https://www.tiktok.com/@coinstrusted_buyer/video/7606497052649983254
coins,silver coins,2026-02-15,2026-10-01,queenjeanine904,Queen Jeanine,399000,7533,263,3138,"I ordered $2,000 in half dollars from my bank to hunt silver… and in the FIRST $500 I found REAL treasure 😳🪙💰

✅ 6 coins at 90% silver
✅ 7 coins at 40% silver
📈 Melt value at $73/oz = $234

Should","A coin roll hunter demonstrates how to search through $2,000 of bank-ordered half dollars to find valuable 90% and 40% silver coins, breaking down melt values and step-by-step instructions to turn a profit.",I ordered $2000 in HALF DOLLARS...; Because silver is TREASURE !; SILVER $73 PER OZ; 1964 & older = 90% silver = approx $26 ea; 1965-1970 = 40% silver = approx $11 ea; Step 1 = flip & look for pre-1970 dates; Step 2= find one ? BAM $$$; Step 3 = Roll up the Duds. Take them back to the bank !; Step 4 = Count your profit.; 6 pc pre-1964 melt value $156.60; 7 pc 1965-1970 melt value $75.60; TOTAL PROFIT $232.17; Step 5 = REPEAT . !!,Raw UGC,Tutorial,false,yes,,https://www.tiktok.com/@queenjeanine904/video/7607197998866631966
coins,rare coins,2026-02-16,2026-10-01,thecoincollectoruk,CoincollectorUK,208400,4441,140,65,Rarest £2 coin found! Haven’t seen this for years 😱🤑 #coinhunting #viral #thecoincollectoruk #fyp #xyzabc,"A coin collector showcases a hunt for rare UK £2 coins, successfully finding valuable editions like the Commonwealth Games Northern Ireland coin and Brunel portraits, keeping viewers engaged with fast sorting and valuation details.","Star Finds, Common Finds, Rarest £2 coin found! Haven’t seen this for years 😱🤑, Commonwealth Games Northern Ireland 😳😳, Value 35 to £40 💰💰, Brunel Portrait, And another, What a hunt!!",Raw UGC,Tutorial,false,yes,,https://www.tiktok.com/@thecoincollectoruk/video/7607567097438276886
coins,wheat penny,2026-02-17,2026-10-02,thecoinchannel,Eric Miller,9556,466,16,53,"She found a bunch of wheat pennies at her restaurant!! #findingmoney #coin #coin #wheatpenny 

Found by @brooketalks","Creator Eric Miller breaks down valuable wheat penny errors—including the 1922 no-D penny, the 1955 doubled die, and the 1943 steel penny RPM—using real auction sale screenshots and macro coin photography to educate viewers and drive live stream engagement.","Come see us in cave creek!; 1943; 1922; No 'D'; 1955 DOUBLED DIE; $455.05; $2,850.00; $23.94; Sold Feb 15, 2026; Sold Feb 16, 2026; Sold Feb 11, 2026; 60 bids; Free delivery; Buy It Now; ItemNum 17452",Polished Creator,Tutorial,false,yes,,https://www.tiktok.com/@thecoinchannel/video/7607855598763314463
coins,rare coins,2026-02-21,2026-10-01,francinajordan,Euro Coins Mistress,258700,2577,428,710,#münzen #rarecoins #fypgermany🇩🇪 #germany🇩🇪_tik_tok #germany,"A creator skeptically reviews a massive stash of 2-euro coins saved by her grandmother, voicing total disbelief that any rare or valuable pieces will be found despite viral internet claims.",1 euro 2002 Germany coin; 150.000€,Raw UGC,Vlog,false,yes,,https://www.tiktok.com/@francinajordan/video/7609346432658574614
coins,silver coins,2026-02-24,2026-10-01,cawds,Cawds,15700,1600,51,30,"🪙 Imagine this in your pocket. Solid silver and so tiny

#Coin #Coins #coincollecting #coincollector #coincollection","A coin collector showcases a rare 1700 silver Maundy penny of King William III, explaining its history, royal ceremonial purpose, and current monetary value.","THIS COIN IS, OLDER, THAN THE UNITED KINGDOM, THIS IS 326, YEARS OLD,, KING WILLIAM III, AND IT'S MADE, OF SILVER, ON 92.5%, BUT THIS IS, NOT EVERYDAY MONEY., KNOWN AS MAUNDY MONEY., Maundy Penny, PARTICULAR CASE,, IT OVER,, IS A MAUNDY PENNY., YOU CAN SEE, A CROWN ABOVE IT,, AND EITHER SIDE, 1700, STILL GOES ON TODAY,, GIVING OUT MONDI MONEY., MONDI MONEY, IS NOT REALLY, DESIGNED TO BE, SPENT., IT'S GIVEN, IN RECOGNITION OF, NORMALLY SENIOR CITIZENS, WHO HAVE SERVED, THEIR COMMUNITY, AND INDEED, THEIR CHURCH., BUT IT'S GIVEN, BY THE MONARCH., WHAT IS IT, WORTH TODAY?, WELL, EVEN IN, A FINE CONDITION,, THESE COIN, WORTH ANYWHERE BETWEEN, 80 POUNDS, AND GOING UP, IN CONDITION,, YOU COULD EXPECT, IN EXCESS OF TWO, TO 250 POUNDS., MUCH SMALLER,, AS I SAY,, THAN A NORMAL PENNY., BUT AS I SAY,, IT WASN'T POCKET, CHANGE., THIS IS, ROYAL CEREMONY IN SILVER., 1700 AND STILL HERE, A MAUNDY COIN, IN YOUR COLLECTION.",Raw UGC,Tutorial,false,yes,,https://www.tiktok.com/@cawds/video/7610491996918107414
coins,coin collecting,2026-02-25,2026-10-01,lailagoudarzi,Laila Goudarzi,3100000,200700,1204,14500,Go get yo dimes #coins #silver #coincollector,"A creator vlogs about her boyfriend purchasing 250 dollars in dimes to sift through looking for silver coins, showcasing the tedious process and playful domestic dynamic.",$250 DIMES; $5 DIMES $5,Raw UGC,Vlog,false,yes,,https://www.tiktok.com/@lailagoudarzi/video/7610620225016450335
coins,silver coins,2026-02-26,2026-10-01,well8802,Parisian Vintage Coins&Medals,71700,680,87,46,"French Silver Coins Found at a Paris Flea Market 🇫🇷💰

#parisfleamarket #frenchsilver #vintagecoins #numismatics #coincollector    paris flea market, french silver coins, vintage coins, antique coin","A Parisian vintage coin vendor showcases four historical French silver coins found at a local flea market, displaying obverse and reverse sides alongside clear euro pricing and dramatic background choir music.","Subscribe, FRENCH SILVER COINS IN PARIS, 55 EUR, 90 EUR, 130 EUR, 15 EUR, 50 FRANCS, REPUBLIQUE FRANCAISE, LOUIS PHILIPPE I ROI DES FRANCAIS, 5 FRANCS 1839, CHARLES X ROI DES FRANCAIS, 1 FRANC 1868",Raw UGC,Collection,true,yes,,https://www.tiktok.com/@well8802/video/7611245191072091414
coins,silver coins,2026-03-03,2026-10-01,secretbeeps,Secret Beeps,570300,34800,308,1074,"1794, Crown of Francis II, in this year the Battle of Fleurus is ongoing and almost signs the end of the Holy Roman Empire with the winning of Napoleon 

#metaldetecting #treasure 
#holyromanempire #s",An amateur metal detectorist captures the breathtaking moment of unearthing a well-preserved 1794 silver crown coin from a muddy field.,,Raw UGC,Vlog,false,yes,,https://www.tiktok.com/@secretbeeps/video/7613136808108477728
coins,coin roll hunting,2026-03-05,2026-10-01,thecoinchannel,Eric Miller,23400,873,27,62,I found a NIFC half dollar!! #halfdollar #findingmoney #coinroll #coins,"Creator Eric Miller shares an exciting coin roll hunting find, unboxing a 2015 Denver NIFC (Not Intended For Circulation) Kennedy half dollar just five coins into a roll and explaining its numismatic value.","oh, RIGHT OFF THE BAT, THIS IS AN NIFC. THIS IS A 2015 DENVER, AND IT'S IN NICE CONDITION. NOT INTENDED FOR *2002-2020 IT'S BETWEEN 2002 AND 2018. THIS COIN RIGHT HERE IS AT LEAST PROBABLY $3. THREE OR $4 INSTEAD OF 50 CENTS. AND I'M ONLY. I'M ONLY FIVE COINS IN. FIVE COINS IN EVERYBODY. ALRIGHT, WELL, THAT'S A DAMN GOOD START. I'M GONNA PUT THAT RIGHT HERE. THAT'S",Raw UGC,Tutorial,false,yes,,https://www.tiktok.com/@thecoinchannel/video/7613793255678856478
coins,wheat penny,2026-03-05,2026-10-02,gpennyfoods,Golden Penny Foods,6400,129,2,4,"If your Efo Riro doesn’t start with a proper fry, you’re leaving flavour on the table.

This one is paired with a smooth whole wheat swallow made with Golden Penny Goldenvita Whole Wheat Flour.

Whole","A branded cooking tutorial by Golden Penny Foods demonstrating how to cook Efo Riro and whole wheat swallow using Goldenvita flour, tailored for Iftar during Ramadan.","Almost time for Iftar., If your Efo Riro doesn't start with a proper fry, you're leaving flavour on the table., This one is paired with a smooth whole wheat swallow made with Golden Penny Goldenvita Whole Wheat Flour., Whole wheat keeps the meal filling without feeling too heavy, which makes it perfect for Iftar., Be honest..., What swallow are you pairing with Efo Riro?, Save this for later., Ramadan Kareem.",Polished Creator,Tutorial,true,yes,possible off-topic,https://www.tiktok.com/@gpennyfoods/video/7613847991538961672
coins,numismatics,2026-03-07,2026-10-02,silver.numismatic,Silver Numismatic,795,65,16,1,#numismatics #numismatica #money #currency #fyp,"A mesmerizing close-up video of a collector tilting a rainbow-toned silver coin under a light source, accompanied by dramatic choral music and no spoken dialogue.","E PLURIBUS UNUM, LIBERTY, UNITED STATES OF AMERICA, .999 Fine Silver, ONE TROY OZ",Raw UGC,Aesthetic,false,yes,,https://www.tiktok.com/@silver.numismatic/video/7614521935849934110
coins,silver coins,2026-03-09,2026-10-01,realcoins5,@realcoinsbuyer,4234,49,26,15,"THESE 1/2 c 1c 2c5c 10 c 20c 50c AND THE
SILVER R1 COIN SETS WERE STRUCK AS PART
OF THE SECOND DECIMAL ISSUE 1965 -1990.
IN 1962IT WAS ANNOUNCED THAT A CHANGE
IN SIZE, DESIGN AND METAL CONTENT OF
COIN","A coin buyer posts an operational update on TikTok announcing that their buying agent is currently in Cape Town meeting sellers face-to-face and will return to Johannesburg the following day, utilizing a bank exterior and physical coin displays to build trust.",we buy coins face to face only; Standard Bank; Welcome,Raw UGC,Personal-update,true,yes,,https://www.tiktok.com/@realcoins5/video/7615255375264189717
coins,coin collecting,2026-03-12,2026-10-01,ancientcoinsau,Ancient Coins Australia,255900,7473,161,97,Flipping an Indian gold coin from the year 1556-1605. Minted under Akbar. 1.18grams. Don’t worry I don’t do this often and I’m very careful with my coins lol #ancientcoins #coincollecting #ancientcoin,"A coin collector creates an engaging, playful short video showing themselves casually flipping a rare 1.18-gram gold coin minted under the Mughal Emperor Akbar between 1556 and 1605, leveraging the humorous tension of handling a 400-year-old artifact.","Bored so flipping a 400 year old gold coin.; ANC. R. ROBERTS 962; WYNARD COIN CENTRE; INDIA, MUGHAL EMPIRE, AKBAR, AH963-1014 = 1556-1605, 1/4 ASHRAFI; Heads or tails?; failed first try; success!; except not sure which side would be heads...",Raw UGC,Vlog,false,yes,,https://www.tiktok.com/@ancientcoinsau/video/7616266095703362823
coins,numismatics,2026-03-13,2026-10-02,silver.numismatic,Silver Numismatic,342,46,5,,#numismatics #numismatica #fyp #money #currency,"A coin collector films a POV unboxing video of recent purchases from Whatnot, showcasing graded half dollars, silver dollars, and pennies while discussing the items with authentic enthusiasm.","Whatnot auction labels reading #101 Item in Hand, #140 Item in Hand, #82 Item in Hand; NGC and ICG grading slab labels reading 2025 S Clad 50C PF 69 ULTRA CAMEO, 1923 ICG MS62, 2025-D ICG MS67+ RD Last Year of Issue, 2025-D ICG MS66 RD Last Year of Issue",Raw UGC,Unboxing,false,yes,,https://www.tiktok.com/@silver.numismatic/video/7616523293411036446
coins,silver coins,2026-03-13,2026-10-01,gettinhammereduk,GettinHammeredUK,149300,2473,48,57,MASSIVE SILVER COIN FOUND! 🤯 #metaldetecting #discovery #treasure #silver,"A British metal detecting creator captures the genuine thrill of unearthing a rare, large Charles I silver shilling in a muddy farm field, utilizing raw field footage, close-up artifact inspections, and upbeat engagement prompts to captivate niche hobbyists and general viewers alike.",MASSIVE SILVER COIN FOUND! 🤯 #metaldetecting #discovery #treasure #silver; ALRIGHT; TOM'S COMING OVER; WHAT HAVE YOU; THINK I'VE GOT; I'M REALLY HOPING; SO; I WENT TO; NEAR THIS TREE; SIZE OF THIS; IT AIN'T IS IT; LOOK AT THE SIZE OF THAT; ANYTHING FROM THAT SIDE; IT'S A HAMMERED; FOR SURE; IS IT; LOOK AT THIS; NO; YOU READY; YEAH; NO WAY; IT'S A CHARLES; ISN'T IT; GOT THAT RED; EFFECT ON IT; CHARLES; CHARLES I; IS THAT A; SHILLING; GOT IT BEHIND HIS HEAD; XII; WOW; Charles 1st Shilling 1625-1649; Please follow for more!,Raw UGC,Vlog,false,yes,,https://www.tiktok.com/@gettinhammereduk/video/7616816437646118166
coins,silver coins,2026-03-15,2026-10-01,jmarcus1542,jmarcus1542,323,6,,,Silver coins  Greece,"A silent point-of-view video showcasing both sides of a 1863-1963 Greek commemorative silver coin inside a protective holder, accompanied by soft acoustic background music.","Obverse text includes dates 1863 and 1963, crown insignia, and Greek lettering; reverse text includes map lettering and mint marks.",Raw UGC,Vlog,false,yes,,https://www.tiktok.com/@jmarcus1542/video/7617578957658950943
coins,silver coins,2026-03-16,2026-10-01,migueljustin3,Miguel,10300,199,2,18,"Selling my silver 

#investing #silver #fyp","A young creator documents the straightforward process of selling approximately 30 silver coins at a Melbourne bullion dealer, highlighting a substantial profit from a 2023 purchase based on rising precious metal market prices.","Selling my silver in Melbourne 🇦🇺; Document #: 78309; Date: 5 June 2023; MGC MELBOURNE GOLD COMPANY; CUSTOMER DETAILS: Cash Sales Customer VIC, Office 701, 227 Collins Street, Melbourne, VIC 3000; DESCRIPTION: [Silver] 1oz Perth Mint Kangaroo 2023 Silver Coin, [Silver] 1oz Royal Mint Britannia 999 Silver, [Silver] 1oz Canadian Silver Maple Leaf 2023 Coin; TOTAL CUSTOMER PAYMENT: $1,433.00 AUD; 264% Profit; 118.46575, 29 Jan '26, 21:00 UTC+11; Hairpiece WIGS; Salera's Est. 1893; Wales Come",Raw UGC,Vlog,false,yes,,https://www.tiktok.com/@migueljustin3/video/7617734449580608775
coins,silver coins,2026-03-18,2026-10-01,woodiron_creations,Woodiron Creations,104300,2030,161,64,Melting old silver coins #silver #coins #melting,"A short-form process video documenting the melting of vintage US silver coins in a propane furnace and casting them into a 5.4 oz silver bullion bar, created by Woodiron Creations.",90% SILVER; 5.4 OZ stamped on the finished bar,Raw UGC,Tutorial,false,yes,,https://www.tiktok.com/@woodiron_creations/video/7618402825181138190
coins,silver coins,2026-03-18,2026-10-01,milanjewellersktm,Milan Jewellers,13000,156,5,28,"99.9% Pure Silver Coin
Mother’s Day Gift Special - #lowweightjewellery #fyyyyyyyyyyyyyyyy #foryoupage #trendingvideo #goviral","A promotional TikTok video by Milan Jewellers in Kathmandu showcasing two 10-gram 99.9% pure silver coins packaged in red velvet boxes as a Mother's Day gift special, set to a devotional Nepali soundtrack.","Thank You For Choosing Us! / Contact with us: 01-4954018 / Mob: +977 9851286350 / Address: Newpal-04, Samakhusi near Buspark, Kathmandu / Milan Jewellers / 99.9% Pure Silver Coin / Mother's Day Gift Special / Pan No: [redacted] / Silver Coin: 2pcs of 10gm",Raw UGC,Showcase,true,yes,,https://www.tiktok.com/@milanjewellersktm/video/7618575735871098113
coins,wheat penny,2026-03-19,2026-10-02,dadecitycoin,Dade City Coin,8576,334,32,12,#wheatpennies #copper #silver #gold #caah,"Dade City Coin posts a TikTok video featuring staff member Raiya answering a coin trivia quiz about vintage wheat pennies, detailing their production years from 1909 to 1958 and their potential values ranging from cents to thousands of dollars.",Dade City Coin; Wheat Pennies; 03/20/26,Raw UGC,Q&A,true,yes,,https://www.tiktok.com/@dadecitycoin/video/7619070486684912909
coins,silver coins,2026-03-20,2026-10-01,everydaybullion,everydaybullion,3870,47,6,6,"Silver has dipped but demand hasn’t. 

After a recent pullback in price, many investors see this as an opportunity to pick up silver coins before the next move.

Silver isn’t just a precious metal - i","An Everyday Bullion dealer breaks down why a recent silver price dip presents a buying opportunity driven by industrial and geopolitical demand, encouraging viewers to DM for stock availability.","everyday bullion, Don't miss out on silver before it rockets off again, Recently, we've had a quite a big dip on silver, but with the war and the intentions happening, it's due to rocket off again, Mainly used in cars and technology around the world, silver is increasing in demand by the week, Here at Everyday Bullion, we are always stocked up with enough silver you need for some of the best competitive rates on the market today",Raw UGC,Tutorial,true,yes,,https://www.tiktok.com/@everydaybullion/video/7619420458118630678
coins,coin collecting,2026-03-22,2026-10-01,thecoincollectoruk,CoincollectorUK,1600000,31400,337,369,It only took 3 seconds! 🤩🤩🤩 #CapCut #coinhunting #viral #thecoincollectoruk #fyp,A fast-paced coin hunting tutorial demonstrating how to quickly identify and sort valuable UK two-pound commemorative coins from loose change.,Star Finds; It only took 3 seconds!; Underground Train; Value £4; Common Finds; Shakespeare Comedies; VE Day; Florence Nightingale; Act of Union,Raw UGC,Tutorial,false,yes,,https://www.tiktok.com/@thecoincollectoruk/video/7620201622789999894
coins,wheat penny,2026-03-26,2026-10-02,oldcoin.secrets,OldCoin Secrets,16000,498,34,116,"1948 Wheat Penny Worth $10,350? Check Your Old Coins!

#1948Penny #WheatPenny #LincolnPenny #uscoin #RareCoins","A numismatic short-form video hosted by OldCoin Secrets explains how a pristine 1948 Lincoln wheat penny can command thousands at auction, encouraging viewers to inspect their own spare change.","10,350.00; IN GOD WE TRUST; LIBERTY; 1948; E PLURIBUS UNUM; ONE CENT; UNITED STATES OF AMERICA",Polished Creator,Tutorial,false,yes,,https://www.tiktok.com/@oldcoin.secrets/video/7621510235668221215
coins,coin roll hunting,2026-03-27,2026-10-01,thecoinchannel,Eric Miller,56100,3420,82,618,ALL FOUND IN COIN ROLLS!! #coin #coins #quarter #quarters,"A coin expert breaks down how to identify a valuable double die obverse error on 1976-D Bicentennial quarters, explaining what mint marks, lettering anomalies, and valuations to look for in coin rolls.","ALL FOUND IN COIN ROLLS!! #coin #coins #quarter #quarters; Opened 15 rollers worth saving?; PCGS MS67; NORMAL QUARTER DESIGN; DDO, Series: Washington; SALE PRICE $252.00; 1976-D, QUARTER DOUBLING ON OBVERSE",Polished Creator,Tutorial,false,yes,,https://www.tiktok.com/@thecoinchannel/video/7621983706474908958
coins,wheat penny,2026-03-28,2026-10-02,oldcoin.secrets,OldCoin Secrets,16100,425,31,68,"Valuable 1935 Wheat Penny Worth $15,500? Hidden Treasure Coin!

#1935Penny #WheatPenny #LincolnPenny #RareCoins #CoinCollecting","A short-form educational video exploring the history and potential $15,500 value of the 1935 Lincoln wheat penny, encouraging viewers to check their spare change.","$15,500.00+, WHAT IF I, ONE CENT, COIN FROM, THE 1930S, COULD SECRETLY BE, HUNDREDS, THOUSANDS, OF DOLLARS, UNBELIEVABLE, COINS HAVE, SURPRISED, COLLECTORS, MANY TIMES, TODAY'S COIN IS THE, 1935, LINCOLN, WHEAT PENNY, AT FIRST GLANCE IT LOOKS LIKE A, SIMPLE OLD, PENNY, ON THE FRONT, YOU'LL SEE THE PORTRAIT OF, ABRAHAM LINCOLN, ON THE BACK, TWO WHEAT EARS SURROUND, THE WORDS, ONE CENT, WHICH IS WHY IT'S CALLED THE, WHEAT PENNY, BUT HERE'S WHERE THINGS GET, INTERESTING, THE 1935, WHEAT PENNY WAS MINTED DURING, GREAT DEPRESSION, ERA, MILLIONS WERE, PRODUCED, BUT MOST OF THESE, COINS WERE, HEAVILY USED IN, EVERYDAY, TRANSACTIONS, OVER TIME, MANY COINS BECAME WORN, SCRATCHED, OR EVEN LOST, BECAUSE OF THAT, FINDING A 1935, WHEAT PENNY TODAY, IN HIGH GRADE, UNCIRCULATED, CONDITION WITH SHARP, DETAILS IS MUCH HARDER THAN, MOST PEOPLE, THINK, AND HERE'S THE, EXCITING PART, SOME TOP, CONDITION, 1935 WHEAT, PENNIES HAVE SOLD AT, AUCTION FOR OVER, 15,500, OR 500 YES, A COIN, THAT ONCE HAD A, VALUE OF, JUST ONE, CENT, THAT'S WHY, COLLECTORS, CAREFULLY, CHECK, EVERY OLD, PENNY, THEY, FIND, SO THE NEXT, TIME YOU GO, THROUGH, YOUR SPARE, CHANGE, OR AN, OLD COIN JAR, TAKE A, CLOSER LOOK AT YOUR, PENNIES, IF YOU FIND, THE YEAR, 1935, DON'T IGNORE, IT, BECAUSE THAT, TINY, COPPER COIN, MIGHT NOT, JUST BE, SPARE, CHANGE, IT COULD BE A, HIDDEN, TREASURE, WORTH, THOUSANDS, OF DOLLARS",Polished Creator,Tutorial,false,yes,,https://www.tiktok.com/@oldcoin.secrets/video/7622252833995279646
coins,silver coins,2026-03-28,2026-10-01,halfdollamakeyouholla,HalfDollaMakeYouHolla,170000,3482,239,826,I found a quarter worth hundreds of dollars! #bicentennial #quarter #valuable #coin #silver,"A passionate coin collector records his breathless, shaking-handed discovery of a rare doubled die error on a 1776-1976 Bicentennial quarter found inside a bulk coin box, using a digital microscope to prove the mint error to viewers before asking for grading predictions in the comments.",This Quarter Is Worth Hundreds Of Dollars!; I deserve a <3!!!; TOMLOV; 02-09-2023 19:01:21; OK; M; 639; KYLE BISHOP; $500 QUARTERS; UNITED STATES OF AMERICA; E PLURIBUS UNUM; QUARTER DOLLAR; LIBERTY; IN GOD WE TRUST; 1776-1976,Raw UGC,Tutorial,false,yes,,https://www.tiktok.com/@halfdollamakeyouholla/video/7622369396723322142
coins,coin collecting,2026-03-31,2026-10-01,well8802,Parisian Vintage Coins&Medals,6520,116,16,2,"Vintage Coins From Around The World Found at Paris Flea Market #vintagecoins #fleamarketfinds #numismatics #parisfleamarket #coincollecting  vintage coins, flea market, numismatics, coin collecting, r","A quick, satisfying visual showcase of diverse vintage coins discovered at a Paris flea market, presented through macro POV handling.",Rare Coins Hunt in Paris Flea Market; Subscribe; REPUBLIQUE FRANCAISE; 1778; VOLTAIRE; LIBERTE EGALITE FRATERNITE 1994 5 FRANCS; ZOOPARC DE BEAUVAL VAL DE LOIRE; MEDAILLES ET PATRIMOINE; GARCIA DE ORTA; REPUBLICA PORTUGUESA 200 ESCUDOS 1997; 10; METAS ALEXANDROS BASILEUS MAKEDONON; 100; ELLINIKI DIMOKRATIA; LIBERTY IN GOD WE TRUST 1988; UNITED STATES OF AMERICA QUARTER DOLLAR,Raw UGC,Vlog,false,yes,,https://www.tiktok.com/@well8802/video/7623489294660898070
coins,silver coins,2026-03-31,2026-10-01,the.coin.cutter,The coin cutter,190700,537,32,13,Cutting Coins into art work daily #silver #coins #coinart #coincollecting #metalart,"A mesmerizing short-form craft video demonstrating the precise manual piercing and sawing of a 1951 silver crown coin into fine metal art, appealing to fans of satisfying DIY processes and custom coin jewelry.",1951; THE COIN CUTTER,Raw UGC,Tutorial,true,yes,,https://www.tiktok.com/@the.coin.cutter/video/7623510005664337174
coins,numismatics,2026-04-01,2026-10-02,thatcoinguyjez,thatcoinguyjez,36200,1113,34,89,How did I become a full-time coin dealer at 24 years old? This is my small business story #numismatics #coincollecting #coincollection #coincollector #australiancoins,"A 24-year-old Australian coin dealer recounts his journey from starting with a $50 coin purchase in boarding school to scaling a six-figure business operating out of a 150-square-meter warehouse, launching an Instagram page to share business insights.","I'm 24 years old, and I sell collectible coins full time. This is the story of my small business. R296 through R416 on inventory bins, DYMO LabelWriter 550 Turbo, Australia Post branding on envelopes.",Raw UGC,Storytime,true,yes,,https://www.tiktok.com/@thatcoinguyjez/video/7623656803238202631
coins,silver coins,2026-04-01,2026-10-01,silverstackerllc,SilverStackerLLC,7873,298,28,4,"Everyone’s stack looks different…
Here’s mine 👀
What’s in yours?
#silverstacking #silvercoins #stackers #bullion #preciousmetals
#stacktok #moneymindset #wealth #coincollecting","A coin and bullion dealer breaks down the various styles and categories of precious metals stacking, showcasing everything from fractional rounds to high-relief antique bars and gold, ending with a call to action for viewer comments.","TEXAS COIN COMPANY SILVER. GOLD. BULLION., What is in your Stack?, Stackers and collectors all have different goals, And different ways to stack, Some people like the bigger 5 ounces, Like these State Quarters, Some people like fractional Silver, Like these quarter ounce Aztec calendars, There's really no wrong way to stack, We've got people that do a lot of hand pours, And custom pieces, A little bit of mix of art and the metal value, There's a lot of fun ways to stack, And a lot of different ways to do it, Now, apart from those, There are some people who just like, Your regular 1 ounce bars, And rounds as well, Just getting as much weight as you can, Maybe with a cool design here and there, Then you've got your more premium things, Like these Mint Lady Germanias, Absolutely beautiful, People collect those or a mix of the above, Some 2 ounces perhaps, Lots of things that you can get into, Even your higher-in collectibles, That have a lot going on with them, As far as high relief Antique, All kinds of things, Then there is another breed that you just like Gold, Stack gold, Stack gold, Lots of people like that too, Which one are you ?, Comment below we'd love to know",Polished Creator,Tutorial,true,yes,,https://www.tiktok.com/@silverstackerllc/video/7623120313563254029
coins,silver coins,2026-04-03,2026-10-01,ciscostew,Cisco Stew,6769,220,21,2,Still a beginner of the metal game #silver #bullion #coins #fyp,"A TikTok creator named Cisco Stew shares a POV video opening a locked gold metal case to display a beginner collection of silver coins and bullion, accompanied by on-screen text admitting it is worth a few hundred dollars but expressing a desire for more.",Few hundred bucks but I want more,Raw UGC,Vlog,false,yes,,https://www.tiktok.com/@ciscostew/video/7624354966894841118
coins,numismatics,2026-04-03,2026-10-02,oakmontnumis,Oakmont Numismatics,1066,90,4,,"🔍 Dropping another beauty from the collection today, fellow numismatists! This one has an incredible history and strike that every serious coin collector will appreciate. What’s your take — underrate","A visually striking showcase of a toned 1979 German 5 Deutsche Mark coin by Oakmont Numismatics, designed to engage coin collectors through aesthetic appreciation and interactive prompting.",Numismatic Coin collector; BUNDESREPUBLIK DEUTSCHLAND 5 1979; PCGS CERTIFIED FIRST RELEASES,Polished Creator,Aesthetic,true,yes,,https://www.tiktok.com/@oakmontnumis/video/7624505769320369411
coins,rare coins,2026-04-09,2026-10-01,lbfhsxj9d8,Hidden Treasure Pawn,83600,1242,101,16,This Might Be One of the Rarest Coins Ever Found #pawnshop #rickharrison #deal #coin #selling,"A viral TikTok clip from Pawn Stars shows Rick Harrison examining a rare Captain Cook commemorative coin found by a customer cleaning out his grandmother's house, culminating in an expert authentication and a cliffhanger for part two.",CAPTAIN COOK COIN; RESOLUTION ADVENTURE; SAILED FROM ENGLAND MARCH MDCCLXXII; GEORGE III KING OF GREAT BRITAIN FRANCE AND IRELAND; $: 100,Polished Creator,Storytime,false,yes,,https://www.tiktok.com/@lbfhsxj9d8/video/7626713936934489358
coins,coin collecting,2026-04-09,2026-10-01,championrarities,Champion Rarities,10700,176,26,19,New coin collectors: Stop making this huge mistake! A hodgepodge collection with no plan? You need strategy to avoid a mess. #CoinCollecting #HobbyTips #Numismatics #CollectorLife #CoinCommunity,"Two podcast hosts discuss the primary mistake new coin collectors make: accumulating a disorganized 'hodgepodge' of items without a strategic plan or focus, making liquidation difficult.",WHAT IS THE BIGGEST MISTAKE YOU SEE NEW COIN COLLECTORS MAKE,Polished Creator,Opinion,false,yes,,https://www.tiktok.com/@championrarities/video/7626803011213380878
coins,rare coins,2026-04-11,2026-10-01,francinajordan,Euro Coins Mistress,165000,2288,321,859,Rare 2 euro Italy 2002#münzen #italy #italian #rome #italiano,"A TikTok video featuring a close-up examination of an Italian 2 euro coin minted in 2002, falsely or exaggeratedly valued at 200,000 euros, set to dramatic operatic music.",Rare 2 euro Italy 2002 Coin; 200.000€; R; 2002,Polished Creator,Tutorial,false,yes,,https://www.tiktok.com/@francinajordan/video/7627568970266053910
coins,rare coins,2026-04-13,2026-10-01,treasuretown.a,TREASURE TOWN,2391,78,3,5,2002 10 sen coin that value have in thousand #usa_tiktok #usa_tiktok #uscoins #rare #1million,"A numismatic creator presents an educational macro video about the 2002 Malaysian 10 Sen coin, detailing its composition, obverse and reverse design elements representing national identity and maritime heritage, and its current collector value.","TREASURE TOWN (logo text), Hello Coin Collectors., Please Stop don't rush., I know that you don't know., much about the 2002 Malaysia Coin., let me tell you something about it., The Tale of the 2002 Malaysian 10 Sen Coin, In 2002,, Bank Negara Malaysia released a modest yet meaningful coin the 10 Sen,, crafted from nickel-plated steel for strength and daily use., Though small in value, this coin tells a larger story of Malaysian identity., If you have any questions about this coin, you can ask them in the comments., And to encourage us, please subscribe to this channel and like the video., On the front, the national flower,, Hibiscus rosa-sinensis,, blooms proudly beneath the arching words 'BANK NEGARA MALASIA'., The date, 2002,, flanks the bold '10 SEN', reflecting pride, unity,, and national beauty., Flip the coin,, and a glimpse into heritage, unfolds a rebana drum or traditional, boat rests on a woven mat,, representing rural life, artistry,, and Malaysia's deep maritime past., Today, its value ranges from $0.05 to $1.00,, but for collectors, this coin is more than metal it's a small,, enduring piece of Malaysia's cultural soul., 2002 10 sen coin that value have in thousand #usa_tiktok #usa_tiktok #uscoins #rare #1million",Polished Creator,Tutorial,false,yes,,https://www.tiktok.com/@treasuretown.a/video/7628157545449868562
coins,rare coins,2026-04-16,2026-10-01,pricelessfinds1,Wealth Files,21100,96,27,4,The Most Valuable Coin Ever 😱 #pawnstars #pawnshop #rarecoin #rarefinds #collection,"A short-form TikTok video utilizing clips from Pawn Stars to tell the suspenseful story of a customer bringing in a rare 1861 Double Eagle gold coin to be authenticated and valued, ending on a cliffhanger that prompts viewers to comment for part two.",RAREST COIN EVER; I'VE NEVER SEEN SOMETHING LIKE THIS; THIS MAN HAD NO IDEA HOW MUCH HIS COIN WAS ACTUALLY WORTH; LIBERTY; 1861; UNITED STATES OF AMERICA; TWENTY DOLLARS; WORLD FAMOUS GOLD & SILVER PAWN SHOP; 384-2245; OPEN 24 HRS,Polished Creator,Documentary,false,yes,,https://www.tiktok.com/@pricelessfinds1/video/7629153826985020705
coins,coin roll hunting,2026-04-16,2026-10-01,pepsiglasses,Pepsi Glasses ❌,606,20,2,1,"Coin roll hunting for treasure! My latest treasure hunt yields me silver! Awesome results and I still have a partial box yo go!
#CoinRollHunting
#CoinFamily
#Silver
#HalfDollars
#TreasureHunters","A coin roll enthusiast documents the exciting discovery of a 40 percent silver 1967 half dollar while sorting through a box of bank rolls, capturing the authentic thrill of numismatic treasure hunting.","Coin roll hunting half dollars for silver, errors, and NIFCs.; 1967; 40% silver",Raw UGC,Vlog,false,yes,,https://www.tiktok.com/@pepsiglasses/video/7629227802352487711
coins,silver coins,2026-04-16,2026-10-01,anugrahagoldhouseuk,Anugraha Gold House,652,13,1,,"Silver coins available in Anugraha Gold House
#silvercoins #anugraha_jewellers #silver","A short, aesthetic TikTok video by Anugraha Gold House showcasing a large stack of British Two Pound silver coins being lifted and displayed on an open palm against a teal backdrop, accompanied by calm background music.",Anugraha Gold House,Polished Creator,Haul,true,yes,,https://www.tiktok.com/@anugrahagoldhouseuk/video/7629396164458188054
coins,coin collecting,2026-04-17,2026-10-01,coinkrewe,Coin Krewe,20600,92,17,5,TIKTOK INVITED US! #coins #liveselling #coincollection,"Coin Krewe creators explain that legitimate coin selling on TikTok requires an official platform invitation, advising buyers to avoid sellers requesting external peer-to-peer payments like PayPal.","TIKTOK INVITED US! COIN KREWE The only way you can sell coins legitimately on TikTok in the coins category is by being invited by TikTok to do it. So that should give you all the confidence that you need to do business here, Coin Krewe, and with the other coin sellers that are in the category. Facts. You have to watch out for people that are selling where they're asking you to like send them PayPal and stuff like that. That's where you might run into a little bit of trouble.",Polished Creator,Opinion,true,yes,,https://www.tiktok.com/@coinkrewe/video/7629712456901872910
coins,rare coins,2026-04-19,2026-10-01,pawnify17,Pawnify,369200,7424,146,76,One of the rarest US coins in pawn shop! #pawnstars #pawnshop #auction #coin,A TikTok clip compilation from Pawn Stars depicts Rick Harrison evaluating an exceptionally rare 1922 high relief peace dollar brought in by a customer. The video builds intense suspense through macro coin shots and expert verification before ending on a cliffhanger that prompts viewers to comment for part two.,"HOLY F*CK
NO WAY YOU
GOT THIS
THIS MAN
HAS NO IDEA
HE'S HOLDING
ONE OF THE RAREST
COINS IN
AMERICA
HOW MUCH YOU
WANT FOR IT?
$20000
AT FIRST
GLANCE
IT LOOKS LIKE
AN ORDINARY
SILVER DOLLAR
HE SAYS
HE WON IT IN A
POKER GAME
BUT THEN
RICK NOTICES
SOMETHING
UNUSUAL
THE COIN
ISN'T FLAT
LIKE NORMAL
CURRENCY
THE ENTIRE
DESIGN
RISES OFF
THE SURFACE
WITH EXTREME
DETAIL
THIS ISN'T JUST
ANOTHER OLD
COIN
IT'S A 1922
HIGH RELIEF
PEACE
DOLLAR
A PEACE SO RARE
THAT EVEN
SERIOUS
COLLECTORS
MIGHT
NEVER SEE
ONE IN
PERSON
ONLY A HANDFUL
ARE BELIEVED
TO EXIST
RICK
IMMEDIATELY
KNOWS THIS COULD BE
MASSIVE
BUT THERE'S
ONE
PROBLEM
IF SOMEONE
WAS GOING TO FAKE
A COIN
THIS WOULD BE
THE ONE
TO FAKE
SO INSTEAD
OF TAKING
THE RISK
HE CALLS IN
ONE OF THE TOP
COIN EXPERTS
HE KNOWS
THE SPECIALIST
ARRIVES
TAKES ONE
LOOK
AND INSTANTLY
GETS EXCITED
HE EXPLAINS
THESE COINS
WERE BEAUTIFUL
BUT A
DISASTER
TO MAKE
THE MINT
COULDN'T STRIKE
ENOUGH OF
THEM
PROPERLY
SO THE DESIGN
WAS CHANGED
ALMOST
IMMEDIATELY
WHICH MEANS
SURVIVING
ORIGINALS
ARE INSANELY
RARE
NOW THE COIN IS
AUTHENTICATED
AND
RICK KNOWS
THIS COULD BE
WORTH
A FORTUNE
THE ONLY
QUESTION
LEFT IS
WHATS
IT WORTH?
ONE OF
THESE SOLD
VERY RECENTLY
COMMENT FOR PART TWO",Polished Creator,Storytime,false,yes,,https://www.tiktok.com/@pawnify17/video/7630618901361052960
coins,silver coins,2026-04-24,2026-10-01,nvcoin,NVCOIN,298300,1191,225,27,Never enough! 😍 🪙 #stacker #silver #bullion #coins,A coin shop creator showcases a gleaming stack of silver bullion while asking viewers to share their personal silver accumulation goals in the comments.,,Polished Creator,Vlog,true,yes,,https://www.tiktok.com/@nvcoin/video/7632171764826557709
coins,silver coins,2026-04-24,2026-10-01,365_days_of_silver,365 Days of Silver,3090,62,6,,"Unbelievably rich and buying tiny silver pieces? Paying £50 extra for 10 small fractional silver coins. It all adds up, but why pay more? Loads of money to spend! #SilverInvesting #FractionalSilver #P","A silver stacking creator uses heavy sarcasm, cash props, and fractional coins to criticize the high retail premiums charged for small-weight silver pieces.",I HAVE SO MUCH MONEY IT'S UNBELIEVABLE AND THAT IS WHY I WANT TO PAY EXTREMELY HIGH PREMIUMS FOR THIS REALLY REALLY SMALL FRACTIONAL PIECES OF SILVER BECAUSE YOU'VE GOT TO REMEMBER TEN OF THESE ONE TWO THREE FOUR FIVE SIX SEVEN EIGHT NINE TEN THESE ALL ADD UP TO THIS BUT IF I BUY ALL OF THESE INDIVIDUALLY OVER THE COURSE OF THE NEXT FEW WEEKS I'M GOING TO PAY ABOUT 50 POUND MORE AND THAT'S WHAT I WANT TO DO 'CAUSE I GOT SO MUCH MONEY!,Raw UGC,Opinion,false,yes,,https://www.tiktok.com/@365_days_of_silver/video/7632381889843563809
coins,silver coins,2026-04-26,2026-10-01,nvcoin,NVCOIN,60100,134,9,8,3pm PST! 4/26 #coin #silver,"A coin dealer at Nevada Coin Headquarters in Las Vegas previews high-end graded silver inventory via a smooth panning video, announcing an upcoming live sales show starting at 3 PM PST on April 26th.",,Raw UGC,Vlog,true,yes,,https://www.tiktok.com/@nvcoin/video/7633179861917420814
coins,coin collecting,2026-04-27,2026-10-01,life.in.newyork,life in New York,4000000,39500,707,1881,300 POUNDS of Coins BROKE the Coinstar Machine!,"A creator and his family spend hours feeding hundreds of pounds of accumulated loose change into a grocery store Coinstar machine, enduring machine errors and dusty hands to ultimately cash out nearly $700.",Coinstar instructions and screen prompts,Raw UGC,Vlog,false,yes,,https://www.tiktok.com/@life.in.newyork/video/7633419295262805278
coins,rare coins,2026-04-27,2026-10-01,financesimplified7,Finance Simplified,1000000,31100,486,464,1715 Spanish Coun Worth A Fortune 😳💰 #pawnstars #pawnshop #antique #rarefinds #collection,"A fast-paced TikTok recap of a Pawn Stars episode where a customer brings in a rare 1715 Spanish fleet gold coin inherited from his grandfather, leading to an expert authentication and a cliffhanger ending prompting comments for part two.",1715 SPANISH COIN WORTH A FORTUNE; A F***ING TREASURE I WANT THAT; THIS MAN CAME INTO SELL HIS 1715 FLEET COIN; WORLD FAMOUS GOLD & SILVER PAWN SHOP; OREGON; OPEN 24 HRS; 5 FLEET CANNON 18340; No Treasure Co.,Raw UGC,Storytime,false,yes,,https://www.tiktok.com/@financesimplified7/video/7633534943431363862
coins,numismatics,2026-05-01,2026-10-02,iconicworld.official,Iconic World,856,30,1,1,"What is Numismatics? 
How to start your Numismatic Journey? 
How to Collect coins? 
#numismatist #creatorsearchinsights #banknotes #coins #ancient","An educational short-form video by Iconic World introducing viewers to numismatics, explaining its historical significance, debunking common misconceptions about the cost of entry, and providing actionable steps for beginners to start collecting coins from home.","What Is Numismatics?; A question which everyone asks, but almost no one truly understands.; Is it just coin collecting?, Or is it something far more powerful?; Because what if I told you that a small, ordinary looking coin in your pocket could actually be a piece of history, or even worth a fortune?; Sounds crazy, right?; Let's find out.; Numismatics is the study and collection of coins, banknotes and medals, but in reality, it's much more than that.; It's history you can hold in your hand.; And here's something interesting.; Numismatics is known as the hobby of kings.; Why? Because in the past, only kings, emperors and the elite had access to rare coins and precious metals.; They collected them as symbols of power, wealth, and legacy.; But today, you don't need to be a king. Anyone can start. Yes, even you.; Now, think about this. Before social media, before books were common, coins were used as a powerful tool of communication.; Rulers used them to send messages. Their faces, their symbols, their achievements, all engraved on coins.; That means a single coin can tell you who ruled at that time, what people believed in, what language they used, and even how strong their economy was.; That's insane, right?; Now, imagine holding a coin that is 100 years old, 500 years old, or even 1,000 years old.; You're not just holding metal. You're holding something that has passed through countless hands, seen wars and witnessed empires rise and fall. That coin has a story.; And here's wh",Polished Creator,Informational,false,yes,,https://www.tiktok.com/@iconicworld.official/video/7634738494606232854
coins,silver coins,2026-05-03,2026-10-01,silverdragons47,Silver Dragons,9991,205,15,8,90% silver coins are a steal right now! Many shops are selling at or below spot. Great for barter and a real bargain if you shop smart. #SilverInvesting #CoinCollecting #BargainHunter #FinancialFreedo,"Silver Dragons expert advises stackers to buy 90% constitutional silver coins because they are currently trading at or below spot price, detailing coin weights and shop pricing dynamics.",90% Silver Deals: Buy Below Spot; TRULY WANT SILVER AT OR BELOW SPOT I WOULD BE FOCUSING ON THE JUNK OR CONSTITUTIONAL 90% THE INDUSTRY STANDARD FOR CIRCULATED JUNK SILVER IS 0.715 TROY OUNCE PER DOLLAR AS MINTED THE REAL WEIGHT IS 0.723 WHICH CERTAINLY THESE WOULD BE CONSIDERED FOR BARTER OR SOMETHING DOWN THE ROAD BECAUSE THEY ARE 90% SILVER THEY SHOULD BE ACCEPTED IN A BARTER SITUATION THE WAY A FRANKLIN HALF DOLLAR WOULD BE AND PERHAPS EVEN MORE DESIRABLE BECAUSE ALL THE SILVER IS THERE WHAT ARE YOU GUYS CHARGING FOR 90% SILVER IN THE SHOP RIGHT NOW IN THE SHOP FOR CASH WE TEND TO BE BETWEEN A DOLLAR AND $2 UNDER SPOT MARKET'S DOING THAT DAY ARE CAREFUL IN THEIR SHOPPING AT THEIR LOCAL COIN SHOP THEY MAY FIND THAT MANY MANY PLACES ARE OFFERING 90% SILVER AT OR BELOW SPOT ESPECIALLY IN THESE TIMES WHERE SILVER'S A LITTLE SLUGGISH NOT SELLING AS WELL AS IT WAS AT $100 THERE'S SOME REAL BARGAINS TO BE HAD,Polished Creator,Tutorial,false,yes,,https://www.tiktok.com/@silverdragons47/video/7635718820442721549
coins,silver coins,2026-05-05,2026-10-01,thecoinchannel,Eric Miller,43900,1798,46,120,Silver found in coin roll! #coinroll #silver #coins #collecting,"Creator Eric Miller demonstrates how coin roll hunters can spot 90% silver dimes by checking their rims, and explains that rare 1965 error dimes struck on silver planchets can be worth thousands of dollars.","YOU ALWAYS WANNA LOOK THROUGH COINS; I SAW THIS UNDER IT LOOKED SHINY; AND THAT IS A 90% SILVER DIME; HE FOUND THAT SILVER DIME JUST BY CHECKING THE RIM; AND IT IS SO CLEAR IF YOU LOOK AT ALL OF THESE THAT OBVIOUSLY THAT ONE IS SILVER; BUT ONE OF THE MOST VALUABLE DIME ERRORS YOU CAN FIND THE EXACT SAME WAY; 1964 AND OLDER IS ALL 90% SILVER; BUT THAT'S SUPPOSED TO BE THE LAST YEAR; THE MOMENT IT HIT 1965 THEY TOOK THE SILVER OUT; BUT THE MINT ACCIDENTALLY MADE SOME OF THE 1960 FIVES IN SILVER; LOOK AT ALL THESE IT'S NOT EVEN JUST ONE OR TWO IT'S A BUNCH OF THEM; HERE'S EVEN MORE RECENT ONES LOOK IT SAYS 90% SILVER 1965 OVER $14,000; ANOTHER ONE OVER 12,000; ANOTHER ONE 9 GRAND; SO JUST LIKE FINDING THE FREE SILVER IN THIS ROLE CHECK THE RIMS OF THE 1960 FIVES; $21,600 or more; 1965 10C Roosevelt Dime -- Struck on a 90% Silver Planchet -- MS62 PCGS; Auction 1299 | Lot: 4712 | Sep 6, 2019; Sold For: $14,400.00; Make Offer to Owner; 1965 10C Roosevelt Dime -- Struck on a Silver Planchet -- AU55 PCGS; Auction 1373 | Lot: 3068 | Mar 3, 2024; Sold For: $12,600.00; 1965 10C Roosevelt Dime -- Struck on Silver 10C Planchet - 2.45 grams -- AU58 PCGS; Auction 60398 | Lot: 52376 | Sep 6, 2024; Sold For: $9,000.00; All of TheCoinChannel real account names: TikTok TheCoinChannel, Instagram TheCoinChannel, Facebook TheCoinChannel, YouTube TheCoinChannelTube. Any other account, with numbers, underscores, or anything different from what I have listed here is a fake account that steals my cont",Raw UGC,Tutorial,false,yes,,https://www.tiktok.com/@thecoinchannel/video/7636420382605593886
coins,rare coins,2026-05-06,2026-10-01,oldcoin.secrets,OldCoin Secrets,185700,4974,161,1252,"Don’t Ignore This Small Penny! 1952-D Lincoln Wheat Penny Hidden Value Explained – Rare Wheat Cent That Could Be Worth Thousands in High Condition!

#1952DPenny #WheatPenny #LincolnPenny #RareCoins","An educational numismatic video instructing viewers on how to identify valuable 1952-D Lincoln Wheat pennies based on condition, mint mark, and color grade, highlighting potential values up to $11,300.","$11,300.00; IMAGINE THIS YOU\'RE; HANDFUL OF OLD PENNIES; ONE CENT; UNITED STATES OF AMERICA; E PLURIBUS UNUM; IN GOD WE TRUST; LIBERTY; 1952 D",Polished Creator,Tutorial,false,yes,,https://www.tiktok.com/@oldcoin.secrets/video/7636760023422618910
coins,coin collecting,2026-05-09,2026-10-01,well8802,Parisian Vintage Coins&Medals,61100,887,135,30,"Paris Flea Market Hunt for Rare Collectible Coins #parisfleamarket #coincollecting #numismatics #rarecoins #vintagefinds paris flea market, rare coins, numismatics, coin hunting, collectible coins","A quick point-of-view video capturing a coin collector browsing rare historical coins at a Paris flea market, showcasing detailed close-ups of 19th-century currency against a bright pink background.",Flea Market Paris; Subscribe; UNITED STATES OF AMERICA; 420 GRAINS 900 FINE TRADE DOLLAR; 1885; IMPERATORE; NAPOLEON III; 10 FRANCS 1968; LIBERTE EGALITE FRATERNITE; DEUTSCHES REICH 1907 FUNE MARK; KING GEORGE THE SIXTH; NEW ZEALAND CROWN 1949,Raw UGC,Vlog,false,yes,,https://www.tiktok.com/@well8802/video/7637954729632435478
coins,wheat penny,2026-05-13,2026-10-02,wildpigindustries,Wildpig,1629,60,17,,"Unsearched wheat pennies are always in stock.  Dm us anytime or hit us up in our live sale.  
#uspenny #wheatpenny #copperpenny #coinhunt #coinhunter","A coin seller showcases large inventories of unsearched wheat pennies, demonstrating bulk weight measurement and encouraging viewers to purchase through direct messages or live sales.","Unsearched wheat pennies.
How many pounds do you need? Dm me or just let me in my live sale.",Raw UGC,Tutorial,true,yes,,https://www.tiktok.com/@wildpigindustries/video/7639468902690458910
coins,wheat penny,2026-05-15,2026-10-02,oldcoin.secrets,OldCoin Secrets,91200,2516,130,667,"Stop Overlooking This Penny! 1953 Lincoln Wheat Penny Philadelphia Mint No Mint Mark Estimated Value Revealed – Worth $14,000

#1953LincolnPenny  #LincolnWheatPenny #PhiladelphiaPenny #RareCoins #Whea","A fast-paced numismatic educational short produced by OldCoin Secrets, detailing the potential value of a 1953 Philadelphia mint Lincoln wheat penny and encouraging viewers to inspect their own pocket change.","$14,000.00, WHAT IF I TOLD YOU A, SINGLE PENNY, SITTING FORGOTTEN, IN YOUR DRAWER, COULD SECRETLY BE WORTH THOUSANDS OF, DOLLARS, AND COLLECTORS WOULD PAY HANDSOMELY FOR, IT, TODAY'S COIN IS, THE 1953 LINCOLN, WHEAT PENNY FROM, PHILADELPHIA, MEANING IT HAS, NO MINT MARK, AT FIRST GLANCE, IT LOOKS LIKE, AN ORDINARY ONE, CENT COIN, ON THE FRONT, YOU'LL SEE THE, FAMILIAR PORTRAIT, OF ABRAHAM LINCOLN, AND ON THE BACK, THE CLASSIC WHEAT, EARS DESIGN, SURROUNDS, THE WORDS ONE, CENT, A STYLE THAT, COLLECTORS HAVE, TREASURED, FOR DECADES, HERE'S WHERE IT, GETS INTERESTING, MOST 1953 LINCOLN, WHEAT PENNIES WERE, HEAVILY CIRCULATED, LEAVING MANY WORN, SCRATCHED, OR FADED, THAT'S WHY COLLECTORS, HUNT, FOR COINS WITH, SHARP DETAILS, BRIGHT SURFACES, AND STRONG CONDITION, EVEN WITHOUT, A MINT-MARK, HIGH GRADE 1953, PENNIES CAN BE, EXTREMELY, VALUABLE, SOME EXAMPLES, HAVE BEEN ESTIMATED AT",Polished Creator,Tutorial,false,yes,,https://www.tiktok.com/@oldcoin.secrets/video/7640148471491677471
coins,wheat penny,2026-05-16,2026-10-02,oldcoin.secrets,OldCoin Secrets,18400,651,60,146,"Don’t Overlook This Coin! Most Valuable 1957-D Lincoln Wheat Penny Hidden Treasure Estimated Worth $6,300.
 

#1957DLincolnPenny #LincolnWheatPenny #RareCoins #WheatPenny","A short-form video by OldCoin Secrets educates viewers on the high collector value of the 1957-D Lincoln wheat penny in pristine condition, utilizing macro videography, an authoritative voiceover, and kinetic captions to drive engagement and curiosity.","$6,300.00; WHAT IF I TOLD YOU A SINGLE PENNY COULD QUIETLY BE WORTH THOUSANDS OF DOLLARS HIDDEN IN A DRAWER JAR OR OLD COIN COLLECTION; 10x NUMIS; E PLURIBUS UNUM; ONE CENT; UNITED STATES OF AMERICA; IN GOD WE TRUST; LIBERTY; 1957 D",Polished Creator,Informative,false,yes,,https://www.tiktok.com/@oldcoin.secrets/video/7640475619549007135
coins,silver coins,2026-05-17,2026-10-01,stanhole_gd,Stanhole_gd😮‍💨🇪🇸,84400,805,37,20,Free silver coins.   #gd #stanhole,A Geometry Dash creator shares a screen recording of completing their custom blue-themed level in two attempts to demonstrate how players can obtain free silver coins.,My level for free silver coins ; ATTEMPT 1 ; 9% ; 4% ; 15% ; 21% ; 26% ; 32% ; 35% ; 43% ; 49% ; 54% ; 60% ; 65% ; 71% ; 76% ; 52% ; 57% ; 93% ; 95% ; 100% ; LEVEL COMPLETE! ; ATTEMPTS: 2 ; JUMPS: 56 ; TIME: 00:23 ; LEVEL AND COINS VERIFIED! ; LOADING... ; BUILD ; EDIT ; DELETE,Screen Recording,Gameplay,false,yes,possible off-topic,https://www.tiktok.com/@stanhole_gd/video/7640913447839960327
coins,coin collecting,2026-05-17,2026-10-01,quinscoins,Quin’s Coins,308600,14000,116,159,"I bought $1,750 worth of coins at the bank! #coincollecting","A coin-collecting creator showcases $1,750 worth of coin boxes recently purchased from the bank, inspecting the roll ends of dimes, half dollars, and dollar coins for silver and rare dates while prompting audience engagement for upcoming videos.",$250 DIMES; $500 HALVES; $1000 DOLLARS; Quin's Coins Est. 2015,Raw UGC,Vlog,false,yes,,https://www.tiktok.com/@quinscoins/video/7641008781341576479
coins,silver coins,2026-05-18,2026-10-01,vintagee.vault,VintageVault,801600,11000,100,66,"These Pawn Shop Moments Changed Lives 😳 

#pawnshop #coins #reseller #fyp #usa🇺🇸","A pawn shop owner evaluates a collection of silver coins brought in by a customer wanting to trade them for a chainsaw, resulting in a transparent cash transaction.","SMOLTZ 29, ATARI, Wii, HUK FISHING, $3664, $3364, $1682",Raw UGC,Storytime,false,yes,,https://www.tiktok.com/@vintagee.vault/video/7641282950163746062
coins,silver coins,2026-05-18,2026-10-01,well8802,Parisian Vintage Coins&Medals,38500,525,,12,"Rare Silver Coins Found at a Paris Flea Market for My Collection #silvercoins #coinhunting #numismatics #parisfleamarket #rarecoins silver coins, rare coins, paris flea market, coin hunting, numismati","A numismatic collector showcases a diverse haul of rare silver and vintage coins found at a Paris flea market, presented through a tactile POV video featuring close-up examinations of historical currency.",Rare Silver Coins; Subscribe; Flea Market Paris; PAUL DESCHANEL 1922-1950; REPUBLIQUE FRANCAISE; LIBERTÉ ÉGALITÉ FRATERNITÉ; 1.F.; 200 YEARS UNITED STATES OF AMERICA; DECLARATION OF INDEPENDENCE JULY 4 1776; 20 КОПЕЕКЪ 1906 С.П.Б.; DEUTSCHES REICH 1939; ONE PENNY 1917; GEORGIVS V D.G.BRITT:OMN:REX F.D.IND:IMP:; LEO XIII PONT: MAX: AN: XVII,Raw UGC,Vlog,false,yes,,https://www.tiktok.com/@well8802/video/7641299307525688609
coins,wheat penny,2026-05-19,2026-10-02,oldcoin.secrets,OldCoin Secrets,13100,497,54,117,"Stop Overlooking This 1952-D Lincoln Wheat Penny! Hidden Treasure Could Be Worth Thousands of Dollars – Estimated $6,000
 

#1952DLincolnPenny #LincolnWheatPenny #RareCoins #WheatPenny","An informational short-form video by OldCoin Secrets explaining the numismatic value and distinguishing features of the 1952-D Lincoln wheat penny, highlighting how high-grade specimens can be worth up to $6,000.","$6,000.00; STOP SCROLLING; WHAT IF I TOLD YOU A SINGLE PENNY SITTING UNNOTICED IN YOUR DRAWER COULD SECURELY BE WORTH THOUSANDS OF DOLLARS; 1952 D LINCOLN WHEAT PENNY; ON THE FRONT ABRAHAM LINCOLN GAZES SOLEMNLY; ONE CENT; UNITED STATES OF AMERICA; LIBERTY; IN GOD WE TRUST; E PLURIBUS UNUM",Polished Creator,Tutorial,false,yes,,https://www.tiktok.com/@oldcoin.secrets/video/7641587864911826207
coins,silver coins,2026-05-19,2026-10-01,gold.and.silvertraders,gold.and.silvertraders,707,20,6,,#silver #coins #houston #texas,"A quiet, visual showcase of Mexican silver commemorative coins displayed on black velvet by a Houston-based precious metals trader.","Text visible on coin faces including '$10', '$5', '2006', 'ESTADO DE JALISCO', 'HOSPICIO CABANAS', 'ESTADOS UNIDOS MEXICANOS', '1 ONZA DE PLATA LEY 0.999'.",Raw UGC,Collection showcase,true,yes,,https://www.tiktok.com/@gold.and.silvertraders/video/7641638750023372062
coins,rare coins,2026-05-21,2026-10-01,c0inbuyer6,Coin buyer,285000,2700,343,843,#germany #euro #2 #rare #coins,"A short TikTok video showcasing a German 2002 2 Euro coin with a D mint mark, claiming an exorbitant value of 2500 euros to drive viewer curiosity and engagement.",Germany 2002 2 Euro; Letter D; 2500 €,Raw UGC,Inform,true,yes,,https://www.tiktok.com/@c0inbuyer6/video/7642317299273272597
coins,silver coins,2026-05-23,2026-10-01,coinbucket,Audrey | Coinbucket,56400,246,26,18,I had fun with this one :) #makeup #silvereagle #silver #coincollection #coins,"A coin creator named Audrey posts a quick transformation transition video on TikTok, moving from a casual home look to a glamorous, sparkly outfit while showing off a silver coin.",,Raw UGC,Meme,false,yes,,https://www.tiktok.com/@coinbucket/video/7642881060640017695
coins,wheat penny,2026-05-23,2026-10-02,samso.tiv,Samso tiv,6076,200,12,56,"This 1931 Lincoln Wheat Penny Could Be Worth Over $13,200 — Check Yours Now!

The 1931 Lincoln Wheat Penny may seem like an ordinary old coin, but certain rare examples are highly sought after by coll","A fast-paced, high-retention short-form video alerting viewers that a 1931 Lincoln Wheat penny in their collection could be worth over $13,200 due to mint errors and high-grade condition.","$13,000. 
 stop scrolling that 1931 
 Lincoln Wheat penny in your collection could be worth a fortune 
 one rare version of this penny has an estimated sold value of over 
 $13,200 collectors pay huge money for coins with mint errors 
 sharp details and high grade condition 
 check your old wheat pennies carefully 
 you might be holding hidden treasure",Polished Creator,Tutorial,false,yes,,https://www.tiktok.com/@samso.tiv/video/7643123450009193741
coins,wheat penny,2026-05-24,2026-10-02,samso.tiv,Samso tiv,6506,233,31,29,"Hidden Treasure Alert! 1917-S Lincoln Penny Could Be Worth Over One Hundred Thirty-Eight Thousand Dollars 😱

#1917SLincolnPenny #LincolnPenny #WheatPenny #RarePenny #USCoins","A fast-paced, macro-focused educational video on TikTok hosted by Samso tiv highlights the potential six-figure value of a 1917-S Lincoln wheat penny, using striking visual close-ups and dynamic captions to engage coin collectors and casual viewers alike.","$138,000.00; stop scrolling that old 1917 s Lincoln penny sitting in a coin jar could be worth more than a luxury car; 1917-S OBVERSE; ONE CENT REVERSE; UNITED STATES OF AMERICA; IN GOD WE TRUST; LIBERTY; 1917 S; E PLURIBUS UNUM",Raw UGC,Tutorial,false,yes,,https://www.tiktok.com/@samso.tiv/video/7643453704552582413
coins,wheat penny,2026-05-25,2026-10-02,thecoininsider,The Coin Insider,57800,2338,90,727,"These 3 Shocking Valuable Wheat Pennies Sold for Huge Money and Changed Collection's Lives
#rarecoin #coincollecting #coincollector #coinhunting #hiddentreasure",,,,,,no,,https://www.tiktok.com/@thecoininsider/video/7643717939195088142
coins,rare coins,2026-05-25,2026-10-01,thecoinchannel888,Thecoinchannel,235400,7942,215,1901,That old quarter could be worth big money 🪙 #quarter #learnontiktok #coinerrors #rarecoins,"A coin collecting creator explains how to identify a rare doubled-die 1776-1976 D Bicentennial quarter worth $1,500 to $1,800, using macro footage of a follower's certified coin and comparison graphics.","a $1500 Bicentennial quarter was just found; also known as the Drummer Boy Quarter; this is one that everyone holds on to; NORMAL QUARTER DESIGN; 1976-D, QUARTER CONECA DDO-010 FS-101 VERY SLIGHT DOUBLING ON MOTTO; 1776-1976 D DDO 25C FS-101 MS 64 6925704-001 NUMISMATIC GUARANTY COMPANY NGC",Polished Creator,Tutorial,false,yes,,https://www.tiktok.com/@thecoinchannel888/video/7643834282347187469
coins,silver coins,2026-05-26,2026-10-01,marengjennjewelry,MARENG JENN,113100,2356,492,395,Liberty coins coins #silvercoins 1969,"A jewelry and coin shop creator demonstrates specific vintage US silver coins minted in 1964 and earlier, explaining their 90% silver content and inviting viewers to sell similar pieces to her shop.",GANITO URI NG COINS NA MAY VALUE!!; 1969; LIBERTY; IN GOD WE TRUST; 1944; 1940; 1949; UNITED STATES OF AMERICA; HALF DOLLAR; QUARTER DOLLAR; DIME; E PLURIBUS UNUM,Raw UGC,Tutorial,true,yes,,https://www.tiktok.com/@marengjennjewelry/video/7644040013746851079
coins,silver coins,2026-05-26,2026-10-01,365_days_of_silver,365 Days of Silver,13600,179,6,9,"Gloves on or off? It's a personal preference for handling silver. Some coins need protection, but enjoying the feel of real wealth in hand is unbeatable. #SilverCollecting #StackingSilver #CoinCollect","A silver stacking creator discusses the debate around wearing gloves when handling precious metals, arguing that while proof coins need protection, ordinary bullion is best enjoyed bare-handed for the tactile experience of real wealth.","365 DAYS OF SILVER, CANADA 9999 ARGENT PUR 1 OZ, 5 DOLLARS, ELIZABETH II D G REGINA, THE CORONATION OF KING CHARLES III, ROYAL DRAGON 2026",Raw UGC,Opinion,false,yes,,https://www.tiktok.com/@365_days_of_silver/video/7644212416498257185
coins,wheat penny,2026-05-27,2026-10-02,elpreciodelahistcarabobo,El Precio de la Historia Carab,104100,3206,680,288,#1943penny #centavo1943cobre #monedasvaliosas #numismatica #wheatpenny1943,"A numismatics creator shares an engaging story about trading a black Chevrolet Avalanche pickup truck for a rare 1943 copper wheat penny, asking his audience to debate the deal in the comments.",El Precio Historia Carabobo (on shirt and mural); AVALANCHE (on truck); 1943 (on coin holder); ONE CENT UNITED STATES OF AMERICA (on coin graphic),Raw UGC,Storytime,false,yes,,https://www.tiktok.com/@elpreciodelahistcarabobo/video/7644599548874116373
coins,silver coins,2026-05-27,2026-10-01,user8485827284904,RobFindsTreasure,771,16,,,"""How To Spot Silver! 🪙

Mastering The Coin Hunt Technique! 🔍

#silverhunting #tips #coins #learning #skills""","A creator demonstrates coin roll hunting techniques for half-dollar coins, explaining specific year ranges and silver percentages for beginners.","How To Spot Silver! 🪙 
Mastering The Coin Hunt Technique! 🔍 
$10 HALF HALVES 
IN GOD WE TRUST 
LIBERTY 
2023",Polished Creator,Tutorial,false,yes,,https://www.tiktok.com/@user8485827284904/video/7644711556244049166
coins,silver coins,2026-05-28,2026-10-01,buccaneerblake,BuccaneerBlake,412300,25100,260,487,"I’ve told you guys a million times how special these things are.

From the moment they were minted over 400 years ago, then sinking in a shipwreck in 1622, then being found by Mel Fishers Crew in 2026","Creator BuccaneerBlake shares an excited update from a boat off Key West, showing off a 400-year-old silver coin recovered from the Atocha shipwreck.",Four hundred years ago a Spanish galleon called the Atocha was sailing through these seas off Key West to return to Spain with thousands and thousands of these silver bars untold amounts of gold and we just found this one today It spent the last almost 404 years on the bottom of the ocean This is history right here I can't wait to see what this looks like cleaned up This is a silver coin they always look like this when we find them Silver coins get encrusted under time underwater and these have been underwater for over 400 years We're gonna get these cleaned up and I can't wait to show you guys what this looks like Let's go today is the day,Raw UGC,Vlog,false,yes,,https://www.tiktok.com/@buccaneerblake/video/7645070399650368799
coins,rare coins,2026-05-29,2026-10-01,treasure4deals,Treasure Deals,81600,1522,378,22,"Rare 485 years B.C Coin
#pawn #collection #pawnshop #rarefinds #collector","A fast-paced narrative video recounting a dramatic pawn shop appraisal of a rare 400 BC coin, ending on a cliffhanger that demands comments for part two.","400 BC COIN SECRET; FROM NOTHING TO EVERYTHING...; $20,000",Polished Creator,Storytime,false,yes,,https://www.tiktok.com/@treasure4deals/video/7645463187457953046
coins,rare coins,2026-05-31,2026-10-01,oldcoin.secrets,OldCoin Secrets,19000,735,53,85,"Collectors Pay Huge Money For These Rare Lincoln Pennies!

 #rarecoins #lincolnpenny #wheatpenny #coinsworthmoney #coincollecting

🪙 1940-D Lincoln Wheat Penny
🪙 1955 Lincoln Wheat Penny
🪙 1983-D L","An educational breakdown of three rare Lincoln penny issues (1940-D, 1955, and 1983-D), detailing historical background, minting errors, and potential collector values.","Collectors Pay Huge Money For These Rare Lincoln Pennies! #rarecoins #lincolnpenny #wheatpenny #coinsworthmoney #coincollecting 🪙 1940-D Lincoln Wheat Penny 🪙 1955 Lincoln Wheat Penny 🪙 1983-D Lincoln Penny WHAT IF I TOLD YOU A SINGLE PENNY HIDING IN AN OLD JAR TODAY COULD BE WORTH THE KIND OF MONEY PEOPLE ASSOCIATE WITH LUXURY CARS, DREAM VACATIONS AND UNBELIEVABLE TREASURE DISCOVERIES MOST PEOPLE SPEND PENNIES WITHOUT A SECOND THOUGHT BUT COLLECTORS KNOW THAT CERTAIN DATES MINT MARKS AND RARE VARIETIES CAN TURN AN ORDINARY COIN INTO A VALUABLE COLLECTOR PRIZE AND IN TODAY'S VIDEO WE'RE REVEALING THREE FASCINATING LINCOLN CENTS THAT CONTINUE TO ATTRACT ATTENTION FROM COLLECTORS 1940 D LINCOLN WHEAT PENNY 1955 LINCOLN WHEAT PENNY 1983 D LINCOLN PENNY INCLUDING ONE LEGENDARY PENNY CONNECTED TO ONE OF THE MOST FAMOUS COIN ERRORS IN AMERICAN HISTORY SO BEFORE YOU IGNORE YOUR NEXT OLD PENNY TAKE A CLOSER LOOK BECAUSE THE SMALLEST COIN IN YOUR COLLECTION MIGHT SECRETLY BE THE BIGGEST TREASURE WELCOME BACK COIN NO. 1 1940 D LINCOLN WHEAT PENNY A PRE WAR WHEAT PENNY WITH HIDDEN COLLECTOR APPEAL IMAGINE HOLDING A SMALL COPPER PENNY THAT WAS MINTED BEFORE AMERICA ENTERED WORLD WAR 2 A COIN THAT WITNESSED ONE OF THE MOST IMPORTANT PERIODS IN MODERN HISTORY AND SOMEHOW SURVIVED DECADES OF CIRCULATION TO REACH THE PRESENT DAY THAT'S THE FASCINATING STORY BEHIND THE 1940 D LINCOLN WHEAT PENNY TO MOST PEOPLE IT LOOKS LIKE AN ORDINARY OLD CENT BUT COLLECTORS KNOW THAT CERTAIN WHEAT PENNIES ",Polished Creator,Tutorial,false,yes,,https://www.tiktok.com/@oldcoin.secrets/video/7646111770918145310
coins,coin roll hunting,2026-05-31,2026-10-01,user8485827284904,RobFindsTreasure,980,17,,,"""Opening The Bank Rolls
What Will We Find In These Rolls? 🔍
#coinrollhunting #bankrolls #money #rarecoins #treasurehunt""","A coin roll hunting creator demonstrates the process of opening bank rolls of half-dollar coins, discussing search strategies and potential error coin finds while unwrapping rolls on camera.","Opening The Bank Rolls 
What Will We Find In These Rolls? 🔍; $10 HALVES; $10.00 HALVES",Raw UGC,Tutorial,false,yes,,https://www.tiktok.com/@user8485827284904/video/7646177393652059405
coins,rare coins,2026-05-31,2026-10-01,coinhunteruk_usa,Coin Hunter UK & USA,21000,1120,64,282,"The 4 Ultra-Rare USA Coins From 1960 to 1971 You Should Never Spend! 🚨
Check your pocket change immediately for these four legendary USA coins! In this ultimate coin hunt breakdown, we are unmasking ","A coin collecting creator uses a macro POV video to highlight four specific US Lincoln Memorial penny years (1960-D, 1964, 1968-D, 1971-S) that feature valuable mint errors, encouraging viewers to check their pocket change and follow for more tips.",LOOK CLOSELY AT THESE FOUR ORDINARY LOOKING PENNIES ON MY SCREEN ONE OF THESE COULD ACTUALLY PAY FOR YOUR NEXT VACATION AND NOBODY IS TALKING ABOUT IT IF YOU WANT TO KNOW WHICH POCKET CHANGE CAN MAKE YOU RICH FOLLOW 1960 D LINCOLN MEMORIAL PENNY IN THIS EXACT YEAR THE US MINT MADE A MASSIVE MISTAKE WITH THE DATE SIZE THERE ARE LARGE DATE AND SMALL DATE VARIETIES BUT HERE IS THE REAL SECRET LOOK FOR A D OVER D RPM ERROR WHERE THE MINT MARK WAS STAMPED TWICE AN UNCIRCULATED 1960 PENNY WITH A MAJOR REPUNCHED MINT MARK CAN SHOOT UP FROM A FEW CENTS TO HUNDREDS OF DOLLARS AT AUCTION NEXT WE HAVE THE 1964 PENNY THIS WAS A MASSIVE TRANSITION YEAR FOR US CURRENCY AND BILLIONS WERE MINTED BECAUSE PRODUCTION WAS RUSHED INCREDIBLE ERRORS SLIPPED THROUGH CHECK THE WORD LIBERTY AND THE DATE VERY CLOSELY UNDER A MAGNIFIER IF YOU FIND A DOUBLE DIE OVERSE DDO WHERE THE LETTERS LOOK DOUBLED YOU ARE NOT LOOKING AT ONE CENT ANYMORE YOU ARE LOOKING AT A COLLECTOR'S JACKPOT MOVING ON TO THE 1968 D PENNY THIS COIN IS OVER 50 YEARS OLD WHILE NORMAL ONES ARE COMMON ERROR COLLECTORS HUNT DOWN THE 1968 D DOUBLE MINT MARK AND DRAMATIC REPUNCH DS ALSO KEEP AN EYE OUT FOR A FLOATING ROOF ERROR ON THE BACK WHERE THE DESIGN FADED OUT A HIGH GRADE ERROR FROM 1968 IS AN ABSOULTE PRIZE FOR ANY COIN HUNTER FINALLY LOOK AT THE BOTTOM COIN THE 1971 WITH AN S MINT MARK FROM SAN FRANCISCO S MINT PENNIES FROM THIS ERA ARE HIGHLY SOUGHT AFTER BUT WAIT CHECK THE FRONT FOR THE FAMOUS 1971 S DOUBLE DIE ERROR IF THE INS,Polished Creator,Tutorial,false,yes,,https://www.tiktok.com/@coinhunteruk_usa/video/7645909956025257238
coins,rare coins,2026-06-03,2026-10-01,oldcoin.secrets,OldCoin Secrets,46400,1198,132,348,"This 1943-D Steel Wheat Cent Could Be Worth $8,500! Rare Wartime Coin Hidden Treasure Revealed

#1943DSteelCent #SteelWheatCent #LincolnPenny #RareCoins #WheatPenny","A numismatic short-form video by OldCoin Secrets explaining the history and potential value of the 1943-D steel wheat cent, utilizing extreme macro videography and high-value valuation claims to engage coin collectors.","$500,000.00; IT LOOKS LIKE; STEEL PENNIES; BUT THIS; TINY COIN; COULD QUIETLY BE WORTH; ENOUGH TO BUY A; LUXURY HOUSE; MOST PEOPLE OVERLOOK IT; UNAWARE; THAT RARE; COINS FROM; WARTIME; AMERICA HAVE; TURNED EVERYDAY; CHANGE INTO; HIDDEN TREASURES; COULD THIS; UNASSUMING PENNY BE; THE ONE THAT CHANGES; SOMEONE'S LIFE; AND THEIR DREAM HOME; THIS IS THE; 1943 D; STEEL WHEAT CENT; ON THE FRONT; YOU'LL SEE THE; ICONIC; PORTRAIT OF; ABRAHAM; LINCOLN; WHILE ON THE; BACK; THE CLASSIC; WHEAT EARS; DESIGN; PROUDLY; DISPLAYS THE WORDS; ONE CENT; ONE OF THE MOST FAMOUS; DESIGNS IN; US COIN; HISTORY; BUT HERE'S WHERE; THINGS GET; INTERESTING; DURING WORLD; WAR 2; COPPER WAS; NEEDED FOR THE; WAR EFFORT; SO THE; US MINT; PRODUCED; PENNIES USING; STEEL COATED; WITH ZINC; INSTEAD OF; COPPER; THAT'S WHAT; MAKES THE; 1943; STEEL CENT SO; UNIQUE; AND HISTORICALLY; IMPORTANT; THE D; MINT MARK; SHOWS; IT WAS; STRUCK IN; DENVER; AND WHILE; MILLIONS WERE; PRODUCED; MOST OF THEM BECAME; SCRATCHED; RUSTED OR; LOST THEIR; ORIGINAL SHINE; OVER TIME; HOWEVER; A SMALL NUMBER; SURVIVED IN; EXCELLENT; CONDITION; STILL SHOWING; STRONG DETAILS AND; ORIGINAL; LUSTER; THESE WELL; PRESERVED; EXAMPLES ARE; THE ONES; COLLECTORS; SEARCH FOR; TODAY; EXPERTS; CAREFULLY; EXAMINE; EVERY DETAIL; FROM LINCOLN'S; PORTRAIT; TO THE WHEAT STALKS; AND THE COIN; SURFACE QUALITY; EVEN SMALL; DIFFERENCES IN; CONDITION; OR RARE; MINT ERRORS; CAN AFFECT; ITS VALUE; THAT'S WHY; HIGH GRADE; EXAMPLES; OF THE; 1943 D; STEEL WHEAT; CENT",Polished Creator,Documentary,false,yes,,https://www.tiktok.com/@oldcoin.secrets/video/7647214746210405663
coins,coin collecting,2026-06-07,2026-10-01,heribase,HeriBase,5860,120,9,20,"Scan Your Old Coins On Heribase To Sell For Cash.
#oldcoins #treasurefinds #rarecoins #treasurehunt #coincollecting #penny #coins #bills #coinvalue #numismatics #coin #dime #Washington #Lincoln #gold ","A fast-paced promotional video for the HeriBase coin-scanning app, demonstrating how users can scan vintage US coins like nickels and dimes to instantly appraise their value and sell them for cash, highlighted by eye-catching six-figure valuation claims.","Scan Your Old Coins On Heribase To Sell For Cash; USA, 5 cents Jefferson Nickel; ESTIMATED PRICE $2,164.00; Country: USA; Denomination: 5 cents; Years of Minting: 1942; Period: 1942-1970; USA, 1937-D Buffalo Nickel; ESTIMATED PRICE $2,150.00; Years of Minting: 1937; Period: 1937-1960; USA, 1916-D Mercury Dime; ESTIMATED PRICE $207,000; Denomination: 10 cents; Years of Minting: 1916; Period: 1916-1950; Sell it; Sold; Reference Price; USD $253.26; Heribase @heribase; 279 Following; 160.7K Followers; 1.2M Likes; USA 253 cents Washington Quarter 1974; 1996-W Roosevelt Dime",Polished Creator,Tutorial,true,yes,,https://www.tiktok.com/@heribase/video/7647849657128815885
coins,coin roll hunting,2026-06-07,2026-10-01,bigwillewill,BigWilleWill,8501,234,9,5,7 coins in 1 roll while hunting for rare coins! You don’t see that everyday! #coins #rarecoins #australiancoins #unboxing #coincollecting,"A coin-collecting enthusiast shares a thrilling coin roll hunting session on TikTok, successfully unboxing seven rare commemorative Australian two-dollar coins from a single roll while encouraging viewers to follow for the next upload.",or press ctrl+enter; 7 coins in the very first roll!; Follow for the 15 coin roll upload!; 1; 2; 3; 4; 5; 6; 7!!,Raw UGC,Vlog,false,yes,,https://www.tiktok.com/@bigwillewill/video/7648576655023295765
coins,rare coins,2026-06-07,2026-10-01,oldcoin.secrets,OldCoin Secrets,29900,762,162,141,"This 1989 Lincoln Penny Could Be Worth $7,100! Rare Coin Hidden Treasure Revealed

#1989LincolnPenny #numismatics #tiktokusa #finance  #RareCoins","A numismatic short-form video by OldCoin Secrets explains how a pristine 1989 Lincoln penny can be worth up to $7,100, encouraging viewers to check their everyday spare change for rare, high-grade specimens.","$7,100.00; UNITED STATES OF AMERICA; E PLURIBUS UNUM; ONE CENT; IN GOD WE TRUST; LIBERTY; 1989; NUMISMATIC GRADED",Polished Creator,Tutorial,false,yes,,https://www.tiktok.com/@oldcoin.secrets/video/7648695318778842399
coins,silver coins,2026-06-10,2026-10-01,goldknoxjewelryandcoin,goldknoxjewelryandcoin,133200,4040,912,272,"A 1964 coin could buy you a decent lunch back then… and believe it or not, it still can today.

That’s the difference between real silver and regular change. Pre-1965 dimes, quarters, and half dollars","A coin shop owner in Pasadena explains how pre-1965 silver quarters retain significant melt value exceeding their face value, using a 1964 quarter as an educational hook.","THIS QUARTER COULD BUY YOU A DECENT LUNCH, REAL MONEY, THIS COIN, 1964 SILVER QUARTER, WOULD BUY YOU A DECENT LUNCH BACK THEN, AND TODAY THIS COIN WILL BUY YOU A DECENT LUNCH, 1964 90% SILVER QUARTER $15 MELT VALUE, GOLD KNOX JEWELRY & COIN EXCHANGE PASADENA",Polished Creator,Tutorial,true,yes,,https://www.tiktok.com/@goldknoxjewelryandcoin/video/7649672183739927822
coins,coin collecting,2026-06-10,2026-10-01,thecoinchannel,Eric Miller,125800,7589,426,975,THE FIRST ONE EVER HAS BEEN FOUND!!! #coin ##coins #treasurehunt #collecting,"Creator Eric Miller announces and proves the discovery of the first ever certified 1966 silver Washington quarter error coin, currently valued at over $21,000 in an active auction, establishing high authority in the coin collecting niche.","THE FIRST ONE EVER HAS BEEN FOUND!!!; Mint Error PCGS AU53 Struck on Silver 25C Planchet E5879.53/61276986; Current Bid $21,000; Unique 1966 Washington Quarter Struck on 90% Silver Planchet",Polished Creator,Tutorial,false,yes,,https://www.tiktok.com/@thecoinchannel/video/7649771206664588574
coins,coin roll hunting,2026-06-11,2026-10-01,user8485827284904,RobFindsTreasure,6456,28,,,"""HUNTING THROUGH BANK ROLLS! 🏦

WILL WE FIND ANYTHING GOOD? 🤞

#coinrollhunting #bankrolls #treasure #searching #luck""","Creator RobFindsTreasure documents opening a batch of half-dollar coin rolls from a $500 box, narrating his search for silver and errors while maintaining realistic expectations based on recent bad luck.","HUNTING THROUGH BANK ROLLS! 
WILL WE FIND ANYTHING GOOD? 
ROLL 2 
HERE IS ROLL 3 
73 
HERE IS ROLL 4 
HALVES $500",Raw UGC,Vlog,false,yes,,https://www.tiktok.com/@user8485827284904/video/7650256855062596877
coins,wheat penny,2026-06-13,2026-10-02,oldcoin.secrets,OldCoin Secrets,10000,280,14,37,"This 1921 Lincoln Wheat Penny Could Be Worth $40,000! Rare Coin Hidden Treasure Revealed
Hashtags:
#1921LincolnWheatPenny #LincolnWheatPenny #RareCoins #uscoins #numismatics","A fast-paced numismatic explainer detailing the history, collectibility, and potential $40,000 value of the 1921 Lincoln Wheat Penny through macro visuals and professional grading examples.","$40,000.00; ONE CENT; UNITED STATES OF AMERICA; E PLURIBUS UNUM; IN GOD WE TRUST; LIBERTY; 1921; 1921 1c MS64 RB; 007943866053; NGC; Wheat Penny (VF)",Polished Creator,Documentary,false,yes,,https://www.tiktok.com/@oldcoin.secrets/video/7650918131900222750
coins,wheat penny,2026-06-14,2026-10-02,esimp17,𝓔𝓻𝓲𝓬𝓪 𝓛𝔂𝓷𝓷 🌸,19700,79,10,11,Collectors are grabbing these fast. #dealsforyoudays #penny #history #historytok #collection,A TikTok Shop promotional video showcasing a framed Lincoln Wheat Penny Collection from 1934 to 1958. The creator uses a top-down product walkthrough and a voiceover emphasizing historical significance and impending currency changes to drive immediate purchases.,"Before the penny disappears forever... 
 LINCOLN WHEAT PENNY COLLECTION The Last 25 Years - 1934 to 1958 
 1934 1935 1936 1937 1938 1939 1940 1941 1942 1943 1944 1945 1946 1947 1948 1949 1950 1951 1952 1953 1954 1955 1956 1957 1958 
 CERTIFICATE OF AUTHENTICITY 
 This Certificate of Authenticity attests to the fact that the coins in this collection are all genuine United States Mint coinage. This collection consists of genuine coins, each one hand-selected and inspected for quality. Each coin is verified to be in collectible condition. We are sure that your collection will be one that you will enjoy and be proud to display.",Polished Creator,Review,true,yes,,https://www.tiktok.com/@esimp17/video/7651236661992508685
coins,rare coins,2026-06-14,2026-10-01,gold_and_coin,Gold and Coin,798,32,4,,Silver Rare Coins #Rarities #coincollecting #RareCoins #Rare,"A coin shop owner opens with commentary on precious metal spot prices and geopolitical news before showcasing four vintage British trade dollars from 1902 to 1912, asking his TikTok audience for valuation advice and price predictions.","Spot Price, Gold - Silver, 4218 - 67.90, 6/14/26, GoldandCoin, AMERICA, One Dollar, 1902, 1911, 1912",Raw UGC,Vlog,true,yes,,https://www.tiktok.com/@gold_and_coin/video/7651241131472080158
coins,wheat penny,2026-06-14,2026-10-02,samso.tiv,Samso tiv,14200,386,35,73,"1929-D Lincoln Wheat Penny Estimated Sold for $85,000! Could This Rare Penny Be Hiding in Your Collection? 😱

#1929DLincolnWheatPenny #LincolnWheatPenny #USCoins","An engaging numismatic explainer video hosted by Samso tiv on TikTok detailing the rarity and high potential market value of the 1929-D Lincoln Wheat penny, utilizing macro POV footage and dynamic subtitles to drive educational engagement.","$85,000.00; 1929-D ONE CENT LINCOLN WHEAT OBVERSE & REVERSE",Polished Creator,Tutorial,false,yes,,https://www.tiktok.com/@samso.tiv/video/7651300973079448846
coins,silver coins,2026-06-14,2026-10-01,cayleependerass,Caylee Harper,29700,1213,34,19,Pure Silver Sucks To Machine,"A creator documents the step-by-step process of melting, shaping, machining, and engraving a 128-gram bar of pure silver into a custom novelty coin stamped with humorous text and imagery.",Pure Silver Sucks To Machine; Making a Giant Silver Coin; 5 Caylee Bucks (Aka Cucks); Illegal Tender; I need more TORQUE; 128g; BARTLESVILLE BRUINS,Raw UGC,Tutorial,false,yes,,https://www.tiktok.com/@cayleependerass/video/7651386844554300702
coins,rare coins,2026-06-16,2026-10-01,samso.tiv,Samso tiv,20900,642,203,216,"1965 Washington Quarter Estimated Sold for $38,400! Could This Rare Quarter Be Worth a Fortune? 😱

#1965WashingtonQuarter #WashingtonQuarter #RareQuarter #QuarterDollar #USCoins","An engaging numismatic explainer video by creator Samso tiv on TikTok explores the historical significance and potential high value of 1965 Washington Quarters, leveraging high-end macro visuals and a financial shock hook.","$38,400.00; what if a simple 1965; Washington Quarter in your pocket; was worth more than a; luxury vacation; most people wouldn't; think twice about this coin; but collectors know that; some rare examples can be; worth an astonishing; amount of money; the 1965 Washington; Quarter is one of the; most interesting coins in modern; American coin history it; was the first year the US; Mint transitioned; away from the traditional 90; percent silver composition; used in quarters for; circulation; because of this major change; the 1965 Quarter has; become a favorite among collectors; while millions were produced; certain examples stand out; due to their condition; rarity and unique minting characteristics; over the decades most 1965; quarters were heavily circulated; leaving them with scratches; wear and faded details; that's why collectors search; for coins with sharp designs; clean surfaces and strong luster; some rare varieties; and minting errors have attracted; significant attention; in the numismatic community; high grade certified examples are; especially desirable; because they are much; harder to find an ordinary; circulated coins; what makes this coin; fascinating; is that two quarters from; the same year can have dramatically; different values depending; on condition and rarity; exceptional examples with; outstanding preservation; have achieved remarkable; results in the collector market; some exceptional 1965; Washington quarters have sold for as much as $38,400; that's ",Polished Creator,Tutorial,false,yes,,https://www.tiktok.com/@samso.tiv/video/7652040152625335566
coins,silver coins,2026-06-17,2026-10-01,william.john6780,William John,69300,2119,678,379,"THESE 1/2 c 1c 2 c 5 c 10 c 20c 50c AND THE SILVER R1 COIN SETS WERE STRUCK AS PART OF THE SECOND DECIMAL ISSUE 1965 - 1990. IN 1962 IT WAS ANNOUNCED THAT A CHANGE IN SIZE, DESIGN AND METAL CONTENT OF","A financial creator dressed in corporate attire speaks directly to the camera from a bank-branded setting, inviting viewers to bring their vintage South African coins for face-to-face purchases.","absa; Welcome to Absa Your story matters; GOOD MORNING, WE ARE HERE AT ABSA BANK BUYING ALL TYPES OF COINS AND NOTES. WE DEAL FACE TO FACE ONLY. BRING YOUR COINS TO ABSA BANK RIGHT NOW.",Polished Creator,Tutorial,true,yes,,https://www.tiktok.com/@william.john6780/video/7652223140566879508
coins,silver coins,2026-06-18,2026-10-01,onyenashiablessing,onyenashiablessing,434100,8875,4152,1352,"THESE 1/2 c 1c 2 c 5 c 10 c 20c 50c AND THE SILVER R1 COIN SETS WERE STRUCK AS PART OF THE SECOND DECIMAL ISSUE 1965 - 1990. IN 1962 IT WAS ANNOUNCED THAT A CHANGE IN SIZE, DESIGN AND METAL CONTENT OF","A TikTok video combining historical text about South African silver and decimal coins with mismatched footage of law enforcement officers endorsing a coin-buying company, functioning as a commercial solicitation.","THESE 1/2 c 1c 2 c 5 c 10 c 20c 50c AND THE SILVER R1 COIN SETS WERE STRUCK AS PART OF THE SECOND DECIMAL ISSUE 1965 - 1990. IN 1962 IT WAS ANNOUNCED THAT A CHANGE IN SIZE, DESIGN AND METAL CONTENT OF COINS WAS BEING CONSIDERED. THIS WAS PRIMARILY DUE TO THE INCREASE IN THE PRICE OF SILVER. VARIOUS PATTERNS WERE STRUCK FOR CONSIDERATION BY THE PARLIMENTARY COMMITTEE INVESTIGATING THIS AS THE INCREASED USE OF COIN AUTOMATION MACHINES REQUIRED LONG TERM USE OF THE COIN TYPES CHOSEN #fypvira#southmandelacolouge#southafric#fypviral",Raw UGC,Opinion,true,yes,,https://www.tiktok.com/@onyenashiablessing/video/7652696157033876756
coins,coin collecting,2026-06-18,2026-10-01,well8802,Parisian Vintage Coins&Medals,66700,953,,38,"Searching Through Hundreds of Vintage Coins at a Paris Flea Market for My Collection

paris flea market, coin collecting, vintage coins, world coins, numismatics

#parisfleamarket #coincollecting #vin","A silent TikTok vlog capturing a vintage coin collector searching through a massive box of international currency at a Paris flea market, showcasing detailed macro shots of diverse global coins.",Subscribe; Carré amande 280g x6; EPP B.D.; COT x12; 22.05.2026; 2; NUZILATAN; UNITED STATES; KAZAKHSTAN-UNITED STATES STRATEGIC PARTNERSHIP; TWO PENCE; ELIZABETH II DEI GRA REG FID DEF 2015; REPUBLIQUE FRANCAISE; 10 FRANCS; 1982; 1985; VICTOR HUGO; 1885; 1985; BANK OF UGANDA; ONE HUNDRED SHILLINGS; 2022; BOLIVAR LIBERTADOR; REPUBLICA DE VENEZUELA; 1880,Raw UGC,Vlog,false,yes,,https://www.tiktok.com/@well8802/video/7652789341240003872
coins,rare coins,2026-06-19,2026-10-01,oldcoin.secrets,OldCoin Secrets,132100,3447,235,948,"1944 Copper Wheat Cent – Estimated Sold Value $25,000! Rare Coin Hidden Treasure Revealed

#1944CopperWheatCent #LincolnWheatPenny #RareCoins #goal #TiktokGrowthChallenge","A short-form educational video by OldCoin Secrets explaining the history, identifying features, and immense potential value of the rare 1944 copper wheat cent, urging viewers to inspect their own loose change.","$25,000.00; IMAGINE HOLDING A SIMPLE PENNY IN YOUR HAND; ONE CENT; UNITED STATES OF AMERICA; IN GOD WE TRUST; LIBERTY; 1944; AUTHENTIC 1944 WHEAT PENNY; ESTIMATED AT $25,000",Polished Creator,Tutorial,false,yes,,https://www.tiktok.com/@oldcoin.secrets/video/7653156837935631647
coins,rare coins,2026-06-20,2026-10-01,okochieli,SA coins corporation company,41900,1147,539,257,"WE BUY OLD & RARE COINS

HOUSE TO HOUSE IN SOUTH AFRICA!

Are you in possession of valuable or old coins?

We're actively buving coins house to house across South Africa and nelghboring countries!

Wh","A South African coin buying business owner posts a TikTok video in front of his physical storefront, offering safe, face-to-face transactions for old and rare coins with zero fees and optional police station meetups.","WE BUY COIN BANKNOTES MEDALS GOLD SILVER COLLECTIBLES, SA COINS COOPERATION COMPANY, THE BEST PLACE TO SELL YOUR COINS FACE TO FACE NOW, SA COINS COOPERATION COMPANY circular logos on tie and lapel",Polished Creator,Vlog,true,yes,,https://www.tiktok.com/@okochieli/video/7653351010504625426
coins,coin roll hunting,2026-06-21,2026-10-01,coincollecting_detecting,Michael,440900,12300,95,137,"BURSTING with Value - One Dollar Coin Roll Search - Follow for More
#bursting #coincollecting #onedollarcoins #asmr #funactivity","An Australian creator conducts a coin roll search of twenty one dollar coins, inspecting dates, mint errors, and collector values against a printed price list, encouraging viewers to check their own change.",AUSTRALIAN $1 COINS TO SEARCH FOR; VALUE; QTY MINTED; SPECIAL INFORMATION; Dollar $20; One Dollar; 1984; 1987; 1989; 1990; 1991; 1992; 2000; 2001; 2002; 2003; 2004; 2005; 2006; 2007; 2008; 2009; 2010; 2011; 2012; 2013; 2014; 2015; 2016; 2017; 2018; 2019; 2020; 2021; 2022; 2023; 2024; 2025; ELIZABETH II; AUSTRALIA; CHARLES III; DOLLAR; 100 YEARS OF ANZAC; INTERNATIONAL YEAR OF OLDER PERSONS; CENTENARY OF GIRL GUIDING,Raw UGC,Tutorial,true,yes,,https://www.tiktok.com/@coincollecting_detecting/video/7653649161035812117
coins,wheat penny,2026-06-23,2026-10-02,samso.tiv,Samso tiv,8652,333,38,64,"1938 Lincoln Wheat Penny Estimated Sold for $9,000! Could This Rare Penny Be Worth a Fortune? 😱

#1938LincolnWheatPenny #LincolnWheatPenny #WheatPenny #RarePenny #USCoins","A fast-paced numismatic explainer video hosted by Samso tiv explores the unexpected high value of 1938 Lincoln Wheat Pennies. Using extreme macro visuals and authoritative voiceover narration, the video demonstrates how specimens in exceptional condition can fetch up to $9,000, motivating viewers to inspect their own pocket change.","$9,000.00; BEFORE YOU SPEND THAT OLD PENNY; CONSIDER THIS; WHAT IF A 1 CENT; COIN COULD BE WORTH MORE; THAN A LUXURY ROLEX WATCH; IT SOUNDS UNBELIEVABLE; BUT THAT'S EXACTLY WHY COLLECTORS; ARE OBSESSED WITH THE; 1938 LINCOLN WHEAT PENNY; THE 1938 LINCOLN WHEAT PENNY; IS A COIN THAT MANY; PEOPLE OVERLOOK; YET IT CONTINUES; TO CAPTURE THE ATTENTION; OF COLLECTORS ACROSS THE COUNTRY; AT THE TIME IT WAS MINTED; IT WAS SIMPLY POCKET CHANGE; PEOPLE USE THESE PENNIES EVERY DAY; WITHOUT REALIZING; THAT SOME WOULD SURVIVE; AND BECOME HIGHLY COLLECTIBLE; TODAY, FINDING A 1938 LINCOLN; WHEAT PENNY IN EXCEPTIONAL; CONDITION IS FAR MORE; DIFFICULT THAN MOST; PEOPLE REALIZE; MANY EXAMPLES WERE HEAVILY CIRCULATED; LEAVING THEM WORN AND DAMAGED; OVER TIME; COLLECTORS SEARCH FOR COINS WITH; SHARP DETAILS; STRONG WEEDEERS [sic], ORIGINAL COPPER COLOR; AND OUTSTANDING EYE APPEAL; THE BETTER THE CONDITION; THE GREATER THE COLLECTOR DEMAND; WHAT MAKES THIS PENNY ESPECIALLY; EXCITING IS THAT AN ORDINARY; LOOKING; COIN CAN BECOME SURPRISINGLY; VALUABLE; WHEN IT SURVIVES IN; REMARKABLE CONDITION; EXPERTS ALSO LOOK FOR RARE; MINTING ERRORS AND TOP; CERTIFICATION GRADES; WHICH CAN MAKE CERTAIN; EXAMPLES STAND OUT FROM THE REST; SOME EXCEPTIONAL 1938 LINCOLN WHEAT; PENNIES HAVE SOLD FOR AS; MUCH AS; $9,000 IN THE COLLECTOR MARKET; THAT'S AN INCREDIBLE; AMOUNT FOR A COIN THAT ORIGINALLY; HAD A FACE VALUE OF JUST; 1 CENT; SO BEFORE YOU TOSS AN; OLD PENNY INTO A COIN JAR; TAKE A CLOSER LOOK AT; THE 1938 L",Polished Creator,Tutorial,false,yes,,https://www.tiktok.com/@samso.tiv/video/7654633461185088781
coins,rare coins,2026-06-24,2026-10-01,justinebe.us,arsonpoqw1o,554900,15600,1749,1128,HE FOUND A ＂RARE＂ COIN IN HAWAII 😭,"A short-form storytelling video recounts a viral TikTok mystery about a coin found in Hawaii that internet commenters falsely claimed was worth millions, revealing it to be a 20-peso coin worth only 33 cents.","Group 'Game Indo' and Like the game f; Throwback to when this video went viral on TikTok after this guy found an unknown coin in Hawaii, USA. What is this?; At first, he thought the coin could be worth thousands of dollars.; And the comments were making it even crazier.; One person claimed: 5 Jay, thats rare coin in the Philippines that cost 20million, 2023-1-13 Reply, View 38 replies; So bro started thinking he had just found a fortune.; The 'rare coin' was actually just a 20-peso coin from the Philippines.; 20 PISO REPUBLIKA NG PILIPINAS; And if you convert it to U.S. dollars...; 20 Philippine peso equals 0.33 United States Dollar, Jun 17, 6:53 AM UTC",Raw UGC,Storytime,false,yes,,https://www.tiktok.com/@justinebe.us/video/7654905543525551391
coins,coin collecting,2026-06-24,2026-10-01,articleoneco,ArticleOneCo,2276,43,1,2,"Thinking about starting a coin collection?

Here’s the secret…

Start before you’re ready. 🪙

You don’t need rare coins.
You don’t need expensive coins.
You don’t need to know everything.

Most colle","An informative and encouraging infographic outlining a six-step guide for beginner coin collectors, published by ArticleOneCo on TikTok to drive engagement and save actions.","HOW TO START COLLECTING COINS; A SIMPLE GUIDE FOR BEGINNERS; 1. LEARN THE BASICS: Understand coins, grading, metals, and values.; 2. SET A BUDGET: Start small and buy what you can afford.; 3. CHOOSE A FOCUS: Pick a series, type, or theme that interests you.; 4. BUY SMART: Buy from reputable dealers and avoid deals that seem too good to be true.; 5. STORE & PROTECT: Use proper holders and safe storage to protect your coins.; 6. KEEP LEARNING: Read, ask questions, join the community, and enjoy the journey!; BE PATIENT. HAVE FUN. GREAT COLLECTIONS TAKE TIME!",Polished Creator,Tutorial,false,yes,,https://www.tiktok.com/@articleoneco/video/7654976133351378206
coins,numismatics,2026-06-28,2026-10-02,vithunan8,Victor,29900,611,161,47,20 cent error #numismatics #errorcoins #fyp #money #Fyptiktok,"A short TikTok video showcasing a close-up rotation of a 1999 Spanish 20-cent coin presented as a numismatic error, targeting coin collecting enthusiasts.","Espana, 20, EURO CENT, 1999, Proof !!!!!!",Raw UGC,Review,false,yes,,https://www.tiktok.com/@vithunan8/video/7656341620685589782
coins,rare coins,2026-06-28,2026-10-01,articleoneco,ArticleOneCo,333800,7638,321,4345,"Pennies may be disappearing from everyday use…

But they are far from worthless. 🪙

Some old pennies are worth hundreds…
Some are worth thousands…
And a few have sold for over $1 million.

Before you","An educational TikTok infographic by ArticleOneCo identifying five rare and valuable US pennies to look for in pocket change, paired with a comment prompt about viewers' oldest coin discoveries.","PENNIES ARE GONE BUT STILL HAVE VALUE! YOUR GUIDE TO PENNY VALUE. 5 PENNIES TO SEARCH FOR IN YOUR POCKET CHANGE! 1. 1943 COPPER OBVERSE, WORTH $100,000+ EXTREMELY RARE! 2. 1955 DOUBLE DIE OBVERSE, WORTH $10,000-$15,000 LOOK FOR DOUBLING! 3. 1909-S V.D.B. LINCOLN CENT, WORTH $600-$2,000 KEY DATE! 4. 1944 STEEL PENNY, WORTH $75-$500 MOST WERE DATES! 5. 1969-S DOUBLE DIE OBVERSE, WORTH $500-$3,000+ LOOK FOR DOUBLING! PENNY VALUE QUICK GUIDE: COMMON DATES 16-54, WHEAT PENNIES (1909-1958) 56-50C, COPPER PENNIES (PRE-1982) 26-20c, KEY DATES / ERRORS $100+ DON'T OVERLOOK YOUR CHANGE! A TINY PENNY COULD BE YOUR BIGGEST FIND! TIPS FOR PENNY HUNTING: CHECK DATES Focus on key years and mint marks. LOOK FOR ERRORS Doubling, off-center strikes, and clips. CHECK CONDITION Cleaner, sharper pennies are worth more. KNOW YOUR COINS A coin book or app can help you identify valuable finds. SEARCH YOUR PENNIES. YOUR NEXT TREASURE COULD BE WORTH A FORTUNE! What's the oldest penny you've ever found?",High-Production,Inform,true,yes,,https://www.tiktok.com/@articleoneco/video/7656461575645072670
coins,rare coins,2026-06-28,2026-10-01,usa.coin.discover,USA Coin Discovery,161500,4815,578,1372,"This $0.10 Coin Is Worth $930,000!
#coincollecting #rarecoins #numismatics #valuablecoins #coincollection","A fast-paced, high-engagement short-form video by USA Coin Discovery detailing the historical significance and $930,000 auction value of a rare San Francisco Mint Barber dime, designed to capture numismatic enthusiasts and curious casual viewers alike.","$930,000; TINY; SILVER; VALUABLE; UNITED STATES; HISTORY; LOOKS; 10; CENT; PIECE; IS; ACTUALLY; LEGENDARY; RARITY; WORTH; AN; ASTONISHING; IN; TODAY'S; AUCTION; MARKET; FEATURING; THE; CLASSIC; INSCRIPTIONS; ONE; DIME; AND; AMERICA; ITS; VALUE; COMES; ENTIRELY; FROM; EXTREME; SCARCITY; FLAWLESS; CONDITION; ONLY; A; HANDFUL; OF; THESE; HISTORICAL; MASTERPIECES; EXIST; WORLD; TODAY; COLLECTORS; WILL; SPEND; MILLIONS; TO; OWN; CHECK; YOUR; OLD; COIN; COLLECTIONS; TIGHTLY; BECAUSE; HIDDEN; TREASURES; LIKE; THIS; ARE; WAITING; BE; FOUND; RARE; BARBER; VIDEO; COVERS; REAL; EVALUATION; CONTEXT; FROM; SAN; FRANCISCO; MINT",Polished Creator,Informational,false,yes,,https://www.tiktok.com/@usa.coin.discover/video/7656463238959238422
coins,wheat penny,2026-06-28,2026-10-02,samso.tiv,Samso tiv,5669,182,16,25,"1943 Lincoln Wheat Penny Estimated Sold for $24,000! Could This Historic Coin Be Worth a Fortune? 😱

#1943LincolnWheatPenny #LincolnWheatPenny #SteelPenny #RarePenny #USCoins","A numismatic explainer video detailing the history and potential $24,000 value of the 1943 Lincoln Wheat Penny, combining macro coin footage with expert narration and engaging text overlays.","$24,000; ONE CENT; UNITED STATES OF AMERICA; E PLURIBUS UNUM; IN GOD WE TRUST; LIBERTY; 1943; before you spend that old penny; ask yourself one question; what if it's worth more than a luxury sports car; most people would never imagine that in 19 43; Lincoln Wheat penny; could be one of the most talked about coins in American history; the 1943 Lincoln; Wheat Penny is unlike most other Lincoln Cents ever produced; during World War 2; copper was needed for military equipment; so the US Mint produced most 1943 pennies using zinc coated steel; instead of the usual copper; because of this unusual change; the 1943 Lincoln Wheat Penny; became one of the most recognizable coins ever made; millions entered circulation; but over the decades many were lost; damaged rusted or discarded; today collectors search for examples with bright surfaces; sharp details and exceptional preservation; what makes this coin especially exciting; is that its value depends heavily on its condition; mint mark; and whether it has any rare minting errors or unusual characteristics; collectors carefully inspect every detail; and coins without standing; I appeal and top certification; grades can command impressive prices; some exceptional 1943 Lincoln wheat pennies; have sold for as much as $24,000 in the collector market; that's an astonishing; amount for a coin that originally; had a face value of just 1 cent; so before you ignore an old 1943 penny; take a closer look you might be; holding one of the most fas",Polished Creator,Tutorial,false,yes,,https://www.tiktok.com/@samso.tiv/video/7656494649200184589
coins,wheat penny,2026-07-01,2026-10-02,thecoininsider,The Coin Insider,2010,105,6,15,"The Ultimate List of Wheat Pennies Every Collector Wants - Rare Coins Worth a Fortunes!
#rarecoin #coincollecting #coincollector #hiddentreasure #coinhunting","An informative guide detailing specific years and conditions of Lincoln wheat pennies that can command high values among collectors, encouraging viewers to inspect their own old coins.",The Ultimate List of Wheat Pennies Every Collector Wants - Rare Coins Worth a Fortune!,Polished Creator,Tutorial,false,yes,,https://www.tiktok.com/@thecoininsider/video/7657439486996909326
coins,numismatics,2026-07-03,2026-10-02,avexcoin,AvexCoin,5204,101,10,10,"Belgium’s new €2 commemorative coin celebrates the 100th anniversary of the National Railway Company of Belgium 🇧🇪🚆
Now available in our store in all four official editions: two BU Coin Cards (Fren","A coin dealer showcases the four official editions of Belgium's new €2 commemorative coin celebrating the centenary of the National Railway Company, emphasizing packaging and visual finishes.","Belgium's new €2 commemorative is here!, Two BU Coin Cards, Available in both language versions, Dutch version, French version, Classic Proof edition, Premium Reverse Proof, Celebrating 100 years of Belgium's National Railway, 100 ans de la Societe Nationale des Chemins de fer Belges, 100 Jahre Nationale Gesellschaft der Belgischen Eisenbahnen, Officiele 2 euro herdenkingsmunt, Piece commemorative et officielle de 2 euros, Koninklijke Munt van Belgie, Royal Mint of Belgium, 1926 B 2026, FSC mix board",Polished Creator,Review,true,yes,,https://www.tiktok.com/@avexcoin/video/7658216484140895510
coins,coin roll hunting,2026-07-03,2026-10-01,sailings19,sailings19,6103,79,,,#coin #roller #finding #collection,"A coin roll hunting creator unrolls a roll of quarters, discovers a 2000 Canadian 'Health' commemorative commemorative quarter, examines its details, and places it into the corresponding slot in a blue Uni-Safe coin folder album.",WILD! MYSTERY COIN FOUND IN HAND ROLLED QUARTER ROLLS!; Part 4; Canadian: varies; 90% Silver: 6.25g; Old 90% Silver: 6.25g; Clad (No Silver): 11.3; ELIZABETH II D G REGINA; 25 CENTS; 2000; HEALTH; CANADA; CANADA 25 CENTS 2000 - DATE; COIN FOLDER ALBUM DES PIECES DE MONNAIE; UNI-SAFE; PAGE 1; PAGE 2; PAGE 3; PAGE 4,Raw UGC,Tutorial,false,yes,,https://www.tiktok.com/@sailings19/video/7658323948488166687
coins,coin roll hunting,2026-07-03,2026-10-01,coinexpert1793,coinexpert1793,2961,55,25,9,"Coin roll hunting for the new quarter with July 4th Privy mark. While only 250,000 were made, this is a coin hunt that can really payoff! #coinrollhunting #cointok #coincollecting #numismatics #fyp","A coin collecting enthusiast documents his attempt at coin roll hunting for rare 2024 quarters featuring a July 4th privy mark. Despite opening two full rolls from the bank and discussing their high collector value, he ultimately finds only standard coins, providing an authentic look into the realities of the numismatics hobby.",ROCKY MOUNTAIN NATIONAL PARK on t-shirt; $10 QUARTERS $10 on coin wrappers,Raw UGC,Tutorial,false,yes,,https://www.tiktok.com/@coinexpert1793/video/7658370856225131789
coins,coin roll hunting,2026-07-03,2026-10-01,cad_roll_hunter,CAD Roll Hunter,6310,107,2,5,Silver Coins are what Coin Roll Hunting is all about! 1968 50% Silver Quarter! #coin #coins #coinrollhunting #coincollecting #cadrollhunter #silver #quarter #canada,"A coin roll hunter searches through Canadian quarter rolls, spots a promising silver edge in roll 49, verifies it is a 1968 50% silver quarter, confirms it with a non-magnetic test, and adds it to the collection board.",We're in ROLL #49; And THIS box has provided; TONS of nice finds; And I think it's just about to get EVEN BETTER; Because the one thing we HAVEN'T FOUND; Is SILVER; At least UNTIL NOW; And I've got AN EDGE THERE that I think; Looks like SILVER; And we're gonna check this out TOGETHER; And that is a 1968; And it's gonna be 50% SILVER for sure; We'll try the MAGNET; And it doesn't STICK!; So we got SILVER IN THE BOX!; 50% CANADIAN SILVER; 1968; We've gotta add that TO THE BOARD; But that is WICKED!; CANADIAN COIN HUNT; 5 Cents; 1925; 1926 Near/Far 6; 1932 Far 2; 1944/45 No Chrome; 25 cents; CANADA; 1968,Raw UGC,Tutorial,false,yes,,https://www.tiktok.com/@cad_roll_hunter/video/7658408581217144065
coins,rare coins,2026-07-04,2026-10-01,articleoneco,ArticleOneCo,6529,180,23,23,"🪙 Treasure might already be in your pocket…

Most people spend these coins without ever taking a second look.

A few dates, mint marks, and errors can turn ordinary pocket change into collector treas","An educational TikTok video infographic by Article One Co highlighting five valuable U.S. pocket change coins with specific error and date markers, designed to drive engagement and comments from coin collectors.",DON'T IGNORE YOUR CHANGE; 5 COINS WORTH CHECKING TODAY; 1 1964 QUARTER 90% SILVER WORTH $5-$15+ LOOK FOR THE DATE!; 2 1943 STEEL PENNY MADE OF STEEL TICKS TO A MAGNET! WORTH $1-$20+ LOOK FOR THE DATE!; 3 1972 DOUBLED DIE PENNY DOUBLE DIE ERROR WORTH $100-$500+ CHECK THE DATE AND LETTERS!; 4 1982 SMALL DATE COPPER PENNY RARE VARIETY WORTH $500+ LOOK FOR THE SMALL DATE!; 5 2004 WISCONSIN EXTRA LEAF QUARTER EXTRA LEAF ERROR WORTH $100-$400+ CHECK THE CORN LEAF!; TREASURE COULD BE HIDING IN YOUR POCKET.; CHECK DATES Old dates can mean big value.; LOOK FOR ERRORS Mistakes can be worth hundreds!; KNOW THE METAL Silver & copper coins are valuable.; USE GOOD LIGHT Details can be easy to miss.; YOUR NEXT FIND COULD PAY FOR DINNER!; HAPPY HUNTING!,High-Production,Tutorial,true,yes,,https://www.tiktok.com/@articleoneco/video/7658665069068176671
coins,numismatics,2026-07-04,2026-10-02,ardito,ardito,204400,3660,399,717,#fyp #viral #numismatics #money #collection,A numismatics creator lip-syncs to the Animaniacs 'Nations of the World' song while sequentially flipping through a large and diverse collection of real international banknotes.,,Raw UGC,Meme,false,yes,,https://www.tiktok.com/@ardito/video/7658674144673860897
coins,numismatics,2026-07-05,2026-10-02,ardito,ardito,2200000,66400,5299,3654,Antwort auf @Adriana does anybody know it ? #fyp #viral #numismatics #money #collection,"A numismatics creator lip-syncs the entire 'Nations of the World' song while precisely pulling matching international banknotes from a massive stack, directly answering a follower's comment about currency valuation.","Antwort auf @Adriana antworten 
 How much does that amount to in us currency?",Raw UGC,Meme,false,yes,,https://www.tiktok.com/@ardito/video/7659100359285067041
coins,coin roll hunting,2026-07-07,2026-10-01,halfdollamakeyouholla,HalfDollaMakeYouHolla,29000,572,10,24,125 year-old nickel found coin roll hunting! #coin #nickel #victory #silver #hunting,"A coin roll hunting creator discovers a 1902 Liberty Head V nickel in a roll, expresses genuine excitement, examines its condition, and looks up its mintage numbers in a coin reference book to evaluate its worth.","125 Year Old Nickel Found!; HIT THE LIKE!; VALUE???, 1902, LIBERTY HEAD (1883-1913), Variety 1 Without CENTS (1883), Variety 2 With CENTS (1883-1913), Circulation Strikes, Mintage, GSID, G-4, VG-8, F-12, VF-20, LIKE & FOLLOW!",Raw UGC,Tutorial,false,yes,,https://www.tiktok.com/@halfdollamakeyouholla/video/7659875558695718175
coins,wheat penny,2026-07-07,2026-10-02,thecoininsider,The Coin Insider,2464,117,20,12,"The Richest Wheat Pennies Ever Discovered | Check Your Coins Before You Regret It!
#rarecoin #coincollecting #coincollector #hiddentreasure #coinhunting","An authoritative and visually detailed educational guide on identifying rare, valuable error varieties in vintage Lincoln wheat pennies.",The Richest Wheat Pennies Ever Discovered | Check Your Coins Before You Regret It!,Polished Creator,Tutorial,false,yes,,https://www.tiktok.com/@thecoininsider/video/7659920501027900685
coins,coin roll hunting,2026-07-08,2026-10-01,coincollecting_detecting,Michael,3300000,186400,527,3014,"It’s a Bit Dirty but We’ll Still See if we Can Find Something in This Roll - Follow Along
#dirty #coins #coinrollsearch #funactivity #goodtimes","An informational coin-roll hunting video where a creator opens a roll of Australian 20-cent coins and inspects individual pieces for rare mint years, errors, and collector value.",20 CENT COIN; CURRENCY MANAGEMENT; AUSTRALIA; QTY; Value; Queen's Head Double Obverse Error; Volunteers Making A Difference,Raw UGC,Tutorial,false,yes,,https://www.tiktok.com/@coincollecting_detecting/video/7660044208757148949
coins,silver coins,2026-07-08,2026-10-01,oldcoinscompanybackup,OLD COINS COLLECTOR,21900,605,407,87,"THESE 1/2 c 1c 2 c 5 c 10 c 20c 50c AND THE SILVER R1 COIN SETS WERE STRUCK AS PART OF THE SECOND DECIMAL ISSUE 1965 - 1990. IN 1962 IT WAS ANNOUNCED THAT A CHANGE IN SIZE, DESIGN AND METAL CONTENT OF","A South African coin expert films a talking-head video inside a coin shop, claiming to pay three million for specific vintage coin sets and offering safe, face-to-face transactions at local police stations with no fees.","THESE 1/2 c 1c 2 c 5 c 10 c 20c 50c AND THE SILVER R1 COIN SETS WERE STRUCK AS PART OF THE SECOND DECIMAL ISSUE 1965 - 1990. IN 1962 IT WAS ANNOUNCED THAT A CHANGE IN SIZE, DESIGN AND METAL CONTENT OF COINS WAS BEING CONSIDERED. THIS WAS PRIMARILY DUE TO THE INCREASE IN THE PRICE OF SILVER. VARIOUS PATTERNS WERE STRUCK FOR CONSIDERATION BY THE PARLIMENTARY COMMITTEE INVESTIGATING THIS AS THE INCREASED USE OF COIN AUTOMATION MACHINES REQUIRED LONG TERM USE OF THE COIN TYPES CHOSEN; no fee free delivery; AND 2 RAND; SUZA; AFRICK; COINS; 1 RAND; 1965",Polished Creator,Tutorial,true,yes,,https://www.tiktok.com/@oldcoinscompanybackup/video/7660075149081021716
coins,silver coins,2026-07-08,2026-10-01,hannes.tony.botha02,HANNES TONY BOTHA*,7924,158,46,19,"THESE 1/2 c 1c 2 c 5 c 10 c 20c 50c AND THE SILVER R1 COIN SETS WERE STRUCK AS PART OF THE SECOND DECIMAL ISSUE 1965 - 1990. IN 1962 IT WAS ANNOUNCED THAT A CHANGE IN SIZE, DESIGN AND METAL CONTENT OF","A numismatic guide on TikTok presenting rare South African coin types, mint years, and estimated values ranging up to 180,000 Rands, designed to inspire viewers to check their own coin collections.","Do You Have Any Of These Coin At Home?; 1965 - 1989 - 5 Cent; Sells for 4,850 Rands; Depending on Condition; 1965 to 1990 - 20 Cent; Sells for 5,750 Rands; ESTIMATED 2026 VALUES; 20 Cent - 1965 R5,500 Depending on Condition; R1 - 1966 (Afrikaans) R9,200 Depending on Condition; 10 Cent - 1985 R6,200 Depending on Condition; 2-Cent - 1971 R7,800 Depending on Condition; 1/2 Cent - 1963; 1961 - 20 Cent; Sells for 40,500 Rands; 1998 - 5c Coin Series; Sells for R250-R1200; 20 Cent - 1978 R18,500 Depending on Condition; Special Notes for 1978: Check for distinct die variations, Look for Proof-like quality; 1961 - 1 Eent; 5 Rands - 1921 R180,000 Depending on Condition; Special Notes for 1921: First year of new security features, Features a detailed commemorative design; 1992 - 5 CENT, 1992 - OBVERSE, 1992 - REVERSE",Polished Creator,Tutorial,false,yes,,https://www.tiktok.com/@hannes.tony.botha02/video/7660093688218930454
coins,numismatics,2026-07-08,2026-10-02,ardito,ardito,2400000,82300,3070,3758,Antwort auf @day #fyp #viral #money #numismatics #passion,A numismatics creator responds to a follower's comment by expertly flipping through a massive stack of real international banknotes in sync with the Animaniacs 'Nations of the World' song.,Antwort auf @day #fyp #viral #money #numismatics #passion; [Sticker] this is the flex you think it is,Raw UGC,Reaction,false,yes,,https://www.tiktok.com/@ardito/video/7660206392032480545
coins,coin roll hunting,2026-07-09,2026-10-01,nursetiff8500,Nurse Tiff,617,47,21,2,1st roll of dimes silver!! #silver #collection #coinrollhunt #neworleans,"A TikTok post by user Nurse Tiff sharing a coin roll hunting milestone of finding a silver dime, paired with a personal motivational quote and community hashtags.",Staying focused on the path (first image); LIBERTY (both images); IN GOD WE TRUST (both images); 1952 (first image); UNITED STATES OF AMERICA (second image); QUARTER DOLLAR (second image); W (second image),Raw UGC,Carousel,false,yes,,https://www.tiktok.com/@nursetiff8500/video/7660380868321529102
coins,coin roll hunting,2026-07-09,2026-10-01,cyber.age.emporiu,cyber age emporium,134,1,,,Roll #1 Half Dollar coin roll hunting / coin collecting,"A coin collecting enthusiast records the first roll of a half dollar coin roll hunting session, systematically inspecting Kennedy half dollars, finding dates like 1981-P and 1999-P, and placing them into blue coin albums while announcing plans to sell the remainder on eBay.",Roll #1; 1981-P; 1974-D; 1976-D; 1994-D; 1997-P; 1999-P; Only 8.9 Million Minted,Raw UGC,Vlog,true,yes,,https://www.tiktok.com/@cyber.age.emporiu/video/7660416313562631455
coins,silver coins,2026-07-09,2026-10-01,avexcoin,AvexCoin,2856,62,5,5,"Limited edition 5oz Silver Coin from 🇦🇺 dedicated to Native Bees 🐝. Only 2500 pieces worldwide! 
Would you add this to your collection? 
#cointok #silver #numismatics #bee #coincollecting","A polished POV unboxing video showcases a rare 5oz silver coin dedicated to Australian Native Bees, highlighting its holographic details, limited mintage of 250 pieces worldwide, and official Niue coinage specifications while prompting viewer interaction.",Limited edition 🤫; Australian Native Bees 🐝; Let's open it together!; Stunning Silver Coin 🪙; Incredible design 😍; 5 ounces of Pure Silver!; AUSTRALIAN NATIVE BEES; 5oz 999 PURE SILVER; CHARLES III NIUE TEN DOLLARS 2026; JC; CERTIFICATE OF AUTHENTICITY; COIN SPECIFICATIONS; METAL Silver; MINTAGE 250; PURITY 999; DENOMINATION $10; SIZE 70mm; YEAR OF ISSUE 2026; WEIGHT 5oz; ISSUING AUTHORITY Niue; COIN NUMBER 214; THE COIN COMPANY; www.thecoincompany.com.au; Only 250 pieces 😲; Rate 1-10 🐝; Would you buy?,Polished Creator,Unboxing,true,yes,,https://www.tiktok.com/@avexcoin/video/7660490687497915670
coins,wheat penny,2026-07-10,2026-10-02,samso.tiv,Samso tiv,10100,473,53,114,"1956 Lincoln Wheat Penny Estimated Sold for $18,100! Could This Rare Penny Be Worth a Fortune? 😱

#1956LincolnWheatPenny #LincolnWheatPenny #WheatPenny #RarePenny #USCoins","A viral-style informative video explaining how a 1956 Lincoln Wheat Penny can be worth up to $18,100 depending on condition and mint errors, encouraging viewers to inspect their pocket change.","1956 Lincoln Wheat Penny Estimated Sold for $18,100!; $18,100.00; STOP; BEFORE THAT OLD PENNY DISAPPEARS; INTO YOUR POCKET; IMAGINE THIS; WHAT IF A SIMPLE; ONE CENT COIN; COULD BE WORTH MORE THAN; A LUXURY ROLEX WATCH; MOST PEOPLE NEVER BOTHER; CHECKING THEIR 1956; LINCOLN WHEAT PENNY; AND THAT'S; EXACTLY WHY HIDDEN TREASURES; ARE ACCIDENTALLY SPENT EVERY SINGLE; DAY; AT FIRST GLANCE; THE 1956 LINCOLN; WHEAT PENNY LOOKS LIKE NOTHING; MORE THAN AN ORDINARY; ONE CENT COIN; BUT TO EXPERIENCED; COLLECTORS; THE RIGHT EXAMPLE CAN BE AN EXTRAORDINARY; DISCOVERY; MILLIONS OF THESE PENNIES; WERE MINTED AND CIRCULATED; THROUGHOUT THE UNITED STATES; CHANGING HANDS COUNTLESS; TIMES OVER THE DECADES; BECAUSE OF HEAVY CIRCULATION; MOST EXAMPLES BECAME WORN; SCRATCHED; AND LOST THEIR ORIGINAL; RED COPPER SHINE; TODAY; COLLECTORS SEARCH FOR PENNIES WITH; SHARP WHEAT EARS; CRISP DESIGN DETAILS; BRILLIANT ORIGINAL RED COLOR; STRONG MINT LUSTER AND; EXCEPTIONAL EYE APPEAL; HIGH GRADE EXAMPLES ARE BECOMING; INCREASINGLY DIFFICULT TO; FIND; EXPERTS ALSO EXAMINE EVERY; 1956; LINCOLN WHEAT PENNY FOR; RARE MINTING ERRORS; OUTSTANDING STRIKE QUALITY; AND TOP CERTIFICATION GRADES; THESE FEATURES CAN TURN AN; ORDINARY LOOKING PENNY INTO; A HIGHLY DESIRABLE COLLECTOR'S; PIECE; THE FASCINATING PART IS; THAT TWO 1956; LINCOLN WHEAT PENNIES MAY LOOK; ALMOST IDENTICAL; YET ONE COULD BE WORTH ONLY; ONE CENT; WHILE ANOTHER BECOMES THE; HIGHLIGHT OF A SERIOUS; COIN COLLECTION; BECAUSE OF ITS EXCEPTIONAL; PRESE",Polished Creator,Tutorial,false,yes,,https://www.tiktok.com/@samso.tiv/video/7660942596247719181
coins,numismatics,2026-07-11,2026-10-02,oblivryx,𝗈𝖻𝗅𝗂𝗏𝗋𝗒𝗑,27400,5529,2,184,"♆ ancient greek coins - nature inspired motifs from an era when currency was literal art | #ancienthistory #artifacts #coins #ancientgreece #numismatics

images courtesy of ngc / cng","An aesthetic carousel post showcasing ancient Greek coins with nature-inspired motifs, sourced from NGC and CNG, presented as miniature works of art against a black background.","♆ ancient greek coins - nature inspired motifs from an era when currency was literal art | #ancienthistory #artifacts #coins #ancientgreece #numismatics 

images courtesy of ngc / cng",Curated Aesthetic,Aesthetic,false,yes,,https://www.tiktok.com/@oblivryx/video/7661245794208599318
coins,coin collecting,2026-07-11,2026-10-01,usa.coin.discover,USA Coin Discovery,15800,587,44,73,"The coin worth it $10000000
#PocketChange #RareCoins #CoinCollecting #ValuableCoin #foryou","A cinematic TikTok video by USA Coin Discovery exploring the historical significance and ten-million-dollar valuation of the 1794 Flowing Hair silver dollar, utilizing macro cinematography and dramatic voiceover narration.","PCL-02; 3817; S Flowing Silver; Grili, 6XR; MGD999/35G; 1994; 1794; $10,000,000",Cinematic,Documentary,false,yes,,https://www.tiktok.com/@usa.coin.discover/video/7661270520607853846
coins,silver coins,2026-07-11,2026-10-01,khadijah12389,Christian willem,207800,3852,932,808,"THESE 1/2 c 1c 2 c 5 c 10 c 20c 50c AND THE SILVER R1 COIN SETS WERE STRUCK AS PART OF THE SECOND DECIMAL ISSUE 1965 - 1990. IN 1962 IT WAS ANNOUNCED THAT A CHANGE IN SIZE, DESIGN AND METAL CONTENT OF","A TikTok video combining historical facts about South African second decimal issue coins (1965-1990) with metalworking B-roll footage, serving as an advertisement for a buyer purchasing old coins face-to-face in Johannesburg.","THESE 1/2 c 1c 2 c 5 c 10 c 20c 50c AND THE SILVER R1 COIN SETS WERE STRUCK AS PART OF THE SECOND DECIMAL ISSUE 1965 - 1990. IN 1962 IT WAS ANNOUNCED THAT A CHANGE IN SIZE, DESIGN AND METAL CONTENT OF COINS WAS BEING CONSIDERED. THIS WAS PRIMARILY DUE TO THE INCREASE IN THE PRICE OF SILVER. VARIOUS PATTERNS WERE STRUCK FOR CONSIDERATION BY THE PARLIMENTARY COMMITTEE INVESTIGATING THIS AS THE INCREASED USE OF COIN AUTOMATION MACHINES REQUIRED LONG TERM USE OF THE COIN TYPES CHOSEN; Johannesburg; +27686517751",Raw UGC,Tutorial,true,yes,,https://www.tiktok.com/@khadijah12389/video/7661307558539316488
coins,wheat penny,2026-07-11,2026-10-02,oldcoin.secrets,OldCoin Secrets,9852,350,58,61,"Rare 1928-S Lincoln Wheat Penny Worth an Estimated $45,600! One of the Most Valuable Wheat Pennies to Look For

#1928SLincolnWheatPenny  #RareCoins #WheatPenny #CoinCollecting","A fast-paced, highly visual educational TikTok video by OldCoin Secrets explaining the rarity, key features, and estimated $45,600 valuation of the 1928-S Lincoln wheat penny to engage coin-collecting enthusiasts.","$45,600.00; IMAGINE DISCOVERING AN OLD PENNY THAT LOOKS COMPLETELY ORDINARY YET COULD SECRETLY BE WORTH THOUSANDS OF DOLLARS; MOST PEOPLE WOULD NEVER STOP TO EXAMINE A ONE CENT COIN; BUT CERTAIN LINCOLN WHEAT PENNIES HAVE BECOME HIDDEN TREASURES THAT COLLECTORS EAGERLY SEARCH FOR; COULD THIS TINY COPPER COIN BE ONE OF THOSE RARE DISCOVERIES; THIS IS THE 1928 S LINCOLN WHEAT PENNY; ON THE FRONT YOU'LL FIND THE ICONIC PORTRAIT OF ABRAHAM LINCOLN; WHILE THE REVERSE FEATURES THE CLASSIC WHEAT EARS DESIGN SURROUNDING THE WORDS ONE CENT; ITS TIMELESS DESIGN HAS MADE IT ONE OF THE MOST RECOGNIZABLE AND COLLECTABLE COINS IN AMERICAN HISTORY; THE MINT MARK TELLS US THIS PENNY WAS STRUCK AT THE SAN FRANCISCO MINT; ALTHOUGH MILLIONS WERE PRODUCED FOR CIRCULATION; DECADES OF EVERYDAY USE LEFT MOST EXAMPLES HEAVILY WORN; MAKING WELL PRESERVED COINS INCREASINGLY DIFFICULT TO FIND; TODAY COLLECTORS LOOK FOR EXAMPLES WITH SHARP DETAILS; BEAUTIFUL ORIGINAL SURFACES; AND STRONG MINT LUSTER; ONLY A SMALL NUMBER HAVE SURVIVED IN EXCEPTIONAL CONDITION AFTER NEARLY A CENTURY; EXPERTS CAREFULLY INSPECT EVERY FEATURE; FROM LINCOLN'S PORTRAIT TO THE FINE WHEAT STALKS ON THE REVERSE; EVEN THE SLIGHTEST DIFFERENCE IN PRESERVATION CAN DRAMATICALLY INCREASE THE COIN'S COLLECTOR VALUE; THAT'S WHY HIGH GRADE EXAMPLES OF THE 1928 S LINCOLN WHEAT PENNY HAVE BEEN ESTIMATED AT $45,600; TURNING A SIMPLE 1 CENT COIN INTO AN EXTRAORDINARY COLLECTOR'S TREASURE; SO THE NEXT TIME YOU FIND AN OLD WHEAT PENNY; DON'T O",Polished Creator,Tutorial,false,yes,,https://www.tiktok.com/@oldcoin.secrets/video/7661319898957630750
coins,silver coins,2026-07-13,2026-10-01,coins_and_currency,Coins_and_currency,37800,292,11,5,#silver #coin #coincollection #junksilver #constitutionalsilver,"A satisfying ASMR video of a collector sorting thousands of dollars worth of vintage US constitutional silver coins through a Cummins automated counter, accompanied by on-screen text and rapid counter milestones.","Sorting some junk...; Coins_and_currency; CUMMINS; TOTAL; UNIT; HELP; MENU; BATCH; BAG; DRY; 1C; 5C; 10C; 25C; 50C; $1; running dollar amounts from 424.00 to 1,078.62",Raw UGC,Vlog,false,yes,,https://www.tiktok.com/@coins_and_currency/video/7662135602757881106
coins,coin collecting,2026-07-14,2026-10-01,.gloomyguineveree,🍂⊹˙∘: 𝄞ᥙіᥒᥱ᥎ᥱrᥱ┄𝟏.𝟒𝒌「s⍴2」,4301,59,14,,"BYEEE I LIKE COLLEFTINGNCOIND
#fyp #viral #piso #coincollector #collector","A short TikTok video capturing a creator excitedly showing off a commemorative 5-peso coin they found, utilizing upbeat background music and a rapid close-up visual reveal.",BYE WHAT DID I JST FOUND; 2018; 5 PISO; BAGONG BAYANI; REPUBLIKA NG PILIPINAS,Raw UGC,Vlog,false,yes,,https://www.tiktok.com/@.gloomyguineveree/video/7662349470616522002
coins,silver coins,2026-07-14,2026-10-01,coins.buyers9,MR. JACOB ✪,478100,20500,4252,4175,"THESE 1/2 c 102 c 5c10 c 20c 50c AND
THE SILVER R1 COIN SETS WERE STRUCK AS
PART OF THE SECOND DECIMAL ISSUE 1965 -
1990. IN 1962 IT WAS ANNOUNCED THAT A
CHANGE IN SIZE, DESIGN AND METAL
CONTENT OF CO",A coin buyer in South Africa uses a direct-to-camera pitch to encourage viewers to sell their old household coins for cash by messaging him on WhatsApp.,"THESE 1/2 c 102 c 5c10 c 20c 50c AND THE SILVER R1 COIN SETS WERE STRUCK AS PART OF THE SECOND DECIMAL ISSUE 1965 - 1990. IN 1962 IT WAS ANNOUNCED THAT A CHANGE IN SIZE, DESIGN AND METAL CONTENT OF COINS WAS BEINGK CONSIDERED. THIS WAS PRIMARILY DUE TO THE INCREASE IN THE PRICE OF SILVER. VARIOUS PATTERNS WERE STRUCK FOR CONSIDERATION BY THE PARLIMENTARY COMMITTEE INVESTIGATING THIS AS THE INCREASED USE OF COIN AUTOMATION MACHINES REQUIRED LONG TERM USE OF THE COIN TYPES CHOSEN; COINS BUYER SOUTH AFRICA; OUR MISSION To be the most trusted Coins Buyer in South Africa. Honesty, Integrity, Trust.; COINS BUYER; MANDELA PACK; LYONDELA",Polished Creator,Tutorial,true,yes,,https://www.tiktok.com/@coins.buyers9/video/7662377742545046791
coins,wheat penny,2026-07-15,2026-10-02,thecoininsider,The Coin Insider,11200,185,52,21,"The ONE Rare Wheat Penny Worth Over $30,000 That Many People Spend Without Knowing
#rarecoin #coincollecting #coincollector #hiddentreasure #coinhunting","A polished numismatic tutorial counting down four rare Lincoln wheat penny dates worth thousands of dollars, urging viewers to inspect their pocket change before spending vintage coins.","The ONE Rare Wheat Penny Worth Over $ 30,000 That Many People Spend Without Knowing; CapCut; IN GOD WE TRUST; LIBERTY; 1955; 1940; 1944; 1958; ONE CENT; UNITED STATES OF AMERICA; E PLURIBUS UNUM",Polished Creator,Tutorial,false,yes,,https://www.tiktok.com/@thecoininsider/video/7662587370549693709
coins,silver coins,2026-07-15,2026-10-01,coin.buyerlimited,coin buyer#limited,38800,470,84,137,"THESE ½c 2c 5c 10c 20c 50c AND THE SILVER R1 COIN SET WERE STRUCK AS PART OF THE SECOND DECIMAL ISSUE 1965 - 1990. IN 1962 IT WAS ANNOUNCED THAT A CHANGE IN SIZE, DESIGN AND METAL CONTACT OF COINS WAS","A coin expert showcases the 2021 South African 5 Rand commemorative coin, detailing its design and historical significance while using prominent value claims to capture viewer attention.",THE VALUE OF THE 2021/2022 R5; EACH WORTH R1.5 MILLION; SOUTH AFRICAN RESERVE BANK - 100 YEARS; 5 RAND; 2021; SARB; UMSANTSI AFRIKA; SUID-AFRIKA,Polished Creator,Review,false,yes,,https://www.tiktok.com/@coin.buyerlimited/video/7662829932468309268
coins,coin collecting,2026-07-17,2026-10-01,thecoinchannel,Eric Miller,44400,2361,177,258,"Extremely mirrored Penny found!!! #coinlist #coin #coins #collecting 

Found by @Aaaaahhh😳","Creator Eric Miller explains why certain coins look exceptionally mirrored and shiny, identifying them as proof coins, and lists specific years and missing mint mark errors that command massive sums at auction, such as a 1975 'No S' dime selling for $456,000.","Extremely mirrored Penny found!!! #coinlist #coin #coins #collecting; Can someone please tell me why this penny is so shiny; WHAT YOU JUST FOUND; PROOF COIN; THAT'S WHY IT LOOKS SO CRAZY; IN GOD WE TRUST; LIBERTY; 1989 S; UNITED STATES OF AMERICA; E PLURIBUS UNUM; ONE CENT; 1990; 1983; 1975; PCGS PR68 No S; SOLD US $1,813.00; US $615.00; US $456,000; US $769.95; $45,600.00; US $3,120.00",Polished Creator,Tutorial,false,yes,,https://www.tiktok.com/@thecoinchannel/video/7663503824123907359
coins,wheat penny,2026-07-17,2026-10-02,the.coin.aura,The Coin Aura,2063,92,13,1,"1944 Lincoln Wheat Penny Worth Thousands? | Rare No Mint Mark Coin Value & Errors
#1944Penny #1944LincolnPenny #LincolnWheatCent #RareCoins #CoinCollecting","A fast-paced educational TikTok video by The Coin Aura detailing the history, variations, and potential high-value errors associated with the 1944 Lincoln wheat penny.",1944 COINONE; 1944 Lincoln one cent; IN GOD WE TRUST; LIBERTY; 1944; E PLURIBUS UNUM; ONE CENT; UNITED STATES OF AMERICA,Polished Creator,Tutorial,false,yes,,https://www.tiktok.com/@the.coin.aura/video/7663561366082506002
coins,silver coins,2026-07-17,2026-10-01,coins_and_currency,Coins_and_currency,42700,461,16,18,#silver #silvereagles #coin #investing #puresilver,"A coin stacker showcases three different rolls of silver American eagles from 2011, 1987, and 2024 on TikTok, listing the price at $1000 each.",Rolls of silver eagles on deck $1000 each; Coins_and_currency; Struck at West Point Mint 2011 (W) EAGLE S$1 ROLL (20) GEM UNCIRCULATED 3554813-(361-380) NGC; 1987; APMEX MintDirect PREMIER (20) 2024 1 oz SILVER AMERICAN EAGLE ID#: 284445 FIRSTSTRIKE. PCGS FirstStrike Eligible; 55734; GELHARD,Raw UGC,Review,true,yes,,https://www.tiktok.com/@coins_and_currency/video/7663647689971649800
coins,coin collecting,2026-07-18,2026-10-01,unclebrian_wilson52,unclebrian_wilson52,502,23,1,5,#coinhunt #coincollector #coincollecting #coins @AA71NDY @UkCoinHunt @porters_coins @dB coins uk @coin collector @balltoucher29 @Coin World UK,"A TikTok video showcasing a collection of specialty commemorative coins, including Beatrix Potter, Disney, and historical themes, filmed in close-up over a dark desk mat with a blues song playing throughout.",Few kion club token,Raw UGC,Vlog,false,yes,,https://www.tiktok.com/@unclebrian_wilson52/video/7663762898765860118
coins,rare coins,2026-07-18,2026-10-01,the.coin.aura,The Coin Aura,57100,1490,191,301,"2000 Sacagawea Dollar No Mint Mark Value | Rare $1 Coin Worth Thousands?
#2000DSacagaweaDollar #SacagaweaDollar #DollarCoin #RareCoins #CoinValue","A numismatic educational short on TikTok by The Coin Aura explaining the history, specifications, and potential high value of rare 2000-D Sacagawea dollar mint errors, designed to drive subscriber engagement and coin-checking behavior.",2000 ONE DOLLAR 2000-D COIN IS THAN DOLLAR? BEFORE SPEND IT A CLOSER LOOK BECAUSE SOME 2000-D SACAGAWEA GOLDEN DOLLAR COINS WITH RARE MINT ERRORS HAVE SOLD FOR HUNDREDS OR THOUSANDS DOLLARS THIS IN YEAR NEW FEATURES CARRYING HER INFANT SON JEAN BAPTISTE NATIVE AMERICAN WOMAN WHO PLAYED VITAL ROLE GUIDING FAMOUS LEWIS CLARK EXPEDITION ACROSS WESTERN STATES MAKING BOTH HISTORICALLY IMPORTANT HIGHLY COLLECTIBLE D MARK MEANS STRUCK AT DENVER IN COLORADO PRODUCED MILLIONS THESE FOR CIRCULATION WEIGHS 8.1 GRAMS MEASURES 26.5 MILLIMETERS DIAMETER MADE MANGANESE BRASS CLAD COMPOSITION OVER PURE COPPER CORE GIVING ITS DISTINCTIVE APPEARANCE OBVERSE DESIGNED BY GLENNA GOODACRE WHILE REVERSE FEATURING SOARING EAGLE SURROUNDED BY 17 STARS CREATED THOMAS D ROGERS SENIOR MOST CIRCULATED ARE WORTH ABOUT 1 5 BRIGHT UNCIRCULATED EXAMPLES TYPICALLY SELL 10 50 HIGH GRADE CERTIFIED SUCH AS MS68 SEVERAL HUNDRED EVEN REAL VALUE COMES FROM COLLECTORS ACTIVELY SEARCH OFF CENTER STRIKES BROADSTRIKES DOUBLE DIE CRACKS CLIPPED PLANCHETS OTHER UNUSUAL MINTING MISTAKES DEPENDING RARITY CONDITION CAN MAJOR AUCTIONS EXAMINE CAREFULLY UNDER GOOD LIGHTING MAGNIFYING GLASS TINY COULD TURN ORDINARY LOOKING VALUABLE ITEM ENJOY DISCOVERING DON'T FORGET SUBSCRIBE MORE HUNTING VIDEOS LIKE COMMENT BELOW SHARE YOUR FRIENDS NEXT HIDDEN TREASURE ALREADY COLLECTION THE COIN AURA RARE ERROR VALUE COLLECT & SELL THANKS FOR WATCHING,Polished Creator,Tutorial,false,yes,,https://www.tiktok.com/@the.coin.aura/video/7663909706435661063
coins,numismatics,2026-07-18,2026-10-02,realjustincouch,Couch Collectibles LLC,47900,1113,159,79,"Is this how mint error coins get out? 

#coincollecting #rarecoins #numismatics #coins","A short surveillance-style clip posted by Couch Collectibles showing a factory worker pocketing coins off a production line, humorously questioning how rare mint errors escape the mint.",Timestamp text in top corners: 2026. 2. 5 5:08 PM S1 2 55:01,Raw UGC,Behind-the-scenes,false,yes,,https://www.tiktok.com/@realjustincouch/video/7663957729492339998
coins,(not in thumbnail),2026-07-20,2026-10-02,ardito,ardito,1200000,23600,922,193,#fyp #viral #numismatics #pakistan #money,,,,,,no,,https://www.tiktok.com/@ardito/video/7664637208732650784
coins,wheat penny,2026-07-20,2026-10-02,samso.tiv,Samso tiv,9599,338,19,47,"Don't Spend Your 1914 Lincoln Wheat Penny! One Rare Example Was Estimated Sold for $48,300—Could This Hidden Treasure Be Sitting in Your Pocket Right Now? 

#1914LincolnWheatPenny #rarecoins  #WheatPe","An engaging short-form video tutorial explaining the numismatic value of the 1914 Lincoln wheat penny, detailing how certain well-preserved specimens can command up to $48,300, and encouraging viewers to check their pocket change.","$48,300.00; WAIT BEFORE THAT OLD; PENNY DISAPPEARS INTO YOUR POCKET; THINK ABOUT THIS; WHAT IF A COIN; THAT'S BEEN AROUND FOR; OVER HUNDRED YEARS; IS QUIETLY HIDING A; COLLECTOR'S JACKPOT; MOST PEOPLE WOULD NEVER; NOTICE A 1914 LINCOLN; WHEAT PENNY; AND THAT'S EXACTLY; WHY VALUABLE COINS KEEP; SLIPPING THROUGH EVERYDAY HAND; THE 1914 LINCOLN WHEAT; PENNY MAY LOOK LIKE; AN ORDINARY OLD CENT; BUT TO COLLECTORS; THE RIGHT EXAMPLE CAN; BE A REMARKABLE HIDDEN; TREASURE; MORE THAN A CENTURY; HAS PASSED SINCE THESE; PENNIES WERE MINTED; AND YEARS OF CIRCULATION; LEFT MOST OF THEM WORN; SCRATCHED OR DAMAGED; THAT'S WHY WELL PRESERVED; EXAMPLES HAVE BECOME; INCREASINGLY DIFFICULT TO; FIND; COLLECTORS CAREFULLY EXAMINE; EVERY 1914 LINCOLN; WHEAT PENNY FOR SHARP WHEAT EARS; BOLD LETTERING; ORIGINAL MINT COLOR; AND STRONG STRIKE QUALITY; HIGH GRADE COINS AND RARE MINTING; CHARACTERISTICS ARE ESPECIALLY; VALUABLE; BECAUSE THEY ARE FAR; LESS COMMON TODAY; THE SURPRISING PART; IS THAT TWO 1914 LINCOLN; WHEAT PENNIES CAN LOOK; ALMOST IDENTICAL; YET ONE MAY STILL; BE WORTH ONLY ONE CENT; WHILE ANOTHER BECOMES A HIGHLY; DESIRABLE COLLECTOR'S PIECE; BECAUSE OF ITS OUTSTANDING; CONDITION; SOME EXCEPTIONAL 1914 LINCOLN; WHEAT PENNIES; HAVE SOLD FOR AS; MUCH AS $48,300 IN; THE COLLECTOR MARKET; THAT'S AN INCREDIBLE; AMOUNT FOR A COIN THAT; ORIGINALLY HAD A; FACE VALUE OF JUST ONE CENT; SO BEFORE YOU SPEND; ANOTHER OLD PENNY; CHECK THE DATE AND; INSPECT IT CAREFULLY; YOUR 1914 LINCOLN WHEAT; PENNY ",Polished Creator,Tutorial,false,yes,,https://www.tiktok.com/@samso.tiv/video/7664660446472867085
coins,silver coins,2026-07-20,2026-10-01,treasurenick,Treasure Nick,278500,19900,336,543,"These are not just coins... they're surviving examples from the golden age of piracy! Each one is Unique and tells its own story.

If you are interested in purchasing one of these pieces of history, s","Creator Treasure Nick presents authentic 300-year-old silver cob coins from the golden age of piracy, explaining their origins, irregular minting, and coin-clipping history before inviting interested buyers to send a direct message.","'Cabo de Barra', '1679', '1670'",Polished Creator,Tutorial,true,yes,,https://www.tiktok.com/@treasurenick/video/7664700387605089549
coins,wheat penny,2026-07-21,2026-10-02,thecoininsider,The Coin Insider,1777,64,8,6,"Don't Spend These Rare Wheat Pennies – They Could Be Worth Big Money
#rarecoin #coincollecting #coincollector #hiddentreasure #coinhunting","An educational breakdown of rare wheat pennies, specifically focusing on the 1943 steel cent and the 1956-D copper cent, detailing their history, auction values, and how collectors authenticate them.",Don't Spend These Rare Wheat Pennies – They Could Be Worth Big Money!; IN GOD WE TRUST; LIBERTY; 1943; 1956; D; ONE CENT; UNITED STATES OF AMERICA; E PLURIBUS UNUM; CapCut,Polished Creator,Tutorial,false,yes,,https://www.tiktok.com/@thecoininsider/video/7664824211134778637
coins,coin roll hunting,2026-07-21,2026-10-01,digger_max_,Digger_Max,16200,200,22,,"🪙 Roll Hunt Time!
Opening coin rolls and searching for rare varieties, mint errors, and valuable coins! 👀 Will we find a hidden treasure today? Stay until the end to see what turns up!

💬 Which coi","A coin roll hunting video showing close-up inspections of various Canadian commemorative dollars, leveraging tactile satisfaction and niche hobby interest to drive audience engagement.","$10.00 QUARTERS, CANADA DOLLAR, ELIZABETH II D G REGINA, 1987 2017 TORONTO MAPLE LEAFS, 1867 1967",Raw UGC,Vlog,false,yes,,https://www.tiktok.com/@digger_max_/video/7664837162914893077
coins,rare coins,2026-07-21,2026-10-01,thelastpenny,The Last Penny,145600,6181,79,3038,10 Rare & Valuable Coins are Look For! #thelastpenny #coincollector #rarecoins #valueforyourmoney #Coins,A coin collecting creator demonstrates how to identify rare 2019 and 2020 West Point mint quarters in everyday pocket change and shows verified eBay sold prices ranging from twenty to hundreds of dollars.,"10 RARE QUARTERS; SAN ANTONIO MISSIONS; SALT RIVER BAY; LOWELL; AMERICAN MEMORIAL PARK; WEIR FARM; WAR IN THE PACIFIC; AMERICAN SAMOA; TALLGRASS PRAIRIE; IN GOD WE TRUST; QUARTER DOLLAR; V75; PCGS MS66; Sold Sep 9, 202; Buy It Now; How Many Have You Found?",Raw UGC,Tutorial,false,yes,,https://www.tiktok.com/@thelastpenny/video/7664972812326571277
coins,rare coins,2026-07-22,2026-10-01,rarecoins72,RARE COINS,44700,593,300,322,"Creator THESE 1/2 c 1c 2 c 5 c 10 c 20c 50c AND THE SILVER R1 COIN SETS WERE STRUCK AS PART OF THE SECOND DECIMAL ISSUE 1965-1990. IN 1962 IT WAS ANNOUNCED THAT A CHANGE IN SIZE, DESIGN AND METAL CONT","An informational slideshow detailing the history and estimated 2026 market values of rare South African decimal and pre-decimal coins, prompting viewers to check their homes and contact the creator via WhatsApp.","MESSAGE ME NOW ON WHATSAPP +27 74 429 8458 SOUTH AFRICA COIN VALUE ESTIMATED 2026 VALUES Do You Have Any Of These Coin At Home? 1965 - 1989 - 5 Cent Sells for 4,850 Rands Depending on Condition 1961 DO NOT CLEAN YOUR COINS CLEANING THEM CAN REDUCE THEIR VALUE! 2018 - 5 RAND (Mandela 1918) Sold for 6,750 Rands 1975 - 50 Cent Sells for [Updated Value] Rands 1898 - Single 9 Pond Sells for 18,750 Rands 1965 - 1 Rand (Afrikaans) Sells for 6,950 Rands 1967 - Krugerrand (first year) Sells for 4,850 Rands 1965 - 50 Cent (English) Sells for 5,350 Rands 2008 - 5 Rand (Mandela) Sells for 6,750 Rands 1C - ONE CENT (19,05mm / 3gr) 1965 Afrikaans R 500 - R 5,000 50c - FIFTY CENTS (27,85mm / 9,5gr) 1965 English R 12,500 - R 40,000 R1 - ONE RAND (32,7mm / 15gr) 1965 Afrikaans 1966 to 1976 R 3,000 - R 8,000 R 50 SUID-AFRIKAANSE RESERWEBANK EEN RAND ONE RAND Old 1 Rand Banknote Sells for 3,560 Rands 1965 - 20 Cent Sells for 5,750 Rands 2002 to 2012 - 10 CENT Sells for 2,550 Rands 1965 to 1969 - 10 CENT Sells for 4,750 Rands 20 Cent - 1965 R5,500 R1 - 1966 (Afrikaans) R9,200 10 Cent - 1985 R6,200 2 Cent - 1971 R7,800 1/2 Cent - 1963 R7,800",Polished Creator,Tutorial,true,yes,,https://www.tiktok.com/@rarecoins72/video/7665239456110120212
coins,coin roll hunting,2026-07-23,2026-10-01,bigwillewill,BigWilleWill,58400,935,14,20,Ridiculously rare find inside of this coin roll! Found while hunting for rare Australian coins! #rarecoins #coinhunt #unboxing #noodling #fyp,"A coin roll hunter documents the process of opening Australian coin rolls, experiencing a moment of high anticipation that turns into humorous disbelief when a standard metal plumbing washer is discovered instead of a rare coin.",We found something insane inside of this coin roll!; Il Things Minted; Two Dollars; Dollar,Raw UGC,Vlog,false,yes,,https://www.tiktok.com/@bigwillewill/video/7665734445969804565
coins,coin collecting,2026-07-24,2026-10-01,jacklocker18,Jack Chestnut,32700,263,4,6,"So MUCH CASH had to go to the BANK! ~ Cashing in HUGE coin collection from HOARDER HOUSE!
#storagewars #storagebox #storageunitfinds #storage","Creator Jack Chestnut sorts through a massive collection of coins salvaged from a hoarder house, categorizing pennies, quarters, half-dollars, and dollar coins while bantering with an off-camera partner and counting his total finds.","So MUCH CASH had to go to the BANK! Cashing in HUGE coin collection from HOARDER HOUSE!; BEST IDEA; I DON'T; OH WHY; IT'S MORE; WAY; MONEY; WE'RE GONNA; SEE BASICALLY; WE'LL TAKE; NICKELS AND; DIMES IN; BUT ALL THE; COIN; DOLLAR COINS; IT WON'T; HARD IN THE MEANTIME; THERE MIGHT BE SILVER; PUT IN; THERE COULD; DEFINITELY HALF; LIKE BOOM; JFK'S; THERE'S SUSAN; B ANTHONY'S; WAS THERE MORE CASH; OR THERE; MORE; COINS; WHAT DOESN'T IN THE COMMENTS WHAT YOU; CHACHI WHAT; THINK; DON'T EVEN; WELL IF; YOU GUESSED RIGHT; IT ALL; BUT SINCE; CHACHI GUESSED WRONG; HA HA HA; NOT IN THERE; MAN; OF DOLLAR; DOLLAR COIN; HALF DOLLARS; OTHER HALF; THESE COINS; WILL SELL; OR GIVE THEM AWAY; PEOPLE CALL ME ALL; ALL THESE; GOLD COINS; 86; HALF DOLLAR; THERE'S ALWAYS; FALL THROUGH THE CRACKS; THIS IS; EMPTY; IT JUST; KEEPS GOING; AND GOING; SO I REMEMBER GOING THROUGH TO FIND; FEW SILVER; AND THAT'S NOT EVEN US; A PARLOR COIN; THAT TO; SACAGAWEANA; STICKING; SUSAN B; 1969; SILVER COIN; 12, 13; LET'S GO BACK ON THAT SIDE JACK; OK WE'RE GONNA; DEFINITELY HAVE $100; DOLLARS AND; DOLLAR COINS; LET'S KEEP ON FINDING THEM; WOW; IT'S A GUARDIAN ANGEL; GOT MY GUARDIAN ANGEL; LOOKING OUT OF ME; SIDES MAN; THERE'S FOUR SUSAN B ANTHONY'S; 1974; THIS IS A; WHOLE JOB; YOU KNOW WHAT I'M SAYING; ANOTHER BIG ONE; $1, $2, $3, $4, $5; IT'S GOT THE; BACK THERE; JFK HALF; THESE ARE SILVER; OUR EISENHOWER; THESE ARE SOME QUARTERS AND THINGS I LIKE IN THE; SMILEY FACE THING AND A; PARLOR COIN; PRESIDENTIAL; SACKS YOU; ",Raw UGC,Vlog,false,yes,,https://www.tiktok.com/@jacklocker18/video/7666125253097098509
coins,silver coins,2026-07-25,2026-10-01,articleoneco,ArticleOneCo,74000,752,41,101,"TOP 5 SILVER COINS EVERY COLLECTOR SHOULD OWN 🪙

Every collection has a starting point—but these five silver coins have stood the test of time. Whether you’re a beginner or a seasoned collector, they","A polished educational infographic ranking the top five silver coins for collectors, detailing average prices and acquisition difficulty for each piece while driving community engagement through a concluding question.",TOP 5 SILVER COINS; EVERY COLLECTOR SHOULD OWN; 1 AMERICAN SILVER EAGLE; AVERAGE COLLECTOR PRICE: $38-$45; DIFFICULTY: EASY; 2 MORGAN SILVER DOLLAR; AVERAGE COLLECTOR PRICE: $60-$90; DIFFICULTY: EASY; 3 PEACE SILVER DOLLAR; AVERAGE COLLECTOR PRICE: $55-$85; DIFFICULTY: MEDIUM; 4 1946-S ROOSEVELT DIME; AVERAGE COLLECTOR PRICE: $100-$160; DIFFICULTY: HARD; 5 STANDING LIBERTY QUARTER; AVERAGE COLLECTOR PRICE: $75-$125; DIFFICULTY: MEDIUM; * PRICES VARY BASED ON CONDITION AND MARKET TRENDS **,Polished Creator,Tutorial,true,yes,,https://www.tiktok.com/@articleoneco/video/7666454723909799199
coins,rare coins,2026-07-25,2026-10-01,davidcoincollector2,davidcoincollector2,45800,571,111,152,"Rare Switzerland 5 Rappen Coin
#rappen #switzerland #coincollection #fypviral #fypforyourpagetiktok","A short-form video showcasing a Swiss 5 Rappen coin paired with a prominent 41,000 euro valuation overlay, targeting coin collectors on TikTok.","Rare Switzerland + 5 Rappen Coin; 41,000 €",Raw UGC,Collection,false,yes,,https://www.tiktok.com/@davidcoincollector2/video/7666509147529137440
coins,rare coins,2026-07-25,2026-10-01,maxxtiktokshop,maxwithdeals,235600,5753,99,1185,This is how I collect copper pennies #coinhunting #copperpennies #copper #coins  #rarecoins,"Creator maxwithdeals demonstrates how to sort through bulk penny rolls to separate 95% copper pennies from zinc pennies using date checks and a digital scale, turning $17.52 in face value into $71.25 in copper value.","Face Value: $17.52; Copper Value: $71.25; P.F. STRING & SON, INC. HARRISBURG, PA. 17105; PENNIES; QUICK START GUIDE; UNIVEIGH; Capacity: 200g Graduation: 0.01g; TARE MODE ON OFF; MADE IN CHINA; 1971 DDR; 1972 DDR; 1976 S SILVER DDO; 1990 S DMD; 2005 EXTRA LEAVES; 2021 CROSSING DELAW; DIE CHIP ON NAIL; 2012 WIMANA KILLER RETAINED DIE BREAK",Raw UGC,Tutorial,true,yes,,https://www.tiktok.com/@maxxtiktokshop/video/7666513593931697438
coins,coin roll hunting,2026-07-25,2026-10-01,ashlandoregonauctions,ASHLAND OREGON AUCTIONS,49000,426,34,113,"Found the Rarest Bill in 30,000 and It's Worth Big #jackpot #shorts#MONEY #coinrollhunt","Ron from Ashland Oregon Auctions announces reaching a milestone of 30,000 one-dollar bills hunted, highlighting a rare filled-in star note discovered during the latest session.","Rare Star Note Found! 30k Bills Hunted!; FEDERAL RESERVE NOTE; THE UNITED STATES OF AMERICA; WASHINGTON, D.C.; SERIES 2021; A 06687350 *",Raw UGC,Review,false,yes,,https://www.tiktok.com/@ashlandoregonauctions/video/7666613090166770975
coins,coin roll hunting,2026-07-25,2026-10-01,pepsiglasses,Pepsi Glasses ❌,404,22,6,1,"Coin roll hunting! Not supposed to be circulating in U.S. quarter rolls!
#CoinFamily 
#CoinFam 
#TreasureHunting 
#CoinRollHunting 
#Coins","A short TikTok video showcasing an unusual find from coin roll hunting—a 2003 Missouri quarter modified with a holographic sticker, presented alongside international coins on a wooden table.","REPUBLIKA NG PILIPINAS, 1 PISO, 2010, IV CUARTO DE BALBOA, MISSOURI, 1821, CORPS OF DISCOVERY, 1804, 2004, 2003, E PLURIBUS UNUM",Raw UGC,Vlog,false,yes,,https://www.tiktok.com/@pepsiglasses/video/7666619150223117599
coins,rare coins,2026-07-27,2026-10-01,rarecoins72,RARE COINS,1022,13,3,4,"Creator THESE 1/2 c 1c 2 c 5 c 10 c 20c 50c AND THE SILVER R1 COIN SETS WERE STRUCK AS PART OF THE SECOND DECIMAL ISSUE 1965-1990. IN 1962 IT WAS ANNOUNCED THAT A CHANGE IN SIZE, DESIGN AND METAL CONT","A coin expert uses macro video and white gloves to educate viewers on a rare 1961 South African 1-cent coin worth up to 40,000 rand, contrasting it with the extremely common standard version.","South Africa, 1961 1-Cent (Issued by Republic of South Africa) +27 74 429 8458; Do you know that there's a special 1-cent coin from 1961 that could be worth over 40,000 rand? Now the normal one is not really worth anything with over a 150 million of them made, even in a perfect condition they're not even worth 20 rand. But the one that is worth something, with only 80 made and only 20 of them known.",Raw UGC,Tutorial,true,yes,,https://www.tiktok.com/@rarecoins72/video/7667088183800122645
coins,coin roll hunting,2026-07-27,2026-10-01,azcoinhunters,azcoinhunters,3169,82,2,4,"Colour coin found! 🪙 2026 Bluey $1 Sleepytime (Bingo) coin! 🐾
Today we were on the hunt through the 2026 Bluey coin rolls, and found a beauty! Who else is still chasing a coloured set?
#australianco","An Australian coin hunter unboxes three rolls of 2026 Bluey commemorative coins in search of the rare coloured Sleepytime Bingo coin, successfully finding one among three rolls while discussing collection sets.","THIS EPISODE OF BLUEY IS CALLED... CAMPING, BABY RACE, GRANNY MOBILE, RAIN, SLEEPYTIME, 1 DOLLAR, TWO DOLLARS, CHECK YOUR CHANGE!, Royal Australian Mint, A WARNING Choking hazard, **10x speed, BLUEY",Raw UGC,Tutorial,false,yes,,https://www.tiktok.com/@azcoinhunters/video/7667115284943162632
coins,rare coins,2026-07-27,2026-10-01,articleoneco,ArticleOneCo,113200,2305,153,476,"💰 Sometimes a single coin can change a life.

These are five of the most famous U.S. coins that have sold for incredible amounts at auction, proving that rare coins can be worth far more than their f","An educational and engaging infographic post by ArticleOneCo detailing five of the most expensive rare U.S. coins sold at auction, designed to spark curiosity and engagement among coin collectors and treasure hunters.","5 COINS THAT MADE ORDINARY PEOPLE RICH 
 1 
 1943 COPPER PENNY 
 ONLY 35-40 KNOWN TO EXIST 
 $1,700,000 
 2 
 1893-S MORGAN DOLLAR 
 LOW MINTAGE KEY DATE 
 RARE IN HIGH GRADE 
 $2,115,000 
 3 
 1804 SILVER DOLLAR 
 THE 'KING OF 
 AMERICAN COINS' 
 $4,140,000 
 4 
 1894-S BARBER DIME 
 ONLY 24 MINTED 
 9 KNOWN TO EXIST 
 $1,997,500 
 5 
 1913 LIBERTY HEAD QUARTER EAGLE 
 ONLY 5 KNOWN TO EXIST 
 $8,400,000 
 1933 DOUBLE EAGLE 
 $18,872,250 
 SOLD AT AUCTION IN 2021",Polished Creator,Informatics; Infographic; Educational,false,yes,,https://www.tiktok.com/@articleoneco/video/7667198446746570015
coins,silver coins,2026-07-28,2026-10-01,coin_cowboy,Coin Cowboy,5732,24,6,6,We started 50oz of silver at $1 & took an over $1000 loss on our live stream!!!! Good grabs all night & we ALWAYS start at $1!!! #coins #numismatics #liveauction #live,"A live-stream coin seller vents to his audience about taking a $1000 loss after auctioning off a 50oz silver bar starting at $1, using the moment to prove his commitment to customer value.","ON/OFF, UNIT, ZERO, HOLD, 50.0 T.O., 999 FINE, SILVER, Guschimayerts, U.S. EAGLE 1/4 DOLLAR GOLD LIBERTY HEAD, MS 62, POLO 1904, SILVER EAGLE",Raw UGC,Personal-update,true,yes,,https://www.tiktok.com/@coin_cowboy/video/7667463203957394701
coins,wheat penny,2026-07-28,2026-10-02,oldcoin.secrets,OldCoin Secrets,10100,355,27,55,"1947-S Lincoln Wheat Penny Estimated Sold $26,400 – Collectors Are Searching for High-Grade Examples of This Valuable Vintage Wheat Penny!","An engaging numismatic short video by OldCoin Secrets explaining the high potential value of a high-grade 1947-S Lincoln wheat penny, using macro b-roll, detailed coin analysis, and financial hooks to captivate viewers.","OldCoin Secrets, $26,400.00, WHAT IF I, ONE TINY PENNY, HIDING QUIETLY IN, AN OLD COLLECTION, COULD POTENTIALLY BE WORTH ENOUGH, TO MAKE YOU THINK ABOUT, DRIVING AWAY IN A, LUXURY CAR, IMAGINE HOLDING A, SIMPLE 1 CENT, COIN IN YOUR, HAND, COMPLETELY UNAWARE, THAT COLLECTORS COULD, SEE SOMETHING INCREDIBLY, VALUABLE IN IT, COULD THIS BE, THE PENNY YOU'VE, BEEN OVERLOOKING ALL ALONG, THIS IS THE, 1947-S LINCOLN, WHEAT PENNY, ON THE FRONT, YOU'LL FIND THE, ICONIC PORTRAIT OF, ABRAHAM LINCOLN, WHILE THE REVERSE, FEATURES THE CLASSIC, WHEAT EARS DESIGN, WITH THE WORDS, ONE CENT, MORE THAN 7, DECADES OLD, THIS COIN CARRIES, A FASCINATING PIECE, OF AMERICAN HISTORY, NOW LOOK CLOSELY, AT THE SMALL, S MINT MARK, IT TELLS US, THIS PENNY WAS, STRUCK AT THE, SAN FRANCISCO MINT, MILLIONS OF EXAMPLES, ENTERED CIRCULATION, AND DECADES OF, EVERYDAY USE LEFT, MOST COINS WORN, SCRATCHED AND LACKING, THEIR ORIGINAL MINT, LUSTER, BUT A SMALL, NUMBER SURVIVED, IN REMARKABLE CONDITION, WITH SHARP DETAILS, CLEAN SURFACES AND, IMPRESSIVE EYE APPEAL, COLLECTORS CAREFULLY, EXAMINE EVERY DETAIL, FROM LINCOLN'S PORTRAIT, TO THE FINE, WHEAT STALKS ON THE REVERSE, EVEN SMALL DIFFERENCES, IN PRESERVATION, CAN MAKE A, MAJOR IMPACT ON, A COIN'S DESIRABILITY, AND VALUE, AND HERE'S WHERE, THE STORY GETS, INTERESTING, HIGH GRADE EXAMPLES, OF THE 1947, S LINCOLN WHEAT PENNY, HAVE BEEN ESTIMATED, AT $26,400, TRANSFORMING A SIMPLE, 1 CENT COIN INTO, AN EXTRAORDINARY, COLLECTOR'S TREASURE, POTENTIALLY WORTH MORE, T",Polished Creator,Tutorial,false,yes,,https://www.tiktok.com/@oldcoin.secrets/video/7667619996800994590
coins,wheat penny,2026-07-28,2026-10-02,thecoininsider,The Coin Insider,22100,771,72,198,"$350,000 REALLY...Top 3 Most Valuable Wheat Pennies That Shocked Collectors With Huge Prices
#coinhunting #hiddentreasure #coincollector #coincollecting #rarecoin","A fast-paced numismatic tutorial hosted by The Coin Insider on TikTok, breaking down the top three valuable Lincoln wheat penny years (1940, 1944, and 1955) and explaining how condition, mint marks, and color preservation dictate auction value.","$350,000 REALY...?Top 3 Most Valuable Wheat Pennies That Shocked Collectors With Huge Prices; ONE CENT UNITED STATES OF AMERICA; IN GOD WE TRUST; LIBERTY; 1940; 1944; 1955",Polished Creator,Tutorial,false,yes,,https://www.tiktok.com/@thecoininsider/video/7667731650083687693
coins,numismatics,2026-07-29,2026-10-02,mcoins69,mcoins69,12900,475,14,44,Croatia🇭🇷 2 euro 2026 100 Years of the Croatian Radiotelevision #croatia #euro #coin #numismatics #hrt @HRT,"A short TikTok video by mcoins69 showcasing the Croatian 2 euro 2026 commemorative coin dedicated to 100 Years of the Croatian Radiotelevision, complete with estimated market pricing.",Croatia 2 euro 2026 100 Years of the Croatian Radiotelevision PRICE: 4.5-7 euro,Raw UGC,Review,false,yes,,https://www.tiktok.com/@mcoins69/video/7667961277351824673
coins,coin collecting,2026-07-29,2026-10-01,thecoinchannel,Eric Miller,428000,12600,429,2127,"Valuable drummer quarter found THIS MORNING!!! #collecting #quarter #coin #coins 

Found by @Kory C","Coin expert Eric Miller breaks down a rare 1976 D-mint doubled die Bicentennial quarter found by a follower, demonstrating the exact error markers to look for and quoting circulated and mint state values.","Valuable drummer quarter found THIS MORNING!, TOMLOV, 1776, 1976, IN GOD WE TRUST, LIBERTY, 1976D DDO Doubled, $150.00, SALE PRICE $810.00",Polished Creator,Tutorial,false,yes,,https://www.tiktok.com/@thecoinchannel/video/7667985109332528415
coins,rare coins,2026-07-30,2026-10-01,investingmax,investingmax,47600,2271,151,891,These are the most expensive pennies to sell at auction so far this year! #CoinCollecting #CoinHunting #RareCoins #ErrorCoin #CoinCollection,"A fast-paced, engaging countdown video by creator investingmax detailing the six most expensive rare pennies sold at auction in 2026, highlighting specific mint errors, grading scores, and extraordinary auction values up to $456,000.","MOST EXPENSIVE PENNIES SOLD IN 2026!; SOLD $24,000; 1983 Lincoln Cent. Struck on a Copper Planchet. MS-62 BN (PCGS).; SPRING 2026 SHOWCASE AUCTION; SOLD $26,000; 1969-S Lincoln Cent. FS-101. Doubled Die Obverse. MS-63 BN (PCGS). CAC.; SOLD $52,800; 1909-S Lincoln Cent. V.D.B. MS-66+ RD (PCGS). CAC. CMQ.; SOLD $63,000; 1914-S Lincoln Cent. MS-66 RD (PCGS).; SOLD $72,000; 1926-S Lincoln Cent. MS-64+ RD (PCGS).; SOLD $456,000; 1943-S Lincoln Cent. Struck on a Bronze Planchet. AU-55 (PCGS). Gold CAC. CMQ.",Polished Creator,Top-list,false,yes,,https://www.tiktok.com/@investingmax/video/7668118339037760799
coins,wheat penny,2026-07-30,2026-10-02,coinhunteruk_usa,Coin Hunter UK & USA,13100,540,69,206,"This 1942 No Mint Mark Wheat Penny Could Be a Hidden Treasure! 😱🪙
Think your 1942 No Mint Mark Wheat Penny is just pocket change? Think again! 🪙 Some examples are highly collectible due to their ex","A coin collecting creator uses a high-value $91,000 hook and macro footage of a 1942 wheat penny to teach viewers how to identify valuable no-mint-mark coins in their pocket change, encouraging followers and engagement.","$91,000; STOP SCROLLING RIGHT NOW; BEFORE YOU SPEND ANOTHER OLD PENNY; GRAB EVERY LINCOLN WHEAT PENNY YOU HAVE AND CHECK THE DATE; ONE OF THEM COULD BE A 1942 NO MINT MARK LINCOLN WHEAT PENNY; AND COLLECTORS NEVER OVERLOOK THIS HISTORIC COIN; MOST PEOPLE SEE ONLY ONE CENT; BUT EXPERIENCED COIN HUNTERS KNOW THEY ARE LOOKING AT A PIECE OF AMERICAN HISTORY; THE 1942 NO MINT MARK LINCOLN WHEAT PENNY WAS STRUCK AT THE PHILADELPHIA MINT; WHICH IS WHY THERE IS NO MINT MARK BENEATH THE DATE; IT FEATURES ABRAHAM LINCOLN ON THE FRONT AND THE FAMOUS WHEAT EARS ON THE REVERSE; A DESIGN THAT REMAINED ONE OF THE MOST ICONIC IN US COINAGE; THIS COIN WAS PRODUCED DURING WORLD WAR II; MAKING IT A FASCINATING REMINDER OF AN IMPORTANT MOMENT IN AMERICAN HISTORY; ALTHOUGH MILLIONS OF THESE PENNIES WERE MINTED; TIME HAS NOT BEEN KIND TO MANY OF THEM; DECADES OF CIRCULATION HAVE LEFT COUNTLESS EXAMPLES WORN, SCRATCHED, OR DAMAGED; BECAUSE OF THAT, COLLECTORS ARE ALWAYS EXCITED TO FIND A 1942 NO MINT MARK PENNY WITH SHARP DETAILS; ORIGINAL COLOR, AND MINIMAL WEAR; THE BETTER THE CONDITION, THE STRONGER THE COLLECTOR INTEREST TENDS TO BE; ANOTHER REASON THIS COIN ATTRACTS ATTENTION IS THAT EXPERIENCED COLLECTORS CAREFULLY INSPECT EVERY 1942 PENNY FOR UNUSUAL MINTING ERRORS AND INTERESTING VARIETIES; EVEN A SMALL DETAIL CAN TURN AN ORDINARY LOOKING COIN INTO SOMETHING MUCH MORE DESIRABLE FOR A COLLECTION; WHICH IS WHY KNOWLEDGEABLE COIN HUNTERS NEVER RUSH PAST THE DATE; SO BEFORE YOU SPEND YOUR NEXT ",Raw UGC,Tutorial,false,yes,,https://www.tiktok.com/@coinhunteruk_usa/video/7668298744722443542
coins,wheat penny,2026-07-31,2026-10-02,coinhunteruk_usa,Coin Hunter UK & USA,25900,1056,134,473,"This 1944 Wheat Penny Could Be Worth a Fortune! 😱🪙
A 1944 Wheat Penny might look like an ordinary old coin, but some examples are highly prized by collectors! 🪙 Its value can depend on factors like","An engaging short-form tutorial by Coin Hunter UK & USA demonstrating how to identify valuable 1944 D Lincoln Wheat Pennies in everyday pocket change, utilizing high-value hooks and macro cinematography to drive audience engagement.","HOLD ON BEFORE YOU SKIP THIS VIDEO; $102,000; ONE CENT; UNITED STATES OF AMERICA; IN GOD WE TRUST; LIBERTY; 1944; LIKE; FOLLOW; SHARE",Polished Creator,Tutorial,false,yes,,https://www.tiktok.com/@coinhunteruk_usa/video/7668664025122688278
coins,wheat penny,2026-07-31,2026-10-02,oldcoin.secrets,OldCoin Secrets,71800,1940,106,566,"1950-S Lincoln Wheat Penny Estimated Sold $20,400 – This Tiny One-Cent Coin Could Be Hiding a Fortune in Your Old Coin Collection!","A polished educational short that breaks down the numismatic value of the 1950-S Lincoln wheat penny, detailing how mint marks, wear conditions, and preservation can elevate a one-cent coin to a $20,400 valuation, motivating viewers to inspect their own collections.","1950-S Lincoln Wheat Penny Estimated Sold $20,400 - This Tiny One-Cent Coin Could Be Hiding a Fortune in Your Old Coin Collection!; OldCoin Secrets; ONE CENT UNITED STATES OF AMERICA; E PLURIBUS UNUM; IN GOD WE TRUST; LIBERTY; 1950 S; 1950-S Lincoln Cent AG-3 (circulated); 2.51 - ink.",Polished Creator,Tutorial,true,yes,,https://www.tiktok.com/@oldcoin.secrets/video/7668732284140342558
coins,wheat penny,2026-08-01,2026-10-02,coinhunterusa,Coin Hunter USA,2635,167,17,23,"1958-D Lincoln Wheat Penny – Could This Vintage Coin Be Worth Big Money? 💰🪙
Take a closer look at this 1958-D Lincoln Wheat Penny, one of the last Wheat Cents ever minted! With its sharp details and","Coin Hunter USA presents an educational tutorial on the 1958-D Lincoln wheat penny, guiding viewers on how to identify its mint mark and appreciate its historical significance as the final year of the wheat cent series.",STOP SCROLLING BEFORE YOU PUT THAT OLD PENNY ASIDE CHECK THE SMALL LETTER UNDER THE DATE THAT TINY D MINT MARK CAN REVEAL THE HISTORY OF A COIN FROM THE FINAL DAYS OF THE FAMOUS WHEAT PENNY ERA IN GOD WE TRUST LIBERTY 1958 D E PLURIBUS UNUM ONE CENT UNITED STATES OF AMERICA + FOLLOW LIKE SHARE,Polished Creator,Tutorial,false,yes,,https://www.tiktok.com/@coinhunterusa/video/7669118240441765142
coins,coin collecting,2026-08-02,2026-10-01,tarra.lets.go,Tara Let's Go,148400,2825,80,1598,"$84,099 coin 
#hobby #didyouknow #coincollecting #coins","A short educational video breaking down a rare 2014-D Sacajawea mule error coin valued at $84,000, encouraging viewers to save the post for reference.","$84,000; LIBERTY; IN GOD WE TRUST; UNITED STATES OF AMERICA; $1; This coin is worth $84,000.; This is a 2014 D Sacajawea dollar that has the rare mule mint error.; The back of the coin has the reverse of a presidential dollar.; It sold on April 24, 2021.; Save this for reference.; And thank you all for watching.",Polished Creator,Tutorial,false,yes,,https://www.tiktok.com/@tarra.lets.go/video/7669402509332466965
coins,wheat penny,2026-08-02,2026-10-02,coinhunteruk_usa,Coin Hunter UK & USA,5900,182,47,43,"This 1945 No Mint Mark Wheat Penny Could Be Worth More Than You Think! 😱🪙
Think your 1945 No Mint Mark Wheat Penny is just an old coin? 🪙 Think again! Some examples are highly collectible because o","A short-form video tutorial instructing viewers to inspect 1945 Lincoln wheat pennies for collector value, utilizing dramatic valuation claims and macro coin footage to drive engagement and follower growth.","STOP RIGHT THERE; BEFORE YOU THROW AWAY THAT OLD PENNY; $55,000; IN GOD WE TRUST; LIBERTY; 1943; ONE CENT; UNITED STATES OF AMERICA; E PLURIBUS UNUM; LIKE; FOLLOW; SHARE",Polished Creator,Tutorial,false,yes,,https://www.tiktok.com/@coinhunteruk_usa/video/7669377754130844950
coins,coin roll hunting,2026-08-02,2026-10-01,dashthangnay5ka,WatchBros,18000,274,6,3,I HIT THE MEGA JACKPOT!!! COIN ROLL HUNTING NICKEL #coinhunter #silver #coincollecting #rarecoins,,,,,,no,,https://www.tiktok.com/@dashthangnay5ka/video/7669455292014415117
coins,wheat penny,2026-08-02,2026-10-02,oldcoin.secrets,OldCoin Secrets,23300,708,48,163,"1952-S Lincoln Wheat Penny Estimated Sold $22,800 – This Ordinary-Looking One-Cent Coin Could Be Worth Far More Than Its Face Value!","A fast-paced numismatic educational short by OldCoin Secrets explaining how a 1952-S Lincoln wheat penny can be worth up to $22,800 in high-grade condition, detailing what features collectors look for.","$22,800.00; OldCoin Secrets; E PLURIBUS UNUM; ONE CENT; UNITED STATES OF AMERICA; IN GOD WE TRUST; LIBERTY; 1952 S",Polished Creator,Tutorial,false,yes,,https://www.tiktok.com/@oldcoin.secrets/video/7669477966518226206
coins,numismatics,2026-08-02,2026-10-02,ardito,ardito,336100,3131,232,248,#fyp #viral #numismatics #money #collection,"A numismatics creator synchronizes a massive collection of international banknotes with a viral song listing world countries, delivering a fast-paced and satisfying visual display of global currency.",,Raw UGC,Collection,false,yes,,https://www.tiktok.com/@ardito/video/7669492624755019041
coins,numismatics,2026-08-02,2026-10-02,vithunan8,Victor,69100,1500,280,42,Coins #numismatics #2euro #germany #coincollecting #Fyp,"A silent, macro-focused showcase of a circulated German 50 euro cent coin, targeting the numismatics and coin collecting community on TikTok through clean aesthetics and detailed object cinematography.",,Lo-fi Authentic,Aesthetic,false,yes,,https://www.tiktok.com/@vithunan8/video/7669548010975612182
coins,coin roll hunting,2026-08-03,2026-10-01,islandgcoincollector,IslandGCoinCollector,33500,232,20,19,"🚨 I Don’t Buy Rare Coins… I Find Them at the Bank! 😱💰

Ever wonder how coin roll hunting works? Here’s my entire process from start to finish:

🏦 Pick up boxes of coins from the bank
🔍 Search eve","An engaging coin roll hunting vlog detailing the end-to-end process of acquiring, searching, sorting, and returning coin rolls to find rare and silver pieces.","THIS IS HOW I FIND RARE COINS IN CIRCULATION; Picking up some Goodies. My bank is the best!; MOST PEOPLE SEE SPARE CHANGE... I SEE TREASURE.; FOUND SILVERS!; SOME RARE!; EVERY RARE, SILVER + ERROR COIN GOES INTO A CAPSULE; FAST, ACCURATE, AND READY FOR THE NEXT HUNT!; BACK TO THE BANK.. THEN I DO IT ALL OVER AGAIN; SEARCHING FOR SILVER, ERRORS + RARE COINS; COUNTING + SORTING BEFORE REWRAPPING; DIMES $250; NCUA; 1964; JOHN TYLER; UNITED STATES OF AMERICA; IN GOD WE TRUST; PRESIDENT 1841-1845",Raw UGC,Vlog,false,yes,,https://www.tiktok.com/@islandgcoincollector/video/7669727377160817950
coins,coin roll hunting,2026-08-03,2026-10-01,dashthangnay5ka,WatchBros,1027,21,2,1,I spent $750 On Coin Rolls To Test If Silver Hunting Still Works In 2026 #coinhunter #silver #coincollecting #rarecoins,"A coin roll hunting creator spends $750 on half-dollar rolls to test if silver hunting is still viable in 2026, discovering several Not Intended For Circulation (NIFC) coins along the way.","I SPENT $750 ON COIN ROLLS TO TEST IF SILVER HUNTING STILL WORKS IN 2026; PART 3; LIBERTY; IN GOD WE TRUST; 1984; UNITED STATES OF AMERICA; ONE DIME; 2006; 1987; 2019; HALF DOLLAR; 90% Silver (Pre-1965); West Point Quarters (2019-2020); 40% Kennedy Half (1965-1970); NIFC Half (1987, 2002-2020); Canadian Silver Quarter (Pre-1968, some 1968)",Raw UGC,Tutorial,false,yes,,https://www.tiktok.com/@dashthangnay5ka/video/7669830625402096927
coins,coin collecting,2026-08-03,2026-10-01,diggindave_,Diggin Dave,21800,938,205,127,"RARE 1996 W DIME FOUND!
#coinrollhunting #dimes #coincollecting #coins #valuablecoins","A coin collecting creator shares his exciting find of a rare 1996-W Roosevelt dime, explaining its history, mint mark significance, and estimated value to an audience of hobbyists.","LIBERTY, IN GOD WE TRUST, 1996, W, UNITED STATES OF AMERICA, E PLURIBUS UNUM, ONE DIME, JS",Raw UGC,Tutorial,false,yes,,https://www.tiktok.com/@diggindave_/video/7669924247690644767
coins,wheat penny,2026-08-04,2026-10-02,coinhunteruk_usa,Coin Hunter UK & USA,9180,375,134,82,"This 1946 No Mint Mark Wheat Penny Could Be Worth Big Money! 😱🪙

Do you own a 1946 No Mint Mark Wheat Penny? 🪙 This classic Lincoln Wheat Penny is a favorite among collectors, especially in outstan","A short-form educational video by Coin Hunter UK & USA examining the 1946 no mint mark Lincoln Wheat Penny, highlighting its history, key features, and potential collectible value to engage numismatics enthusiasts and drive follower growth.","$40,000; STOP SCROLLING BEFORE YOU SPEND ANOTHER OLD PENNY CAREFULLY A SMALL COIN FROM 1946 DECADES OF HISTORY LIKE FOLLOW SHARE WITHOUT REALISING WHAT THEY HAVE THE 1946 NO MINT MARK LINCOLN WHEAT PENNY THE PHILADELPHIA MINT DOES NOT HAVE A MINT MARK BELOW THE DATE THIS CLASSIC LINCOLN FEATURES ABRAHAM LINCOLN AND THE FAMOUS WHEAT STALK DESIGN MAKING IT ONE OF THE MOST RECOGNIZABLE COINS EVER PRODUCED IN THE UNITED STATES WHEN AMERICA WAS MOVING FORWARD AFTER WORLD WAR II EVERY 1946 WHEAT PENNY TELLS A STORY FROM THAT ERA AND COLLECTORS ENJOY THESE COINS BECAUSE THEY CONNECT MODERN COLLECTORS WITH AN IMPORTANT TIME IN AMERICAN HISTORY WHILE MANY 1946 NO MINT MARK WHEAT PENNIES WERE MADE FINDING ONE IN EXCELLENT CONDITION CAN BE MUCH MORE EXCITING COLLECTORS CAREFULLY LOOK FOR COINS WITH STRONG DETAILS CLEAR LETTERING ORIGINAL SURFACES AND MINIMAL SIGNS OF WEAR A WELL PRESERVED EXAMPLE CAN BECOME A STAND OUT PIECE IN A COLLECTION COIN HUNTERS ALSO EXAMINE THESE PENNIES CLOSELY FOR UNUSUAL FEATURES POSSIBLE MINTING ERRORS AND SMALL DIFFERENCES THAT CAN MAKE ONE COIN MORE INTERESTING THAN ANOTHER THAT IS WHY EXPERIENCED COLLECTORS NEVER IGNORE OLDER WHEAT PENNIES WHEN SEARCHING THROUGH COLLECTIONS OR OLD CHANGE BEFORE YOU PUT THAT OLD PENNY BACK IN A DRAWER OR SPEND IT WITHOUT A SECOND THOUGHT TAKE A CLOSER LOOK YOUR 1946 NO MINT MARK LINCOLN WHEAT PENNY COULD BE A FASCINATING PIECE OF AMERICAN HISTORY WAITING TO BE DISCOVERED KEEP SEARCHING KEEP COLLECTING AND FOLLOW FOR MORE ",Polished Creator,Tutorial,false,yes,,https://www.tiktok.com/@coinhunteruk_usa/video/7670021250693057814
coins,rare coins,2026-08-04,2026-10-01,coincollectingwizard,Coin Collecting Wizard,170500,4031,822,823,Do you have this coin? #necklasecoin #queenelizabeth #rarecoins #getrich,"A coin collecting creator debunks viral social media rumors claiming that UK coins featuring Queen Elizabeth II wearing a necklace are rare and worth thousands of pounds, explaining that the portrait by Rafael Maklouf was minted by the millions between 1985 and 1997.","QUEEN ELIZABETH COIN WITH A NECKLACE; £7,000 ARE YOU NOW RICH?; THERE HAS BEEN; TALK ONLINE ABOUT; UK COINS FEATURING QUEEN; ELIZABETH THE 2ND; WEARING A NECKLACE; WITH MANY PEOPLE; BELIEVING THESE COINS; ARE RARE AND; WORTH A LOT OF MONEY; THIS IS SIMPLY; NOT TRUE; THE PORTRAIT IN; QUESTION IS THE; QUEEN'S THIRD OFFICIAL; COIN PORTRAIT; INTRODUCED IN 1985; AND USED UNTIL; 1997; DESIGNED BY SCULPTOR; RAFAEL MAKLOUF; IN THIS DESIGN; THE QUEEN IS SHOWN; WEARING THE; GEORGE 4 STATE; DIADEM AND A; NECKLACE; WHICH SOME PEOPLE; HAVE MISTAKEN AS; A SPECIAL OR; RARE FEATURE; IN REALITY; MILLIONS OF COINS; WITH THIS PORTRAIT; WERE MINTED ACROSS; ALL DENOMINATIONS; FROM 1P TO 2 POUND; MAKING THEM; VERY COMMON; DESPITE THE RUMOURS; THESE COINS HOLD; NO EXTRA VALUE; AND ARE WORTH; ONLY THEIR FACE; VALUE; THE STORY LIKELY; STARTED FROM; MISUNDERSTANDINGS; ON SOCIAL MEDIA; OR ONLINE MARKETPLACES; BUT THERE IS; NO RARITY; ATTACHED TO; THIS DESIGN; IT IS SIMPLY; A STANDARD PART OF; UK COIN HISTORY",Polished Creator,Tutorial,false,yes,,https://www.tiktok.com/@coincollectingwizard/video/7670214799799618838
coins,rare coins,2026-08-06,2026-10-01,coinsmastertt,Coins Master,12900,471,150,73,"United Kingdom 10 New Pence 1971 Coin Value Today | Rare UK Coin Worth in Dollars

Discover the history, features, collector demand, and today's market value of the United Kingdom 10 New Pence 1971 co","A numismatic educational short exploring the history, background, and collector value of the 1971 United Kingdom 10 New Pence coin, utilizing professional close-up visuals and synchronized kinetic typography to retain viewer engagement.","WELCOME BACK TO THE CHANNEL TODAY WE ARE GOING TO EXPLORE ONE OF THE MOST HISTORIC COINS IN MODERN BRITISH COIN THE UNITED KINGDOM 10 NEW PENCE 1,971 COIN IF YOU HAVE THIS COIN IN VERY FINE CONDITION YOU MIGHT BE WONDERING WHETHER IT HAS ANY COLLECTOR VALUE AND HOW MUCH IT IS WORTH IN TODAY'S MARKET STAY WITH ME UNTIL THE END BECAUSE WE WILL DISCUSS THE COIN'S HISTORY IT'S CONDITION BACKGROUND AND COMPOSITION COLLECTOR DEMAND TODAY'S MARKET VALUE IN DOLLARS USEFUL COLLECTING TIPS AND WHY THIS FASCINATING COIN CONTINUES TO ATTRACT COLLECTORS FROM AROUND THE WORLD THE UNITED KINGDOM 10 NEW PENCE COIN WAS FIRST INTRODUCED IN 1,968 AS PART OF BRITAIN'S PREPARATION FOR DECIMAL DAY WHICH OFFICIALLY TOOK PLACE ON 15 FEBRUARY 1971 BEFORE DECIMALISATION BRITAIN USED POUNDS SHILLINGS AND PENCE A SYSTEM THAT HAD EXISTED FOR CENTURIES THE INTRODUCTION OF THE 10 NEW PENCE COIN MARKED A MAJOR CHANGE IN THE COUNTRY'S MONETARY HISTORY",Polished Creator,Tutorial,false,yes,,https://www.tiktok.com/@coinsmastertt/video/7670929904963276054
coins,coin roll hunting,2026-08-06,2026-10-01,reecesidequest,Reece’s Sidequests,33900,2167,24,45,Coinroll hunting! Specific subreddits explained #coins #reddit #silver #crh #subreddit,"A creator breaks down the Reddit community r/CRH (Coin Roll Hunting), reviewing top posts of rare coin finds, silver rolls, and valuable currency discoveries while providing educational context on the hobby.","r/CRH, 64.9k visitors and 1.9k contributions per week, Welcome to the world's largest Coin Roll Hunting community!, See more, Wiki, Top 50 in Collectibles, Feed options, u/Longjumping-Seat-197, I know ahead of time no one will believe, 4,684, 540, FX_Networks Promoted, u/cxomptix, I have 300,000 pennies, 3,260, 442, u/TantalumMachinist, The bank had $7500 in quarters from a laundromat. What have I done?, Quarters, 2,784, 298, u/TheMoistGoat37, Looking for silver, and struck gold! Jackpot!, 2,587, 301, u/Rootner, Found in coin roll in store. 1983 dime no S mint., Found a gold piece, It looks like a modern US quarter eagle, 2,378, 147, u/Demonic-Tooter, Stopped at the gas station to put air in my tires. I needed quarters so I went inside. The cashier cracked open a roll and half of them were 1962., Found 17 pounds of silver today, 2,163, 302, u/Wncsnake, I just pulled this from a box of nickels!, 1,875, 137, u/Alternative-Green-56, Never thought this would happen to me, 1,546, u/All-BOI-NEVEN, We lost a real one today guys, 1,423, 91, Coinroll hunting! Specific subreddits explained #coins #reddit #silver #crh #subreddit",Raw UGC,Reaction,false,yes,,https://www.tiktok.com/@reecesidequest/video/7670969590444330253
coins,wheat penny,2026-08-07,2026-10-02,karat.verdict,Karat Verdict,24000,937,15,290,Wheat Pennies in Your Change Worth a Fortune (One Sold for $1.7Million!) #CoinCollecting #WheatPenny #RareCoins #TreasureHunt #ThriftFinds,"An educational breakdown of rare, high-value wheat pennies and the specific mint errors to look for in everyday pocket change.","7 Wheat Pennies in Your Change Worth a Fortune ( One Sold for $1.7Million! ); real; fake; part 2; 1914-D; NO MINT MARK; D Mint Mark; Missing 'D' Mint Mark; 1922 Penny - NO MINT MARK; 1922 No D PCGS VF25 Strong Reverse 3285.25/12051124; $13,543; $14,991; $15,000; EMPTY MINT MARK; SPOTTING THE 1955 DOUBLED DIE; Dramatic doubling on LIBERTY letters; Twin strokes on date and motto; Portrait remains sharp, not doubled; Confirm with weight, magnet, grading; 1955 Doubled-Die; 1955 Normal Strike; BOLD DOUBLED LETTERING 1955 OBV; K . IN CIR; 24K . IN CIRCULATION; Sold: US $16,450.00 1955 1c Doubled Die Obverse PCGS MS64RB Auction: Heritage Auctions (heritage.com) Sold Date: 2008.09.23 R30081 LOT 2487 1955 1c Doubled Die Obverse PCGS MS64RB; $267,226; $299,750; $300,000; Spotting True Doubling; Obverse doubling limited to lettering; Lincoln portrait stays single, undoubled; Reverse shield shows no doubling; Face or back doubling is machine-made; #2; 1944 Steel Penny; Rare 1944 Steel Penny; 1944 Steel Penny; 1944 Copper Penny; 1944 STEEL; CERTIFICATE OF OFFICIAL ASSET GRADING REGISTRATION GA 81482967 A; 2007 PRESIDENTIAL U.S. WASHINGTON; NEVER CIRCULATED; U.S. LEGAL TENDER; E.S. O'BRIYANT LEAVE COIN IN CRYSTAL CLEAR CAPSULE FOR INSERTION INTO OFFICIAL PRESIDENTIAL MINTS GALLERY; $109,643; $119,947; $120,000; GENUINE COIN; FAKE COIN",Polished Creator,Tutorial,false,yes,,https://www.tiktok.com/@karat.verdict/video/7671235460148022558
coins,silver coins,2026-08-07,2026-10-01,jewelermaxwell,JewelerMaxwell,9458,249,42,25,"$20,000 worth of “junk” silver… but there’s nothing junk about it 🪙💰

These old U.S. coins may look like pocket change, but their silver content gives them real value.

Would you rather have $20,000","A creator explains the concept of junk silver inside a car, showing bags of pre-1965 US coins worth over $20,000 due to their silver content, encouraging viewers to check their own homes.","this is over $20,000 in coins, but not because of the coin, but because of the silver in them, this is called junk silver, pre-1965 dimes quarters, half dollars all of it is 90% silver, look at that dimes, dimes, a lot of half dollars, I don't even know what's in here, I think it's every coin there is look at that quarters everything, if you have coins at your house, you can look at them junk silver, it's worth a lot of money now",Raw UGC,Informative,false,yes,,https://www.tiktok.com/@jewelermaxwell/video/7671425898880519437
coins,wheat penny,2026-08-08,2026-10-02,oldcoin.secrets,OldCoin Secrets,36300,1299,131,332,"1943 Steel Wheat Cent Estimated Sold for $218,000 – Could This Forgotten One-Cent Coin Be a Hidden Collector's Treasure Worth Six Figures?","An educational numismatic video exploring the history and immense value of the 1943 steel wheat cent. Through macro visuals and an engaging voiceover, the creator explains why the coin was minted during World War II, how to identify valuable high-grade specimens, and why rare examples can command over $200,000 at auction.","$218,000.00; OldCoin Secrets; 1943 STEEL CENT US COIN / OBVERSE GRADE: NGC XF 40; 381810209350; In-sync caption subtitles",Polished Creator,Tutorial,false,yes,,https://www.tiktok.com/@oldcoin.secrets/video/7671704323008498974
coins,numismatics,2026-08-09,2026-10-02,ardito,ardito,61200,1278,76,62,#fyp #viral #money #numismatics #collection,"A passionate numismatist rapidly recites and showcases a massive, comprehensive stack of international banknotes from countries across the globe in a single continuous performance.",,Polished Creator,Collection,false,yes,,https://www.tiktok.com/@ardito/video/7672075508183518496
coins,coin collecting,2026-08-10,2026-10-01,behind.the.coin,behind the coin,316900,9764,1510,601,#Numismatics #behindthecoin #RareCoins #coincollecting #OldCoins,"A numismatics creator instructs viewers on how to check the value of old coins lying around their homes, using a 2014 UAE 1-dirham coin as a case study and evaluating its worth in Pakistani rupees.","Urdu text overlays in red boxes corresponding to speech; Arabic numerals 2014 and 1435 on coin; English and Arabic text on coin (UNITED ARAB EMIRATES, 1 DIRHAM)",Raw UGC,Tutorial,false,yes,,https://www.tiktok.com/@behind.the.coin/video/7672377814800190742
coins,coin roll hunting,2026-08-11,2026-10-01,coinstackin_nurse_la97,Southern*Nurse*Salleye,1592,24,11,16,"Don't miss out on this highly sought after roll hunting, matt that sells out within one or two weeks after coming back into stock. This roll hunting mat serves as a resource for searching coins for er","A creator shares a quick tutorial on how to search bank coin rolls for silver and mint errors, introducing a viral five-in-one coin roll hunting reference mat available on the TikTok shop to drive sales through FOMO.",Viral Coin Roll Hunting Mat BACK IN STOCK! Have you gotten Your's YET???; 50c PENNIES; COIN ROLL HUNTING; COINS; U.S. COIN; 5P EDITION; $10.00; OTHER; DDO; DDR; RPM; OMM; LOWER MINTED; PUNCHED MINT MARKS; 1968 D DOR; 1968 S/S PROOF; 1969 D/D OMM; 1970 D DDR; 1970 S SMALL DATE; 1971 S INVERTED S; 1972 D DDR; 1976 5 SILVER DOO; 2004 D/D; 2005 DDR; 2009 EXTRA LEAF; 2020 W V75; 2020 W 400TH; 2020 W END OF WWII; 2020 D TALL GRASS PRAIRIE; 2020 S SALT RIVER BAY DDO; WWW.COUCHCOLLECTIBLES.COM,Raw UGC,Tutorial,true,yes,,https://www.tiktok.com/@coinstackin_nurse_la97/video/7672754243375320350
coins,rare coins,2026-08-11,2026-10-01,samso.tiv,Samso tiv,38500,1077,63,270,"Rare 1976-S Washington Bicentennial Quarter Worth an Estimated $19,200! Don't Ignore This Valuable Collector Coin","A fast-paced numismatic tutorial explaining how a rare 1976-S Washington Bicentennial quarter can be worth up to $19,200, urging viewers to inspect their pocket change.","$19,200.00; UNITED STATES OF AMERICA; E PLURIBUS UNUM; QUARTER DOLLAR; LIBERTY; IN GOD WE TRUST; 1776-1976; S",Polished Creator,Tutorial,false,yes,,https://www.tiktok.com/@samso.tiv/video/7672829401419091231
coins,numismatics,2026-08-13,2026-10-02,ardito,ardito,600400,34500,2436,4056,#libya #fyp #viral #money #numismatics,"A creator silently showcases both sides of an international banknote in a close-up framing, appealing to numismatics enthusiasts on TikTok.","FIVE DINARS, Arabic script on currency",Raw UGC,Review,false,yes,,https://www.tiktok.com/@ardito/video/7673560511748836641
coins,silver coins,2026-08-14,2026-10-01,heribase,HeriBase,40100,474,58,63,💵 This 50¢ Coin Could Be Worth Much More! 😱#RareCoins #CoinCollecting #USCoins #coin #OldCoins #CoinValues #CoinValue #HeriBase #Numismatics #ValuableCoins #CoinCollector,"A coin expert demonstrates a rare overweight 1971 Kennedy half dollar coin error worth thousands of dollars, using the demonstration to promote the HeriBase coin scanning and valuation mobile app.","💵 This 50¢ Coin Could Be Worth Much More! 😱; fellas this 1971 Kennedy half dollar weighs wrong; a normal 1971 D Kennedy should be around 11.34 grams; this extra weight could mean one thing; it may have been struck on the wrong planchet; mistake could turn a 50 cent coin into a five figure discovery; download HeriBase; scan your coins; Normal; 11.34g; Silver; 12.5g; $13,000; $0.5; USA 1/2 dollar Kennedy Half Dollar 1971-MS silver; 1971-S Proof; MS 69; Category: My Set 1 / Date: 07/03/2026; Reference Price USD $630.00; Mintage 3,244,183 Scarce; Sell it; Market; Top; U.S. Coins; U.S. Banknotes; $30.00; 1943 USA 1/2 dollar Walking Liberty AU Silv...; $30.00; 1907-O USA 1/2 dollar Barber Half Dollar F Silv...; $35.00; 1902-O USA 1/2 dollar Barber Half Dollar F Silv...; $500.00; 1965 USA 25 c... Washington Quarter W...; SOLD; 1865 USA 2 cents Union Shield VF; $48.00; 1918 United Kingdom 1/2 penny AU; $100.00; 1916 USA 1 dime Mercury F Silver 0.900; $25.00; 2000 Canada 1 cent; NEW; HeriBase_app; HeriBase (Formerly HeriCoin) is your Al-powered coin collecting hub. Buy and sell easily! ↗ www.heribase.com?utm_source=instagram&...; Add banners; Professional dashboard; 1.7M views in the last 30 days.; Edit profile; Share profile; New; Free coin s...",Polished Creator,Tutorial,true,yes,,https://www.tiktok.com/@heribase/video/7673766793835580686
coins,wheat penny,2026-08-15,2026-10-02,campbellscoinshop,Campbell’s Coins & Currency,42400,1003,31,360,Coin hunting starts with knowing what to look for! 🔍 These six Wheat Penny key dates are among the most sought after in the series. Have questions about an old coin collection? Bring it by Campbell’s,"Campbell's Coins & Currency uses a short, educational TikTok video to share the six key dates for US Wheat Pennies. By combining macro visuals of real coins with precise numismatic data and a friendly local call to action, the shop builds authority and invites local collectors to visit.",WHEAT PENNIES 1909-1958; ONLY 6 KEY DATES; 1909 S; 1909 S V.D.B. (ON BACK); 1911 S; 1914 D; 1924 D; 1931 S; CAMPBELL'S COINS AND CURRENCY,Raw UGC,Tutorial,true,yes,,https://www.tiktok.com/@campbellscoinshop/video/7674304031702945055
coins,wheat penny,2026-08-16,2026-10-02,thecoininsider,The Coin Insider,4550,178,12,24,"America’s Hardest-to-Find Wheat Pennies — Record Prices!
#rarecoin #coincollecting #coincollector #hiddentreasure #coinhunting","The Coin Insider presents an educational tutorial on identifying rare and valuable 1940 and 1955 Lincoln wheat pennies. Through macro close-ups, expert numismatic details, and valuation breakdowns, the creator urges viewers to check their pocket change while warning against the dangers of cleaning rare coins.",America's Hardest-to-Find Wheat Pennies — Record Prices!; 1940; 1955; ONE CENT; UNITED STATES OF AMERICA; E PLURIBUS UNUM; IN GOD WE TRUST; LIBERTY; CapCut logo,Polished Creator,Tutorial,true,yes,,https://www.tiktok.com/@thecoininsider/video/7674422216045513998
coins,coin roll hunting,2026-08-16,2026-10-01,cad_roll_hunter,CAD Roll Hunter,92400,1557,35,354,"You've gotta look for the 2002 ""Dot in H"" Variety! Don't let this one slip past you! #coins #coinrollhunting #canada #toonie #coincollecting #coin #cadrollhunter","A coin roll hunting creator excitedly demonstrates how to identify the rare 2002 Canadian toonie 'Dot in H' die variety, using macro close-up footage to show the error on the coin's obverse.",I pulled out this one here; I flipped it over; It's a 2002; And we're always looking for a die variety; On the 2002 and we found it; This is the 'Dot in H'; And you can see this little dot in the middle of the H; On the obverse; And this one doesn't look to be in terrible shape; It's definitely circulated; It's got a bit of wear; But it's not scratched up; That is a great little variety; The 2002 'Dot in H',Raw UGC,Tutorial,false,yes,,https://www.tiktok.com/@cad_roll_hunter/video/7674617573027302677
coins,wheat penny,2026-08-16,2026-10-02,samso.tiv,Samso tiv,19600,657,95,162,"1943-D Steel Wheat Cent – Estimated Sold Value $275,000! Could This Tiny Penny Be the Hidden Fortune Every Collector Dreams About?","An engaging numismatic short explaining the history and immense potential value of the 1943-D steel wheat cent, designed to captivate coin collectors and casual viewers alike.","1943-D Steel Wheat Cent - Estimated Sold Value $275,000!; Could This Tiny Penny Be the Hidden Fortune Every Collector Dreams About?; $275,000.00; ONE CENT; UNITED STATES OF AMERICA; E PLURIBUS UNUM; IN GOD WE TRUST; LIBERTY; 1943; D",Polished Creator,Documentary,false,yes,,https://www.tiktok.com/@samso.tiv/video/7674672858232114446
coins,coin collecting,2026-08-16,2026-10-01,coinsgallerycollections1,Coinsgallerycollections,16200,309,87,20,"RM 50SEN 
RM7000
#BanknoteCollector #CoinCollecting #CoinCollector #4u #moneycollector","A coin collector posts a POV video showcasing three vintage Malaysian 50-sen coins and offers to buy each one for 4,000, urging viewers to message privately if they possess similar items.","Terjumpa sebis sejarah Malaysia 🇲🇾, RM 50SEN, RM7000",Raw UGC,Review,true,yes,,https://www.tiktok.com/@coinsgallerycollections1/video/7674773931198336264
coins,wheat penny,2026-08-17,2026-10-02,usacoin09,USA Coin Reveal,217100,8218,267,3398,"Which 5 Ultra Rare Lincoln Wheat Pennies Are Worth $1,163,000? #CoinCollecting #WheatPenny #RareCoins #ValuableCoins #CoinTok","A high-retention numismatic tutorial on TikTok warning viewers not to spend potentially valuable Lincoln wheat pennies, utilizing suspenseful narration and detailed macro coin shots.","5 Ultra Rare Lincoln Wheat Pennies Worth $1,163,000! Do NOT Spend These Coins!; part 1",Raw UGC,Tutorial,false,yes,,https://www.tiktok.com/@usacoin09/video/7674984381890530573
coins,rare coins,2026-08-17,2026-10-01,usacoin09,USA Coin Reveal,5406,178,17,80,"Which 5 Ultra Rare Lincoln WheatPennies Are Worth $1,163,000? #CoinCollecting #WheatPenny #RareCoins #ValuableCoins #CoinTok","An educational short-form video by USA Coin Reveal instructing viewers on how to identify a rare 1944 Lincoln Wheat Penny worth hundreds of thousands of dollars, warning against cleaning or spending potential rare finds.","5 Ultra Rare Lincoln Wheat Pennies Worth $1,163,000! Do NOT Spend These Coins!; part 2; IN GOD WE TRUST; LIBERTY; 1944; E PLURIBUS UNUM; ONE CENT; UNITED STATES OF AMERICA",Raw UGC,Tutorial,false,yes,,https://www.tiktok.com/@usacoin09/video/7674984889778834701
coins,rare coins,2026-08-18,2026-10-01,mintvalues,Coin worth USA,19100,548,119,124,"1989-D BLACK WASHINGTON QUARTER! 🚨
Could this dark-colored quarter be worth far more than 25 cents? Some collectors search for unusual Washington Quarters with rare mint errors, while others turn out","An educational TikTok video examining a dark toned 1989-D Washington Quarter, contrasting extreme auction error valuations with normal circulated worth and advising collectors on authentication.","$380,000.00; STANDARD CIRCULATED EXAMPLE THE VALUE REMAINS CLOSELY CONNECTED TO ITS ORDINARY NUMISMATIC STATUS WHILE EXCEPTIONAL EXAMPLES WITH SIGNIFICANT AND AUTHENTICATED CHARACTERISTICS CAN COMMAND MUCH STRONGER PRICES WITH STANDOUT RARE ERROR OR HIGHLY COLLECTIBLE SPECIMENS POTENTIALLY REACHING ONE HUNDRED FIFTY THOUSANDS DOLLARS AND IN EXCEPTIONAL DOCUMENTED CASES EVEN THREE HUNDRED EIGHTY THOUSANDS DOLLARS THE IMPORTANT POINT IS THAT THE MARKET VALUE OF A PARTICULAR COIN MUST BE ESTABLISHED FROM ITS EXACT CHARACTERISTICS AND VERIFIED AUCTION OR SALES EVIDENCE SO COLLECTORS SHOULD FOCUS ON AUTHENTICATION CONDITION RARITY AND DOCUMENTED DEMAND RATHER THAN RELYING ONLY ON A DARK APPEARANCE OR AN ONLINE CLAIM THE BEST WAY TO BUILD KNOWLEDGE AS A WASHINGTON QUARTER COLLECTOR IS TO DEVELOP A HABIT OF CHECKING EVERY INTERESTING COIN CAREFULLY LEARN THE MAJOR MINT MARKS AND DESIGN DETAILS COME FAMILIAR WITH GENUINE MINT ERRORS AND RECOGNIZED VARIETIES STUDY PHOTOGRAPHS OF CERTIFIED EXAMPLES AND KEEP NOTES ABOUT COINS THAT APPEAR UNUSUAL A COIN DOES NOT HAVE TO LOOK PERFECT TO BE FASCINATING AND A CIRCULATED PIECE CAN STILL TELL AN IMPORTANT STORY ABOUT AMERICAN COMMERCE AND COLLECTING HISTORY; CHECK BEFORE YOU SPEND IT",Polished Creator,Tutorial,false,yes,,https://www.tiktok.com/@mintvalues/video/7675181014251015446
coins,coin collecting,2026-08-18,2026-10-01,coinexpert1793,coinexpert1793,319,12,3,,This is part three of the most amazing world Coin collection I have ever handled. Every Coin in this collection is silver.#numismatics #cointok #coincollection #worldcoins #silvercoins,"A numismatist presents part three of their newly acquired world coin collection, systematically walking through silver coins from Denmark, France, Egypt, and other nations while discussing dates, denominations, and historical details.",World Coin Collection Part 3; DENMARK 1681 2 SKILLING; FRANCE 1565 1 TESTON; 1g = .0322 TROY OUNCE; 1 TROY OZ = 31.1035 GRAMS,Raw UGC,Vlog,false,yes,,https://www.tiktok.com/@coinexpert1793/video/7675494122534259982
coins,rare coins,2026-08-19,2026-10-01,coinsxjmqs1,pastor John Henry,4074,60,22,10,"BUY OLD & RARE COINS

HOUSE TO HOUSE IN SOUTH AFRICA!

Are you in possession of valuable or old coins?

We're actively buving coins house to house across South Africa and neighboring countries!

Wheth","Pastor John Henry posts a promotional TikTok ad targeting South African residents who own old and rare coins, offering house-to-house buying services and safe meetups at police stations. The video features a scenic Cape Town opening, rapid b-roll of coin collections and sorting trays, and synchronized text overlays emphasizing security against online scams.","BUY OLD & RARE COINS 
 HOUSE TO HOUSE IN SOUTH AFRICA! 
 Are you in possession of valuable or old coins? 
 We're actively buying coins house to house across South Africa and neighboring countries! 
 Whether you're looking to sell gold coins, Krugerrands, old South African coins-or world coins - we come to YOU! 
 We're available in the following areas: 
 I NEED COINS 
 M6 Cape Town Sea Point 
 M62 Table Mountain Cape Town 
 Curious what your... 
 RARE COIN COLLECTION 
 $300 
 $4300 
 $32400 
 $9100 
 $1000 
 $8000 
 $50 
 $21000 
 $20 
 COINS FROM THE REPUBLIC OF SOUTH AFRICA 
 HOBBY OF KINGS",Raw UGC,Advertisement,true,yes,,https://www.tiktok.com/@coinsxjmqs1/video/7675618363002948885
coins,coin collecting,2026-08-19,2026-10-01,vithunan8,Victor,19200,481,155,56,Coins collection #numismatics #rarecoins #coincollecting #2euro #coin,"A minimalist numismatic showcase featuring a rotating 2002 German 2-euro coin from mint F, targeted at coin collecting enthusiasts on TikTok.",Germany; 2002/F; 2002; EURO,Raw UGC,Tutorial,false,yes,,https://www.tiktok.com/@vithunan8/video/7675713437854485782
coins,numismatics,2026-08-19,2026-10-02,ardito,ardito,50000,1057,79,91,#fyp #viral #numismatics #money #collection favourite Song,"A creator participates in a viral country-listing audio trend by rhythmically flipping through a massive, authentic collection of international paper currency while lip-syncing.",,Raw UGC,Meme,false,yes,,https://www.tiktok.com/@ardito/video/7675764101787700512
coins,silver coins,2026-08-19,2026-10-01,well8802,Parisian Vintage Coins&Medals,7325,130,25,1,"Vintage French Silver Coins Found at a Paris Flea Market — For My Collection 🇫🇷🪙

#VintageCoins
#FrenchCoins
#SilverCoins
#ParisFleaMarket
#Numismatics

Vintage Coins
French Coins
Silver Coins
Pari","A silent, aesthetic showcase of vintage French and Moroccan silver coins found at a Paris flea market, presented through top-down overhead shots and macro coin rotations.",SUBSCRIBE 💕; 20 FRANCS 1933 LIBERTE EGALITE FRATERNITE; REPUBLIQUE FRANCAISE; 5 FRANCS 1875; MAROC 20 FRANCS EMPIRE CHERIFIEN; Vintage French Silver Coins 🇫🇷,Polished Creator,Aesthetic,false,yes,,https://www.tiktok.com/@well8802/video/7675804467048008993
coins,coin roll hunting,2026-08-20,2026-10-01,craigcollects,CraigCollects,7636,100,12,17,"It took 8 rolls to find the most common commemorative coin!
#coinhunt #commemorativecoin #treasure #Numismatics #AustralianCoins","CraigCollects shares a numismatic discovery on TikTok, discussing the surprising difficulty of finding a 1982 Brisbane Commonwealth Games 50-cent coin despite its high mintage of 49.6 million.","It's taken us seven, eight rolls to finally find a Brisbane Commonwealth Games coin from 1982. Which is quite surprising because this is the highest minted commemorative 50c, in fact, the highest minted commemorative coin of any denomination in decimal currency. 49.6 million of these.",Raw UGC,Tutorial,false,yes,,https://www.tiktok.com/@craigcollects/video/7671901666844790036
coins,coin collecting,2026-08-20,2026-10-01,oldcoinexchange1,SouthAfrican old Coin Exchange,6994,123,146,10,#oldcoins Hello! Thank you for reaching out to [Gold Coin Treasure Exchange Company]. We buy old and collectible coins across South Africa. 🇿🇦 Dm on WhatsApp ‪+27 70 716 5944‬,A South African coin buying business uses a direct-to-camera video featuring a storefront and a promise of safe police station meetings to drive potential sellers to WhatsApp.,I buy coins face to face; SA COINS COOPERATION COMPANY THE BEST PLACE TO SELL YOUR COINS FACE TO FACE NOW; TikTok @andre.le.roux21; KERRIN PACKAGING,Raw UGC,Commercial,true,yes,,https://www.tiktok.com/@oldcoinexchange1/video/7676020839149505813
coins,coin collecting,2026-08-20,2026-10-01,metaldetective.fla,Metaldetective Flanders,19800,1251,70,24,I found an extremely rare Roman coin in purchased coin collection 🤩💸🤑 #metaldetecting #metaldetector #minelab #romanempire #coincollecting,"A metal detectorist shares a story about purchasing a 240-piece Roman coin collection and discovering that one coin features a rare 'VAR' countermark associated with General Publius Quintilius Varus, making the single coin worth more than the entire collection.","I BOUGHT THIS; I BOUGHT THIS ROMAN COIN COLLECTION; BUT NOBODY REALISED THAT THERE WAS ONE; THAT IS WORTH MORE THAN WHAT I PAID FOR THE WHOLE COLLECTION; SO NOT TOO LONG AGO; A 240 PIECE ROMAN COIN COLLECTION; AS YOU SEE; IT DOES CONTAIN SOME AMAZING COINS; CAME FROM NORTH METAL DETECTORIST; WHO WANTED TO SELL EVERYTHING THAT HE EVER FOUND; AS I WAS GOING THROUGH THE COLLECTION PIECE BY PIECE; I WAS PRETTY HAPPY WITH MY PURCHASE; THEN I WAS EXAMINING THIS ONE; AT FIRST GLANCE; THIS LOOKS LIKE A REGULAR AS FROM EMPEROR AUGUSTUS; WITH THE ALTAR OF LUGDUNUM; WHEN I SUDDENLY NOTICED; THIS COUNTERMARK; IT SAYS VERY CLEARLY 'VAR'; THIS COIN COMES FROM NONE OTHER; LESS THAN THE FAMOUS GENERAL PUBLIUS QUINTILIUS VARUS; IT IS INDEED THE GUY; WHO WAS SLAUGHTERED AT TOTUSBURG FOREST BY THE CELTS; THERE ARE ONLY 1,000 OF THESE COINS IN THE WORLD; AND WHAT MAKES THIS ONE EVEN MORE; THIS ONE'S COUNTERMARK IS ON THE BACK; ONLY 50 LIKE THIS ONE ARE KNOWN TO EXIST; BY LOOKING AT SOME AUCTION RESULTS; IT IS CLEAR THAT THIS COIN IS WORTH; MINIMUM OF THOUSAND FIVE; SO SOMETIMES YOU JUST HAVE TO BE LUCKY; RIGHT?",Raw UGC,Storytime,false,yes,,https://www.tiktok.com/@metaldetective.fla/video/7676120111840824598
coins,coin collecting,2026-08-20,2026-10-01,kingofthecheapdat,KingOfTheCheapDate,5035,147,22,11,Always great to see coin enthusiasts proud of their collection. This clip is  from our coin show in Fort Lauderdale. I make a point to interview our guests coming and going. This Sunday we had a numbe,A short-form video from KingOfTheCheapDate spotlighting a young collector showing off his silver and coin acquisitions at a Fort Lauderdale coin show.,Spotlight on a Young Coin Collector; COIN SHOWS IN FLORIDA; 1934 LINCOLN CENT; $5.00; TROY OZ .999 SILVER; PROSPECTORS GOLD & GEMS; SOUTH FLORIDA COIN SHOWS; GOLD COAST COIN CLUB; FORT LAUDERDALE COIN CLUB; PALM BEACH COIN CLUB,Raw UGC,Vlog,false,yes,,https://www.tiktok.com/@kingofthecheapdat/video/7676159389039955230
coins,wheat penny,2026-08-20,2026-10-02,mintvalues,Coin worth USA,30100,1078,141,324,"💰1944 Wheat Penny Worth Up to $408,000? Check Your Pocket Change! 🪙🇺🇸 Some rare 1944 Wheat Pennies, especially the famous 1944 Steel Cent error, have sold for incredible amounts. Don't spend your ","An educational short examining the potential value of a 1944 Lincoln wheat penny, combining macro-level visual inspection with expert narration explaining the conditions required for high-end auction valuations.","$400,000.00; ONE CENT; UNITED STATES OF AMERICA; E PLURIBUS UNUM; IN GOD WE TRUST; LIBERTY; 1944; CHECK YOUR CHANGE BEFORE YOU SPEND IT",Polished Creator,Tutorial,false,yes,,https://www.tiktok.com/@mintvalues/video/7675986069732510998
coins,(not in thumbnail),2026-08-20,2026-10-01,diggindave_,Diggin Dave,15000,624,14,34,"What's in this Roll of Pennies?

#coinrollhunting #coincollecting #tiktokshop #coins #pennies",,,,,,no,,https://www.tiktok.com/@diggindave_/video/7676235681160498462
coins,coin collecting,2026-08-21,2026-10-01,mintvalues,Coin worth USA,21900,463,78,119,"💰1942 UK Half Penny – Rare World War II Coin Worth Checking! 🇬🇧🪙 Some 1942 Half Pennies can attract collector interest due to their age, condition, and historical significance during the Second Wo","A short-form numismatic video by Coin worth USA showcasing a 1942 UK half penny coin and claiming astronomical auction values of up to $339,000 to encourage viewers to inspect their own pocket change.","CHECK YOUR CHANGE!;
$339,000.00;
GEORGIUS VI D:G:BR:OMN:REX F:D:IND:IMP;
HALF PENNY;
1942;
collector's price pieces that retain visible design detail despite extensive wear and fine stories of everyday life encapsulated within each nick and rust spot furthermore auctions and collector forums elevate interest in 1942 half pennies that exhibit unusual aesthetic qualities or provenance often driving bidding activity during sales;
The appetite for classic British coins remains strong among international collectors and this sustained interest contributes to the ongoing market value for well preserved or historically significant examples;
The market value of a 1942 United Kingdom half penny varies widely based on condition grade and selling venue an average auction results a circulated example might fetch roughly around $339,000 with some records showing sales around that level at major auction houses;
This average reflects data collated from CoinMarket Archives and auction records where collectors bid on pieces similar to the 1942 half penny;
Historical sales show that more pristine coins graded by professional services have achieved higher prices with one certified specimen selling for $468,000 in earlier auctions",Raw UGC,Inform,false,yes,,https://www.tiktok.com/@mintvalues/video/7675987265121832214
coins,silver coins,2026-08-21,2026-10-01,coinexpert1793,coinexpert1793,376,12,7,,"World coins collect part 6! All coins are silver, all coins are old! Old world coins!#numismatics #cointok #oldcoins #worldcoins #coin","A numismatist shares part 6 of an extraordinary world coin collection, highlighting rare and valuable silver coins from countries like Mexico, Netherlands, and Peru while sorting through double-row storage boxes.","World Coins Part 6; MEXICO 1928, 1935 1 PESO; MEXICO 1950, 1967 25 CENTAVOS; MEXICO 1898, 1909 1 PESO; NETHERLANDS 1756 1753 1757 1/2 GULDEN; NETHERLANDS 1739 1739A 1 DAALDER; NETHERLANDS 1597 1641 1 DAALDER; PERU 1791 1803 2 REALES; PERU 1871 1921 4 REALES; PERU 1890 1917 1/2 DINERO; PERU 1922 1935 1/4 SOL; PERU 1890 1847 8 REALES; PERU 1880 5 PESETAS; PHILIPPINES 1865 1868; P, W, N, S alphabetical index markers.",Raw UGC,Vlog,false,yes,,https://www.tiktok.com/@coinexpert1793/video/7676313493552860430
coins,silver coins,2026-08-21,2026-10-01,aliboy36216,pastor,21400,532,367,104,"THESE 1/2 c 1c 2 c 5 c 10 c 20c 50c AND

THE SILVER R1 COIN SETS WERE STRUCK AS PART OF THE SECOND DECIMAL ISSUE 1965 - 1990. IN 1962 IT WAS ANNOUNCED THAT A CHANGE IN SIZE, DESIGN AND METAL CONTENT O","An older creator delivers an urgent, trust-based request regarding coin purchases while showcasing a green-screen overlay of historical South African second decimal issue coins from 1965 to 1990.","THESE 1/2 c 1c 2 c 5 c 10 c 20c 50c AND THE SILVER R1 COIN SETS WERE STRUCK AS PART OF THE SECOND DECIMAL ISSUE 1965 - 1990. IN 1962 IT WAS ANNOUNCED THAT A CHANGE IN SIZE, DESIGN AND METAL CONTENT OF COINS WAS BEING CONSIDERED. THIS WAS PRIMARILY DUE TO THE INCREASE IN THE PRICE OF SILVER. VARIOUS PATTERNS WERE STRUCK FOR CONSIDERATION BY THE PARLIMENTARY COMMITTEE INVESTIGATING THIS AS THE INCREASED USE OF COIN AUTOMATION MACHINES REQUIRED LONG TERM USE OF THE COIN TYPES CHOSEN",Raw UGC,Opinion,false,yes,,https://www.tiktok.com/@aliboy36216/video/7676387027717213447
coins,rare coins,2026-08-21,2026-10-01,mintvalues,Coin worth USA,44800,1137,261,149,"🔥 TOP 5 RARE USA COINS 🇺🇸🪙
3 Wheat Pennies and 2 Washington Quarters that could be worth serious money! 💰🔎 Check your old coins, pocket change, jars, and collections—you never know what hidden t","A fast-paced, high-energy TikTok video counting down five rare U.S. coins from everyday change that could theoretically be worth hundreds of thousands of dollars, designed to capture viewer attention through sensational financial valuations.","TOP 5 RARE USA COINS; CHECK YOUR CHANGE!; FESSIONAL AUTHENTICATION; CHECK BEFORE YOU SPEND IT; $430,000.00; $420,000.00; $400,000.00; THIRD RARE USA COIN; FORTH RARE USA COIN; FIFTH RARE USA COIN",Polished Creator,Tutorial,false,yes,,https://www.tiktok.com/@mintvalues/video/7676338310289132822
coins,rare coins,2026-08-21,2026-10-01,malcolm.ashby,Malcolm Ashby,16800,715,28,130,Which 17 Rare & Valuable Coins Could Be Worth Thousands Of Dollars? #RareCoins #CoinCollecting #Numismatics #TreasureHunt #PocketChange,"An expert coin valuer outlines rare and valuable coins that could be found in everyday circulation, detailing specific mint marks and auction sale prices while promoting his comprehensive collectibles price guide.",17 Rare & Valuable Coins That Could Be Worth Thousands Of Dollars (Don't Spend Them); part 1; 17 rare coins you should never spend in 2026; Sotheby's; Ashby's Household & Collectibles Price Guide 2027; Scan Me; Get your guide at: www.MalcolmAshby.com; #17 2019-2020 W QUARTERS; 10M Tiny beside normal quarter mintages; $100s A 25-cent coin worth a hundred,Polished Creator,Tutorial,true,yes,,https://www.tiktok.com/@malcolm.ashby/video/7676470981556292895
coins,silver coins,2026-08-22,2026-10-01,srqantiquesllc,SRQ ANTIQUES,68800,1487,52,26,"watch us chaotically try and open up an old coin bank we got out of a storage locker this week. Who would have though the coins would actually be old!

#antique #vintage #coins #silvercoins #storagewa","An antique reseller captures the chaotic process of opening a vintage mechanical coin bank found in a storage locker, surprising themselves and viewers with a massive haul of 1964-and-earlier silver coins.","NICKELS DIMES QUARTERS; AMOUNT DEPOSITED DOLLARS - CENTS; UNCLE SAM'S 3 COIN REGISTER BANK; READ DIRECTIONS ON BACK; TOY & NOVELTY CORPORATION 175 ESSEX STREET HACKENSACK NEW JERSEY; totals: 3 - half dollars, 54 - quarters, 9 - dimes, 7 - nickels, all 1964 and earlier",Raw UGC,Vlog,false,yes,,https://www.tiktok.com/@srqantiquesllc/video/7676639533575736607
coins,coin collecting,2026-08-22,2026-10-01,tydsfs222,tydsfs222,14300,323,7,17,Deep Dive Roll Hunt Quarters #coincollecting #coinrollhunting #numismatics #usatiktok,"A coin roll hunting creator walks viewers through a live search of a $10 roll of quarters, identifying notable dates, mint errors, and specific designs while offering numismatic valuations and educational tips.","FIRSTSTRIKE, PCGS MS64, Washington Signed 1st Patent, 2018 S, DISTRICT OF COLUMBIA, PUERTO RICO, GUAM, AMERICAN SAMOA, VIRGIN ISLANDS, NORTHERN MARIANA ISLANDS, $10 QUARTERS $10, COIN ROLL TREASURES, 2024-P Zitkala-Sa Mintage: 152M Common - not low mintage, Ebay Last Sold: $1-$3.5, 2024-P Zitkala-Sa, 2024-P, 1976-P Bicentennial Mintage: 809M Ebay Last Sold: Face Value, 2025-P Stacey Park Milbern Mint Mintage: 94.8M, Like and follow! Share what you enjoy collecting, Deep Dive Roll Hunt! Quarters #17",Polished Creator,Tutorial,false,yes,,https://www.tiktok.com/@tydsfs222/video/7676924427992435982
coins,rare coins,2026-08-22,2026-10-01,rarecoins72,RARE COINS,758,9,2,3,"THESE 1/2 c 1c 2 c 5 c 10 c 20c 50c AND THE SILVER R1 COIN SETS WERE STRUCK AS PART OF THE SECOND DECIMAL ISSUE 1965-1990. IN 1962 IT WAS ANNOUNCED THAT A CHANGE IN SIZE, DESIGN AND METAL CONTENT OF C",An educational video by a rare coin creator presenting estimated values for vintage South African coins while narrating the historical background of coinage and banknote evolution.,"SOUTH AFRICA COIN VALUE ESTIMATED 2026 VALUES • Do You Have Any of These Coins? MANDELA 5 RAND COIN 2018 Commemorative Coin VALUE R1,000,000 Depending on Condition KRUGER 1 RAND COIN 1967 Bronze Coin VALUE R1,000,000 Depending on Condition 1 RAND COIN 1966 Silver Coin VALUE R1,000,000 Depending on Condition 5c COIN 1963 Nickel Coin VALUE R1,000,000 Depending on Condition 20c COIN 1982 Bronze Coin VALUE R1,000,000 Depending on Condition 2c COIN 1961 Bronze Coin VALUE R1,000,000 Depending on Condition GOLD COIN 1961 Gold Coin VALUE R1,000,000 Depending on Condition SOUTH AFRICAN CROWNS OLD COINS ARE WORTH MILLIONS - DON'T SPEND THEM - CHECK THEIR VALUE! VALUE DEPENDS ON CONDITION, RARITY & DEMAND",Polished Creator,Informational,false,yes,,https://www.tiktok.com/@rarecoins72/video/7676945303936748821
coins,silver coins,2026-08-22,2026-10-01,mr.stassen.albert8,MR STASSEN ALBERTUS,8794,142,66,21,"THESE 1/2 c 1c 2 c 5 c 10 c 20c 50c AND THE SILVER R1 COIN SETS WERE STRUCK AS PART OF THE SECOND DECIMAL ISSUE 1965 - 1990. IN 1962 IT WAS ANNOUNCED THAT A CHANGE IN SIZE, DESIGN AND METAL CONTENT OF","A financial creator pitches an in-person coin buying service at ABSA Bank for South African second decimal issue coins minted between 1965 and 1990, promising zero fees and direct messaging engagement.","THESE 1/2 c 1c 2 c 5 c 10 c 20c 50c AND THE SILVER R1 COIN SETS WERE STRUCK AS PART OF THE SECOND DECIMAL ISSUE 1965 - 1990. IN 1962 IT WAS ANNOUNCED THAT A CHANGE IN SIZE, DESIGN AND METAL CONTENT OF COINS WAS BEING CONSIDERED. THIS WAS PRIMARILY DUE TO THE INCREASE IN THE PRICE OF SILVER. VARIOUS PATTERNS WERE STRUCK FOR CONSIDERATION BY THE PARLIMENTARY COMMITTEE INVESTIGATING THIS AS THE INCREASED USE OF COIN AUTOMATION MACHINES REQUIRED LONG TERM USE OF THE COIN TYPES CHOSEN; BRING YOUR COINS HERE AT ABSA BANK, FACE-TO-FACE DEAL AND NO FEE. MESSAGE ME NOW.",Polished Creator,Inform,true,yes,,https://www.tiktok.com/@mr.stassen.albert8/video/7676947713715391752
coins,numismatics,2026-08-22,2026-10-02,marcg_jeffgarrett,marcg_jeffgarrett,14300,307,22,11,Here it is! THE BIG ANNOUNCEMENT! Drum roll please…….🤯 #numismatics #silverdollars #morgandollar #mysterybag #rarecoins,A coin expert excitedly announces an upcoming live unboxing event at the ANA convention featuring 75-year-old sealed bags of silver dollar coins.,Created with OpusClip; OpusClip; WHAT'S REALLY NEAT ABOUT THIS DEAL AND ALSO THE MAJOR ANNOUNCEMENT TODAY IS THERE'S 3 BAGS OF DOLLARS SILVER DOLLARS HERE THAT HAVE NOT BEEN OPENED SO THIS DEAL THIS BAG WAS SEALED THE DATE ON THE ON THE TAG IS LIKE 1950 OVER 75 YEARS THIS BAG HAS NEVER BEEN OPENED I DON'T EVEN KNOW WHAT DATE COINS ARE IN HERE MOST OF THESE COINS ARE 1982 EIGHTY THREE AND EIGHTY FOUR AND EIGHTY FIVE AND EIGHTY SIX PAYMENTS SO THAT'S WHAT I WOULD EXPECT IT PROBABLY BE IN HERE BUT WE REALLY DON'T KNOW SO IT'S KIND OF A MYSTERY BUT WHAT THE EXCITING PART IS I PLAN ON BRINGING AT LEAST ONE OF THE BAGS TO THE ANA CONVENTION AND ON THURSDAY OR FRIDAY WE ARE GOING TO OPEN ONE OF THE BAGS LIVE WE'RE GOING TO FILM IT SO IF YOU'VE NEVER SEEN AN ORIGINAL SEALED BAG FOR 75 YEARS A MORGAN DOLLARS I HOPE THEY'RE MORGAN DOLLARS NOT NUT PIECE DOLLARS OPENED UP YOU'LL HAVE A CHANCE TO SEE THAT AND WITNESS IT WITH ME AND SEE THE EXCITEMENT OF WHAT THE TONE CARN TONE COINS ARE WHAT'S IN HERE IS TOTALLY TOTALLY A MYSTERY THERE'S 3 BAGS THEY HAVE LEAD SEALS ON THEM AND THESE THINGS HAVE BEEN LIKE A LITTLE TIME CAPSULE SO IT'S REALLY REALLY A FUN THING,Raw UGC,Personal-update,false,yes,,https://www.tiktok.com/@marcg_jeffgarrett/video/7676974754502413599
coins,silver coins,2026-08-23,2026-10-01,thecanadiancoinbroker,The Canadian Coin Broker,21200,485,24,107,"🥈 Check your old Canadian quarters before you spend them! 🇨🇦

Some contain a LOT more silver than others:

🪙 1870–1919: 92.5% silver
🪙 1920–1966: 80% silver
🪙 1967: 80% or 50% silver
🪙 1968: 50","A coin expert educates viewers on how to identify silver-containing Canadian quarters based on their mint years and magnetic properties, encouraging engagement by asking about their oldest finds.",@TheCanadianCoinBroker; How much Silver is in my change?; 1870-1919; 92.5%; 1920-1966; 80%; 1967; 80% or 50%; 1968; 50% possible; thanks FOR watching,Polished Creator,Tutorial,false,yes,,https://www.tiktok.com/@thecanadiancoinbroker/video/7677028257249643794
coins,rare coins,2026-08-23,2026-10-01,rarecoins72,RARE COINS,299,14,3,,"Creator THESE 1/2 c 1c 2 c 5 c 10 c 20c 50c AND THE SILVER R1 COIN SETS WERE STRUCK AS PART OF THE SECOND DECIMAL ISSUE 1965-1990. IN 1962 IT WAS ANNOUNCED THAT A CHANGE IN SIZE, DESIGN AND METAL CONT","An educational short-form video featuring a numismatic creator discussing the history and high potential valuation of South African banknotes, prompting viewers to check their collections and visit the creator's bio.","SOUTH AFRICA NOTE VALUES; DO YOU HAVE ANY AWAY OF THESE NOTES?; 2 RAND NOTE (1986); R1,000,000; Depending on Condition; 5 RAND NOTE (1989); 10 RAND NOTE (1990); 20 RAND NOTE (1991); 50 RAND NOTE (1992); NOTES ARE WORTH A LOT OF MONEY!; CHECK IT - CHECK YOUR COLLECTION NOW!; CHECK MY BIO MESSAGE ME ON WHATSAPP",Polished Creator,Informational,true,yes,,https://www.tiktok.com/@rarecoins72/video/7677093906923654420
coins,(not in thumbnail),2026-08-23,2026-10-01,azcoinhunters,azcoinhunters,1432,40,,2,"$2 roll, 25 chances! 🪙 Look, a 2022 ""A"" Commonwealth Games $2 coin! 🇦🇺
This one's part of a 3-coin set (A, U, S) released to celebrate the Aussie Team heading to the Birmingham 2022 Commonwealth Ga",,,,,,no,,https://www.tiktok.com/@azcoinhunters/video/7677165228685118728
coins,coin roll hunting,2026-08-23,2026-10-01,tydsfs222,tydsfs222,2616,54,1,2,Speed roll Hunt! 23 #coincollecting #coinrollhunting #numismatics #uscoins #usatiktok,"A creator speeds through a roll of US dollar coins, identifying notable mint years and low-mintage pieces like a 1980-S Susan B Anthony and a 2005-P Sacagawea.","SPEED ROLL HUNT! DOLLAR COINS #23; WHAT TO LOOK FOR!; WIDE RIM ERROR; SBA 80-S, 81S, 99S; CHEERIOS WOUNDED EAGLE; SACAGAWEA 2002-2008 NIFC; PRESIDENTIAL 2012-2020 NIFC; NATIVE INDIAN 2012-PRESENT NIFC; INNOVATION 2018-PRESENT NIFC; 1980-S SUSAN B ANTHONY MINTAGE: 20.4M; 2005-P NIFC SACAGAWEA MINTAGE: 2.5M; 1980-P SUSAN B ANTHONY MINTAGE: 27.6M; LIKE AND FOLLOW!",Raw UGC,Tutorial,false,yes,,https://www.tiktok.com/@tydsfs222/video/7677186557773712653
coins,coin collecting,2026-08-23,2026-10-01,kevin123_508,Charles Kevin,43600,811,230,230,#germany #münzen #coinscollection #fypgermany🇩🇪 #goviral,"A coin collecting short featuring a macro presentation of a 1950 Germany 10 Pfennig coin paired with a bold 130,000 euro valuation hook and reference document background.","1950 Germany 10 Pfennig Coin; €130,000; Website: MA-S...; A: Berlin; B: Vienna; D: Munich; E: Muldenhuetten; F: Stuttgart; G: Karlsruhe; J: Hamburg",Raw UGC,Tutorial,false,yes,,https://www.tiktok.com/@kevin123_508/video/7677241829053435169
coins,wheat penny,2026-08-23,2026-10-02,antonio.coins.and,Antonio Coins and Bills,652,23,6,6,#numismatics #coin #collection #coins #wheatpenny @Teofilo coins @teofilo1 coins,"A numismatics creator reviews a vintage 1909-1929 Dansco Lincoln Penny album bought from another TikTok seller, detailing key dates, mint marks, error features, and estimated catalog values for individual wheat pennies.",LINCOLN PENNY ALBUM 1909-1929; DANSCO; 1909-S; 1909-V.D.B.; 1909-S-V.D.B.; 1910; 1911; 1911-S; 1911-D; 1912; 1912-D; 1912-S; 1913; 1913-S; 1913-D; 1914; 1914-S; 1914-D; 1915-D; 1916; 1919; 1919-S; 1919-D; 1920-D; 1921; 1921-S; 1922-D; 1923; 1923-S; 1924; 1924-S; 1924-D; 1925; 1925-S; 1925-D; 1926; 1926-S; 1926-D; LINCOLN MEMORIAL COINS; $12; This album is designed for your Coin Collection...,Raw UGC,Review,false,yes,,https://www.tiktok.com/@antonio.coins.and/video/7677306779906313485
coins,silver coins,2026-08-23,2026-10-01,coinszhistory,CoinszHistory,86700,1642,449,680,"🇮🇹🪙 Have this 1978 Italian silver coin? We’re interested in buying it! 💰
📩 Send us clear photos of your coins and we’ll take a look.
#WeBuyCoins #OldCoins #ItalianCoins #SilverCoins #CoinCollecto","A short promotional video from a coin buyer displaying an Italian 1978 coin with an exaggerated price tag of 180,000 euros, prompting users to submit photos of their own coins.","🇮🇹 Italian Classic 
 Silver Old Coin 1978 R 
 100 lires 🪙🪙 
 €180.000.00 
 🇮🇹🪙 Have this 1978 Italian silver coin? We’re interested in buying it! 💰 
 📩 Send us clear photos of your coins and we’ll take a look.",Raw UGC,Meme,true,yes,,https://www.tiktok.com/@coinszhistory/video/7677377857844448532
coins,rare coins,2026-08-24,2026-10-01,dansdollarss,Dans Dollars,61100,1633,473,347,"500,000,000 UK 2006 1 ONE PENNY COIN VALUE ELIZABETH II #COIN #FYP #rarecoins #coincollecting #elizabeth","Creator Dans Dollars explains the 2006 UK one-penny coin mintage of 500 million, advising viewers not to overpay for common circulation coins online.","500,000,000; UK 2006 1 ONE PENNY COIN VALUE ELIZABETH II; ELIZABETH II D G REG F D 2006; ONE PENNY",Raw UGC,Tutorial,false,yes,,https://www.tiktok.com/@dansdollarss/video/7677509351182961942
coins,coin roll hunting,2026-08-24,2026-10-01,azcoinhunters,azcoinhunters,897,40,3,2,"$1 roll, 20 chances! 🪙 Found a 2001 Centenary of Federation $1! 🇦🇺 Struck to mark 100 years since the six colonies united to form the Commonwealth of Australia, this design was created by Wojciech ",A creator demonstrates how to check Australian one-dollar coins for rare rotation minting errors and walks through various commemorative coin editions found in a currency roll.,,Raw UGC,Tutorial,false,yes,,https://www.tiktok.com/@azcoinhunters/video/7677690874406472977
coins,rare coins,2026-08-24,2026-10-01,mrchristianwilliams6,Mr Christian Williams 🪙,5393,135,91,20,#CoinBuyer #WeBuyCoins #RareCoins #OldCoins #CoinCollection,"A coin buyer releases a public service announcement video on TikTok warning his followers and customers that scammers are using his photograph to commit fraud, clarifying that he only conducts transactions face-to-face with no fees.",REASON WHY I AM DOING THIS VIDEO BECAUSE MANY SCAMMER ARE USING MY PICTURE TO SCAM MY CUSTOMER THAT IS NOT ME BECAUSE I ONLY BUY COINS FACE TO FACE WITH NO FEES,Raw UGC,Personal-update,false,yes,,https://www.tiktok.com/@mrchristianwilliams6/video/7677738342485708052
coins,silver coins,2026-08-25,2026-10-01,everydaydetectorist,everydaydetectorist,221000,2296,76,49,"Every find tells a story, but some take a little extra patience to uncover.  
I picked up this heavy concretion on a beach hunt expecting a weathered pre-decimal copper penny. But after a careful sess","An everyday metal detectorist demonstrates the delicate cleaning and restoration of an encrusted beach find, revealing it to be a 1960 Australian Silver Florin after initial misidentification as a penny. The video combines satisfying ASMR scraping visuals with a narrative about beach history and patience.","I couldn't have been more wrong; I thought the coin covered in debris was a penny; But actually it was a silver coin; Did you see the reeded edge?; I set about trying to remove as much as I possibly could without damaging the coin; And I was more than a bit surprised that it was so easy to get off; Okay let's brush it off and turn it over; Nice; Did you see the reverse imprint the coin made?; Now this tool you need to be really careful with; It's just a case of steady as she goes; Just take your time; You'll get there; Then all of a sudden, yes it's off; All of those crisp lines you'd expect on a coin are gone; That's the results of 50 years underwater; everyday detectorist logo",Raw UGC,Tutorial,false,yes,,https://www.tiktok.com/@everydaydetectorist/video/7677763367515229447
coins,coin collecting,2026-08-25,2026-10-01,dansdollarss,Dans Dollars,322000,7435,1144,1084,"350,000,000 UK 1989 2 TWO PENCE COIN VALUE ELIZABETH II #COIN #FYP #rarecoins #coincollecting #kingcharles","A coin collecting creator breaks down the mintage, history, and valuation of the 1989 UK two pence coin, explaining that despite 350 million being minted, viewers should watch out for rarer variants.","350,000,000; UK 1989 2 TWO PENCE COIN VALUE ELIZABETH II; #COIN #FYP #rarecoins #coincollecting #kingcharles",Raw UGC,Tutorial,false,yes,,https://www.tiktok.com/@dansdollarss/video/7677986864103509270
coins,numismatics,2026-08-25,2026-10-02,the_coin_vandal,The Coin Vandal,1100000,7440,161,227,Hand carved Morgan dollar with gold inlay #numismatics #thecoinvandal #viral #fyp #cool,"An artisan demonstrates the meticulous process of hand-carving a Grateful Dead Steal Your Face design with gold inlay onto an 1881 Morgan silver dollar, presented as an engaging, satisfying macro time-lapse video.",Steal Your Face; E PLURIBUS UNUM; 1881; LOCK; FRIC; HEXAGON TOOLS,Raw UGC,Tutorial,false,yes,,https://www.tiktok.com/@the_coin_vandal/video/7678032080328117525
coins,(not in thumbnail),2026-08-27,2026-10-01,coincollecting_detecting,Michael,14500,734,22,18,"Let’s Get Straight Into This Roll And Search These Coins For Value - Follow For More 
#fun #coinsearch #interesting #calming #goodtimes",,,,,,no,,https://www.tiktok.com/@coincollecting_detecting/video/7678607682554760469
coins,rare coins,2026-08-28,2026-10-01,mintvalues,Coin worth USA,12700,495,60,195,"Biggest risk: don’t claim the 2000 South Carolina P quarter is automatically rare or worth a huge amount—most are common. The hook should focus on checking condition and errors.
5 Hashtags:
#SouthCaro",A coin collecting creator uses sensationalist valuation claims about a 2000 South Carolina quarter to capture viewer attention and drive engagement on TikTok.,"CHECK YOUR CHANGE!; UNITED STATES OF AMERICA; IN GOD WE TRUST; LIBERTY; P; QUARTER DOLLAR; SOUTH CAROLINA; 1788; THE PALMETTO STATE; 2000; E PLURIBUS UNUM; $75,000",Raw UGC,Opinion,false,yes,,https://www.tiktok.com/@mintvalues/video/7678627977181105430
coins,rare coins,2026-08-28,2026-10-01,usacoin09,USA Coin Reveal,132500,3847,141,1159,The Legendary 1-Cent Coin That Shattered Every Auction Record #RareCoins #CoinCollecting #Numismatics #HiddenTreasures #ValuableFinds,"An educational video detailing the history, grading, and staggering auction value of rare 1943 and 1945 Lincoln wheat pennies.",The Legendary 1-Cent Coin That Shattered Every Auction Record; part 1; ONE CENT; UNITED STATES OF AMERICA; E PLURIBUS UNUM; IN GOD WE TRUST; LIBERTY; 1943; 1945,Polished Creator,Tutorial,false,yes,,https://www.tiktok.com/@usacoin09/video/7678990378070035726
coins,silver coins,2026-08-28,2026-10-01,treasurenick,Treasure Nick,575600,25700,645,1532,"Who clipped the edge of these silver coins 300 years ago??
All these coins are now available on my website in my bio!!! Very limited amount available!!

#treasurehunting #history #treasure","Creator Treasure Nick explores the history of clipped Spanish colonial silver coins known as cobs from 300 years ago, debunking clipping myths before pitching the sale of authentic pieces available on his website.","Cobs, 1700, 1675, 1707",Raw UGC,Storytime,true,yes,,https://www.tiktok.com/@treasurenick/video/7679065318853004558
coins,numismatics,2026-08-28,2026-10-02,marcg_jeffgarrett,marcg_jeffgarrett,17200,842,315,65,"Checking in from the WFOM Pittsburgh! Mid American is having a great show. It’s always wonderful to see old friends, make new ones, and enjoy our hobby! Come see us at table 1213! #numismatics #rareco","A veteran coin dealer records an enthusiastic vlog update from the World's Fair of Money in Pittsburgh, detailing strong sales, industry hall of fame induction, upcoming podcast appearances, and convention highlights.","Mid-American Rare Coin Gallery, 1213, CONVENTION SPONSOR, NGC, Jeff C. Garrett, PCGS CoinFacts Coin Dealer Hall of Fame, Dealer Career 1974 to Present Inducted 2025, P.N.G, THE OFFICIAL RED BOOK, SILVER DOLLAR BAG REVEAL, A Never-Before-Opened Bag of Silver Dollars!, Live at the World's Fair of Money in Pittsburgh, Thursday, August 27, 2:00 PM, At the NGC Table, BE THERE FOR THE, SARASOTA RARE COIN GALLERY, INC., Mid-American Ancients",Raw UGC,Vlog,true,yes,,https://www.tiktok.com/@marcg_jeffgarrett/video/7679074503288294687
coins,wheat penny,2026-08-28,2026-10-02,claires_coin_hunt,Silver & Cents,56500,73,,3,"Penny roll, take two 🪙 Wheat hunting continues.
 #CRH #wheatpenny #errorcoin #fyp #coinrollhunting","A coin roll hunting creator films a second attempt at searching a roll of US pennies, spots a potential 2000 Wide AM error coin under a microscope, sorts the copper pennies, and asks viewers for their opinion in the comments.","Hi guys, welcome back to Silver and Cents where we are hunting a roll of pennies today; Nothing off the bat, let me run through 'em, pull out any coppers, any finds; Well, we got an interesting one here. I think that back coin is the 2000s wide am. It's like an 85 normal. So that might be worth a pretty penny. Pun intended; Alrighty, nothing else too exciting. Pretty sure that this is a wide am variety; It is a Philly 2000. You guys tell me; Also a pretty little stack of coppers. Nothing else exciting. Thank you all for tuning in. I'll see you in the next one. Peace",Raw UGC,Vlog,false,yes,,https://www.tiktok.com/@claires_coin_hunt/video/7678127624815725838
coins,coin collecting,2026-08-29,2026-10-01,dansdollarss,Dans Dollars,249200,5347,959,853,"500,000,000 UK 1993 2 TWO PENCE COIN VALUE ELIZABETH II #COIN #FYP #coincollecting #rarecoins #elizabeth","A coin collecting creator uses a macro POV shot of a 1993 UK two-pence coin to explain that while the 1993 version is a common face-value coin with 500 million minted, viewers should check for the rare 1983 'new pence' error version worth £1,000.","500,000,000; UK 1993 2 TWO PENCE COIN VALUE ELIZABETH II",Raw UGC,Tutorial,false,yes,,https://www.tiktok.com/@dansdollarss/video/7679418599798361366
coins,silver coins,2026-08-29,2026-10-01,coinsbuyer313,coins buyer 111,8779,321,239,101,"THESE 1/2 c 1c 2 c5 c 10 c20 c50 AND THE SILVER R1 COINS SETS WERE STRUCK AS PART OF THE SECOND DECIMAL ISSUE 1965-1990.IN 1962 ΤΟ WAS ANNOUNCED THAT A CHANGE IN SIZE, DESIGN AND METAL CONTENT OF COIN",A numismatic content creator delivers an urgent warning on TikTok to South African coin sellers about advance-fee scams where fake buyers demand upfront fees.,"THE ONLY ADVICE I CAN GIVE YOU RIGHT NOW IS THIS, IF YOU ARE THE ONE SELLING YOUR COINS, HOW CAN YOU BE THE ONE PAYING MONEY BEFORE SELLING THEM? PLEASE TAKE A MOMENT TO THINK ABOUT THAT. WE ARE TRIED OF SCAMMER TRYING TO DESTROY THIS COINS BUSINESS. MANY PEOPLE HAVE LOST MILLIONS BECAUSE OF FAKE BUYER WHO KEEP ASKING FOR DIFFERENCE FEES BEFORE COMPLETING THE DEAL. PLEASE BE CAREFUL. A REAL BUYER WILL NOT ASK SELLER TO PAY MONEY BEFORE PICKING UP THE COINS.; listen carefully; THESE 1/2 c 1c 2 c5 c 10 c20 c50 AND THE SILVER R1 COINS SETS WERE STRUCK AS PART OF THE SECOND DECIMAL ISSUE 1965-1990.IN 1962 TO WAS ANNOUNCED THAT A CHANGE IN SIZE, DESIGN AND METAL CONTENT OF COINS WAS BEING CONSIDERED. THIS WAS PRIMARILY DUE TO THE INCREASED. IN THE PRICE OF SILVER. VARIOUS PATTERNS WERE STRUCK FOR CONSIDERATION BY THE PARLIAMENTARY COMestraptec bank INVESTIGATING THIS PARLIAMENTARY THE INCREASED USE OF COINS LONG TERMS USE OF THE AUTOMATION MACIHNE REQUIRED COMMITTEE INVESTIGATING THIS AStomers COIN#fypviralシviral vira#southmandelacolougedelacolouge #southafrica #fy",Raw UGC,Opinion,false,yes,,https://www.tiktok.com/@coinsbuyer313/video/7679448248687398165
coins,coin collecting,2026-08-29,2026-10-01,luxerestock0,Luxe Restock,15200,386,2,10,"coin collection 
#vending #vendingmachinebusiness #coin","A creator opens a coin pusher arcade machine inside a laundromat to review its five-day earnings, discussing operational modifications, security features, and profit margins.","SMILE! YOU'RE ON CAMERA; MASTER CRAFT SAND washed, graded & dried (27.2 KG); SAFETY SWITCH",Raw UGC,Vlog,false,yes,possible off-topic,https://www.tiktok.com/@luxerestock0/video/7679559965060730143
coins,rare coins,2026-08-29,2026-10-01,nauvoocoins,nauvoocoins,2143,147,18,5,"1878-S US Trade Dollar

#silvercoin #numismatics #rarecoins #oldcoins","A silent, high-detail visual showcase of an authentic 1878-S US Trade Dollar silver coin, targeting numismatics enthusiasts on TikTok.","IN GOD WE TRUST, 1878, LIBERTY, UNITED STATES OF AMERICA, E PLURIBUS UNUM, 420 GRAINS, 900 FINE, S, TRADE DOLLAR, Trade Dollar",Raw UGC,Review,false,yes,,https://www.tiktok.com/@nauvoocoins/video/7679570000537029919
coins,coin collecting,2026-08-29,2026-10-01,lindaulgkni,LIGIT BUYERR,12500,408,70,42,"I'm currently looking to buy/collect this particular
Singapore old coin shown in the picture. If you have this coin in your collection, or you know someone who has one available, please feel free to r","A TikTok post by a collector seeking specific vintage Singapore coins, utilizing visual proof of similar coins and a high monetary valuation to drive engagement and acquisition.",What you must do in Singapore; ($20k); 1967 SINGAPORE 50 CENTS; 1967 10 CENTS,Raw UGC,Collection,true,yes,,https://www.tiktok.com/@lindaulgkni/video/7679588680536804616
coins,silver coins,2026-08-30,2026-10-01,italianworldcoin,ItalianWorldCoin,474,31,,1,"CUBA 🇨🇺 40 CENTAVOS 1920
⭐ 90% SILVER
⚖️ 10 g
🥈 9 g argento puro
📅 104 YEARS OLD
💰 Vintage Cuban Silver

Caption corta:

1920 Cuba 🇨🇺 40 Centavos 🪙 90% Silver — over 100 years old! 🔥 Who coll","A short-form numismatic showcase featuring a 1920 Cuban 40 Centavos silver coin, highlighting its historical age, silver purity, and intricate design details for coin collectors.",Cuba 💎 40 CENTAVOS; CUBA 1920; 40 CENTAVOS; SILVER; PATRIA Y LIBERTAD; 10 G.; 1920; REPUBLICA DE CUBA; CUARENTA CENTAVOS,Raw UGC,Review,false,yes,,https://www.tiktok.com/@italianworldcoin/video/7679691119558429965
coins,rare coins,2026-08-30,2026-10-01,coins.company.223,coins company 22,12700,225,129,30,"BUY OLD & RARE COINS

HOUSE TO HOUSE IN SOUTH AFRICA!

Are you in possession of valuable or old coins?

We're actively buving coins house to house across South Africa and neighboring countries!

Wheth","A South African coin buyer posts a promotional video addressing local sellers, emphasizing secure, face-to-face cash transactions and immediate payment via WhatsApp without hidden fees or digital card scams.",only face-to-face; COINS FROM THE REPUBLIC OF SOUTH AFRICA HOBBIT OF KINGS; SOUTH; 1c,Raw UGC,Opinion,true,yes,,https://www.tiktok.com/@coins.company.223/video/7679803237347708181
coins,silver coins,2026-08-30,2026-10-01,mrchristian098,MR CHRISTIAN WILLEM,33000,1436,722,78,"THESE 12c 1c 2 c 5 c 10 c 20 c AND THE SILVER R1 COIN SETS WERE STRUCK AS PART OF THE SECOND DECIMAL ISSUES 1965-1990.

IN 1962 IT WAS ANNOUNCED THAT A CHANGE IN SIZE, DESIGN AND METAL CONTENT OF COIN","A coin dealer records a brief, unedited talking-head video assuring viewers of his company's honesty, loyalty, and lack of scams when purchasing vintage South African coin sets.",,Raw UGC,Opinion,true,yes,,https://www.tiktok.com/@mrchristian098/video/7679832793240669460
coins,silver coins,2026-08-30,2026-10-01,ed..md,Elliot,2400000,142200,897,1471,"Always happy to add another hammered coin to the collection, especially half groats and groats 🤤 #History #metaldetecting #silvercoin #hammered #medieval","A metal detecting enthusiast shares a first-person POV video of unearthing an ancient hammered coin from a plowed agricultural field, engaging history buffs with a satisfying archaeological find.",Someone dropped this over 500 years ago,Raw UGC,Vlog,false,yes,,https://www.tiktok.com/@ed..md/video/7679881134573931798
coins,numismatics,2026-08-30,2026-10-02,ardito,ardito,582600,37200,3603,1693,Sudan 🇸🇩 #sudan #fyp #viral #numismatics #money,"A numismatics content creator showcases a 1,000 Sudanese pounds banknote to the camera, slowly unfolding it to reveal both sides in a clean, minimalist setting.",Sudan 🇸🇩 #sudan #fyp #viral #numismatics #money,Raw UGC,Review,false,yes,,https://www.tiktok.com/@ardito/video/7679898815175937313
coins,silver coins,2026-08-31,2026-10-01,ed..md,Elliot,195000,5083,88,95,"Absolutely gorgeous tiny hammered coin, can’t wait to identify when I get home 🥺 #History #metaldetecting #hammered #silvercoin #medieval","A metal detecting enthusiast films a first-person POV discovery of a tiny medieval hammered silver coin in a plowed agricultural field, highlighting the tactile thrill of unearthing history.",This tiny item is over 500 years old,Raw UGC,Vlog,false,yes,,https://www.tiktok.com/@ed..md/video/7680191405435768086
coins,numismatics,2026-08-31,2026-10-02,samso.tiv,Samso tiv,11900,327,60,39,"1995-P Washington Quarter – Estimated Sold $8,250! Could This Tiny 25-Cent Coin Be the Hidden Treasure You've Been Overlooking for Years? 

 

#1995PWashingtonQuarter  #QuarterDollar #RareCoins #CoinC","A numismatic short-form video explains how a 1995-P Washington Quarter can command an estimated sold value of up to $8,250 in pristine condition, urging viewers to inspect their own pocket change for key mint marks and preserved surface details.","$8,250.00; what if an old quarter you've ignored for years could secretly be worth thousands of dollars? most people see a simple 25 cent coin and move on, but certain Washington quarters can become valuable collector's treasures. could this ordinary looking quarter be hiding a surprising fortune? this is the 1995 P Washington Quarter, on the front you'll find the iconic portrait of George Washington, while the reverse features the classic heraldic eagle design with the words Quarter Dollar. its familiar design has remained one of the most recognizable in American coinage. now look closely at the tiny P mint mark. it tells us this quarter was struck at the Philadelphia Mint. millions were produced and many spent years in circulation, leaving them worn scratched and missing their original brilliance. but collectors search for surviving examples with crisp details, clean surfaces, strong luster, and excellent eye appeal, high-grade specimens can attract serious attention from collectors. experts carefully examine the date, mint mark, strike quality, surfaces and any unusual characteristics or errors. even small differences in preservation can make a significant difference in collector desirability. and here's where the mystery gets exciting, the 1995 P Washington Quarter has an estimated sold value of $8,250, turning a simple 25 cent coin into a remarkable collector's treasure. so before you spend an old Washington Quarter, pause for a moment check the date look for the P mint ",Polished Creator,Tutorial,false,yes,,https://www.tiktok.com/@samso.tiv/video/7680196031648206094
coins,silver coins,2026-08-31,2026-10-01,pastor.dawn.devon6,Mr mike Andrew,33900,1139,566,156,"THE SILVER R1 COIN SETS WERE STRUCK AS PART OF THE SECOND DECIMAL ISSUE
1965
1990. IN 1962 IT WAS ANNOUNCED THAT A CHANGE IN SIZE, DESIGN AND METAL CONTENT OF COINS WAS BEINGK CONSIDERED. THIS WAS PRI","Creator Mr Mike Andrew addresses South African viewers, stating an urgent need to buy coins and directing interested parties to his inbox or bio, accompanied by historical coin text overlays and banking deposit slips.","THE SILVER R1 COIN SETS WERE STRUCK AS PART OF THE SECOND DECIMAL ISSUE 1965 1990... Capitec Cash Deposit Note Deposit R6,000,000.00 R270,000,000.00... payment ID: 052 05 Potch Mac! TEC PARLIMENTARY... #typviral #southmandelacolouge #coin #southafrica #goviral",Raw UGC,Personal-update,true,yes,,https://www.tiktok.com/@pastor.dawn.devon6/video/7680210184349781266
coins,wheat penny,2026-08-31,2026-10-02,treasuretown.a,TREASURE TOWN,7234,317,81,19,"Think a 1951-D Lincoln Wheat Penny is just one cent? 🪙 Collectors pay close attention to condition, original color, strong details, mint errors, and unusual varieties. The “D” mint mark shows that th","A numismatic creator uses crisp macro-cinematography and white gloves to educate viewers on how to evaluate 1951-D Lincoln wheat pennies for condition, color, mint marks, and errors to determine if pocket change holds collector value.","What if this tiny penny in your pocket is actually worth much more than one cent? This is the 1945 D Lincoln wheat penny, struck at the Denver Mint during the final year of World War 2. Millions were produced, so most 1945 D pennies aren't rare. But here's where things get interesting, collectors look closely at the coin's condition, color and possible errors or unusual varieties. A heavily worn example may be worth only a little above face value, while a high grade, sharply detailed coin can attract serious collector interest. And remember, the tiny D mint mark under the date tells you it was made in Denver. So before you throw an old 1945 D penny into a jar, check it carefully. That little coin could have a story worth discovering. IN GOD WE TRUST, LIBERTY, 1951, D, E PLURIBUS UNUM, ONE CENT, UNITED STATES OF AMERICA.",Polished Creator,Tutorial,false,yes,,https://www.tiktok.com/@treasuretown.a/video/7680215752598736135
coins,rare coins,2026-08-31,2026-10-01,mintvalues,Coin worth USA,6837,329,54,45,"🇺🇸 1942 WHEAT PENNY VALUE — Is This Old Lincoln Penny Worth Money? 🪙💰
The 1942 Lincoln Wheat Penny is a classic American coin from the World War II era. Its value can vary depending on the mint ma","A short-form numismatic video advising viewers to check their spare change for a rare 1942 wheat penny, claiming valuations between $375,000 and $520,000 for well-preserved specimens.",CHECK YOUR CHANGE!; ONE CENT E PLURIBUS UNUM UNITED STATES OF AMERICA; 1942; IN GOD WE TRUST LIBERTY; CHECK BEFORE YOU SPEND IT,Raw UGC,Tutorial,false,yes,,https://www.tiktok.com/@mintvalues/video/7679670235942735126
coins,wheat penny,2026-09-01,2026-10-02,usacoin09,USA Coin Reveal,3222,104,18,14,I’m Ready to Pay BIG Money for This Rare Wheat Penny! #WheatPenny #RareCoins #CoinCollecting #Numismatics #PocketChangeTreasure,"An educational TikTok video by USA Coin Reveal guiding viewers on how to identify rare 1958-D and 1953-D Lincoln wheat pennies and evaluate their worth based on condition, color, and mint errors.",I'm Ready to Pay BIG Money for This Rare Wheat Penny!; part 3; IN GOD WE TRUST; LIBERTY; 1958; ONE CENT; UNITED STATES OF AMERICA; E PLURIBUS UNUM; coin No. 4; 1953; d,Polished Creator,Tutorial,false,yes,,https://www.tiktok.com/@usacoin09/video/7680439594470411533
coins,coin collecting,2026-09-01,2026-10-01,fynghjbdj9213259,fynghjbdj9213259,90600,697,9,44,#pawnstars #antique #collection #collector #collecting,"A TikTok video repurposing a Pawn Stars clip about an 1882 Newfoundland two-dollar gold coin, front-loaded with an unrelated provocative hook and concluding with a call for viewers to comment their valuation guesses.","so if I buy it I can have your wife, look what happened when this moron tried to sell his old coin, without knowing its true value, the two dollar Newfoundland, was the only gold coin that circulated in Canada at the time, it's a rare 1882 Newfoundland two dollar gold coin, he explains that only around 2,500 of these coins were ever minted, making it one of the rarest gold coins to circulate in North America, the coin carries an AU 55 grade from PCGS, meaning it remains in almost uncirculated condition, Rick takes a close look and quickly realizes, this is an important piece of Canadian numismatic history, when the coin was minted Newfoundland was still a British colony, it would not officially become part of Canada until the 1940s, the Newfoundland two dollar gold coin, was also the only gold coin circulating in Canada at the time, Rick points out one major issue, Canadian coins simply have a much smaller collector market than American coins, US gold coin could potentially sell for tens of thousands of dollars, Canadian coins tend to attract a far more specialized group of collectors, then Rick asks what he is hoping to get for it, he admits he really has no idea, what do you think this rare coin could be worth, comment your guess",Polished Creator,Storytime,false,yes,,https://www.tiktok.com/@fynghjbdj9213259/video/7680516086848032030
coins,coin collecting,2026-09-01,2026-10-01,famouscoins0,USA Famous Coins .,11900,493,180,92,"🔥 3 Lincoln Pennies You Should Never Ignore! 💰 One Could Be Rare! $800,000 😱#RareCoins #LincolnPenny #RarePennies #CoinCollecting #CoinHunting","An educational video about three specific vintage Lincoln Memorial pennies (1968, 1980D, 1974), explaining that while ordinary circulated versions are common, high grades, mint errors, and special varieties can command significant collector value.",,Raw UGC,Tutorial,false,yes,,https://www.tiktok.com/@famouscoins0/video/7680549974874082582
coins,rare coins,2026-09-02,2026-10-01,rarecoins72,RARE COINS,281,14,1,1,"THESE 1/2 c 1c 2 c 5 c 10 c 20c 50c AND THE SILVER R1 COIN SETS WERE STRUCK AS PART OF THE SECOND DECIMAL ISSUE 1965-1990. IN 1962 IT WAS ANNOUNCED THAT A CHANGE IN SIZE, DESIGN AND METAL CONTENT OF C","A rare coin dealer showcases a South African 5 Rand commemorative coin, citing high potential auction values and warning viewers never to clean their collectible coins, while inviting direct WhatsApp contact.","SOUTH AFRICA COIN VALUE 
ESTIMATED 2026 VALUES 
INBOX ME ON WHATSAPP 
+27768439455 
5 Rand (Mandela) - R2 MILLION 
Buys for R2,000,000 
Depending on Condition 
A 2018 5 RAND COIN SELLS FOR 6,700 RAND 
ON THE BASANTSE AUCTION HOUSE APP. 
WHY? AND WHEN WE LOOK AT A 2018 MANDELA COIN 
DO NOT CLEAN YOUR COINS CLEANING THEM CAN REDUCE THEIR VALUE!",Polished Creator,Tutorial,true,yes,,https://www.tiktok.com/@rarecoins72/video/7680845644029840660
coins,wheat penny,2026-09-02,2026-10-02,thecoinchannel,Eric Miller,38000,2759,91,274,"The gas station gave him an entire register full of wheat pennies! #penny #coins 

Found by @💎JAKE💎","A creator shares a lucky story about getting an entire register of unsearched wheat pennies from a gas station, then provides a detailed guide on key dates and rare error coins viewers should look out for.","Top Key Date Wheat Pennies; 1909-S VDB: Minted in San Francisco with designer Victor D. Brenner's initials on the reverse; only 484,000 were made.; Value: $600 to $3,000+; 1914-D: A scarce Denver mint issue with a low mintage, highly sought after by collectors.; Value: $200 to $5,000+; 1931-S: A Depression-era coin with a very small mintage of just 866,000.; Value: $40 to $300+; 1909-S (No VDB): The first-year San Francisco issue without the designer's initials.; Value: $100 to $400+; Famous Error & Rare Variety Pennies; 1943 Bronze/Copper Cent: Mistakenly struck on a copper planchet instead of zinc-coated steel during wartime.; Value: $100,000 to $1,000,000+; 1955 Doubled Die Obverse (DDO): Features dramatic doubling on the date and lettering.; Value: $1,000 to $20,000+; 1922 'No D' (Weak Reverse): A Denver mint error where the 'D' mint mark is missing or heavily worn away.; Value: $500 to $12,000+",Polished Creator,Storytime,false,yes,,https://www.tiktok.com/@thecoinchannel/video/7680944463501348127
coins,silver coins,2026-09-02,2026-10-01,htbglobalcapital1,HTB Global capital©,68500,2100,747,380,"THESE 1/2 c 102 c 5c10 c 20c 50c AND
THE SILVER R1 COIN SETS WERE STRUCK AS
PART OF THE SECOND DECIMAL ISSUE 1965-
1990.IN 1962 IT WAS ANNOUNCED THAT A
CHANGE IN SIZE, DESIGN AND METAL
CONTENT OF COIN","A commercial coin buyer demonstrates high purchasing power by displaying large quantities of cash and coins while inviting viewers to sell their vintage South African currency through secure, in-person police station meetings.","FACE TO FACE DEAL ONLY; THESE 1/2 c 102 c 5c10 c 20c 50c AND THE SILVER R1 COIN SETS WERE STRUCK AS PART OF THE SECOND DECIMAL ISSUE 1965-1990. IN 1962 IT WAS ANNOUNCED THAT A CHANGE IN SIZE, DESIGN AND METAL CONTENT OF COINS WAS BEING CONSIDERED...",Polished Creator,Tutorial,true,yes,,https://www.tiktok.com/@htbglobalcapital1/video/7680944612969565447
coins,rare coins,2026-09-02,2026-10-01,coinhunter80,Coin Hunter🪙,3860,120,7,25,"STOP! Check Your Five Cent Before Spending It — It Could Be Worth a Fortune! 💰
#FiveCent #RareCoins #CoinCollecting #RareCoin #ValuableCoins",A coin collecting creator uses macro footage of a 2004-D Lewis and Clark Keelboat nickel to explain how viewers can find valuable rare coins in their everyday pocket change.,"+ Follow, STOP SCROLLING AND CHANGE RIGHT NOW, BECAUSE IF YOU HAPPEN TO FIND A 2004D JEFFERSON NICKEL, YOU MIGHT BE HOLDING A PIECE OF HISTORY THAT COIN COLLECTORS ARE ACTIVELY HUNTING FOR, BUT DO NOT SPEND IT UNTIL YOU KNOW WHAT MAKES THIS SPECIFIC NICKEL SO DIFFERENT, BACK IN 2004, THE US MINT RELEASED SPECIAL NICKELS TO CELEBRATE THE BICENTENNIAL OF THE LEGENDARY LEWIS AND CLARK EXPEDITION, AND ONE OF THE MOST FAMOUS DESIGNS INTRODUCED DURING THE SPECIAL WESTWARD JOURNEY SERIES IS THE KEELBOAT NICKEL MINTED RIGHT IN DENVER, MARKED WITH A SMALL D ON THE OBVERSE NEAR THE DATE, MILLIONS UPON MILLIONS OF THESE COINS WERE PUT DIRECTLY INTO EVERYDAY CIRCULATION, SO FINDING ONE IN YOUR CHANGE JAR IS ACTUALLY QUITE COMMON AND EXPECTED, HOWEVER, THIS IS PRECISELY WHERE THE STORY GETS EXCITING FOR TREASURE HUNTERS AND COIN ENTHUSIASTS, MOST EVERYDAY CIRCULATED 2004D KEELBOAT NICKELS ARE WORTH JUST FACE VALUE AT 5 CENTS, BUT ADVANCED NUMISMATISTS LOOK CLOSELY AT THE FINE DETAILS UNDER A MAGNIFYING GLASS, WHEN YOU INSPECT THE COIN, LOOK AT THE LETTERING, CHECK THE FIELDS FOR ACCIDENTAL DIE CRACKS, AND CAREFULLY EXAMINE THE WINDOWS OR THE BOAT DESIGN ON THE REVERSE SIDE, WHY IS THIS SO IMPORTANT, BECAUSE RARE MINT ERRORS, STRIKING ANOMALIES, OR HIGH GRADE UNCERTIFIED CERTIFIED SPECIMENS CAN COMPLETELY CHANGE THE GAME, IF A COIN SURVIVES IN PRISTINE CONDITION WITHOUT A SINGLE SCRATCH OR BAG MARK AND GETS GRADED BY A PROFESSIONAL SERVICE LIKE PCGS OR NGC, ITS COLLECTOR APPEAL SKYROCKETS,",Polished Creator,Tutorial,false,yes,,https://www.tiktok.com/@coinhunter80/video/7680982190330531086
coins,silver coins,2026-09-02,2026-10-01,coin.buyerlimited,coin buyer#limited,66500,1392,996,353,"THESE ½c 2c 5c 10c 20c 50c AND THE SILVER R1 COIN SET WERE STRUCK AS PART OF THE SECOND DECIMAL ISSUE 1965 - 1990. IN 1962 IT WAS ANNOUNCED THAT A CHANGE IN SIZE, DESIGN AND METAL CONTACT OF COINS WAS","A TikTok post by coin buyer#limited displays historical South African 5-cent coins from 1965 and 1966, falsely claiming they are worth millions of rands each, and urges viewers to contact the creator via direct message to sell them.",The 1965/1966 south African 5cent coins; Each worth R1.5 million; Issuer: South Africa; Ruling authority: Republic (1961-date); Type: 5 Cents; Years: 1965-1966,Raw UGC,Informational,true,yes,,https://www.tiktok.com/@coin.buyerlimited/video/7681038221500878101
coins,coin collecting,2026-09-03,2026-10-01,usacoin09,USA Coin Reveal,5894,165,10,23,"CHECK YOUR CHANGE: THE $285,000 WHEAT PENNY! #RareCoins #WheatPenny #CoinCollecting #ThriftFinds #ValuableChange","An instructional numismatic video teaching viewers how to identify, grade, and evaluate 1945 and 1958 Lincoln wheat pennies for high-value auction potential.","CHECK YOUR CHANGE: THE $285,000 WHEAT PENNY!; part 2; [word-by-word synchronized transcript captions]",Polished Creator,Tutorial,false,yes,,https://www.tiktok.com/@usacoin09/video/7681231396316155149
coins,silver coins,2026-09-03,2026-10-01,adamcurbow,Curbz,14600,308,63,21,Was this even worth my time or should I have just gave him the refrigerator? #silver #bullion #925silver #coins #marketplace,"A creator shares a humorous story on TikTok about trading an old refrigerator for what he jokingly calls 'junk' silver on Facebook Marketplace, deliberately downplaying the substantial value of the precious metals to spark audience engagement.",Did I get scammd? ; Pony Express 5oz. Bar ; OPM METALS .999+ FINE SILVER 10 TROY OUNCE ; 40% 1967 ; 40% 1968 ; 40% Misc. ; JM BULLION,Raw UGC,Storytime,false,yes,,https://www.tiktok.com/@adamcurbow/video/7681385412195126558
coins,numismatics,2026-09-03,2026-10-02,omonetah,O monetah,50100,1392,206,254,Sell ​​USSR coins at a high price#omonetah #numismatics #numismatics,"A numismatic tutorial video explaining how to identify a rare, valuable variety of the 1991 Soviet 20-kopiyka coin based on the absence of the mint mark.","20 КОПЕЕК 1991, CCCP, M",Polished Creator,Tutorial,false,yes,,https://www.tiktok.com/@omonetah/video/7681417440370117919
coins,coin collecting,2026-09-03,2026-10-01,coinclue.app,coinclue.app,9367,146,7,48,"🪙 Do you recognize any of these classic U.S. coins?

The Mercury dime, 1964 Roosevelt silver dime, 1963 Franklin half dollar, and 1964 Kennedy half dollar are popular with collectors—but a coin’s pot","A short educational video by CoinClue showcasing four classic U.S. vintage coins—the Mercury dime, Roosevelt dime, Franklin half dollar, and Kennedy half dollar—highlighting their potential collector value and encouraging viewers to scan their own pocket change.","OLD U.S. COINS AND THEIR VALUE, MERCURY DIME, 1964 ROOSEVELT, 1963 FRANKLIN, 1964 KENNEDY, IN GOD WE TRUST, LIBERTY, E PLURIBUS UNUM",Polished Creator,Tutorial,true,yes,,https://www.tiktok.com/@coinclue.app/video/7681450944864832781
coins,numismatics,2026-09-04,2026-10-02,wealthy0880,Coins Comics & collectibles,32200,558,143,149,"Semiquincenntenial 250th year coin ,value will definitely increase !!!!!
#coins #hobby #fyp #numismatics #collectible",A short-form TikTok post showcasing a commemorative United States quarter coin and speculating on its future financial value to drive viewer engagement.,"Semiquincenntenial 250th year coin ,value will definitely increase !!!!! E PLURIBUS UNUM IN GOD WE TRUST 1776-2026 P RS Do You Have this Quarter ? $$ $$$$$$$$",Raw UGC,Meme,true,yes,,https://www.tiktok.com/@wealthy0880/video/7681506657318309150
coins,coin collecting,2026-09-04,2026-10-01,pennyjackpot,Pennyjackpot,402,18,2,1,"🪙❤️ A SMALL REMINDER FOR EVERYONE WHO LOVES COIN COLLECTING!

Every coin has a story. It doesn’t have to be rare, expensive, or perfect to deserve a place in a collection. Sometimes the excitement is","A coin collector delivers a humorous, sarcastic rant about the low like-to-view ratio on TikTok, using macro shots of vintage pennies as visual accompaniment to argue that viewers should support smaller creators instead of distant celebrities.",if i have 200 views; I should have 200 likes; why do y'all act like liking a video; is like me asking you donate a kidney; y'all want to give these celebrities so much; and praise; and affection; they don't know you gang; they are rich; you're bringing sand to the beach; you are giving the rich; more money; how about you help a brother to... come up; is it really that hard ?,Raw UGC,Opinion,false,yes,,https://www.tiktok.com/@pennyjackpot/video/7681736892882160909
coins,rare coins,2026-09-04,2026-10-01,dansdollarss,Dans Dollars,248300,2316,381,823,"750,000,000 UK 1982 20 TWENTY PENCE COIN VALUE ELIZABETH II #coin #fyp #coincollecting #rarecoins #elizabeth","A numismatic creator breaks down the history, mintage figures, and collecting significance of the 1982 UK twenty pence coin, engaging hobbyists with practical identification tips.","750,000,000; UK 1982 20 TWENTY PENCE COIN VALUE ELIZABETH II; TWENTY PENCE; 19 82; 20; ELIZABETH II DEI GRATIA REGINA FIDEI DEFENSOR",Raw UGC,Tutorial,false,yes,,https://www.tiktok.com/@dansdollarss/video/7681806485520731414
coins,rare coins,2026-09-05,2026-10-01,williamsmicheal91,williams coins 🪙,34700,676,104,240,#rare #millionviews #coins #money #italy,"A numismatic content creator presents a TikTok countdown video detailing rare 2-euro coins found in everyday circulation, combining macro visual demonstrations of specific mint marks and designs with an engaging conversational voiceover.","10 monete da 2 euro più rare Trovate in Circolazione le 7 monete da 2 euro che valgono una fortuna; 120,000 euro; 9 NO. 09; TORINO GIOCHI INVERNALI; 2 EYPW",Raw UGC,Top,false,yes,,https://www.tiktok.com/@williamsmicheal91/video/7682065799460212000
coins,rare coins,2026-09-06,2026-10-01,jessica.usa14,Jessica,113,2,,,THE HARDEST PENNY TO FIND! Extremely Rare Coin That Broke Every Collector's Expectations!#viral #trending,"An educational short-form video detailing the historical background, mint marks, grading criteria, and extreme market values of rare 1943 and 1945 Lincoln wheat pennies.",THE HARDEST PENNY TO FIND! Extremely Rare Coin That Broke Every Collector's Expectations!; PART 1; ONE CENT; UNITED STATES OF AMERICA; IN GOD WE TRUST; LIBERTY; 1943; 1945; D,Polished Creator,Tutorial,false,yes,,https://www.tiktok.com/@jessica.usa14/video/7682369773786696990
coins,rare coins,2026-09-06,2026-10-01,jessica.usa14,Jessica,199,8,,,THE HARDEST PENNY TO FIND! Extremely Rare Coin That Broke Every Collector's Expectations!#viral #trending,"An engaging, fast-paced numismatic tutorial hosted by an enthusiastic narrator who demonstrates how ordinary-looking 1945, 1953, and 1951 wheat pennies can be worth hundreds of thousands of dollars based on mint marks, condition, color, and rare errors.",THE HARDEST PENNY TO FIND! Extremely Rare Coin That Broke Every Collector's Expectations! PART 2 ONE CENT UNITED STATES OF AMERICA LIBERTY 1945 1953 1951 IN GOD WE TRUST E PLURIBUS UNUM #viral #trending,Polished Creator,Tutorial,false,yes,,https://www.tiktok.com/@jessica.usa14/video/7682370500474981662
coins,numismatics,2026-09-06,2026-10-02,bank_note_queen,BankNoteQueen,54600,1978,107,175,"Bulgaria bank notes.
#numismatics #numismatik #collector #collecting #banknote","A silent showcase of a numismatist's collection of vintage Bulgarian banknotes housed in a clear pocket binder, filmed from a clean overhead perspective.","Bulgarian text on banknotes including БЪЛГАРСКА НАРОДНА БАНКА, СТО ЛЕВА, ДВА ЛЕВА, ПЕТ ЛЕВА, ДЕСЕТ ХИЛЯДИ ЛЕВА, ДВЕСТА ЛЕВА, ДВАДЕСЕТ ЛЕВА, ТРИ ЛЕВА, ПЕТДЕСЕТ ЛЕВА",Raw UGC,Aesthetic,false,yes,,https://www.tiktok.com/@bank_note_queen/video/7682397732652256534
coins,silver coins,2026-09-06,2026-10-01,coins_and_currency,Coins_and_currency,7297,102,27,13,#coin #silver #coincollecting #fyp #puresilver,"A silent, satisfying POV video showcasing a stack of 1 oz silver Libertad coins priced at $63 each, targeted toward coin collectors and precious metal enthusiasts on TikTok.",,Raw UGC,Showcase,true,yes,,https://www.tiktok.com/@coins_and_currency/video/7682440187913227527
coins,coin collecting,2026-09-06,2026-10-01,buygoldsilver,Jon's Health & Wealth,11600,168,34,49,nickel price is going up fast. #nickels #coin #coincollecting,"A creator presents physical hoards of nickels and coin rolls, arguing that industrial copper and nickel shortages will drive individual coin values to one dollar, and urges viewers to buy coin boxes from the bank on Monday.",1 nickel worth $1.00; NICKELS; $2.00; $2.00 NICKELS; SentrySafe,Raw UGC,Tutorial,false,yes,,https://www.tiktok.com/@buygoldsilver/video/7682447426640268574
coins,numismatics,2026-09-06,2026-10-02,oldcoin.secrets,OldCoin Secrets,18200,578,35,163,"2009 Lincoln Bicentennial “Professional Life in Illinois” Penny Could Be Hiding a $12,500 Fortune! 🪙💰 This Modern-Looking One-Cent Coin May Seem Ordinary, But Rare Errors, Varieties, Exceptional Con","A short-form numismatic tutorial by OldCoin Secrets explaining how specific 2009 Lincoln Bicentennial pennies can be worth up to $12,500 due to rare errors, condition, and variety.","OldCoin Secrets; $12,500.00; stop scrolling what if; modern looking; one cent coin could; be worth thousands of; dollars; here's the big question; could one tiny detail; this 2000 Lincoln; penny; turn an ordinary cent; a collector's dream; this is the 2009; Lincoln; Bicentennial one cent; professional life in; Illinois; design; on the front; you'll find the familiar; portrait of President; Abraham; Lincoln; but the reverse tells; a special part of his; story; representing Lincoln's; professional life; in; Illinois; before he became the; 16th; president of the; United States; this design was part; the 2009 Lincoln; Bicentennial; cent; series; which featured four; different; reverse designs; celebrating major; periods in; Lincoln's life; now take a close; look at the coin; collectors examine the; date; mint mark; strike quality; surfaces; and overall condition; they also search for; unusual; varieties and genuine; minting errors; that can make a; particular; example stand out; most 2009 cents are; common; but exceptional; examples with; sharp details; brilliant original; luster; clean surfaces; and significant; errors; or varieties; can attract serious; collector; attention; and here's where the; mystery; gets exciting; an exceptional 2009; Lincoln; Bicentennial Professional Life; in; Illinois cent; has an estimated sold; value of up; to 12 and 500; but remember not; every; 2009; Lincoln cent is worth; thousands; grade; variety; error status; authenticity and; preservation; can",Polished Creator,Tutorial,false,yes,,https://www.tiktok.com/@oldcoin.secrets/video/7682468916358139167
coins,wheat penny,2026-09-07,2026-10-02,coinhunter80,Coin Hunter🪙,1284,66,12,9,"This Wheat Penny Could Be Worth a FORTUNE! 💰🔥 Check Your Coins Before You Spend Them!
#WheatPenny #RarePenny #RareCoins #ValuableCoins #CoinCollecting",A coin collecting creator explains how to identify high-grade 1975 D Lincoln cents worth thousands of dollars at auction.,"FOLLOW, LIKE, SHARE, IN GOD WE TRUST, LIBERTY, 1975, D, UNITED STATES OF AMERICA, E PLURIBUS UNUM, ONE CENT, stop scrolling before you spend that old penny because a 1975 D Lincoln cent can look completely ordinary yet a top condition example has brought thousands of dollars at auction and the key is not simply the date or the D mint mark it's how well the coin survived the 1975 D Lincoln cent was struck at the Denver Mint and more than 4.5 billion were produced these cents are made from the traditional copper alloy composition used for Lincoln Memorial cents of this period and the Denver issue weighs about 3.11 grams so no a normal circulated 1975 D penny is not automatically a rare coin now look at yours much more carefully start with the D mint mark beneath the date then move across the fields and Lincoln's portrait you're looking for a coin with exceptionally clean surfaces strong detail and most importantly its original red copper color for modern Lincoln cents collectors separate examples into brown red-brown and red designations and that color designation can become extremely important at high grades here's where the numbers get interesting a normal 1975 D may be worth little beyond face value but once you reach elite mint state grades the market changes dramatically PCGS records a 1975 D Lincoln cent graded MS 67 plus that sold at Heritage Auctions for $4,112.50 on March 21st 2014 that remains the documented auction record listed by PCGS for the regular 1975 D issue a",Raw UGC,Tutorial,false,yes,,https://www.tiktok.com/@coinhunter80/video/7682638603276602638
coins,rare coins,2026-09-07,2026-10-01,usacoin09,USA Coin Reveal,3072,107,13,11,The $5.2 Million Secret Hiding in Your Pocket Change: Is Your Wheat Penny Real#WheatPenny #RareCoins #CoinCollecting#viral#HiddenFortune#fyp#PennyValuation #HiddenFortune #,"An instructional numismatic video hosted by an automated voiceover guides viewers through identifying and valuing 1950-D and 1951-D Lincoln Wheat Pennies, emphasizing condition, mint marks, and preservation.","STOP! This Wheat Penny Could Be Worth $5.2 Million — Check Yours!; errors; most importantly; don't clean anything; collector value; proper identification and; preservation should; always come before; trying to sell; or spend the coin; and now; let's talk about; the auction record; that demonstrates; just how; valuable an exceptional; 1950 d wheat; penny can become; according to PCGS; auction records; the highest; recorded auction price; for a 1950; d Lincoln; Penny; is $118,600; achieved by a; PCGS; MS 67 RD; example at Heritage; Auctions in January 2023; this was an; exceptionally high grade; certified coin; so that auction record; should not be interpreted; as the; value of every; 1950 d wheat; penny; instead; it shows the; substantial premium; collectors can place; on an; outstanding example; with exceptional grade; and original red; colour; so; the next time; you find; a 1950 wheat; penny with a; D; Mint mark; stop before you spend; it; check the date; examine the d; Mint; mark; study Lincoln's portrait; inspect the wheat reverse; and pay close; attention to the; coin's condition; color luster and; surfaces; look for genuine; varieties; but don't mistake; damage for a; rare; error; the 1950; d wheat penny; can be valuable; in the right; condition; and exceptional; examples have; proven; capable of bringing; serious money at; auction; if you enjoyed; this video; and want to; discover more; rare; wheat pennies valuable; Lincoln cents; old coins worth; money and; hidden; tre",Polished Creator,Tutorial,false,yes,,https://www.tiktok.com/@usacoin09/video/7682742789964156174
coins,silver coins,2026-09-08,2026-10-01,namibia.coins.buye,Coins buyer,3215,106,84,13,"THESE 1/2 c 1c 2 c 5 c 10 c 20c 50C AND THE SILVER R1 COIN SETS WERE STRUCK AS PART ORTHE SECOND
DECIMAL ISSUE
1965 - 1990. IN 1962 IT WAS
ANNOUNCED THAT A CHANGE IN SIZE, DESIGN AND METAL CONFENT OFC","A professional coin buyer based in Windhoek, Namibia, addresses local residents in a talking-head video to announce that he is actively purchasing second decimal issue coins and silver R1 sets, offering top rates with assurances against scams.","THESE 1/2 c 1c 2 c 5 c 10 c 20c 50C AND THE SILVER R1 COIN SETS WERE STRUCK AS PART ORTHE SECOND DECIMAL ISSUE 1965 - 1990. IN 1962 IT WAS ANNOUNCED THAT A CHANGE IN SIZE, DESIGN AND METAL CONFENT OFCOINS WAS BEiNG the coins and CONSIDERED. THIS WAS PRIMARILY DUE TO THE INCREASE IN THE PRICE OF SILVER. VARIOUS PATTERNS WERE STRUCK FOR CONSIDERATION BY THE PARLIMENTARY COMMITTEE INVESTIGATING THIS AS THE INCREASED USE OF COIN AUTOMATION MACHINES REQUIRED LONG TERM USE OF THE COIN TYPES CHOSEN #namibiantiktoker / #windhoek #windhoeknamibia #windhoeknamibia / #coinsneededurgently",Polished Creator,Tutorial,true,yes,,https://www.tiktok.com/@namibia.coins.buye/video/7683253294701088020
coins,silver coins,2026-09-09,2026-10-01,rizal757575,Kolektor_Amatir,1025,39,1,13,"#SilverCoin $1 Singapore 1977
#fyppppppppppppppppppp #kointiktok #koinkuno #singapore @WORLD COIN COLLECTION PH. @harborcoincompany @CoinNewsMagazine @Old coins & silver Collection @U.S.A Coin @Coin H",A short-form video showcasing a 1977 Singapore one dollar silver proof coin accompanied by its official Numista catalog specifications.,"#SilverProof
$1 Singapore 1977
Numista Catalog · Singapore
1 Dollar
Silver Proof
Singapore 1977
Features
Issuer Singapore
Period Republic (1965-date)
Type Non-circulating coins
Years 1975-1984
Value 1 Dollar
1 SGD = IDR 13938
Currency Dollar (1967-date)
Composition Silver (.925) (Copper .075)
Weight 18.05 g
Diameter 33.32 mm
Thickness 2.4 mm
Shape Round
Technique Milled
Orientation Medal alignment ↑↑
Number N#124224
References KM#6a",Raw UGC,Meme,false,yes,,https://www.tiktok.com/@rizal757575/video/7683408347197902100
coins,wheat penny,2026-09-10,2026-10-02,thecoininsider,The Coin Insider,12200,469,30,163,"2 Wheat Pennies Worth $847,000?! The Hidden Errors Collectors Are Hunting For
#rarecoin #coincollecting #coincollector #hiddentreasure #coinhunting","An educational TikTok video by The Coin Insider that breaks down how to identify rare mint errors on 1946 and 1956 Lincoln wheat pennies, turning pocket change into potential high-value collectibles.","2 Wheat Pennies Worth $847,000?! The Hidden Errors Collectors Are Hunting For; CapCut",Polished Creator,Tutorial,false,yes,,https://www.tiktok.com/@thecoininsider/video/7683770867117001998
coins,numismatics,2026-09-10,2026-10-02,bigwillewill,BigWilleWill,205000,3876,43,153,2013 $2 Coronation on the end of this $2 coin roll! Not too shabby! #coins #numismatics #coincollecting #unboxing,"A creator unboxes an Australian $2 coin roll to reveal a rare 2013 Coronation coin, validates its $40-$60 value against a reference sheet, inspects the rest of the roll, and invites viewers to a live stream.","Rare $2!, All Things Minted, $2 Commemorative Circulating, 2013 Gold Poppy, 2012 Red Poppy, 2013 Coronation, 2014 Anzac, 2015 Flanders Field, 2017 Maric, 2015 Remembrance, 2018 Armistice, 2019 Indigenous, 2020 C-19 Isolation, 2020 Firefighters, 2021 Indigenous, 2022 Honey Bee, 2023 Matildas, #coins #numismatics #coincollecting #unboxing",Raw UGC,Unboxing,false,yes,,https://www.tiktok.com/@bigwillewill/video/7683833118549150997
coins,silver coins,2026-09-10,2026-10-01,legitcompany7,MR CHRISTIAN WILLEM  🇿🇦®️,52700,1283,463,269,"THESE 1/2c 1c 2c 5c 10c 20c 50c AND THE SILVER R1 COIN SETS WERE STRUCK AS PART OF THE SECOND DECIMAL ISSUE 1965 - 1990.
IN 1962 IT WAS ANNOUNCED THAT A CHANGE IN SIZE, DESIGN AND METAL CONTENT OF COI","An educational TikTok video featuring a detailed historical breakdown of South African decimal coins from 1965 to 1990, paired with striking visual footage of a Cape Town coin show, massive cash heaps, and warehouse logistics.","THESE 1/2c 1c 2c 5c 10c 20c 50c AND THE SILVER R1 COIN SETS WERE STRUCK AS PART OF THE SECOND DECIMAL ISSUE 1965 - 1990. IN 1962 IT WAS ANNOUNCED THAT A CHANGE IN SIZE, DESIGN AND METAL CONTENT OF COINS WAS BEING CONSIDERED. THIS WAS PRIMARILY DUE TO THE INCREASE IN THE PRICE OF SILVER. VARIOUS PATTERNS WERE STRUCK FOR CONSIDERATION BY THE PARLIAMENTARY COMMITTEE INVESTIGATING THIS AS THE INCREASED USE OF COIN AUTOMATION MACHINES REQUIRED LONG TERM USE OF THE COIN TYPES CHOSEN. this is the coins shop at Cape Town SO THIS IS THE COIN SHOW AT THE AT CAPE TOWN AND IT HAS JUST OPENED ITS DOORS. AND AS YOU CAN SEE, THERE'S A LOT PEOPLE AND MOVING TRAFFIC AROUND ETCETERA. AND IF YOU'RE IN THE CAPE TOWN EAR.",Raw UGC,Informational,false,yes,,https://www.tiktok.com/@legitcompany7/video/7683864039021137172
coins,silver coins,2026-09-10,2026-10-01,samso.tiv,Samso tiv,8986,307,75,44,"1947-D Washington Quarter – Estimated Sold Value $32,400!  Could This Old Silver Quarter Be Worth the Price of a Luxury Car? Check Your Vintage Quarters for This Hidden Collector’s Treasure!

#1947DWa","A fast-paced numismatic tutorial video explaining how a high-grade 1947-D Washington quarter can be worth up to $32,400, encouraging viewers to check their pocket change for rare silver coins.","32,400.00, WHAT IF A QUARTER YOU'VE BEEN IGNORING FOR YEARS COULD BE WORTH ENOUGH TO PUT YOU BEHIND THE WHEEL OF A LUXURY CAR? MOST PEOPLE SEE AN OLD 25-CENT COIN AND SPEND IT WITHOUT A SECOND THOUGHT, BUT SOME WASHINGTON QUARTERS CAN BECOME EXTRAORDINARY COLLECTOR'S TREASURES, COULD THIS TINY SILVER COIN BE HIDING A FORTUNE IN PLAIN SIGHT, THIS IS THE 1947 D WASHINGTON QUARTER, ON THE FRONT YOU'LL FIND THE ICONIC PORTRAIT OF GEORGE WASHINGTON WHILE THE REVERSE FEATURES THE CLASSIC AMERICAN EAGLE WITH ARROWS AND OLIVE BRANCHES, STRUCK JUST AFTER WORLD WAR II THIS QUARTER IS MADE OF 90% SILVER MAKING IT AN IMPORTANT PIECE OF AMERICAN COIN HISTORY, THE SMALL D MINT MARK TELLS US THIS QUARTER WAS STRUCK AT THE DENVER MINT, MILLIONS WERE PRODUCED AND MANY ENTERED EVERYDAY CIRCULATION LEAVING COUNTLESS EXAMPLES WORN SCRATCHED AND MISSING THEIR ORIGINAL BRILLIANCE, BUT COLLECTORS SEARCH FOR SURVIVING EXAMPLES WITH SHARP DETAILS CLEAN SURFACES STRONG LUSTER AND EXCEPTIONAL PRESERVATION, RARE VARIETIES MINT ERRORS AND EXTREMELY HIGH GRADES CAN MAKE A PARTICULAR QUARTER STAND OUT FROM ORDINARY EXAMPLES, EXPERTS CAREFULLY EXAMINE THE DATE MINT MARK STRIKE QUALITY SURFACES AND OVERALL CONDITION, EVEN THE SMALLEST DIFFERENCE IN PRESERVATION CAN DRAMATICALLY INCREASE COLLECTOR INTEREST, AND HERE'S WHERE THE MYSTERY GETS EXCITING A HIGH GRADE 1947 D WASHINGTON QUARTER HAS AN ESTIMATED SOLD VALUE OF $32,400, TURNING A SIMPLE 25-CENT COIN INTO A REMARKABLE COLLECTOR'S TREASURE, SO BEFORE YOU",Polished Creator,Tutorial,false,yes,,https://www.tiktok.com/@samso.tiv/video/7683896903678921997
coins,rare coins,2026-09-10,2026-10-01,dansdollarss,Dans Dollars,130600,2641,684,448,"100,000,000 UK 1992 2 TWO PENCE COIN VALUE ELIZABETH II #COIN #fyp #coincollecting #elizabeth #rarecoins","Creator Dans Dollars examines a 1992 UK two-pence coin, explaining its mintage of 100 million and standard face value, while contrasting it with the rarer 1983 two new pence coin to educate collectors.","100,000,000
UK 1992
2 TWO PENCE COIN
VALUE ELIZABETH II
ELIZABETH II DEI GRA DEF 1992
TWO PENCE 2",Raw UGC,Tutorial,false,yes,,https://www.tiktok.com/@dansdollarss/video/7683900713289780513
coins,coin collecting,2026-09-10,2026-10-01,legbootlegit,Legboot,22600,850,27,25,"did I overpay for the 2026 penny?
#coins #coincollecting",Creator Legboot satirizes the exorbitant pricing and elite allocation of mint coin sets by humorously destroying mint packaging with heavy tools and hand-stamping his own Omega mark onto a 2026 penny before circulating it at a coffee shop.,,Raw UGC,Comedy-skit,false,yes,,https://www.tiktok.com/@legbootlegit/video/7683930382005259534
coins,numismatics,2026-09-10,2026-10-02,ardito,ardito,887200,16400,1032,798,#fyp #viral #money #numismatics #collection,"A numismatics enthusiast showcases his extensive collection of international paper currency inside a binder while lip-syncing to a playful song about money and relationships, creating a satisfying and engaging visual flex.",,Raw UGC,Collection,false,yes,,https://www.tiktok.com/@ardito/video/7683953813430013216
coins,wheat penny,2026-09-11,2026-10-02,davidbias55,davidbias55,494,25,4,1,the unique coin guy with different wheat pennies,"A coin collector shares his morning collection of vintage wheat pennies, reflecting on specific dates like 1949, 1910, and expressing excitement over nearly finding a 1909 penny.",the unique coin guy with different wheat pennies,Raw UGC,Vlog,false,yes,,https://www.tiktok.com/@davidbias55/video/7684254759825476894
coins,rare coins,2026-09-11,2026-10-01,oldusacoin0,old coins 🪙 usa,6258,278,88,30,"1999 French Euro Cent Coin Worth $863,000? Rare Coin Discovery!#RareCoin #FrenchCoin #EuroCent #1999Coin #CoinValue","A TikTok video by an old coin creator uses sensationalized valuation claims of $863,000 for a 1999 French 20-euro cent coin to capture collector attention and drive audience engagement.","$863,000; THE 1999; FRENCH EURO CENT; COIN IS A; FASCINATING; PIECE THAT COULD; CATCH THE; ATTENTION OF COLLECTORS; AROUND THE WORLD; THIS COIN FEATURES; MARIANNE, THE; POWERFUL SYMBOL OF THE; FRENCH REPUBLIC,; REPRESENTING LIBERTY,; STRENGTH,; AND NATIONAL IDENTITY.; THE LETTERS RF STAND FOR; REPUBLIQUE FRANCAISE,; MAKING THIS COIN INSTANTLY; RECOGNIZABLE AS; A FRENCH ISSUE.; BASED ON THE IMAGE; AND ITS VISIBLE CONDITION,; THIS COIN COULD; BECOME ESPECIALLY; INTERESTING; IF IT CONTAINS; A RARE MINTING ERROR,; UNUSUAL VARIETY,; OR; EXCEPTIONAL CONDITION.; THE 1999 DATE; IS ALSO SIGNIFICANT; BECAUSE IT BELONGS; TO THE EARLY; YEARS OF EURO; COIN PRODUCTION.; WHILE MOST CIRCULATED; EXAMPLES ARE COMMON,; RARE ERRORS AND; SPECIAL HIGH-GRADE EXAMPLES; CAN ATTRACT; SERIOUS COLLECTOR; INTEREST.; ESTIMATED; AUCTION VALUE; PROVIDED FOR THIS; FEATURED COIN,; IT COULD BE; WORTH AROUND $
 863,000;
 IN TODAY'S AUCTION; MARKET IF IT; HAS A TRULY; RARE AND VERIFIED; CHARACTERISTIC.; ALWAYS CHECK THE; MINT MARKS, DETAILS,; CONDITION,; AND AUTHENTICITY CAREFULLY,; BECAUSE ONE SMALL; DIFFERENCE COULD TURN; AN ORDINARY; COIN INTO AN; EXTRAORDINARY DISCOVERY",Raw UGC,Tutorial,false,yes,,https://www.tiktok.com/@oldusacoin0/video/7684291291294764310
coins,coin collecting,2026-09-11,2026-10-01,metro_coin_motion,Henriantoni420,56400,1459,226,479,"A 1943 copper penny struck in San Francisco during just sold for $456,000 (all in) at auction. During the US Mint accidentally struck a handful of Lincoln cents on bronze planchets instead of steel cr","A TikTok post detailing the auction sale of a rare 1943-S copper Lincoln cent for hundreds of thousands of dollars, combining live auction footage with coin specifications and captioning.","380,000 here; BREAKING 1943-S Copper Penny Sells for $456,000; Lot 3024; 1943-S Lincoln Cent, Struck on a Bronze Planchet, AU-55 (PCGS), Gold CAC, CMQ.",Documentary,News,false,yes,,https://www.tiktok.com/@metro_coin_motion/video/7684304075663461662
coins,numismatics,2026-09-11,2026-10-02,ardito,ardito,864700,28700,558,1144,#fyp #viral #money #numismatics #currency,"Creator ardito showcases an extensive collection of international paper currency inside a binder, synchronized to a rap soundtrack.",,Raw UGC,Vlog,false,yes,,https://www.tiktok.com/@ardito/video/7684320732871986464
coins,numismatics,2026-09-11,2026-10-02,wittercoin,Witter Coin,11100,40,2,1,"Back with another Friday lineup featuring rare gems and incredible history! 🪙✨ Which one would you add to your collection?
Check out these pieces and more at wittercoin.com!
#WitterCoin #CoinCollecti","A coin shop expert showcases a curated tray of rare historic coins including Mercury dimes, gold pieces, trade dollars, and buffalo nickels, highlighting their grades and unique features while directing viewers to the shop website.","FIVE COIN FRIDAY, ALRIGHT I'M BEN, BEN WITH FIVE COIN FRIDAY TODAY WITH WITTER COIN, WE HAVE SOME REALLY NICE COINS, WE HAVE A 1940 MS68 FULL BANDS MERCURY DIME, AND THIS THING IS LIKE THAT GORGEOUS BLUE TONING, JUST SUPER ORIGINAL, SUPER FRESH MARK-FREE, 1849 NORRIS REEDED EDGED 5 DOLLAR GOLD PIECE, AMAZING CALIFORNIA GOLD RUSH HISTORY, IT'S XF45 GREAT COLOR, VERY NICE AN 1876-CC TRADE DOLLAR IN XF45 TOUGH COIN, VERY NICE EVEN COLOR ACROSS THE WHOLE THING, THIS IS PROBABLY ONE OF MY FAVORITE COINS ON THIS TRAY, I LIKE THE SEATED AND THE TRADE DOLLARS, ANOTHER MS68 FULL BANDS CAC MERC DIME, IT'S A 43-D AGAIN GREAT COLOR, AGAIN MARK-FREE SUPER NICE COIN, TWO BUFFALO NICKELS, WE HAVE A 1915 MATTE FINISH PROFF 66, AND WE HAVE 1921 MS67, BOTH COINS ARE LIKE VIRTUALLY FLAWLESS, CHECK ALL THESE OUT ON THE WEBSITE WITTERCOIN.COM, IT'S A GREAT LITTLE GROUP OF COINS, AND I'M NEVER GONNA DO A FIVE COIN FRIDAY IT'S ALWAYS GONNA BE AN ODD NUMBER, SO ENJOY GUYS THANKS",Raw UGC,Review,true,yes,,https://www.tiktok.com/@wittercoin/video/7684341411453422878
coins,wheat penny,2026-09-12,2026-10-02,ahmaducfdi1,oldrarecoins,712,32,,3,"🪙 1927-D ONE CENT — COULD THIS OLD PENNY BE A HIDDEN GEM? 👀💰
This vintage Wheat Penny deserves a closer look! 🔎 Check the 1927 date and “D” mint mark, along with the condition and any unusual erro","An educational TikTok video breaking down the history, collectibility, and auction value of a 1927-D Wheat Penny, hosted by an expert coin collector utilizing macro-photography and professional numismatic terminology.","DON'T MISS THIS!; the abverse.1927 D is a date that; collectors pay attention to in higher; grades, and part of that attention; comes from the fact that well; preserved Denver cents from the; late nineteen twenties are; significantly harder to; find than you'd expect.; A circulated nineteen twenty seven D; in average condition is worth a few; dollars to a collector who's building; a complete wheat penny set, but; the value escalates; sharply as condition improves.; A genuinely sharp problem free; example in the VF to F; range; has sold for fifteen dollars; to forty plus dollars,; and high grade certified examples; in MS sixty three and above have; reached two hundred to four hundred; plus dollars at major auctions.; FOLLOW FOR MORE VIDEOS",Polished Creator,Inform,false,yes,,https://www.tiktok.com/@ahmaducfdi1/video/7683983098329156886
coins,rare coins,2026-09-12,2026-10-01,coinsplacemint,COINSPLACEMINT,151800,5296,1486,1045,"🪙 We buy and sell rare coins, Mandela coins, and gold coins. Add value to your collection or sell yours at the best price. THESE 1/2 c 1c 2 c 5 c 10 c 20c 50c AND

THE SILVER R1 COIN SETS WERE STRUCK","A promotional TikTok video by a coin dealer featuring an ecstatic customer receiving a gift, accompanied by a voiceover and text detailing rare South African coins and offering a car in exchange for old coins.","We buy and sell rare coins, Mandela coins, and gold coins. Add value to your collection or sell yours at the best price. +27 60 577 8787; BCG 2588; Volkswagen logo in background",Raw UGC,Promotional,true,yes,,https://www.tiktok.com/@coinsplacemint/video/7684599860972195074
coins,rare coins,2026-09-12,2026-10-01,dansdollarss,Dans Dollars,39100,1098,316,204,"500,000,000 UK 1997 2 TWO PENCE COIN VALUE ELIZABETH II #COIN #FYP #rarecoins #coincollecting #elizabeth","A numismatic creator examines a 1997 UK two pence coin, explaining its half-billion mintage and face-value worth, while encouraging viewers to check their change and comment on other coins for future reviews.","500,000,000; UK 1997 2 TWO PENCE COIN VALUE ELIZABETH II",Raw UGC,Tutorial,false,yes,,https://www.tiktok.com/@dansdollarss/video/7684617219602648343
coins,coin collecting,2026-09-12,2026-10-01,thecanadiancoinbroker,The Canadian Coin Broker,817100,21300,260,9242,"If you have a 2010 toonie… CHECK THE EDGE. 👀🪙

Most have 16 serrations in each section.

But there’s a scarcer variety with only 14.

✅ 16 = regular
🔥 14 = the one you want

And in high grade, the ","A coin collecting creator teaches viewers how to identify a rare 14-serration variety of the 2010 Canadian toonie, explaining its high potential value in mint condition to educate and engage coin enthusiasts.","IF YOU HAVE A 2010 TOONIE, YOU'RE GONNA WANNA CHECK THE EDGE. A NORMAL TOONIE HAS 16 SERRATIONS IN EACH SECTION, BUT THE VARIETY WE'RE LOOKING FOR ONLY HAS 14. 16 = regular, 14 = the one you want. DATE / DESCRIPTION / MINTAGE / MS-63 / MS-64 / MS-65 / MS-66, 2009 38,430,000 4., 10., 30., 75., 2010 8,220,000 12., 20., 40., 80., 2010 NWL 16 Serrations Included, 2010 14 Serrations Included 40., 65., 150., 300.",Polished Creator,Tutorial,false,yes,,https://www.tiktok.com/@thecanadiancoinbroker/video/7684660001511656711
coins,coin collecting,2026-09-12,2026-10-01,ma.basetsana6,Mr William,1024,37,2,1,"#THESE 1/2 c 1c 2 c 5 c 10 c 20c 50c

AND

THE SILVER R1 COIN SETS WERE STRUCK AS PART OF THE SECOND DECIMAL ISSUE 1965-1990. IN

1962 IT WAS ANNOUNCED THAT A CHANGE IN SIZE, DESIGN AND METAL CONTENT ","A short promotional TikTok post by Mr William displaying collections of vintage South African coins and banknotes with itemized valuations, backed by visual proof of large bank deposits, inviting viewers via a phone number to sell their old currency.","500x2c
1500x1c
175x5c
2x 1Rand
1x50c
3x20c
1x10
1x5c silver
Total 2183
send a message to this number
+27832779606
if you are interested
🌍🌎🌏
in selling your old coins
and notes 💰💵💵💷
STANDARD BANK
050101
TR. NO. 0004
ATM NO. K034
5,000,000.00
BRC Morison01
TRANSACTION REASON:
Transactionekarekurand
CASH DEPOSIT RECEIPT
13:56
12/03/2026
12/03/2026",Raw UGC,Meme,true,yes,,https://www.tiktok.com/@ma.basetsana6/video/7684673450904063253
coins,coin roll hunting,2026-09-13,2026-10-01,numisnuts2,NumisNuts,79600,353,5,16,Love hitting silver #coinhunting #rarecoins #silvercoin #coincollecting #coinrolling,"A coin roll hunting creator shares a quick, exciting discovery of a 1943-S silver Washington quarter found inside a standard bank roll of quarters.",Huge SILVER find; QUARTERS $10; 1943; 1943-S Silver Mintage: 21 mil Last Sold: $12-15; IN GOD WE TRUST; QUARTER DOLLAR; UNITED STATES OF AMERICA,Raw UGC,Vlog,false,yes,,https://www.tiktok.com/@numisnuts2/video/7685043773650373918
coins,silver coins,2026-09-13,2026-10-01,koos.leon,koos.leon,10100,461,311,57,"THESE 1/2 c 1c 2 c 5 c 10 c 20c 50c AND

THE SILVER R1 COIN SETS WERE STRUCK AS PART OF THE SECOND DECIMAL ISSUE 1965 - 1990. IN 1962 IT WAS ANNOUNCED THAT A CHANGE IN SIZE, DESIGN AND METAL CONTENT O","A coin buyer demonstrates substantial liquidity by showing bundles of South African cash and gold coins, inviting local sellers to contact him for in-person collections with no fees.",THESE 1/2 c 1c 2 c 5 c 10 c 20c 50c AND THE SILVER R1 COIN SETS WERE STRUCK AS PART OF THE SECOND DECIMAL ISSUE 1965 - 1990...,Raw UGC,Personal-update,true,yes,,https://www.tiktok.com/@koos.leon/video/7685064148799048968
coins,coin collecting,2026-09-13,2026-10-01,lateefayo67,wang lama 🇲🇾,35500,1260,1004,275,#duitshilinglama #malaysiaoldcoins #koleksi #duitlama #coincollection,"A Malaysian creator records a short talking-head video in a shopping mall offering to buy all types of old coins without fees, directing viewers to message her directly.","Saya membeli semua jenis syiling tanpa sebarang bayaran jika anda ada, sila mesej saya sekarang.",Raw UGC,Opinion,true,yes,,https://www.tiktok.com/@lateefayo67/video/7685133224510491911
coins,coin collecting,2026-09-14,2026-10-01,lateefayo67,wang lama 🇲🇾,20800,739,624,184,#duitshilinglama #malaysiaoldcoins #koleksi #duitlama #coincollection,"A Malaysian creator films a short, engaging video inside a shopping mall inviting viewers to message her if they want to sell their old coins.","Hantarkan mesej kepada saya sekarang, saya beli semua jenis syiling tanpa sebarang bayaran.; ULIKO",Raw UGC,Tutorial,true,yes,,https://www.tiktok.com/@lateefayo67/video/7685264657220750600
coins,wheat penny,2026-09-15,2026-10-02,kurtw3st881,Kurt Westerman,507,19,2,,Found 24 wheats in one penny role from the bank today. #coins #bankroll #coin #penny #oldcoins,A coin collector excitedly shares a record-breaking coin roll find of twenty-four wheat pennies and special edition coins from a single standard bank roll picked up earlier in the day.,,Raw UGC,Vlog,false,yes,,https://www.tiktok.com/@kurtw3st881/video/7685583438807633166
coins,silver coins,2026-09-16,2026-10-01,.silverstack,Silver Stack,1110,56,2,,Silver stacking day 2!!! #silver #coins #10k,"A short-form TikTok video documenting day two of a personal financial challenge to accumulate 10,000 dollars worth of physical silver. The creator showcases the addition of a 1 Troy ounce American Silver Eagle coin, updating the running stack value from $23.05 to $87.43 with clean on-screen overlays and satisfying tactile sound effects.",Day 2 of stacking silver untill 10K value.; Today I'm adding a silver eagle which has 1 Troy ounce of silver.; Stack Value: $23.05; Stack Value: $87.43; UNITED STATES OF AMERICA; 1 OZ. FINE SILVER - ONE DOLLAR; 2008; IN GOD WE TRUST,Raw UGC,Vlog,false,yes,,https://www.tiktok.com/@.silverstack/video/7685935765381074190
coins,silver coins,2026-09-16,2026-10-01,coincitycoins,Coin City,55200,218,19,16,5 ounces of American silver.🇺🇸🪙 Tune into Coin City livestreams to bid. #silver #coincity #preciousmetals #usa🇺🇸 #collectibles,"A short-form product showcase by Coin City featuring a 5-ounce US-shaped silver commemorative bar, utilizing macro videography and tactile handling to drive traffic to live bidding streams.",5 ounces of American silver.🇺🇸🪙 Tune into Coin City livestreams to bid. #silver #coincity #preciousmetals #usa🇺🇸 #collectibles,Polished Creator,Haul,true,yes,,https://www.tiktok.com/@coincitycoins/video/7686239125669727518
coins,silver coins,2026-09-16,2026-10-01,lonestarcoins,Lone Star Coins,24600,240,10,3,500oz of Maples. Not one milk spot. The finest 🍁 #gold #silver #finance,"A coin shop owner enthusiastically explains the problem of milk spotting in modern silver bullion coins while showcasing a pristine 500oz monster box of Canadian Silver Maple Leafs, directing viewers to his website.","THIS IS A MONSTER BOX OF CANADIAN SILVER MAPLE LEAVES AND THIS BATCH IS MY FAVORITE BATCH BECAUSE THERE IS NO MILK SPOTTING. MILK SPOTTING IS A MASSIVE ISSUE WITH MODERN BULLION COINS AND THAT HAS TO DO WITH THE WAY THEY'RE MANUFACTURED CAUSE THEY USE A BUNCH OF CHEMICALS AND SOMETIMES THERE IS A FAINT TRACE OF CHEMICALS STILL ON THE SILVER COINS THAT CAUSE THEM TO SPOT AND IT LOOKS LIKE MILK AND IT MAKES THEM REALLY KIND OF DISGUSTING, BUT THIS IS 500 OUNCES OF THE WORLD'S FINEST CANADIAN SILVER MAPLE LEAFS AND THEY'RE AVAILABLE ON LONESTARCOINS.COM",Raw UGC,Review,true,yes,,https://www.tiktok.com/@lonestarcoins/video/7686258768786640141
coins,coin roll hunting,2026-09-17,2026-10-01,coincollecting_detecting,Michael,6125,309,4,5,"Fifty Cent Coin Roll Search - Follow Along 
#fiftycentcoins #coinsearch #foryou #somethingtodo #satisfying","A coin collector records a POV walkthrough of searching a roll of Australian fifty-cent coins, identifying commemorative editions like the 2006 Commonwealth Games and 2024 King Charles coins, and discussing rare error varieties and market values.",AUSTRALIAN 50 CENT... September 2026... YEAR... COIN... Round 50c... Round 50c Double Bar... Double Obverse Head... Captain Cook... 1966... 1969...,Raw UGC,Tutorial,false,yes,,https://www.tiktok.com/@coincollecting_detecting/video/7686370310857297172
coins,rare coins,2026-09-17,2026-10-01,samso.tiv,Samso tiv,11900,405,121,99,"1974-D Lincoln Cent – Estimated Sold Value $25,200!  Could This Vintage Penny Be the Hidden Treasure Sitting in Your Collection? One Small Detail Could Make This One-Cent Coin Extremely Valuable! 

#1","A fast-paced macro video tutorial instructing viewers to inspect their old 1974-D Lincoln cent pennies for rare condition attributes and mint marks that could allegedly command a $25,200 collector value.",,Polished Creator,Tutorial,false,yes,,https://www.tiktok.com/@samso.tiv/video/7686481085747809550
coins,coin collecting,2026-09-17,2026-10-01,samso.tiv,Samso tiv,16300,464,37,93,"1956-D Lincoln Wheat Cent Estimated Sold for $17,000!  Could This Denver-Minted Wheat Penny Be Hiding a Rare Variety, Mint Error, Doubled Detail, or Exceptional Condition That Makes It a Valuable Coll","An educational numismatic video by creator Samso tiv on TikTok explaining the potential high value of a 1956-D Lincoln wheat cent. Through macro close-ups and engaging narration, the creator breaks down key identifying features, mint marks, striking errors, and condition factors that can elevate a common penny's value up to an estimated $17,000, encouraging viewers to check their own coin collections.","$17,000.00; IMAGINE FINDING A; 1956 D; LINCOLN WHEAT CENT; THAT LOOKS LIKE; AN ORDINARY OLD; PENNY; BUT WHAT IF I; TOLD YOU ONE OF; THESE TINY; COINS COULD BE; WORTH ENOUGH TO; PUT A LUXURY; CAR IN YOUR; DRIVEWAY; OR MAKE A; SERIOUS CONTRIBUTION; TOWARD YOUR; DREAM HOUSE; IN THIS VIDEO; YOU'LL FIND OUT; WHAT MAKES THIS; COIN INTERESTING; AND HOW MUCH A; DESIRABLE EXAMPLE; HAS SOLD FOR; IN THE PAST; THIS IS THE; 1956 D LINCOLN; WHEAT CENT; STRUCK AT THE; DENVER MINT; AND PART OF; THE HISTORIC LINCOLN; WHEAT PENNY SERIES; ON THE FRONT; YOU'LL SEE ABRAHAM; LINCOLN'S PORTRAIT; ALONG WITH LIBERTY; IN GOD WE TRUST; AND THE DATE 1956; TURN IT OVER; AND YOU'LL FIND; THE CLASSIC; TWO WHEAT EARS; SURROUNDING; ONE CENT; AND UNITED STATES OF; AMERICA; NOW LOOK CLOSELY; BENEATH THE DATE; THE SMALL D; MINT MARK; IDENTIFIES THIS COIN; AS A DENVER; MINTED ISSUE; BUT HERE'S WHERE; COLLECTORS START; LOOKING; MUCH CLOSER; THEY EXAMINE 1956; D CENTS FOR; RARE VARIETIES; STRIKING ERRORS; DOUBLE DETAILS; STRONG STRIKES; ORIGINAL RED COLOR; CLEAN SURFACES; AND EXCEPTIONAL MINT; STATE CONDITION; A COIN WITHOUT; STANDING; PRESERVATION; CAN ATTRACT; SIGNIFICANTLY; MORE COLLECTOR; ATTENTION; AND NOW COMES; THE SURPRISING; REVEAL; A HIGHLY DESIRABLE; 1956 D LINCOLN; WHEAT CENT; CAN HAVE AN; ESTIMATED SOLD; VALUE AROUND; $17,000; OF COURSE; NOT EVERY 1956 D; PENNY IS WORTH; $17,000; THE ACTUAL VALUE; DEPENDS ON THE; SPECIFIC VARIETY OR; ERROR; CONDITION; GRADE; RARITY; AND; AUTHENTICITY; SO BEFORE YOU; O",Polished Creator,Tutorial,false,yes,,https://www.tiktok.com/@samso.tiv/video/7686481739203529998
coins,coin collecting,2026-09-17,2026-10-01,premierrarecoins,Premier Rare Coins,25800,678,2,6,"This 5-pound brick looks like gold—but there’s actually zero gold in it.
It’s made from Nordic Gold, a copper-based alloy originally developed for coinage and best known today for its use in the €0.10","A coin expert showcases a 5-pound brick of Nordic gold, explaining its true copper-and-bronze alloy composition and its historical use in European and American coinage.",I bought 5lbs of Nordic Gold; LIBERTY IN GOD WE TRUST; 10 CENT; 20 CENT; 50 CENT; CARL XVI GUSTAF SVERIGES KONUNG FÖR SVERIGE I TIDEN,Polished Creator,Informative,true,yes,,https://www.tiktok.com/@premierrarecoins/video/7686486220033101069
coins,coin roll hunting,2026-09-17,2026-10-01,thompson.coin_stamp,Thompson Coin & Stamp,348,17,1,,Hunting bank rolls for rare coins #money #coins #fyp,"A short-form TikTok video by Thompson Coin & Stamp showcasing close-up inspections of rare historical US coins found during bank roll hunting. The content relies on satisfying visual ASMR, macro cinematography, and curiosity-driven reveals to engage coin collecting enthusiasts.",ONE CENT UNITED STATES OF AMERICA E PLURIBUS UNUM (on wheat cent); LIBERTY IN GOD WE TRUST 1949 (on Franklin half dollar); UNITED STATES OF AMERICA E PLURIBUS UNUM FIVE CENTS (on Buffalo nickel reverse); IN GOD WE TRUST LIBERTY 2005 (on Jefferson nickel); LIBERTY 1937 (on Buffalo nickel obverse),Raw UGC,Tutorial,false,yes,,https://www.tiktok.com/@thompson.coin_stamp/video/7686525077667499277
coins,silver coins,2026-09-17,2026-10-01,mrchristmaaswilliams0,Mr Christmaas Williams,233500,2984,927,1035,"THESE 1/2 c 1c 2 c 5 c 10 c 20c 50c AND THE SILVER R1 COIN SETS WERE STRUCK AS 
-1990. IN 1962 IT WAS ANNOUNCED THAT A CHANGE IN SIZE DESIGN AND METAL 
CONTENT OF COINS WAS BEING 
CONSIDERED THIS WAS ",An informational post pairing a detailed historical background of South African currency changes with an eye-catching graphic claiming vintage coins are worth up to two million rands.,"SOUTH AFRICA COIN VALUE, ESTIMATED 2026 VALUES, Do You Have Any Of These Coins?, 1965 to 1990 1 Rand Sells for R2,000,000 Depending on Condition, 1965 to 1990 50 Cent Sells for R1,350,000 Depending on Condition, 1965 to 1990 20 Cent Sells for R1,150,000 Depending on Condition, 1965 to 1987 10 Cent Sells for R850,000 Depending on Condition, 1965 to 1989 5 Cent Sells for R650,000 Depending on Condition, 1965 to 1990 2 Cent Sells for R450,000 Depending on Condition, 1965 to 1989 1 Cent Sells for R300,000 Depending on Condition, OLD COINS HAVE REAL VALUE!, SAFE & SECURE, 100% LEGITIMATE, GET THE BEST VALUE, DO NOT CLEAN YOUR COINS! CLEANING THEM CAN REDUCE THEIR VALUE!",Polished Creator,Informational,false,yes,,https://www.tiktok.com/@mrchristmaaswilliams0/video/7686561494439365908
coins,wheat penny,2026-09-17,2026-10-02,ahmaducfdi1,oldrarecoins,587,17,12,6,"🪙 1937 ONE CENT — DON’T OVERLOOK THIS OLD PENNY! 😱💰

This vintage Wheat Penny is nearly 90 years old! 🔎 Check the 1937 date, mint mark, condition, and fine details for unusual errors or rare varie","A numismatic educational short demonstrating how to inspect a 1937 US wheat penny for rare varieties, mint errors, and exceptional conditions that could elevate its value to five or six figures.",DON'T MISS THIS! (top header box); AN EXCEPTIONAL COIN WITH A RECOGNIZED VARIETY DRAMATIC MINT ERROR OR EXTRAORDINARY PRESERVATION ARE NOT THE SAME COLLECTIBLE THE RIGHT COMBINATION CAN MOVE A LINCOLN CENT FROM A JAR COIN INTO SERIOUS COLLECTOR TERRITORY MAJOR LINCOLN CENT RARITIES SPECTACULAR MINT ERRORS AND EXCEPTIONAL CONDITION PIECES CAN COMMAND FIVE FIGURE AND EVEN SIX FIGURE MONEY WHEN THE EXACT RARITY SUPPORTS IT (animated kinetic subtitles),Polished Creator,Tutorial,false,yes,,https://www.tiktok.com/@ahmaducfdi1/video/7686535486684318998
coins,rare coins,2026-09-18,2026-10-01,ahmaducfdi1,oldrarecoins,1663,61,65,11,"🪙 1983-P QUARTER DOLLAR — COULD THIS 25¢ COIN BE WORTH MORE? 😱💰

Don’t overlook this vintage quarter! 🔎 Check the 1983 date and “P” mint mark, then examine the condition, strike, and details for u","A coin collecting creator uses high-urgency text overlays and a macro POV coin demonstration to claim that a 1983-P Washington quarter can be worth up to $245,000 in fine condition, prompting viewers to check their change and comment.","DON'T MISS THIS! 
 NOW LET'S TALK ABOUT THE VALUE OF THIS COIN 
 IN FINE CONDITION 
 IN TODAY'S AUCTION MARKET 
 A 1983 WASHINGTON QUARTER 
 WITH A LARGE DATE AND P MINT MARK 
 IN FINE CONDITION CAN FETCH ANYWHERE FROM 
 $245,000 
 THE VALUE FLUCTUATES BASED ON FACTORS 
 SUCH AS THE COIN'S OVERALL APPEARANCE 
 THE SHARPNESS OF THE DATE 
 UNIQUE CHARACTERISTICS THAT MIGHT MAKE IT 
 STAND OUT 
 FOLLOW FOR MORE VIDEOS",Polished Creator,Tutorial,false,yes,,https://www.tiktok.com/@ahmaducfdi1/video/7686556829664513302
coins,rare coins,2026-09-18,2026-10-01,dansdollarss,Dans Dollars,18400,516,167,104,"800,000,000 UK 1988 1 ONE PENNY COIN VALUE ELIZABETH II #COIN #FYP #RARECOINS #coincollecting #elizabeth","A numismatic creator reviews the 1988 UK one penny coin, detailing its mintage of 800 million, historical context, and face value while encouraging audience interaction.","800,000,000; UK 1988 1 ONE PENNY COIN VALUE ELIZABETH II",Raw UGC,Tutorial,false,yes,,https://www.tiktok.com/@dansdollarss/video/7686791017600732419
coins,wheat penny,2026-09-18,2026-10-02,pennyjackpot,Pennyjackpot,558,11,2,2,"1955 Wheat Penny — Nothing Special… Or Is It?

At first glance, this 1955 Wheat Penny looks completely ordinary. No dramatic mint error, no famous variety, no record-breaking value. But coins like thi","A coin collecting creator uses macro videography of a 1955 wheat penny to spark curiosity about everyday currency, concluding with an engaging question for the comments section.",Nothing Special... Or Is It?; IN GOD WE TRUST; LIBERTY; 1955; 1955 Wheat Penny; E PLURIBUS UNUM; ONE CENT; UNITED STATES OF AMERICA,Polished Creator,Tutorial,false,yes,,https://www.tiktok.com/@pennyjackpot/video/7686851356694465805
coins,numismatics,2026-09-18,2026-10-02,goldknoxjewelryandcoin,goldknoxjewelryandcoin,4382,117,33,8,"What’s going on in the gold and silver market? 

Gold Knox Jewelry & Coin Exchange 📍 

#pasadena #preciousmetals #bullion #numismatics #coinshop","A coin shop owner in Pasadena delivers a direct, on-camera update regarding current gold and silver market prices, noting that silver is around 60 to 63 dollars an ounce and gold is near 4,300 dollars, with the market currently plateaued.","GOLD + KNOX; WHAT'S GOING ON IN THE GOLD AND SILVER MARKET?; PRECIOUS METALS MARKET?; HEY WILLIAM; WHAT'S GOING ON IN THE GOLD AND SILVER MARKET RIGHT NOW; PRICES ARE PRETTY MUCH PLATEAUED; SILVER IS AT AROUND 60, 62, 63 DOLLARS AN OUNCE; GOLD IS ABOUT 4,300 DOLLARS; PRICES ARE STEADY; IT'S NOT GOING UP, IT'S NOT COMING DOWN, BUT THE MARKET IS KIND OF FROZEN, NOTHING'S GOING ON",Polished Creator,Informational,true,yes,,https://www.tiktok.com/@goldknoxjewelryandcoin/video/7686898630833245471
coins,silver coins,2026-09-19,2026-10-01,coins_and_currency,Coins_and_currency,3030,54,8,6,#coincollecting #investing #fyp #silver #puresilver,"A creator showcases a newly purchased bag of fractional silver coins and bars, highlighting specific designs like Valcambi and buffalo heads while encouraging viewers to purchase similar tangible assets when prices are close to spot.","Bag of Fractional silver 
 $200 shipped",Raw UGC,Review,false,yes,,https://www.tiktok.com/@coins_and_currency/video/7687245839005191442
coins,rare coins,2026-09-20,2026-10-01,usacoin09,USA Coin Reveal,263,6,,,#CoinCollecting #WheatPenny #RareCoins #HiddenWealth #FinancialAlert #viral #fyp,"An instructional short-form video from USA Coin Reveal detailing how to identify high-value 1953-D and 1951-D Lincoln wheat pennies based on condition, grade, and mint marks.","Found This Wheat Penny STOP! It Could Be Worth $350,000+; part 4; 1953 d; ONE CENT UNITED STATES OF AMERICA; IN GOD WE TRUST; LIBERTY; 1951",Polished Creator,Tutorial,false,yes,,https://www.tiktok.com/@usacoin09/video/7687506370769243406
coins,numismatics,2026-09-20,2026-10-02,omonetah,O monetah,1393,37,14,,Coin for the 100th anniversary of American independence#omonetah #numismatics #numismatica_hobby,"A short, macro-photography showcase of a 1974 Eisenhower dollar coin accompanied by patriotic background music and targeted numismatic hashtags.","LIBERTY, IN GOD WE TRUST, 1974, D mint mark, UNITED STATES, IN GOD WE TRUST",Polished Creator,Aesthetic,false,yes,,https://www.tiktok.com/@omonetah/video/7687490226733747487
coins,coin collecting,2026-09-20,2026-10-01,numis415,numis,22400,337,53,65,#collections #monnaie #poutoi #coin #numismatik,A numismatist demonstrates the identification and valuation of a rare French 5 centimes 1938 star coin using an authoritative reference catalog.,"100,500,000 — 71,900,000 — 126,505,600 — février 1966 (arrêté du 19 janvier … soit 75% de la frappe courante — Bronze-aluminium 2 g 17 mm Tranche lisse Graveurs : Henri Lagriffoul et Adrien Diedouard — R Ô F — LIBERTÉ • ÉGALITÉ • FRATERNITÉ — 5 CÉNTIMES — 1938 — rare 5 centimes 1938 étoile — 171. 5 CENTIMES points avant et après la date — Créé par décret le 24 février 1938 — Essai en creux — Essai en relief — ★ entre R et F — 26,330,247 — 52,672,500 — … type Lindauer furent démonétisées le 1er janvier 1941 — Gadoury vert : Essais et Piéforts Français 1872-2001 — TB TTB SUP FDC — 350 500 800 1300 — 1 5 30 40 500",Raw UGC,Tutorial,false,yes,,https://www.tiktok.com/@numis415/video/7687592013465783584
coins,rare coins,2026-09-20,2026-10-01,samso.tiv,Samso tiv,8964,329,56,75,"1944 Copper Wheat Cent Estimated Sold $400,000? 🪙💰 Could This Rare Wartime Penny Be Hiding a Fortune in Plain Sight? | Rare Coin Value, Valuable Coins, Coin Collecting & Hidden Treasure","A short-form numismatic educational video exploring the history and potential $400,000 value of rare 1944 copper wheat cents, hosted via a close-up POV coin examination.","$400,000.00; STOP SCROLLING; WHAT IF AN; OLD PENNY HIDING IN; YOUR; COLLECTION; COULD SECRETLY BE; WORTH HUNDREDS OF; THOUSANDS OF; DOLLARS?; HERE'S THE BIG; QUESTION; COULD ONE TINY DETAIL ON; A 1944 COPPER; WHEAT CENT; TURN AN ORDINARY; ONE CENT; COIN INTO A; COLLECTOR'S DREAM; THIS IS THE 1944; COPPER; WHEAT CENT; ON THE FRONT YOU'LL FIND; THE CLASSIC; PORTRAIT OF; ABRAHAM; LINCOLN; ALONG WITH; LIBERTY IN GOD; WE TRUST; AND THE DATE; 1944; TURN IT OVER; AND YOU'LL SEE THE; ICONIC; TWO WHEAT EARS; SURROUNDING; ONE CENT; AND UNITED STATES OF; AMERICA; NOW LOOK CLOSELY AT THE; COIN'S; DATE; COLOR; AND SURFACE; THE 1944; CENT IS ESPECIALLY; INTERESTING; BECAUSE WARTIME; COIN PRODUCTION; CREATED; SOME UNUSUAL AND HIGHLY; COLLECTIBLE; VARIETIES DURING; WORLD WAR 2; THE US MINT CHANGED; THE; COMPOSITION OF; CENTS TO CONSERVE; COPPER; THAT MAKES UNUSUAL; 1944; CENTS; ESPECIALLY; INTERESTING TO; COLLECTORS; AFTER MORE THAN 80; YEARS; MOST EXAMPLES; SHOW SCRATCHES; WORN DETAILS; AND SIGNS OF; CIRCULATION; BUT COLLECTORS; CAREFULLY EXAMINE THESE; COINS FOR; AUTHENTIC; COMPOSITION; RARE VARIETIES; MINTING ERRORS; STRONG STRIKES; ORIGINAL SURFACES; AND EXCEPTIONAL; CONDITION; AND HERE'S WHERE THE; MYSTERY; GETS EXCITING; AN EXCEPTIONAL; AND AUTHENTICATE D; 1944 COPPER; WHEAT CENT HAS; AN ESTIMATED SOLD; VALUE OF; UP TO $400,000; BUT REMEMBER; NOT EVERY 1944; WHEAT CENT; IS WORTH ANYWHERE; NEAR THIS AMOUNT; THE EXACT; COMPOSITION; VARIETY; CONDITION; GRADE; AUTHENTICITY; AND PROVENANCE ",Polished Creator,Tutorial,false,yes,,https://www.tiktok.com/@samso.tiv/video/7687654856173096205
coins,wheat penny,2026-09-20,2026-10-02,samso.tiv,Samso tiv,4011,134,20,32,"1931-D Lincoln Wheat Penny – Estimated Sold Value $72,943! 🪙💰 Could This Rare Vintage Penny Be the Hidden Treasure Sitting in Your Collection? One Tiny Detail Could Make This One-Cent Coin Extremely","A fast-paced, highly visual numismatic explainer that highlights the extreme rarity and value of the 1931-D Lincoln Wheat Penny. Through macro close-ups, expert narration, and high-impact valuation hooks, the creator teaches viewers how to identify valuable vintage coins hiding in everyday collections.","$72,943.00; 1931-D Lincoln Wheat Penny – Estimated Sold Value $72,943! 🪙💰 Could This Rare Vintage Penny Be the Hidden Treasure Sitting in Your Collection? One Tiny Detail Could Make This One-Cent Coin Extremely Valuable! ✨",Polished Creator,Tutorial,false,yes,,https://www.tiktok.com/@samso.tiv/video/7687655661806636302
coins,wheat penny,2026-09-20,2026-10-02,diggindave_,Diggin Dave,1780,54,11,2,"What is the Date on this OLD Wheat Penny?

#coincollecting #coincollector #oldcoins #coins #pennies",A coin roll hunter shows off a heavily worn vintage Lincoln wheat penny and asks his TikTok audience to help him decipher its faded date and mint mark.,DIGGIN DAVE; PENDING 2; $25; ONE CENT; UNITED STATES OF AMERICA; IN GOD WE TRUST; LIBERTY; 191,Raw UGC,Vlog,false,yes,,https://www.tiktok.com/@diggindave_/video/7687665383926517023
coins,coin roll hunting,2026-09-20,2026-10-01,judyburgos14,LOSTCOINS,398,42,7,32,"​🇮🇹 Is this 1957 Italian 100 Lire worth $10,000?! 🪙 Over 90 million were made, but die errors and rotated dies on these early Minerva coins are top targets for collectors! Check your change jars!  ","A numismatic short exploring whether a specific 1957 Italian 100 Lire coin could be worth $10,000 due to rare die errors, combining historical context with collector advice.","$10,000 Coin",Raw UGC,Tutorial,false,yes,,https://www.tiktok.com/@judyburgos14/video/7687713363123539220
coins,wheat penny,2026-09-20,2026-10-02,diggindave_,Diggin Dave,757,19,10,1,"Penny Roll Lots of Wheat Pennies!

#coincollecting #coincollector #oldcoins #coins #pennies","A coin collecting creator opens roll number seven of a penny box, excitedly discovering five rare wheat pennies and showcasing their dates and mint marks to the camera.",PENNY ROLL LOADED WITH WHEAT PENNIES; DIGGIN DAVE; 2; STREE; 1955; LIBERTY; IN GOD WE TRUST; ONE CENT; UNITED STATES OF AMERICA; 1951 D; 1948 D; 1942 S; METAL DETECTING COIN ROLL HUNTING; DIGGIN DAVE,Raw UGC,Tutorial,false,yes,,https://www.tiktok.com/@diggindave_/video/7687745783919103263
coins,numismatics,2026-09-21,2026-10-02,starlwhwcmh,Son old coins,8968,166,119,22,#singaporecoins #numismatics #oldcoinsbuyer,"A short-form numismatic video showcasing a 1987 Singapore twenty-cent coin, leveraging on-screen text in Malay and a tactile coin-flipping demonstration to tease its surprising hidden value to coin collectors.","Syiling ini mungkin nampak biasa, tapi nilainya boleh mengejutkan; SINGAPURA; 1987; SINGAPORE; TWENTY CENTS; 20",Raw UGC,Inform,true,yes,,https://www.tiktok.com/@starlwhwcmh/video/7687843834168069396
coins,silver coins,2026-09-21,2026-10-01,legitcompany7,MR CHRISTIAN WILLEM  🇿🇦®️,387600,16700,3734,1181,"THESE 1/2c 1c 2c 5c 10c 20c 50c AND THE SILVER R1 COIN SETS WERE STRUCK AS PART OF THE SECOND DECIMAL ISSUE 1965 - 1990.
IN 1962 IT WAS ANNOUNCED THAT A CHANGE IN SIZE, DESIGN AND METAL CONTENT OF COI","A fast-paced TikTok meme combining historical facts about South African decimal coins from 1965 to 1990 with chaotic clips of massive cash stacks, accompanied by spoken Zulu instructions urging viewers to engage and comment.","THESE 1/2c 1c 2c 5c 10c 20c 50c AND THE SILVER R1 COIN SETS WERE STRUCK AS PART OF THE SECOND DECIMAL ISSUE 1965 - 1990.
IN 1962 IT WAS ANNOUNCED THAT A CHANGE IN SIZE, DESIGN AND METAL CONTENT OF COINS WAS BEING CONSIDERED. THIS WAS PRIMARILY DUE TO THE INCREASE IN THE PRICE OF SILVER. VARIOUS PATTERNS WERE STRUCK FOR CONSIDERATION BY THE PARLIAMENTARY COMMITTEE INVESTIGATING THIS AS THE INCREASED USE OF COIN AUTOMATION MACHINES REQUIRED LONG TERM USE OF THE COIN TYPES CHOSEN.
this is the coins shop in South Africa
COMPANY
AT CAPE TOWN
WELCOME TO SOUTH AFRICA MANANGA PORT OF ENTRY",Raw UGC,Meme,false,yes,,https://www.tiktok.com/@legitcompany7/video/7687918551298067732
coins,silver coins,2026-09-21,2026-10-01,pastokkd62d,Pastor,15500,508,186,37,"THESE 1/2 c 1c 2 c 5 c 10 c 20c 50c AND THE SILVER R1 COIN SETS WERE STRUCK AS PART OF THE SECOND DECIMAL ISSUE 1965 - 1990. IN 1962 IT WAS ANNOUNCED THAT A CHANGE IN SIZE, DESIGN AND METAL CONTENT OF","A personal update video where an ecstatic South African creator named Rifile announces to the camera that she sold her coin collection and bought a car, combining raw emotional delivery with meme-like graphic overlays.",I just sold my coins; THIS; THIS IS FOR REAL; MY NAME IS RIFILE; I AM OVER THE MOON RIGHT NOW,Raw UGC,Personal-update,false,yes,,https://www.tiktok.com/@pastokkd62d/video/7687963087881686293
coins,silver coins,2026-09-21,2026-10-01,coin.legend,COIN LEGEND,39400,632,181,106,"THESE 1/2 c 1c 2 c 5 c 10 c 20c 50c AND THE SILVER R1 COIN SETS WERE STRUCK AS PART OF THE SECOND DECIMAL ISSUE 1965 - 1990. IN 1962 IT WAS ANNOUNCED THAT A CHANGE IN SIZE, DESIGN AND METAL CONTENT OF","A TikTok video by Coin Legend presenting estimated 2026 values for South African 5 Rand Mandela commemorative coins, supported by an expert voiceover detailing historical context, minting figures, and auction realities.","South Africa Coin Value 
 ESTIMATED 2026 VALUES 
 • Do You Have These Coin? • 
 2018–5 RAND (Mandela) 
 Sells for 6,750 Rands 
 Depending on Condition 
 2008–5 RAND (Mandela) 
 Sells for 5,550 Rands 
 Depending on Condition 
 DO NOT CLEAN YOUR COINS 
 CLEANING THEM CAN REDUCE THEIR VALUE!",Polished Creator,Informational,false,yes,,https://www.tiktok.com/@coin.legend/video/7688009961237925141
coins,coin collecting,2026-09-21,2026-10-01,diggindave_,Diggin Dave,5310,156,6,4,"This Silver Dime Shocked Me!

#coins #coincollecting #coinrollhunting #coinsworthmoney #silver","Coin roll hunting creator Diggin Dave discovers an exceptionally well-preserved, uncirculated 1943-S Mercury dime in a standard coin roll and expresses genuine astonishment at its pristine condition and luster.",THIS SILVER DIME SHOCKED ME!; DIGGIN DAVE; IN GOD WE TRUST; 1943; UNITED STATES OF AMERICA; E PLURIBUS UNUM; ONE DIME,Raw UGC,Vlog,false,yes,,https://www.tiktok.com/@diggindave_/video/7688027602178575646
coins,coin roll hunting,2026-09-21,2026-10-01,jrowlive,JrowLive,232,5,,,"This is what coin roll hunting actually looks like — flip, check, next. A whole $500 box in under 45 minutes 🪙 Hobbies aren't meant to be exciting. Follow for a hunt every day. #coinrollhunting #co (","Creator JrowLive provides an authentic, behind-the-scenes look at coin roll hunting, narrating over a top-down POV sorting session to demystify the hobby and argue that hobbies do not need to be glamorous to be enjoyable.",HOW I CHECK $500 OF COINS; FLIP. CHECK. NEXT.; A WHOLE BOX IN UNDER 45 MIN; NOT GLORIOUS - BUT FUN; HOBBIES ARENT MEAN TO BE EXCITING; LIKE & SUBSCRIBE FOR MORE HUNTS,Raw UGC,Vlog,false,yes,,https://www.tiktok.com/@jrowlive/video/7686292518543166734
coins,silver coins,2026-09-22,2026-10-01,mr.mulder.exchang,mr Mulder exchange,13100,348,184,19,"Creator THESE 1/2 c 1c 2 c 5 c 10 c 20c 50c AND THE SILVER R1 COIN SETS WERE STRUCK AS PART OF THE SECOND DECIMAL ISSUE 1965 - 1990. IN 1962 IT WAS ANNOUNCED THAT A CHANGE IN SIZE, DESIGN AND METAL CO","A coin dealer uses an attention-grabbing, multi-million rand bank deposit slip and DHL logistics imagery as a hook to deliver an educational voiceover about the history of South African decimal and silver R1 coin sets.","i need coins face to face; 13/09/2026 12:29; CAPITEC; Note Deposit R300,000,000.00; Account Number: ******3771; Reference: Cash Dep Underberg Shoppin; Call our 24hr Business Centre on 0860 30 92 50 for more information; ATM ID: 8475 Underberg Shopping 4; Transaction ID: 0078710652069; P.O. # 172372; Substation Spec #: 37932; PO Description: Maximum Transformer Winding Style: B; S/N: 34111; COLOR: ; QUANTITY: 4; WRITER; MAA-5873; ECUADOR; KING LONG; 2020.10",Raw UGC,Vlog,true,yes,,https://www.tiktok.com/@mr.mulder.exchang/video/7688344026596084999
coins,silver coins,2026-09-22,2026-10-01,goldknoxjewelryandcoin,goldknoxjewelryandcoin,9784,183,65,17,"How much do you think a bag of 40% silver Kennedy half dollars is worth? 👀🪙

These coins may look like ordinary change, but their silver content can add up quickly depending on how many you have and","A coin shop owner in Pasadena demonstrates the value and variety of a large bag of 40% silver Kennedy half-dollar coins, engaging viewers with a valuation question and inviting them to visit his store.",How much is this bag of 40% silver coins is worth?; GOLD KNOX PASADENA CA,Raw UGC,Tutorial,true,yes,,https://www.tiktok.com/@goldknoxjewelryandcoin/video/7688376179895602463
coins,coin collecting,2026-09-22,2026-10-01,diggindave_,Diggin Dave,2004,70,2,,"SHINY Proof Dime Found!
#coins #coincollecting #coincollector #coinrollhunting #proofcoin","Coin roll hunting creator Diggin Dave opens a roll of dimes, spots a thick rim, and discovers a pristine 2005 S proof dime, sharing his genuine excitement with viewers.","DIGGIN DAVE, METAL DETECTING, COIN ROLL HUNTING, LIBERTY, IN GOD WE TRUST, 2005, S, UNITED STATES OF AMERICA, E PLURIBUS UNUM, ONE DIME",Raw UGC,Vlog,false,yes,,https://www.tiktok.com/@diggindave_/video/7688402115005369631
coins,coin collecting,2026-09-22,2026-10-01,williamscoin8,EURO OLD COIN EXCHANGE,91200,608,92,79,"🇮🇹🪙 STILL GOT OLD LIRES AT HOME? 👀

Those old Italian coins you might have kept for years could interest collectors! 💰

I’m looking for authentic Italian lire, old coins, rare coins, commemorativ",A commercial TikTok post by a coin buyer using a sensationalized valuation of standard vintage Italian lire coins to prompt viewers to check their homes and send photos via direct message.,,Casual Snapshot,Photo-dump,true,yes,,https://www.tiktok.com/@williamscoin8/video/7688430043172736276
coins,wheat penny,2026-09-22,2026-10-02,oldmoneyprices,OldMoneyPrices,1694,94,1,13,"These 1928 Pennies Are Worth Keeping

#1928Penny #1928Cent #WheatPenny #LincolnCent #OldCoins #RareCoins #CoinCollecting #CoinCollector #CoinHunting #CoinsWorthMoney #ValuableCoins #CoinTok #Numismati","A coin collecting tutorial that explains the value and identification of 1928 wheat pennies, highlighting how grading, mint marks, and condition can elevate a one-cent coin to thousands of dollars at auction.","IN GOD WE TRUST, LIBERTY, 1928, E PLURIBUS UNUM, ONE CENT, UNITED STATES OF AMERICA, PCGS MS64BN, 2588.64/29721078, Imaged by Heritage Auctions, HA.com, Sold on Aug 18, 2026 for: $94.00, Includes Buyer's Premium (BP), Bid Source: Internet bidder, Get one of these: Create Wantlist, This item is not currently taking offers..., PCGS MS66RD, 2590.66/57299428, Sold on Jan 15, 2026 for: $10,980.00, PCGS MS65RB, 2586.65/29630063, Sold on Jul 21, 2026 for: $104.00, PCGS MS67+RD, 2587.67+/57299391, Sold on Jan 16, 2026 for: $9,760.00, PCGS MS68RD, 2587.68/48709833, $22,800.00, PCGS MS66RB, 2592.66/36640353, $4,758.00, PCGS MS65+RD, 2593.65+/49100789, $19,200.00",Polished Creator,Tutorial,true,yes,,https://www.tiktok.com/@oldmoneyprices/video/7688448525750881566
coins,silver coins,2026-09-23,2026-10-01,legitcoincompany,legitcoincompany,469200,27300,4977,4696,"THESE 1/2 c 1c 2 c 5 c 10 c 20c 50c AND THE SILVER R1 COIN SETS WERE STRUCK AS PART OF THE SECOND DECIMAL ISSUE 1965 - 1990. IN 1962 IT WAS ANNOUNCED THAT A CHANGE IN SIZE, DESIGN AND METAL CONTENT OF",A South African creator showcases bundles of cash and rare vintage decimal coins while instructing viewers on historical mint dates and prompting engagement via comments.,"WE BUY MANDELA & OLD SOUTH AFRICAN COINS; R5 Mandela coins - 2008, 2018, 2019; R2 Mandela coins - 2003, 2004, 2019; R5 Let Us Strive for Freedom - 2019; R2 Flag - 2004; 1 Cent coins; 2 Cent coins; 5 Cent coins; Easterncape southafrica; 100 RAND; BANKIKULU YA AFRIKA DZONGA; SOUTH AFRICAN RESERVE BANK; TAP BRIZZI DI SINI; CALL BRI 1500017; BRI; 200 GHANA",Raw UGC,Tutorial,true,yes,,https://www.tiktok.com/@legitcoincompany/video/7688673047653469441
coins,silver coins,2026-09-23,2026-10-01,man.of.coin6,Man of coin 🪙,1793,84,56,9,"THESE 1/2 c 102 c 5c10 c 20c 50c AND
THE SILVER R1 COIN SETS WERE STRUCK AS
PART OF THE SECOND DECIMAL ISSUE 1965 -
1990. IN 1962 IT WAS ANNOUNCED THAT A
CHANGE IN SIZE, DESIGN AND METAL
CONTENT OF CO","A coin buyer delivers a firm warning to online sellers that legitimate buyers never charge fees or require bank deposits, offering safe face-to-face meetings at offices or police stations.","THESE 1/2 c 102 c 5c10 c 20c 50c AND THE SILVER R1 COIN SETS WERE STRUCK AS PART OF THE SECOND DECIMAL ISSUE 1965 - 1990. IN 1962 IT WAS ANNOUNCED THAT A CHANGE IN SIZE, DESIGN AND METAL CONTENT OF COINS WAS BEINGK CONSIDERED. THIS WAS PRIMARILY DUE TO THE INCREASE IN THE PRICE OF SILVER. VARIOUS PATTERNS WERE STRUCK FOR CONSIDERATION BY THE PARLIMENTARY COMMITTEE INVESTIGATING THIS AS THE INCREASED USE OF COIN AUTOMATION MACHINES REQUIRED LONG TERM USE OF THE COIN TYPES CHOSEN; I BUY COINS FACE TO FACE DEAL; SELLER SHOULD NEVER PAY ANY FEES",Raw UGC,Opinion,true,yes,,https://www.tiktok.com/@man.of.coin6/video/7688681630390652178
coins,silver coins,2026-09-23,2026-10-01,numisnuts2,NumisNuts,2794,56,2,3,Pretty great box! #coincollecting #silvercoins #rarecoins #coincollection #coinhunting,"A coin roll hunter summarizes the valuable finds from searching 2,000 quarters, highlighting specific low-mintage national parks, 2009 issues, a 2020-W West Point mint mark quarter, and a 1956 silver quarter with valuation stats.","WHAT I FOUND IN 2K QUARTERS; Silver, found...; LOW MINTAGE QUARTERS: 18; 2009 QUARTERS: 12; 2020-W Marsh Billings Rockefeller Mintage: 2 mil Last Sold: $8.50; 1956-P Silver Mintage: 44 mil Last Sold: $",Raw UGC,Tutorial,false,yes,,https://www.tiktok.com/@numisnuts2/video/7688709149751856397
coins,wheat penny,2026-09-23,2026-10-02,diggindave_,Diggin Dave,1184,42,3,,"Wheat Penny Ender Roll!

#coincollecting #coincollector #oldcoins #coins #pennies","A coin roll hunter unwraps a roll of US pennies featuring a 1951 wheat penny on the end, searches through the rest of the roll for notable dates and mint marks, and wraps up with a call to action.",50c PENNIES 50c; WHEAT PENNY ENDER ROLL!; DIGGIN DAVE; 1951; LIBERTY; IN GOD WE TRUST; E PLURIBUS UNUM; ONE CENT; UNITED STATES OF AMERICA; 1984; 1989; 1971; METAL DETECTING COIN ROLL HUNTING DIGGIN DAVE,Raw UGC,Vlog,false,yes,,https://www.tiktok.com/@diggindave_/video/7688792189161213215
coins,coin roll hunting,2026-09-23,2026-10-01,jrowlive,JrowLive,137,2,,,"You pick the next hunt 🪙 Dimes, quarters, halves, pennies — comment it and that's what I'm hunting next. Follow so you don't miss it. #coinrollhunting #coincollecting #pickmyhunt #coinhunting #jrowli","Creator JrowLive wraps up a coin hunting video by thanking viewers and asking them to comment which coin denomination he should hunt next, accompanied by on-screen prompts to like and subscribe.",ENJOYED THE HUNT?; GIVE IT A LIKE + SUB; THAT'S WHAT TELLS YOUTUBE YOU WANT MORE OF THIS; LIKE & SUBSCRIBE FOR MORE HUNTS; TELL ME WHAT TO HUNT NEXT; LIKE; SUBSCRIBE; FOLLOW,Raw UGC,Personal-update,false,yes,,https://www.tiktok.com/@jrowlive/video/7686292797330033933
coins,silver coins,2026-09-23,2026-10-01,itz.penny0,Penny,71200,3177,253,68,The elotero gave me a #silver quarter and was mad demanding it back. #coin #collecor #fyp #penny,"A creator shares a story on TikTok about receiving a 1957 silver quarter as change from an elotero street vendor, refusing to return it when asked, and asking the audience if they would have given it back.",,Raw UGC,Storytime,false,yes,,https://www.tiktok.com/@itz.penny0/video/7688841891294563615
coins,silver coins,2026-09-23,2026-10-01,bullion_numismatics,bullion & Numismatics,1327,32,1,1,some 1oz silver coins just came in today should we keep or sell #investment #bullion #silver #999silver #silverbar,"A precious metals dealer showcases a fresh shipment of 1oz silver Britannia coins priced at $63 each shipped, inviting audience engagement on whether to hold or liquidate the inventory.",1oz silver Britannia coins $63 each shipped; PROTECT YOUR WEALTH; BULLION & NUMISMATICS SILVER; 318588,Raw UGC,Vlog,true,yes,,https://www.tiktok.com/@bullion_numismatics/video/7688878283202579732
coins,wheat penny,2026-09-24,2026-10-02,samso.tiv,Samso tiv,4755,157,21,29,"Could You Have a 1939-D Lincoln Wheat Penny Worth $11,500? 🪙💰 This Vintage Penny Is One You Should Never Overlook! 🔍✨","An engaging numismatic explainer video hosted via macro POV footage, detailing the high collector value of a well-preserved 1939-D Lincoln wheat penny and teaching viewers how to identify valuable mint marks in pocket change.","$11,500.00; 1939-D LINCOLN CENT CIRCULATED VF-20 DETAILS SERIAL NO: 456789123; what if this tiny 1939 d Lincoln wheat penny could secretly be worth thousands of dollars; most people would never notice the small detail that makes collectors take a second look; at first glance it may look like an ordinary old penny; but when collectors examine vintage coins closely; details like condition strike surfaces and mint mark can make a huge difference; this is the 1939 d Lincoln wheat penny; on the front you'll find the classic portrait of Abraham Lincoln; while the reverse features the famous wheat ears design; along with the words one cent and United States of America; the d Mint Mark tells us that this penny was struck at the Denver Mint; after more than eight decades; most 1939 d wheat pennies have experienced circulation; many show scratches contact marks worn details; discoloration or a loss of their original luster; US MINT; that's why collectors carefully search for examples with sharp details clean surfaces; strong strikes attractive color and excellent preservation; the smallest differences in condition can make one coin stand out from thousands of others; collectors may also examine the date; mint mark lettering wheat stalks Lincoln's portrait; and overall surface quality for anything unusual or especially well preserved; and here's where the mystery gets exciting; a high grade 1939 d Lincoln wheat penny has an estimated sold value of $11,500; potentially turning a simple o",High-Production,Tutorial,false,yes,,https://www.tiktok.com/@samso.tiv/video/7689183522384399630
coins,numismatics,2026-09-25,2026-10-02,user845674375,Morgan,244,13,4,,"LOOKING FOR THIS 10 EURO CENT COINS 2002

I'm currently looking for this old German 10 euro cent coin to add to my collection. If anyone has one available, whether you're a collector, seller, or simpl","A short-form video seeking a specific 2002 German 10 euro cent coin, falsely attaching a 100.000 euro value to drive viewer comments and engagement.",Germany 🇩🇪 10 euro cent coins 2002; 100.000€,Raw UGC,Meme,false,yes,,https://www.tiktok.com/@user845674375/video/7689286749733850401
coins,coin roll hunting,2026-09-25,2026-10-01,diggindave_,Diggin Dave,2251,50,7,1,"Time Traveling Penny???

#coins #coincollecting #coinrollhunting #coinsworthmoney #pennies","Coin roll hunting creator Diggin Dave showcases a puzzling 1971 US penny featuring a counterstamped parachute and the date April 17, 1970, sparking curiosity about how a coin minted in 1971 bears an earlier stamped date.",TIME TRAVELING PENNY ?; DIGGIN DAVE; IN GOD WE TRUST; LIBERTY; 1971; 4-17-70,Raw UGC,Vlog,false,yes,,https://www.tiktok.com/@diggindave_/video/7689289929003699486
coins,silver coins,2026-09-25,2026-10-01,beneath_the_surface_nh,Beneath the Surface NH,191,23,7,,#silver #coins #vintage #foryoupage #fyp,"A short, silent TikTok video by Beneath the Surface NH showcasing the obverse and reverse of a 1926 Standing Liberty quarter and a 1901 Barber dime in protective cardboard holders under natural window light.","I love old silver coins!;
1926;
F;
1901;
Ft;
UNITED STATES OF AMERICA;
QUARTER DOLLAR;
IN GOD WE TRUST;
ONE DIME;
1901",Raw UGC,Vlog,false,yes,,https://www.tiktok.com/@beneath_the_surface_nh/video/7689404119961931021
coins,silver coins,2026-09-25,2026-10-01,legitcompany7,MR CHRISTIAN WILLEM  🇿🇦®️,1781,43,4,14,"THESE 1/2c 1c 2c 5c 10c 20c 50c AND THE SILVER R1 COIN SETS WERE STRUCK AS PART OF THE SECOND DECIMAL ISSUE 1965 - 1990.
IN 1962 IT WAS ANNOUNCED THAT A CHANGE IN SIZE, DESIGN AND METAL CONTENT OF COI",A promotional TikTok video by MR CHRISTIAN WILLEM detailing historical South African decimal coin sets and inviting viewers in Cape Town to visit the Century City Conference Hall coin fair to sell their coins for cash.,"THESE 1/2c 1c 2c 5c 10c 20c 50c AND THE SILVER R1 COIN SETS WERE STRUCK AS PART OF THE SECOND DECIMAL ISSUE 1965 - 1990; IN 1962 IT WAS ANNOUNCED THAT A CHANGE IN SIZE, DESIGN AND METAL CONTENT OF COINS WAS BEING CONSIDERED; sell your coins to our company; WELCOME IN SOUTH AFRICA",Polished Creator,Informational; Opinion,true,yes,,https://www.tiktok.com/@legitcompany7/video/7689431662765116693
coins,rare coins,2026-09-25,2026-10-01,thecoincollectoruk,CoincollectorUK,48100,882,49,24,Hunt through £2 coins with me for rare ones! 🤞 #viral #fyp #coinhunting #thecoincollectoruk #ConSantanderConecto,"A UK-based coin collector takes viewers along on a rapid currency hunt through a stack of two-pound coins, identifying commemorative editions like Florence Nightingale and VE Day.",Hunt through £2 coins with me for rare ones! 🤞; Florence Nightingale; VE Day; Another VE Day; Shakespeare Histories; TWO POUNDS; ELIZABETH II D G REG F D; 1998; 2013; 2015; PEACE PROSPERITY AND FREEDOM,Raw UGC,Vlog,false,yes,,https://www.tiktok.com/@thecoincollectoruk/video/7689556291622046998
coins,numismatics,2026-09-25,2026-10-02,omonetah,O monetah,11300,303,72,120,Which USSR coins can be sold for a high price?#omonetah #numismatica_hobby #numismatics,A numismatics creator uses a static macro shot of Soviet 3-kopeck coins on a banknote to deliver a detailed guide on which specific years hold higher collector value and how to properly store them.,,Raw UGC,Tutorial,false,yes,,https://www.tiktok.com/@omonetah/video/7689561710767770911
coins,numismatics,2026-09-25,2026-10-02,omonetah,O monetah,1813,58,16,15,Which USSR coins can be sold for a high price…#omonetah #numismatics,A numismatics creator details the market value of specific Soviet 5-kopeck coins based on their year of minting while displaying physical specimens on a US banknote.,"Which USSR coins can be sold for a high price…#omonetah #numismatics; TWO; DECLARATION OF INDEPENDENCE, 1776; 5 КОПЕЕК 1991; 5 КОПЕЕК 1987",Raw UGC,Tutorial,false,yes,,https://www.tiktok.com/@omonetah/video/7689562001508404511
coins,wheat penny,2026-09-25,2026-10-02,thelastpenny,The Last Penny,479,25,1,,The gas station gave him an an entire register full of wheat pennie’s! #thelastpenny,"A creator shares an exciting story about acquiring a massive stash of unsearched wheat pennies from a local gas station cashier, backing up the narrative with valuable reference guides for coin collectors.","Top Key Date Wheat Pennies; 1909-S VDB: Minted in San Francisco with designer Victor D. Brenner's initials on the reverse; only 484,000 were made.; Value: $600 to $3,000+ (higher in pristine uncirculated grades).; 1914-D: A scarce Denver mint issue with a low mintage, highly sought after by collectors.; Value: $200 to $5,000+ depending on wear.; 1931-S: A Depression-era coin with a very small mintage of just 866,000.; Value: $40 to $300+.; 1909-S (No VDB): The first-year San Francisco issue without the designer's initials.; Value: $100 to $400+.; Famous Error & Rare Variety Pennies; 1943 Bronze/Copper Cent: Mistakenly struck on a copper planchet instead of zinc-coated steel during wartime.; Value: $100,000 to $1,000,000+.; 1955 Doubled Die Obverse (DDO): Features dramatic doubling on the date and lettering.; Value: $1,000 to $20,000+.; 1922 'No D' (Weak Reverse): A Denver mint error where the 'D' mint mark is missing or heavily worn away.; Value: $500 to $12,000+.",Raw UGC,Storytime,false,yes,,https://www.tiktok.com/@thelastpenny/video/7689562332774681870
coins,silver coins,2026-09-25,2026-10-01,jcoins03,jcoins03,61,1,,,One Ounce Silver Bars #stackingsilver #silver #coincollecting,"A short promotional video showcasing one-troy-ounce silver bars priced at $59 each, aimed at coin collectors and silver stackers on TikTok.",$59 each,Raw UGC,Haul,true,yes,,https://www.tiktok.com/@jcoins03/video/7689598459099335950
coins,silver coins,2026-09-26,2026-10-01,darrenrealdeal,Darren’s Real Deals,767,12,3,,#silver #silvercollection #bullion #tiktokmademebuyit #silvercoin,Darren's Real Deals reacts to expensive silver coin prices on TikTok Shop and promotes a heavily discounted 10oz Queen's Beast Dragon coin available through his video link.,"2026 In Capsule £699.95 +£11.95 delivery Click & Collect 12 watchers; NEW LOW PRICE 2020 Royal Mint George & The Dragon 10oz Silver Coin | Very High Grade Quality £873.70 or Best Offer +£11.95 delivery Click & Collect; 10oz Silver Coin 99.99% Pure Silver, Saint George & Dragon 2018, Silver Valiant. £766.60 +£11.95 delivery; 2012 Lunar Y... 999 Fine Si... £617.68 or Best Offer +£11.95 delivery Click & Collect",Raw UGC,Review,true,yes,,https://www.tiktok.com/@darrenrealdeal/video/7689668876333862166
coins,silver coins,2026-09-26,2026-10-01,legitcompany7,MR CHRISTIAN WILLEM  🇿🇦®️,2945,68,15,6,"THESE 1/2c 1c 2c 5c 10c 20c 50c AND THE SILVER R1 COIN SETS WERE STRUCK AS PART OF THE SECOND DECIMAL ISSUE 1965 - 1990.
IN 1962 IT WAS ANNOUNCED THAT A CHANGE IN SIZE, DESIGN AND METAL CONTENT OF COI",A promotional TikTok video by a South African coin buyer combining historical trivia about 1965-1990 decimal coin issues with visual displays of large quantities of cash to attract people selling old coins and banknotes.,"THESE 1/2c 1c 2c 5c 10c 20c 50c AND THE SILVER R1 COIN SETS WERE STRUCK AS PART OF THE SECOND DECIMAL ISSUE 1965 - 1990. IN 1962 IT WAS ANNOUNCED THAT A CHANGE IN SIZE, DESIGN AND METAL CONTENT OF COINS WAS BEING CONSIDERED. THIS WAS PRIMARILY DUE TO THE INCREASE IN THE PRICE OF SILVER. VARIOUS PATTERNS WERE STRUCK FOR CONSIDERATION BY THE PARLIAMENTARY COMMITTEE INVESTIGATING THIS AS THE INCREASED USE OF COIN AUTOMATION MACHINES REQUIRED LONG TERM USE OF THE COIN TYPES CHOSEN. this is the coins shop at Capetown Hello everyone! I'm currently in Cape Town, going house to house buying all types of old South African coins and notes - safe, fast, and trusted! We are available in all provinces: 1 Gauteng 2 Eastern Cape 3 Free State 4 Northern Cape 5 Limpopo 6 Mpumalanga 7 Western Cape 8 North West 9 KwaZulu-Natal 10 Soweto Message me now on WhatsApp",Raw UGC,Informational,true,yes,,https://www.tiktok.com/@legitcompany7/video/7689715806636166420
coins,numismatics,2026-09-26,2026-10-02,numismatic.s,numismatic.s,1574,86,1,7,#coincollection #fyp #mpesfypgamw #greece #numismatics,"A silent, aesthetic showcase of an 1882 Greek 10 Lepta coin, presented in a top-down POV format for numismatic enthusiasts.","10 Lepta
1882 🇬🇷
Beautiful Old Coin Of Greece❤️",Raw UGC,Aesthetic,false,yes,,https://www.tiktok.com/@numismatic.s/video/7689724586895723798
coins,silver coins,2026-09-26,2026-10-01,unique_royal_coins,~𝑹𝒐𝒚𝒂𝒍_𝑪𝒐𝒊𝒏𝒔~,523,54,17,8,"The 1901 Romanian 5 Lei silver coin is a truly remarkable piece of history, struck in .900 silver with a weight of 25g and a 38mm diameter. With an exceptionally low mintage of only 82,460 pieces, it ","A numismatic showcase post highlighting a rare 1901 Romanian 5 Lei silver coin, featuring detailed macro footage of the coin alongside historical archives of King Carol I, designed for coin collectors and history enthusiasts.",Majestatea Sa Regele Carol I; 3488.; CAROL I REGE AL ROMANIEI; 1901; 5 L; B; KULLERICH,Curated Aesthetic,Aesthetic,false,yes,,https://www.tiktok.com/@unique_royal_coins/video/7689796457842412832
coins,rare coins,2026-09-26,2026-10-01,vithunan8,Victor,432,21,2,,Coins for sale collection #numismatics #coincollecting #rarecoins #fyptiktok #2euro,"A short-form aesthetic showcase of a 2007 Portuguese commemorative 2 euro coin, presented for collectors with relevant hashtags.","Portugal 🇵🇹 
 2007!! 
 TRATADO DE ROMA 50 ANOS 
 EUROPA 
 PORTUGAL 
 2007 
 2 EURO",Raw UGC,Collection,true,yes,,https://www.tiktok.com/@vithunan8/video/7689857335874882818
coins,coin roll hunting,2026-09-26,2026-10-01,theunbelievable,The unbelievable,68700,446,6,41,#coinrollhunting #numismatics #coincollecting #halfdollar #silvercoins #coincollector #rarecoins #fyp,"A coin roll hunting creator walks viewers through searching a roll of US dollar coins, successfully identifying valuable non-circulated commemorative finds like the 2019-D Native Americans in Space and 2004-D Sacagawea dollars while providing educational error-checking tips.",How good would it be if we found a 2015 Dwight D Eisenhower Presidential NIFC; NARROW RIM / WIDE RIM Note width of rim and distance to 1 of date; 1979; 2019-D Am. Indians in Space Mintage: 1.54M Ebay Last Sold: $3-$7; 2000 P Philadelphia; Regular / Cheerios; 2004-D Sacagawea; NIFC Mintage: 2.66M Ebay Last Sold: $2-$6; Normal Reverse / FS-001 Elongated Ray; 2018-P Jim Thorpe Mintage: 1.4M Ebay Last Sold: $3-$5; Deep Dive Roll Hunt! Dollars #25; Follow and save for next time! Share what you enjoy collecting; COIN ROLL TREASURES,Raw UGC,Tutorial,false,yes,,https://www.tiktok.com/@theunbelievable/video/7689677939339824397
coins,rare coins,2026-09-26,2026-10-01,coins.worth.today,coins worth today,8306,305,110,56,"1981 Lincoln Penny Value – How Much Is This Rare 1 Cent Coin Worth?

#coinsworthtoday #coins #dollar #quater","A short educational video by TikTok creator 'coins worth today' examining the 1981 US Lincoln penny, using a $500,000 clickbait valuation hook to discuss actual coin conditions, mint errors, and collector value.",$500000; WELCOME; WHERE; INTERESTING; THEIR; LOOKING; USA; FROM; 1981; CENT; FEATURES; ABRAHAM; LINCOLN; ON; THE; FRONT; AND; MEMORIAL; REVERSE; PRODUCED; IN; LARGE; NUMBERS; SO; MOST; CIRCULATED; EXAMPLES; ARE; WORTH; ONLY; A; FEW; CENTS; ABOVE; FACE; VALUE; HOWEVER; CONDITION; CAN; MAKE; BIG; DIFFERENCE; COINS; WITH; STRONG; DETAILS; ATTRACTIVE; SURFACES; RARE; MINT; ERRORS; MAY; BE; MORE; TO; COLLECTORS; CHECK; YOUR; PENNIES; CAREFULLY; BEFORE; SPENDING; THEM; MIGHT; HAVE; SPECIAL; HIDING; COLLECTION; THANKS; WATCHING; SUBSCRIBE; FOR; MORE; VALUES; VIDEOS; SUBSCRIBE (button),Raw UGC,Tutorial,false,yes,,https://www.tiktok.com/@coins.worth.today/video/7689912892455652610
coins,coin roll hunting,2026-09-26,2026-10-01,diggindave_,Diggin Dave,1621,55,2,,"I Found SILVER in these Rolls!

#coinrollhunting #coins #silvercoins #coincollecting #silver","A coin roll hunting creator named Diggin Dave demonstrates how to identify silver Kennedy half dollars by weighing rolls and opening them to find 1964 and 1967 silver coins, culminating in a live valuation calculation showing nearly sixty dollars in silver value.",SILVER HALF DOLLARS!; DIGGIN DAVE; 225.9; $10 HALVES; 226.54; 226.58; 1967; 1964; IN GOD WE TRUST; LIBERTY; UNITED STATES OF AMERICA; HALF DOLLAR; Silver Price Per Troy Ounce; Total Silver Value; Total Silver Weight; 5% Price Spread (USD),Raw UGC,Tutorial,false,yes,,https://www.tiktok.com/@diggindave_/video/7689931297107496223
coins,coin collecting,2026-09-26,2026-10-01,coinhub,Coin Hub,3596,50,7,8,"Will pennies stay in collector sets?

U.S. Mint Director Paul Hollis joins Blake Alma and Justin Couch for CoinHub Journal. Justin asks about the future of the Lincoln cent in proof sets and mint sets","Coin collector Justin Couch interviews US Mint Director Paul Hollis at a convention to ask whether the Lincoln cent will be removed from proof and mint sets. Hollis definitively confirms that pennies will remain in collector sets, citing their historic legacy and popularity among collectors.","COIN HUB JOURNAL / HIGHLIGHTS; Will pennies stay in collector sets?; PAUL HOLLIS - U.S. MINT DIRECTOR; JUSTIN COUCH; I don't know if you're allowed to answer this, but a lot of my followers have been asking me if I know if you guys, the U.S. Mint is going to continue to put the Lincoln cent into proof sets and mint sets going forward.; THE COINHUB INTERVIEW With Blake Alma - Paul Hollis - Justin Couch; BEST OF THE MINT - 1997 Saint-Gaudens High Relief Proof; 2026 COLLECTIBLE LINCOLN CENT; IMAGES: U.S. MINT; 2026 SILVER PROOF SET; Watch the full story at CoinHubJournal.com",Polished Creator,Interview,false,yes,,https://www.tiktok.com/@coinhub/video/7689542570120154398
coins,rare coins,2026-09-26,2026-10-01,mphile105,Mandela Coins Company,201700,5716,862,630,"Creator THESE 1/2 c 1c 2 c 5 c 10 c 20c 50c AND THE SILVER R1 COIN SETS WERE STRUCK AS PART OF THE SECOND DECIMAL ISSUE 1965 - 1990. IN 1962 IT WAS ANNOUNCED THAT A CHANGE IN SIZE, DESIGN AND METAL CO","A South African coin buying company showcases rare and valuable old coins, detailing historical decimal issues and providing valuation guides to encourage viewers to appraise and sell their collections.","South Africa, 5 Rand 2005 (featuring a wildebeest), Sells for 6,750 Rands., South Africa, 5-Cent 1965 (Part of the first decimal), South Africa, 1 Rand 1992 SOLI DEO GLORIA, South Africa, 5 Rand 2018 (Nelson Mandela Centenary), Common myths about coins value, WhatsApp me here +2763 453 7010, R80,000 Africa, 1986 2 cent coin, SOUTH AFRICA OLD COINS COLLECTION, RARE COINS • HIGH VALUE • REAL ESTIMATES, SA COIN COMPANY, BUYING OLD COINS & BANKNOTES, TRUSTED • FAIR • INSTANT PAYMENT, FACE-TO-FACE, NO FEE • NO SCAM, SOUTH AFRICA, DO YOU HAVE THIS WE STILL NEED OTHER COINS, VALUABLE SOUTH AFRICAN COINS",Raw UGC,Tutorial,true,yes,,https://www.tiktok.com/@mphile105/video/7689978257940221204
coins,rare coins,2026-09-27,2026-10-01,dansdollarss,Dans Dollars,1820,41,45,3,KING CHARLES III SALMON 50 PENCE COIN 2025 #COIN #FYP #rarecoins #coincollecting #kingcharles,Dans Dollars showcases 2025 King Charles III salmon 50p coins and announces a three-coin giveaway for viewers who comment 'salmon' by Monday at 6:00 p.m.,KING CHARLES III SALMON 50 PENCE COIN 2025 #COIN #FYP #rarecoins #coincollecting #kingcharles,Raw UGC,Review,true,yes,,https://www.tiktok.com/@dansdollarss/video/7690074347033087254
coins,silver coins,2026-09-27,2026-10-01,legit.coins.buyer919,legit coins buyer,444,8,5,2,"THESE 1/2 c 1c 2 c 5 c 10 c 20c 50c AND THE SILVER R1 COIN SETS WERE STRUCK AS PART OF THE SECOND DECIMAL ISSUE
1965 - 1990. IN 1962 IT WAS ANNOUNCED THAT A CHANGE IN SIZE, DESIGN AND METAL CONFENT OF","A promotional video by an unverified coin buyer offering luxury car gifts to people who sell their historical South African coins, employing high-reward incentives to drive inbound messaging.","congratulations to those of you who sold their coins in our company we are bringing your car gift that we promise so if you have not sold your coins yet inbox us now Thank you; THESE 1/2 c 1c 2 c 5 c 10 c 20c 50c AND THE SILVER R1 COIN SETS WERE STRUCK AS PART OF THE SECOND DECIMAL ISSUE 1965 - 1990. IN 1962 IT WAS ANNOUNCED THAT A CHANGE IN SIZE, DESIGN AND METAL CONFENT OFCOINS WAS BEiNG the coins and CONSIDERED. THIS WAS PRIMÄRILY DUE TO THE INCREASE IN THE PRICE OF SILVER. VARIOUS PATTERNS WERE STRUCK FOR CONSIDERATION BY THE PARLIMENTARY COMMITTEE INVESTIGATING THIS AS THE INCREASED USE OF COIN AUTOMATION MACHINES REQUIRED LONG TERM USE OF THE COIN TYPES CHOSEN",Raw UGC,Rant,true,yes,,https://www.tiktok.com/@legit.coins.buyer919/video/7690088928270961941
coins,wheat penny,2026-09-27,2026-10-02,treasuretown.a,TREASURE TOWN,548,18,2,,#CoinTok #RareCoins #WheatPenny #CoinCollecting #FYP,"A polished educational short from creator Treasure Town exploring the history, minting process, and potential value of the 1944-D Lincoln Wheat Penny, combining macro coin cinematography with engaging historical facts.",The 1944-D Lincoln Wheat Penny: A Wartime Legacy in Copper; IN GOD WE TRUST; LIBERTY; 1944 D; E PLURIBUS UNUM; ONE CENT; UNITED STATES OF AMERICA; TREASURE TOWN,Polished Creator,Tutorial,false,yes,,https://www.tiktok.com/@treasuretown.a/video/7690090182019796242
coins,coin roll hunting,2026-09-27,2026-10-01,ceeteekoins,CEETEEKO,13200,154,17,41,"Trump $1 coin roll hunting. Bought straight from the US MINT; got one 4th of july privy $1 coin. #preciousmetals 
#fyp 
#coincollecting 
#uscoins 
#usmint","A creator showcases a coin roll hunting session featuring official 2026 Donald J. Trump presidential dollar coins straight from the US Mint, highlighting a special 4th of July privy mark coin through fast-paced, rhythmically edited macro POV footage.","2026 QUINCENTENNIAL PRESIDENT DONALD J. TRUMP $1 ROLL $25 on the coin wrapper; LIBERTY, IN GOD WE TRUST, JULY 4th, 1776 - 2026 on the coin face.",Raw UGC,Vlog,false,yes,,https://www.tiktok.com/@ceeteekoins/video/7690239336914111774
coins,silver coins,2026-09-27,2026-10-01,thelastpenny,The Last Penny,117800,432,18,18,Why Do Coins Have Ridged Edges 🪙 #thelastpenny,"A fast-paced educational short explaining the historical origin of reeded coin edges as a countermeasure against metal shaving fraud, featuring high-detail macro demonstrations of historical coin clipping.","UNITED STATES OF AMERICA, ONE DOLLAR, 1 OZ FINE SILVER, 9999, CANADA, 9999, DOLLARS, LIBERTY, IN GOD WE TRUST, 1990, 20, Why Do Coins Have Ridged Edges",High-Production,Tutorial,false,yes,,https://www.tiktok.com/@thelastpenny/video/7690284308119997709
coins,coin collecting,2026-09-27,2026-10-01,judyburgos14,LOSTCOINS,6303,248,64,158,"Is there a hidden fortune sitting in your coin stash? 🪙 French 10 Centimes from 1963 are usually worth under a dollar, BUT finding a major mint error piece can push the value into thousands for error","A numismatic content creator uses a macro lens and magnifying glass to inspect a 1963 French 10 Centimes coin, explaining how mint errors can drastically increase its value and prompting viewers to search their own coin stashes.","$100,000; REPUBLIQUE FRANCAISE; LIBERTE EGALITE FRATERNITE; 10 CENTIMES; 1963",Raw UGC,Tutorial,false,yes,,https://www.tiktok.com/@judyburgos14/video/7690300651351428373
coins,rare coins,2026-09-27,2026-10-01,coin.legend,COIN LEGEND,57700,662,175,323,"THESE 1/2 c 1c 2 c 5 c 10 c 20c 50c AND THE SILVER R1 COIN SETS WERE STRUCK AS PART OF THE SECOND DECIMAL ISSUE 1965 - 1990. IN 1962 IT WAS ANNOUNCED THAT A CHANGE IN SIZE, DESIGN AND METAL CONTENT OF","A TikTok video presenting historical facts about South African decimal coin minting from 1965 to 1990, paired with an overhead view of assorted vintage coins, concluding with a questionable claim that specific silver coins are worth millions and instructing viewers to contact the poster on WhatsApp.","R5 2005 R5,000,000; R2 2005 R5,000,000; Two Pence 2007 R5,000,000; Two Pence 2008 R5,000,000; 2c 1984 R5,000,000; 1989 R5,000,000; 50c 1994 R5,000,000; 2018 R5,000,000; 5c 2003 R5,000,000; 2008 R5,000,000; R2 1990 R5,000,000; 1989 R5,000,000; 20c 1992-2008 R5,000,000; 1997 R5,000,000; 1997 R5,000,000; ONE CENTS R5,000,000; the South Africa SILVER is the rarest coin worth 4 million each.",Raw UGC,Inform,true,yes,,https://www.tiktok.com/@coin.legend/video/7690315949127322901
coins,numismatics,2026-09-27,2026-10-02,reecesidequest,Reece’s Sidequests,2034,87,1,1,Unusual and cool features of these 1990s - 2010s produced Hong Kong circulating coinage. Some of my personal faves! #hongkong #coins #coincollecting #numismatics #china,"A numismatics creator shares appreciation for the design and security features of common 1990s Hong Kong 2-dollar and 5-dollar circulating coins in a casual, educational POV format.","Cool features of 1990s Hong Kong coins; HERE'S A COUPLE OF COMMON, EASILY ACQUIRABLE, UH, BASE METAL COINS THAT I JUST REALLY LIKE THE DESIGN OF. THESE ARE THE TWO AND FIVE DOLLAR COINS FROM HONG KONG FROM THE 1990S. THIS TWO DOLLAR ONE HAVING THIS LOVELY WAVY EDGE, REALLY MAKING IT, UH, YOU KNOW, MORE DIFFICULT TO COUNTERFEIT. IT IS A SECURITY FEATURE OF SORTS, BUT IT ALSO JUST, JUST VISUALLY APPEALING. ON THE FIVE, YOU HAVE, UM, YOU KNOW, THE SIMILAR KIND OF NUMBER DESIGN HERE. ON THE REVERSE, YOU HAVE THE SAME, UH, FLOWER. BUT MY FAVOURITE FEATURE THAT IS, UH, YOU KNOW, A DESIGN AND SECURITY FEATURE COMBO IS THIS VERTICAL TEXT. IF MY CAMERA WILL FOCUS, THIS VERTICAL TEXT ON THE RIM THAT'S ACTUALLY STRUCTURALLY INDENTED AND KIND OF PROTECTED FROM BEING WORN OFF. BUT YOU CAN SEE IT SAYS HONG KONG AND IT SAYS $5, AND IT HAS THE TEXT IN CHINESE AND IN ENGLISH. VERY, VERY COOL. AND LIKE I SAID, THESE ARE BOTH VERY COMMON CIRCULATING CURRENCY. YOU CAN FIND THEM ONLINE AS A US BUYER FOR LIKE UNDER 1 U S.",Raw UGC,Tutorial,false,yes,,https://www.tiktok.com/@reecesidequest/video/7690334564513811725
coins,rare coins,2026-09-27,2026-10-01,williamscoin8,EURO OLD COIN EXCHANGE,1987,70,52,4,"🇮🇹🪙 STILL GOT OLD LIRES AT HOME? 👀

Those old Italian coins you might have kept for years could interest collectors! 💰

I’m looking for authentic Italian lire, old coins, rare coins, commemorativ",A short promotional TikTok video by a coin exchange business featuring a macro shot of a coin and text prompting viewers who own old Italian lires to send photos via direct message for evaluation.,old Europe coin need,Polished Creator,Review,true,yes,,https://www.tiktok.com/@williamscoin8/video/7690350816984665364
coins,silver coins,2026-09-27,2026-10-01,coins_and_currency,Coins_and_currency,2691,56,2,1,#coincollecting #USMint #stackingsilver #silver,"A coin collector showcases a newly acquired stack of vintage Morgan silver dollars, explaining their historical mint years, silver weight, mint marks, and retail pricing of $38 each.",Stacking Morgan Silver Dollars $38 each; Coins_and_currency; UNITED STATES OF AMERICA; IN GOD WE TRUST; E PLURIBUS UNUM; ONE DOLLAR; 1900; 1896; 1890; 1878; 1889; 1881; LIBERTY,Raw UGC,Tutorial,true,yes,,https://www.tiktok.com/@coins_and_currency/video/7690358612497075508
coins,numismatics,2026-09-28,2026-10-02,omonetah,O monetah,1336,47,19,,Review of USSR coins#omonetah #numismatics #numismatica_hobby,"A numismatic showcase video featuring a close-up macro view of a 1870-1970 Soviet commemorative coin dedicated to Vladimir Lenin, set to an upbeat pop-rock soundtrack.",1870-1970,Raw UGC,Review,false,yes,,https://www.tiktok.com/@omonetah/video/7690579834589809950
coins,numismatics,2026-09-28,2026-10-02,omonetah,O monetah,10300,281,41,52,Ceea 10 kop. 1961 USSR#omonetah #numismatics,"A numismatic creator presents a detailed valuation and historical overview of the Soviet 10-kopeck coin from 1961, explaining its high mintage, current worth, and factors affecting its value while inviting viewers to submit their own coin photos for appraisal.",,Polished Creator,Tutorial,false,yes,,https://www.tiktok.com/@omonetah/video/7690580683105815838
coins,rare coins,2026-09-28,2026-10-01,usa.focus.coin,usa focus coin,8185,277,82,49,"1990 Germany 10 Pfennig Coin Worth $835,000? Rare Coin Value You Need to Know!#RareCoins #CoinCollecting #10Pfennig #GermanCoins #GermanyCoins","An educational TikTok video by usa focus coin examining the 1990 German 10 Pfennig coin, discussing its mint marks, potential errors, and a claimed auction value of $835,000 while advising collectors on proper authentication.","$835,000; NINETEEN; REPUBLIC; GERMANY; COIN; PIECE; GERMAN; HISTORY; FEATURING; DESIGN; THIS; IN; LOCATIONS; INCLUDING; D; F; G; AND; ITS; MARK; QUALITY; ANY; MINTING; CAN; COLLECTOR; INTEREST; SOME; EXAMPLES; MAY; SHOW; ATTRACTIVE; ORIGINAL; SURFACES; SHARP; DETAILS; OR; UNUSUAL; ERRORS; THAT; MAKE; THEM; MORE; INTERESTING; TO; SPECIALISTS; FOR; VIDEO; THE; COINS; CLAIMED; VALUE; TODAYS; AUCTION; MARKET; ABOUT; EIGHT; THOUSAND; EXTREMELY; ATTENTION; GRABBING; FIGURE; HOWEVER; PUBLISHED; CATALOGUE; INFORMATION; ORDINARY; TENTH; PENNY; GENERALLY; SHOWS; MUCH; LOWER; VALUES; SO; PRICE; HIGH; WOULD; REQUIRE; EXCEPTIONAL; RARITY; AUTHENTICATION; DOCUMENTED; EVIDENCE; COLLECTORS; SHOULD; CAREFULLY; INSPECT; DATE; LETTERING; SURFACE; CONDITION; POSSIBLE; BEFORE; MAKING; VALUATION; PROFESSIONAL; GRADING; SERVICE; REPUTABLE; HOUSE; HELP; DETERMINE; WHETHER; PARTICULAR; EXAMPLE; EXTRAORDINARY; SMALL; REMINDS; US; THAT; CAN; MAJOR; DIFFERENCE; NUMISMATICS",Raw UGC,Tutorial,false,yes,,https://www.tiktok.com/@usa.focus.coin/video/7690601496072801558
coins,wheat penny,2026-09-28,2026-10-02,ancientcoins6,Ancient coins,2096,126,15,11,"1934-D Wheat Penny Worth Over $10,000? Check Your Coins!

#1934Dpenny
#WheatPenny
#LincolnPenny
#RareCoins
#creatorsearchinsights","A numismatic creator explains the rarity and potential high value of the 1934-D Lincoln wheat penny, detailing how heavy circulation makes well-preserved specimens extremely valuable to collectors.","$20,000.00+; WHAT IF I; THAT A TINY; ONE CENT COIN; FROM THE 1930S; COULD BE WORTH; ENOUGH MONEY; TO HELP; YOU MOVE CLOSER TO; YOUR DREAM HOUSE; IT SOUNDS UNBELIEVABLE; BUT RARE COINS; HAVE SURPRISED COLLECTORS; MANY TIMES BEFORE; TODAY'S COIN IS; THE 1934 D LINCOLN; WHEAT PENNY; AT FIRST GLANCE; IT LOOKS LIKE; AN ORDINARY OLD; PENNY; ON THE FRONT; YOU'LL SEE THE; PORTRAIT OF ABRAHAM; LINCOLN; ON THE BACK; TWO WHEAT EARS; SURROUND THE WORDS; ONE CENT; WHICH IS WHY; COLLECTORS CALL IT; THE WHEAT PENNY; THE SMALL D; MINT MARK UNDER; THE DATE TELLS US; THIS COIN WAS PRODUCED; AT THE DENVER MINT; MILLIONS WERE MADE; BUT HERE'S THE; INTERESTING PART; MOST OF THESE; COINS WERE HEAVILY; USED IN CIRCULATION; DURING THE; 1930S AND 1940S; BECAUSE OF THAT; HEAVY USE; FINDING A 1934 D; WHEAT PENNY TODAY; WITH SHARP DETAILS AND; ORIGINAL COLOR; IS MUCH HARDER THAN; MOST PEOPLE THINK; AND THAT'S WHERE; COLLECTORS GET EXCITED; WHEN A HIGH GRADE; 1934 D WHEAT PENNY; APPEARS AT AUCTION; ITS VALUE CAN; INCREASE DRAMATICALLY; SOME BEAUTIFUL",Polished Creator,Tutorial,false,yes,,https://www.tiktok.com/@ancientcoins6/video/7690611581939354893
coins,silver coins,2026-09-28,2026-10-01,mkcoinguy,Marcus Kirby,613,12,2,,"$10 x Silver Proof sets ($0.85 face 90% pet set) up for grabs $38 each plus $5 shipping 
#silvercoins #sold #silvercoins #coincollecting #preciousmetals","A creator showcases vintage United States Mint silver proof sets from 1992 to 1998 on a display case with a clear price tag of thirty-eight dollars each plus five dollars shipping, targeting coin collectors on TikTok.",United States Mint Silver Proof Set 1992; United States Mint Silver Proof Set 1993; United States Mint Silver Proof Set 1994; United States Mint Silver Proof Set 1995; United States Mint Silver Proof Set 1996; United States Mint Silver Proof Set 1997; United States Mint Silver Proof Set 1998; $38 each plus $5 shipping,Raw UGC,Haul,true,yes,,https://www.tiktok.com/@mkcoinguy/video/7690629668684172557
coins,rare coins,2026-09-28,2026-10-01,dansdollarss,Dans Dollars,14600,406,138,81,"400,000,000 UK 2002 1 ONE PENNY COIN VALUE ELIZABETH II #COIN #FYP #rarecoins #coincollecting #elizabeth","A coin collecting creator breaks down the mintage, history, and face value of a 2002 UK one penny coin, utilizing macro visuals and encouraging viewers to share their own coin photos in the comments.","400,000,000; UK 2002; 1 ONE PENNY COIN VALUE; ELIZABETH II",Raw UGC,Tutorial,false,yes,,https://www.tiktok.com/@dansdollarss/video/7690660245667974422
coins,silver coins,2026-09-28,2026-10-01,the.coin.cutter,The coin cutter,41900,204,34,4,A customer sent me this thinking it's real silver ….. #coins #silver #fake  #metalart #scam,"A coin cutting artisan demonstrates that a customer's Canadian Maple Leaf coin is counterfeit by showing its poor cutting behavior, dark discoloration, and non-genuine metal dust residue, ending with advice to buy only from trusted dealers.",I think this silver Coin is fake; THE COIN CUTTER; CANADA; 9999; FINE SILVER; 1 OZ ARGENT PUR; 2021; DOLLARS; SHATTER RESISTANT; Safety Rule; cm; mm,Raw UGC,Tutorial,false,yes,,https://www.tiktok.com/@the.coin.cutter/video/7690667089241083138
coins,(not in thumbnail),2026-09-28,2026-10-01,zoobitip4t6,Laiba...😽Shehzadi😽,307,2,,,Deep Dive Roll Hunt Half Dollars #coincollecting #coinrollhunting #numismatics #reels #viral Com (1),,,,,,no,,https://www.tiktok.com/@zoobitip4t6/video/7690709546385444119
coins,coin collecting,2026-09-29,2026-10-01,pastorjacob_coinsbuyer,pastor jacob,2523,36,28,13,#Coins #CoinTok #CoinCollection #CoinCollector #RareCoins,A TikTok video by pastor jacob warning coin sellers against paying online fees and offering to buy rare coins strictly through face-to-face meetings arranged via WhatsApp.,kindly message me on WhatsApp+27 71 950 450 to sell your coins we only meet face to face,Raw UGC,Tutorial,true,yes,,https://www.tiktok.com/@pastorjacob_coinsbuyer/video/7690808165750852884
coins,numismatics,2026-09-29,2026-10-02,omonetah,O monetah,84600,1296,521,159,"If anyone has this amount of hryvnia left, please leave a plus in the comments.#omonetah #numismatics","A numismatics creator showcases a 2004 1 Ukrainian Hryvnia coin in macro detail, prompting viewers who own similar coins to leave a plus in the comments.",ВОЛОДИМИР ВЕЛИКИЙ; УКРАЇНА; 1 ГРИВНЯ; 2004,Raw UGC,Review,false,yes,,https://www.tiktok.com/@omonetah/video/7690875407683341598
coins,coin collecting,2026-09-29,2026-10-01,samso.tiv,Samso tiv,5546,193,19,37,"1966 Kennedy Half Dollar – Estimated Sold Value $54,000! Could This Vintage 50-Cent Coin Be Hiding a Fortune? One Tiny Detail Could Make Collectors Take a Second Look!","A short-form educational video exploring the numismatic history and potential $54,000 value of a 1966 Kennedy half dollar, emphasizing mint mark absence, 40% silver composition, and high-grade condition criteria.","1966 KENNEDY HALF DOLLAR - ESTIMATED SOLD VALUE $54,000! / UNITED STATES OF AMERICA / HALF DOLLAR / IN GOD WE TRUST / LIBERTY / 1966",Polished Creator,Tutorial,false,yes,,https://www.tiktok.com/@samso.tiv/video/7690943862918941965
coins,rare coins,2026-09-29,2026-10-01,usa.focus.coin,usa focus coin,6960,240,86,45,"1990 Washington Quarter Worth $365,000? 😱 Rare Coin Value You Need to Know!#1990WashingtonQuarter #WashingtonQuarter #RareCoins #ValuableCoins #CoinCollecting","A short-form educational video examining the potential value of a 1990 Washington quarter, warning viewers about common values while highlighting rare error potential.","$365,000; 1990; UNITED STATES; QUARTER; COIN; COLLECTORS; EXCEPTIONAL; CONDITION; ERROR; UNUSUAL; VARIETY; PROVIDED; CLAIMED; VALUE; AT; HOWEVER; SHOULD; CAREFULLY; VERIFY; ANY; EXTRAORDINARY; VALUATION; BECAUSE; MOST; QUARTERS; ARE; COMMON; AND; NORMALLY; TRADE; CLOSE; TO; FACE; WHILE; DOCUMENTED; HIGH-GRADE; OR; EXAMPLES; CAN; BRING; MORE; LOOK; CLOSELY; WASHINGTON'S; PORTRAIT; THE; DATE; MINT; MARK; OVERALL; SURFACES; GENUINE; SUCH; AS; STRONG; DOUBLING; MISSING; CLAD; LAYERS; DRAMATIC; OFF-CENTER; STRIKES; INCREASE; COLLECTOR; INTEREST; EXTREMELY; IMPORTANT; SCRATCHES; DAMAGE; ENVIRONMENTAL; SIGNIFCANTLY; REDUCE; IF; YOU; BELIEVE; HAS; FEATURE; PROFESSIONAL; AUTHENTICATION; GRADING; HELP; DETERMINE; ITS; TRUE; MARKET; DISCOVERY; IN; YOUR; POCKET; CHANGE; COULD; MAKE; THIS; ORDINARY-LOOKING; WORTH; INVESTIGATING.",Raw UGC,Tutorial,false,yes,,https://www.tiktok.com/@usa.focus.coin/video/7690972450716224770
coins,rare coins,2026-09-29,2026-10-01,cartweaks_,Pawn Legacy Us Shop🇺🇸,584,20,1,,"This man brought a $700,000 sunken treasure into the pawn shop 😳🪙 #pawnshop #pawnstars #rarecoins #collection","A short-form video clip featuring an episode of Pawn Stars where a seller brings in a rare, fused mass of 1702 silver rupee coins from a sunken royal ship, valued at hundreds of thousands of dollars, concluding with a cliffhanger asking viewers to comment for part two.",TAJ MAHAL SUNKEN TREASURE COINS; PAWNLEGACY_XT; 17:02; OPEN 24 HRS; WORLD FAMOUS GOLD & SILVER PAWNSHOP,High-Production,Storytime,false,yes,,https://www.tiktok.com/@cartweaks_/video/7690981284180528406
coins,coin roll hunting,2026-09-29,2026-10-01,numisnuts2,NumisNuts,1891,65,14,1,Great PROOF find #rarecoins #coinrollhunt #proofcoin #coincollecting #rarecoin,"A coin roll hunter shares a quick TikTok video discovering a 1979-S proof quarter in a business wrap roll, combining first-person perspective, casual spoken commentary, and informative text overlays for numismatics enthusiasts.",OLD Proof Find; 1979-S Proof Mintage: 3.6 mil Last Sold: $4,Raw UGC,Vlog,false,yes,,https://www.tiktok.com/@numisnuts2/video/7690997043409472799
coins,coin roll hunting,2026-09-29,2026-10-01,diggindave_,Diggin Dave,4130,64,,6,"SILVER Quarter Found CoinRollHunting!

#coinrollhunting #coins #silvercoins #coincollecting #silver","Coin roll creator Diggin Dave documents finding a rare 1964 D 90 percent silver quarter while searching through bank-wrapped quarter rolls, highlighting the visual and acoustic differences that distinguish silver coins from modern clad coinage.",SILVER QUARTER FOUND!; DIGGIN DAVE; $500. QUARTERS $500; UNITED STATES OF AMERICA; IN GOD WE TRUST; QUARTER DOLLAR; 1964; D; LIBERTY,Raw UGC,Tutorial,false,yes,,https://www.tiktok.com/@diggindave_/video/7691101747737103646
coins,coin collecting,2026-09-30,2026-10-01,marktbjt3sd,marktbjt3sd,13800,80,8,4,"Digging through thousands of old coins at a flea market… and found an 1893 silver dollar 👀 Scanned it with CoinClue: 1893-S Morgan, $3,000–$5,000 😳

Check your old coins before you sell them for scr","A creator at an outdoor flea market simulates sorting through thousands of coins, discovers an 1893 silver dollar, and uses the CoinClue app to appraise it at $3,000 to $5,000, promoting the app as a tool for viewers to check their own coin collections.","I'm digging through thousands of old coins at a flea market... and wait. Is this an 1893 silver dollar? Scan your coins free Get CoinClue -> coinclue.app Let me scan it with CoinClue... an 1893-S Morgan... $3,000-$5,000? No way.",Raw UGC,Tutorial,true,yes,,https://www.tiktok.com/@marktbjt3sd/video/7691111325258337566
coins,coin collecting,2026-09-30,2026-10-01,marktbjt3sd,marktbjt3sd,12900,53,1,2,"I almost dumped 7,000 quarters into the coin machine… then I spotted this 👀 A 2004-D Wisconsin with the extra leaf. Scanned it with CoinClue: $50–$300 😳

Check your quarters before you cash them in ","A coin collector filming a routine trip to a grocery store coin counting machine dramatically halts the deposit of 7,000 quarters upon spotting a rare 2004-D Wisconsin Extra Leaf error coin, validating the find using the CoinClue app and estimating its value at up to $300.","I Almost Cashed In 7,000 Quarters!; Coin Total $1,569.00; Coin Total $1,597.50; Coin Total $1,626.25; Coin Total $1,655.00; Coin Total $1,683.75; Coin Total $1,699.25; W.CONSIN 1816 E PLURIBUS UNUM 2UE OF 935; CoinClue; 88% match; 2004-D Wisconsin Extra Leaf; You got 1 rare extra leaf error on your quarters; Clear Picks; $50-$300; Part 1",Raw UGC,Storytime,true,yes,,https://www.tiktok.com/@marktbjt3sd/video/7691115907715845407
coins,coin collecting,2026-09-30,2026-10-01,rapidreveals03,RapidCasts,7035,78,7,1,Rare oregon trail coins worth thousands of dollars #pawnshop #coin #collection #valuable,"A short-form video compilation from a reality television pawn shop show featuring a customer attempting to sell a rare set of Oregon Trail commemorative half dollars and historical ephemera, ending on a cliffhanger appraisal question.",RARE OREGON TRAIL COINS; UNITED STATES OF AMERICA; HALF DOLLAR; OREGON; WORLD FAMOUS GOLD & SILVER PAWN SHOP,Polished Creator,Storytime,false,yes,,https://www.tiktok.com/@rapidreveals03/video/7691127237638196502
coins,coin roll hunting,2026-09-30,2026-10-01,bigwillewill,BigWilleWill,6677,218,9,4,Rare $2 coin hunting! #noodling #unboxing #coinhunt #coinhunting #rare,"A creator enthusiastically unboxes and sorts rolls of Australian two-dollar coins, discovering a valuable coronation coin and shouting out a community member in an engaging short-form numismatic video.",We found a rare coin!; nias tinted; dollar; Follow for more highlights!,Raw UGC,Hobby,false,yes,,https://www.tiktok.com/@bigwillewill/video/7691145182271606037
coins,coin roll hunting,2026-09-30,2026-10-01,craigcollects,CraigCollects,281,13,,,"Can we find a commemorative $2 coin today?
#coinroll #australiancurrency #treasurehunt #numismatics","CraigCollects takes viewers on an Australian $2 coin roll hunt, searching for rare colored commemorative coins like the Firefighters and Aboriginal Flag editions, ultimately scoring a 2021 50th Anniversary Aboriginal Flag coin.","Can we find this Firefighters coin today?; 2021 Circulating Commemorative; 50th Anniversary of the Aboriginal Flag; Mintage (Circulation): 2,000,000; Dollar",Raw UGC,Vlog,false,yes,,https://www.tiktok.com/@craigcollects/video/7680093766870437136
coins,silver coins,2026-09-30,2026-10-01,dadecitycoin,Dade City Coin,224,10,1,,"🇨🇦🍁 50 Years of the Canadian Flag — in pure silver!

Ms. Sariah is showing off the 2015 Royal Canadian Mint $25 for $25 Silver Coin, issued to celebrate the 50th anniversary of Canada’s iconic mapl","Dade City Coins staff member Ms. Sariah is quizzed on camera about the 2015 Royal Canadian Mint $25 for $25 Silver Coin issued for the 50th anniversary of the Canadian flag, highlighting its purity, mintage, and historical significance.","09/30/26, The 2015, *50th Anniversary of the, Canadian Flag*, Silver Coin, DADE CITY COIN",Polished Creator,Tutorial,true,yes,,https://www.tiktok.com/@dadecitycoin/video/7691245018614418702
coins,wheat penny,2026-09-30,2026-10-02,thepennypool,Penny,2487,71,10,17,"1944 deserves a second look 👀

If you missed this Penny Highlight the first time, save it now and check your own 1944s.

Bronze = normal.
Steel + sticks to a magnet = STOP and inspect.

And don’t for",An educational TikTok video by The Penny Pool guiding viewers on how to identify rare 1944 steel and repunched mintmark Lincoln wheat pennies.,"1944 deserves a second look 👀; MISSED THIS ONE?; 1944 STEEL (MAGNETIC); 1944 BRONZE (NOT MAGNETIC); STICKS = CHECK IT; MAIN THINGS TO CHECK; 1. STEEL PLANCHET ERROR; 2. 1944-D/D OVER MINTMARK (FS-511); 3. 1944-D/D REPUNCHED MINTMARK; WHERE TO LOOK; HIGHEST POTENTIAL VALUE $490,500; @thepennypool",Polished Creator,Tutorial,false,yes,,https://www.tiktok.com/@thepennypool/video/7691299560559234334
coins,coin roll hunting,2026-09-30,2026-10-01,numisnuts2,NumisNuts,1832,40,4,2,Great frame coin find #rarecoins #rarecoin #coinrollhunt #coincollecting #limitededition,"NumisNuts shares a quick, engaging coin roll hunting clip identifying a valuable 2020-W Salt River Bay quarter, complete with mintage figures and estimated resale value.",VERY RARE FIND; 2020-W; 2020-W Salt River Bay Mintage: 2 mil Last sold: $15-20,Raw UGC,Tutorial,false,yes,,https://www.tiktok.com/@numisnuts2/video/7691351552925224222
coins,coin collecting,2026-09-30,2026-10-01,diggindave_,Diggin Dave,756,18,2,,"Weird Token Found!

#coins #coincollecting #coincollector #coinrollhunting #quarters","A coin roll hunter opens a standard box of quarters, discovers an unexpected brass mini-golf token from PGN Fun Village in Hickory Hills, Illinois, and asks his audience for information about its origins in a casual, engaging TikTok video.","QUARTERS $500 5, ADVENTURE MINI GOLF PGN FUN VILLAGE HICKORY HILLS, IL 708-430-7490 FAMILY FUN FOR EVERYONE, PGN FUN VILLAGE",Raw UGC,Vlog,false,yes,,https://www.tiktok.com/@diggindave_/video/7691355060260916510
coins,wheat penny,2026-09-30,2026-10-02,tobwe_3,Milli692,3198,73,4,10,"🪙 Got a 1944 wheat penny? This copper example reportedly sold for $800 ungraded! 👀 Rare 1944 STEEL errors can bring $100,000+ depending on condition, mint mark, and grade. Most regular copper ones a","A fast-paced numismatic tutorial video hosted on TikTok by user Milli692, revealing that 1944 copper and steel wheat pennies can be worth between $800 and over $100,000. Using macro photography, eBay listing proofs, and synchronized text overlays, the creator urges viewers to check their pocket change before spending rare error coins.","STOP; 1944; LINCOLN; IS; LISTING; FOR; $800; $100,000; 1944 S Lincoln Wheat Penny Cent Circulated Free Shipping, $800.00, Wed, Sep 09, 04:46 PM, See original listing",Polished Creator,Tutorial,false,yes,,https://www.tiktok.com/@tobwe_3/video/7691386625602948382
coins,silver coins,2026-09-30,2026-10-01,saltlakecitykid,saltlakecitykid,405,12,2,,Killing time #datacenter #silvercoins #silver #utah,"A TikTok video by user saltlakecitykid showing a first-person view of quenching, sorting, and weighing small cast silver pieces on a wooden workbench while Bob Marley's Three Little Birds plays in the background.",,Raw UGC,Vlog,false,yes,,https://www.tiktok.com/@saltlakecitykid/video/7691404853398097166
coins,silver coins,2026-09-30,2026-10-01,mm244206,Miftah King 🇸🇦🇸🇦🇸🇦,554,20,,,THOUSANDS of silver dimes were inherited!!! #silvercoins #silvercoin #coin #coins,"A creator explains the potential value of an inherited collection of 3,000 silver dimes, highlighting specific rare errors like the 1942 overdate Mercury dime and the 1965 transitional Roosevelt dime to demonstrate how a collection can exceed baseline silver melt value.","Inherited 3000 silver dimes., IN GOD WE TRUST, 1942, SOLD, S $900.00, LIBERTY, 1965, 10C Roosevelt Dime -- Struck on a 90% Silver Planchet, Transitional Alloy -- PCGS. Breen-3761., Sold For: $12,600.00, Make Offer to Owner $18,900 or more, 1964 D Roosevelt Dime, Sold Jun 8, 2026, $5.99, Buy It Now",Raw UGC,Tutorial,false,yes,,https://www.tiktok.com/@mm244206/video/7691420517697424661
coins,wheat penny,2026-09-30,2026-10-02,mm244206,Miftah King 🇸🇦🇸🇦🇸🇦,518,5,,,The gas station gave him an entire register full of wheat pennies! #penny #coins  Found by,"A creator shares a lucky find of hundreds of unsearched wheat pennies from a local gas station register, then provides a concise, high-value reference guide detailing key dates and rare mint errors for viewers to screenshot.","Top Key Date Wheat Pennies; 1909-S VDB: Minted in San Francisco with designer Victor D. Brenner's initials on the reverse; only 484,000 were made.; o Value: $600 to $3,000+ (higher in pristine uncirculated grades).; 1914-D: A scarce Denver mint issue with a low mintage, highly sought after by collectors.; o Value: $200 to $5,000+ depending on wear.; 1931-S: A Depression-era coin with a very small mintage of just 866,000.; o Value: $40 to $300+.; 1909-S (No VDB): The first-year San Francisco issue without the designer's initials.; o Value: $100 to $400+.; Famous Error & Rare Variety Pennies; 1943 Bronze/Copper Cent: Mistakenly struck on a copper planchet instead of zinc-coated steel during wartime.; o Value: $100,000 to $1,000,000+.; 1955 Doubled Die Obverse (DDO): Features dramatic doubling on the date and lettering.; o Value: $1,000 to $20,000+.; 1922 'No D' (Weak Reverse): A Denver mint error where the 'D' mint mark is missing or heavily worn away.; o Value: $500 to $12,000+.",Raw UGC,Storytime,false,yes,,https://www.tiktok.com/@mm244206/video/7691425473867435284
coins,coin roll hunting,2026-09-30,2026-10-01,numisnuts2,NumisNuts,1000,19,7,1,AMAZING box of quarters #rarecoins #coinrollhunt #silvercoins #coincollecting #rarecoin,"A coin roll hunter reviews the contents of a $500 box of quarters, showcasing specific rare finds including 2009 issues, West Point mint marks, and a 1956 silver quarter, complete with mintage figures and resale values.",EVERYTHING I FOUND IN AN AMAZING BOX OF QUARTERS; BEST AT THE END; Low Mintage: 23; 2009: 7; 2012-S Denali NIFC Mintage: 1.4 mil Last Sold: $4-6; 2019-W American Memorial Park Mintage: 2 mil Last Sold: $5; 2020-W Salt River Bay Mintage: 2 mil Last Sold: $15-20,Raw UGC,Tutorial,false,yes,,https://www.tiktok.com/@numisnuts2/video/7691449927548882189
coins,coin collecting,2026-10-01,2026-10-01,diggindave_,Diggin Dave,1211,26,2,,"GOLD & SILVER!

#coins #coincollecting #coinrollhunting #coinsworthmoney #gold","A coin roll hunter opens box 4 roll 4, hyping up a potential gold and silver find in the voiceover before revealing a gold-plated 2010 Mount Hood quarter and a 1984 Canadian elk quarter, subverting expectations with deadpan humor.",GOLD & SILVER!; DIGGIN DAVE; QUARTERS $500; 4; UNITED STATES OF AMERICA; IN GOD WE TRUST; LIBERTY; QUARTER DOLLAR; PHILADELPHIA 2010; MOUNT HOOD OREGON; ELIZABETH II D G REGINA; 25 CENTS; CANADA; 1984; METAL DETECTING COIN ROLL HUNTING,Raw UGC,Review,false,yes,,https://www.tiktok.com/@diggindave_/video/7691489863522159903
coins,silver coins,2026-10-01,2026-10-01,foreigncoincollector,rp_coins,118,8,2,,Some German coins from the coin collection. #coincollection #german #silvercoins #coins #collectors,"A short, aesthetically stylized video showcasing historical German coins from a personal collection, set to an electronic beat with sparkling visual overlays.",GERMANY; 10 PFENNIG; 1914; A; 1 MARK; DEUTSCHES REICH; 1847-1934; Paul von Hindenburg; 2 REICHSMARK,Raw UGC,Aesthetic,false,yes,,https://www.tiktok.com/@foreigncoincollector/video/7691491201337347359
coins,coin roll hunting,2026-10-01,2026-10-01,diggindave_,Diggin Dave,173,8,,,"Two Proof Dimes in One Roll!

#coins #coincollecting #coinrollhunting #valuablecoins #proofcoins","Coin collecting creator 'Diggin Dave' films a coin roll hunting session where he discovers two rare proof dimes (1986-S and 1988-S) in a single roll, delivering an authentic and exciting moment for numismatic enthusiasts.",2 PROOF DIMES IN ONE ROLL!; $250. DIMES $250; DIGGIN DAVE; LIBERTY; IN GOD WE TRUST; 1986; S; 1988; UNITED STATES OF AMERICA; E PLURIBUS UNUM; ONE DIME,Raw UGC,Tutorial,false,yes,,https://www.tiktok.com/@diggindave_/video/7691522817040436511
coins,numismatics,2026-10-01,2026-10-02,thecaptaincollects,thecaptaincollects,327,23,4,,#creatorsearchinsights #numismatics #fyp #cacg #cointok,"A visually striking macro showcase of a toned 1913 Barber Quarter coin set to the tune of 'Tiny Dancer', targeting the numismatics and coin collecting community on TikTok.",IN GOD WE TRUST; LIBERTY; 1913; UNITED STATES OF AMERICA; E PLURIBUS UNUM; QUARTER DOLLAR,Polished Creator,Aesthetic,false,yes,,https://www.tiktok.com/@thecaptaincollects/video/7691536059594853663
coins,wheat penny,2026-10-01,2026-10-02,mamalizziegrace,Lizzie Grace,119,3,,,Day 24. Something Vintage - Some old coins that I’ve kept. Can’t believe this wheat penny is 80 years old! 🪙💰,"A creator shares part 24 of a vintage collection series, showing three old US coins including an 80-year-old wheat penny, accompanied by a calm conversational voiceover.",ONE CENT UNITED STATES OF AMERICA; UNITED STATES OF AMERICA; ONE DOLLAR; IN GOD WE TRUST; LIBERTY; 1946; 1972,Raw UGC,Personal-update,false,yes,,https://www.tiktok.com/@mamalizziegrace/video/7691538372543728927
coins,silver coins,2026-10-01,2026-10-01,pastor.dawn.devon6,Mr mike Andrew,780,21,16,1,"THE SILVER R1 COIN SETS WERE STRUCK AS PART OF THE SECOND DECIMAL ISSUE
1965
1990. IN 1962 IT WAS ANNOUNCED THAT A CHANGE IN SIZE, DESIGN AND METAL CONTENT OF COINS WAS BEINGK CONSIDERED. THIS WAS PRI","A creator shares an enthusiastic testimonial about successfully selling coins to Mr Mike Andrew, supported by overlaid bank deposit screenshots and coin history text, functioning as a peer recommendation for a coin purchasing service.","THE SILVER R1 COIN SETS WERE STRUCK AS PART OF THE SECOND DECIMAL ISSUE 1965 1990; Capitec Cash Deposit Note Deposit R270 000 000.00 R6,000,000.00; #typviral #southmandelacolouge #coin #southafrica #goviral",Raw UGC,Review,true,yes,,https://www.tiktok.com/@pastor.dawn.devon6/video/7691617086719692039
coins,silver coins,2026-10-01,2026-10-01,oakmontnumis,Oakmont Numismatics,265,22,,,#silver #collectibles #OldCoins #Numismatics #silvercoin,"A short, satisfying POV video showcasing a vintage silver coin being handled and placed into a wooden and red velvet collector's tray, set to an upbeat instrumental backing track.",,Raw UGC,Vlog,false,yes,,https://www.tiktok.com/@oakmontnumis/video/7691641516422581507
coins,silver coins,2026-10-01,2026-10-01,marcgebauerclips.eng,marcgebauerclips.eng,819,16,,,"Marc bought new silver coins 🪙🦋🔎
#marcgebauer #highlights #silver #shopping #fy","Creator Marc Gebauer unboxes an expensive silver commemorative coin featuring King Charles III and a butterfly, discussing its price and aesthetic details.","What I paid for it, you might ask, I paid for it dollar, first off, let's see it, Here is a stand, logo, And then here, we have a beautiful coin, which has Charles on this side, this side And, on the other side, Wow, stunning, *expensive plastic squeaking*, 1,000",Raw UGC,Review,true,yes,,https://www.tiktok.com/@marcgebauerclips.eng/video/7691651091448040737
coins,rare coins,2026-10-01,2026-10-01,colos70,Luis Coins 🇩🇪🇺🇲🇭🇺,80,24,18,2,"#coinscollector #numismatic #coins #raremünze #My coin collection is for sale!! 13,500 pieces. Coins partly plated with silver and 24 carat gold. With certificate of origin. Emperor Franz Joseph 5 cro","A coin collector showcases his 13,500-piece collection—featuring silver- and gold-plated antique coins like the 1900 Franz Joseph 5 crown—framed within a high-status cinematic narrative involving a luxury sports car, paparazzi crowds, and scale measurements.","CEFC RoHS, Count, Tare, UNIT, 17.926, LUIS COINS, FERENCZ JOZSEF I KA CS ES ME H S D O AP KIR, 5 KORONA, 1900, THE END. BYE, BYE",High-Production,Vlog,true,yes,,https://www.tiktok.com/@colos70/video/7691653675940351265
coins,silver coins,2026-10-01,2026-10-01,oakmontnumis,Oakmont Numismatics,199,17,2,1,#silver #collectibles #OldCoins #Numismatics #silvercoin,"A short-form numismatic showcase featuring a detailed close-up inspection of an 1836 Dutch East Indies coin against a backdrop of collector supplies, scored with a classic love ballad.","18 36, INDIE NEDERL, ONE POUND, No. 647572, 21, 24, 45, 595, 1787, 1964",Raw UGC,Vlog,true,yes,,https://www.tiktok.com/@oakmontnumis/video/7691682249208565014
coins,numismatics,2026-10-01,2026-10-02,realjustincouch,Couch Collectibles LLC,502,7,2,,"Today is Collectible Coins Day on @TikTok Shop Collectibles Free Shipping, Discounted items and $1 auctions begin today! #tiktokshopcollectiblescoinsday #coincollecting #rarecoins #numismatics #silver","Couch Collectibles LLC owner Justin Couch announces Collectible Coin Day on TikTok Shop, showcasing discounted inventory including Ken Griffey Jr. silver slabs, coin roll hunting cards, coin books, hunting mats, scales, magnifying loupes, gold coins, and treasure hunting packs, urging viewers to follow his account and purchase within 48 hours.",TIKTOK SHOP IS HAVING A COLLECTIBLE COIN DAY GUYS AND WE ARE PUTTING ALL OF OUR PRODUCTS ON SALE INCLUDING THE KEN GRIFFEY JR SEALED SILVERS ALL RIGHT GUYS THESE ARE MASSIVE ONE OUNCE SILVERS YOU COULD GET A RARE SIGNED AUTOGRAPH KEN GRIFFEY JR SILVER MAN THESE THINGS ARE HUGE LOOK HOW BIG THESE ARE COMPARED TO LIKE A REGULAR COIN HOLDER UNBELIEVABLE MAN SO IF YOU GUYS WANT TO RIP THOSE YOU COULD GET A RARE SIGNATURE LIKE I SAID THEY'RE WORTH THOUSANDS OF DOLLARS AND WE'RE GOING TO HAVE THEM ON TIKTOK FOLLOW ME AT REALJUSTINCOUCH ALL RIGHT WE ALSO HAVE THE COIN ROLL HUNTING CARDS THESE ARE ONE OF OUR TOP SELLERS SHOWS YOU RARE DATED COINS TO LOOK FOR AND RARE MINT ERROR COINS IF YOU GUYS WANT ONE OF THESE GET THEM RIGHT NOW ON TIKTOK SHOP AT A DISCOUNTED PRICE ONLY FOR THE NEXT 48 HOURS HERE GUYS OCTOBER FIRST AND THE SECOND ALSO MY COIN BOOK IS AVAILABLE I'M AS VISUAL IN THIS BOOK AS I POSSIBLY COULD BE TO SHOW YOU RARE COINS THAT YOU COULD LOOK FOR IN YOUR COIN JAR COIN COLLECTION THAT YOU MAY HAVE INHERITED OR EVEN COIN ROLLS FROM THE BANK SPEAKING OF RARE COINS TO LOOK FOR THE HOTTEST COIN MAT ON THE MARKET THIS BAD BOY SELLS OUT EVERY TIME I RELEASE IT SO IF YOU GUYS WANT ONE GET ONE RIGHT NOW IN THE TIKTOK SHOP AT A DISCOUNT FOR COLLECTIBLE COIN DAY ALSO WE GOT THE COIN SCALES AS WELL SO IF YOU GUYS WANT TO WEIGH YOUR SILVER AND GOLD YOUR COPPER LOOK FOR DIFFERENT TYPE OF PLANCHET ERRORS ON THOSE COINS THOSE ARE ON DISCOUNT THE COIN LOOPS ARE ON DISCOUNT IF YOU WANNA LO,Polished Creator,Tutorial,true,yes,,https://www.tiktok.com/@realjustincouch/video/7691686907100646686
coins,rare coins,2026-10-01,2026-10-01,dansdollarss,Dans Dollars,10800,177,56,39,"1,500,000,000 UK 1971 2 NEW PENCE COIN VALUE ELIZABETH II #COIN #FYP #rarecoins #coincollecting #elizabeth","A numismatic creator reviews the history, mintage, and collectibility of the 1971 UK two new pence coin while teasing the higher value of the 1983 variant, driving audience engagement through comment calls.","1,500,000,000; UK 1971 2 NEW PENCE COIN VALUE + REVIEW ELIZABETH II; ELIZABETH II D G REG FD 1971; NEW PENCE 2",Raw UGC,Tutorial,false,yes,,https://www.tiktok.com/@dansdollarss/video/7691720334277348630
coins,wheat penny,2026-10-01,2026-10-02,samso.tiv,Samso tiv,5892,166,43,60,"1944 Copper Wheat Cent Estimated Sold $158,000?  Could This Wartime Lincoln Penny Be One of the Most Valuable Coins in Your Collection? | Rare Wheat Penny Value & Hidden Treasure","A numismatic educational video exploring the history and potential $158,000 value of a 1944 copper Lincoln wheat cent through macro close-up footage and energetic narration.","$158,000.00; ONE CENT; UNITED STATES OF AMERICA; E PLURIBUS UNUM; IN GOD WE TRUST; LIBERTY; 1944",Polished Creator,Tutorial,false,yes,,https://www.tiktok.com/@samso.tiv/video/7691724321663847693
coins,wheat penny,2026-10-01,2026-10-02,samso.tiv,Samso tiv,2155,84,18,14,"1953 Lincoln Wheat Penny – Estimated Sold Value $21,000!  Could This Vintage Wheat Penny Be Hiding a Fortune? One Tiny Detail Could Make Collectors Take a Second Look!","A fast-paced short-form video creator highlights the potential $21,000 value of a 1953 Lincoln wheat penny, encouraging viewers to inspect their spare change for rare numismatic features.","1953 Lincoln Wheat Penny – Estimated Sold Value $21,000! Could This Vintage Wheat Penny Be Hiding a Fortune? One Tiny Detail Could Make Collectors Take a Second Look!; $21,000.00; DID YOU KNOW; COLLECTORS COULD BE; THOUSANDS; OF DOLLARS FOR; THIS TINY COIN; YOU MIGHT THINK; I'M JOKING; BUT THIS IS; REAL THE SURPRISING; PART IS THAT; MOST PEOPLE; WOULD NEVER REALIZE; WHAT THEY'RE HOLDING; COULD THIS ORDINARY; LOOKING 1953; LINCOLN; WHEAT PENNY BE; HIDING A VALUABLE; SECRET; THIS IS THE; 1953 LINCOLN WHEAT; PENNY; AT FIRST GLANCE; IT MAY LOOK LIKE; JUST ANOTHER; OLD ONE CENT; COIN; BUT TAKE A; CLOSER LOOK; ON THE FRONT YOU'LL FIND; THE CLASSIC; PORTRAIT OF; ABRAHAM LINCOLN; WHILE THE; REVERSE FEATURES THE; FAMOUS; TWO WHEAT EARS; SURROUNDING THE WORDS; ONE CENT AND; UNITED STATES OF; AMERICA; THE 1953 LINCOLN; WHEAT; PENNY IS PART; OF AN IMPORTANT; ERA IN AMERICAN; COIN HISTORY; WHEN WHEAT; SENTS WERE; STILL BEING; PRODUCED FOR; EVERYDAY; CIRCULATION; DEPENDING ON THE; EXAMPLE YOU MAY; FIND A D; MINT MARK; FOR DENVER; AN S MINT; MARK FOR; SAN FRANCISCO; OR NO MINT; MARK FOR; PHILADELPHIA; BUT HERE'S WHERE; COLLECTORS START; LOOKING MUCH; MORE CAREFULLY; THEY EXAMINE THE; COINS CONDITION; STRIKE QUALITY; WHEAT LINE DETAILS; ORIGINAL LUSTER; SURFACE; MARK SCRATCHES; AND OVERALL; PRESERVATION; A HIGH GRADE; EXAMPLE WITH STRONG; DETAILS AND CLEAN; CAN ATTRACT; SERIOUS; COLLECTOR ATTENTION; AND NOW COMES THE; PART THAT; MAKES THIS LITTLE; PENNY SO; FASCINATING; A HIGH GRADE; 1953 LI",Raw UGC,Tutorial,false,yes,,https://www.tiktok.com/@samso.tiv/video/7691725072016493838
coins,coin roll hunting,2026-10-01,2026-10-01,theunbelievable,The unbelievable,162,3,,,#coinrollhunting #numismatics #coincollecting #halfdollar #silvercoins #coincollector #rarecoins #fyp,"A coin roll hunting creator examines a roll of US nickels, explaining key dates, mint marks, silver percentages, and modern semi-quincentennial varieties while encouraging viewer engagement via comments.","How good would it be if we found a 1945-P Silver War Nickel; Sold Sep 27, 2026 1945-P Philadelphia War Time Jefferson Nickel, US 5c 35% Pre-Owned $14.95 Free delivery Located in United States Sell one like this; 2026-P Semi Quinquennial Mintage: 240M Ebay Last Sold: $0.50-$2.50; Total Value Found: $0.50-$2.50; Follow and save for next time! Share what you enjoy collecting 🦾; Deep Dive Roll Hunt! Nickels #20; COIN ROLL TREASURES",Raw UGC,Tutorial,true,yes,,https://www.tiktok.com/@theunbelievable/video/7691559330407075086
coins,coin collecting,2026-10-01,2026-10-01,jmc.broadcasting,JMC Broadcasting,5,0,,,"Are collectible coins really worth it? One buyer paid $970 for a 5-ounce coin valued at just $180!
FOR MORE AMAZING JMC PROGRAMMING LIKE THIS, VIEW OUR FULL SCHEDULE HERE: https://jmcbroadcasting.com/",A financial broadcast segment from JMC Broadcasting warning viewers against overpaying for collectible coins by comparing retail invoice prices to raw metal spot value.,"GRACE PRES MET. But folks, the world has changed. I mean, you don't see people collecting canceled postage stamps anymore and putting them in these little booklets. People aren't trading and collecting semi-numismatics any longer. Bottom line, you're overpaying. I looked at an invoice the other day of someone who bought a 5-ounce coin and they paid roughly $970 for a 5-ounce coin, which is about $180. So about 3 times the prevailing spot price. So you know you're we're seeing numbers that are so divorced from the actual value of the metals that it would make your head spin.",Polished Creator,Interview,true,yes,,https://www.tiktok.com/@jmc.broadcasting/video/7691730359838428429
coins,coin roll hunting,2026-10-01,2026-10-01,diggindave_,Diggin Dave,31,2,,,"What Did I Find in this Quarter Roll?

#coins #coincollecting #coincollector #coinrollhunting","Coin roll hunter Diggin Dave opens a standard Loomis quarter roll and discovers an anomalous metallic token stamped with the KiwiCo logo and a kiwi bird, prompting him to ask his audience for identification.",WHAT DID I FIND?; DIGGIN DAVE; LOOMIS; QUARTER; $50; KiwiCo; METAL DETECTING COIN ROLL HUNTING,Raw UGC,Vlog,false,yes,,https://www.tiktok.com/@diggindave_/video/7691750640187493662
coins,silver coins,2026-10-01,2026-10-01,coinhub,Coin Hub,84,0,1,,We’ve done it! 90% silver graded coin starting at $1! Visit Arena Club to find all the hype! We’ve gotten 2 coin packs and opened them right up! Best part is that you can open coin packs right from yo,"Coin Hub creator promotes Arena Club coin packs and auction features, demonstrating a $50 pack unboxing that yields a valuable graded silver coin, showcasing the buyback decline, applying promo code COINHUB for 10% off, and demonstrating how to list coins for auction.","1954 50C VF 30 NGC; NUMISMATIC GUARANTY COMPANY; You received an Arena Club offer!; $31; 1954 Franklin Half Dollar, VF-30 (NGC); U.S. COINS $50; Add Coin Case safe option; COINHUB 10% off; $45.00; 1906-D Barber Half Dollar, G-6 (PCGS); LIST FOR AUCTION; Start Price $1; Bid Increments $1 $5 $10 $20; Schedule Listing End Date",Polished Creator,Tutorial,true,yes,,https://www.tiktok.com/@coinhub/video/7691754720590875934
coins,numismatics,2026-10-01,2026-10-02,reliablecoinstx,Reliable Coins Gold & Silver,330,8,1,,"We'd never hold it against you if you used another coin or gold & silver shop!🙂

Shop is open Mon-Thurs 9am-6pm and Fri 9am-5pm. Come and see us!

Disclaimer: nobody was harmed in the making of this ","A coin shop owner delivers a tongue-in-cheek monologue assuring customers he would never be upset if they shopped elsewhere, while an employee in the background comically abducts another coworker for visiting a competitor.",Pounqla (on shirt); COLLECTIBLE BOUGHT AND SOLD (on wall sign); LIBERTY IN GOD WE TRUST 1792 (on clock); SEPTEMBER 2026 (on calendar); WE DO COIN SELECTION APPRAISALS (on window decal),Raw UGC,Comedy-skit,true,yes,,https://www.tiktok.com/@reliablecoinstx/video/7691756975675280671
coins,wheat penny,2026-10-01,2026-10-02,gilbertomonterrosa,🦈Gilberto🦁🐣,138,5,1,,Wheat Pennies Worth Money — Rare 1943 & 1944 Lincoln Cents to Look For... Do You Have One?#WheatPennies,"An educational short-form video detailing the most valuable wheat pennies in numismatics, highlighting rare 1943 and 1944 mint errors that have fetched hundreds of thousands of dollars at auction.","Top 100 Most Valuable Wheat Pennies Worth Money (1909 - 1958); Did you know a 1943-D Bronze penny sold for $840,000, a 1944-S Steel cent fetched $408,000, and 1943-S Bronze pennies have brought over $500,000? Welcome to the ultimate guide of the Most Valuable Wheat Pennies Coin Worth Money, focused exclusively on Lincoln Wheat cents (1909-1958).",Polished Creator,Tutorial,false,yes,,https://www.tiktok.com/@gilbertomonterrosa/video/7691803944640597261
coins,wheat penny,2026-10-01,2026-10-02,coinclue.app,coinclue.app,1155,34,2,7,"The Two Tiny Clues on a 1909-S VDB Penny
A genuine 1909-S VDB cent needs both clues: the S below the date and VDB on the reverse. One PCGS MS67RD example sold for $170,800 in 2026. Most examples sell ","A coin collecting expert guides viewers on how to identify a valuable 1909-S VDB penny using specific visual markers, backing up the claim with certified auction data and demonstrating a companion mobile app for coin appraisal.","CERTIFIED AUCTION RESULT - NOT A TYPICAL VALUE; $170,800; PCGS MS67RD - HERITAGE - JAN 2026 - ONE CERTIFIED EXAMPLE; S BELOW THE DATE; VDB ON THE REVERSE; CHECK 1909; S BELOW DATE; VDB ON BACK; BOTH CLUES MUST MATCH; VALUE DEPENDS ON THE EXACT COIN, GRADE AND AUTHENTICITY; ONLY 484,000; MS67 RED; SCAN BOTH SIDES; SIDE 1 OF 2 - Front (obverse); Center the coin in the circle; Sharp - ready to capture; SIDE 2 OF 2 - Back (reverse); Front captured; Now flip the coin; Capture the back for much better accuracy; Upload back; Skip second side; IDENTIFY + ESTIMATE; EXAMPLE APP RESULT - ESTIMATES VARY - AUTHENTICATE RARE VARIETIES; United States - 1 Dollar - Silver (.892 fine), Copper (108); Not confirmed; Mint Mark: None; Composition: Silver (.892 fine), Copper (108); What CoinClue can confirm; COINCLUE is measured separately for each visible detail.; COIN TYPE: Flowing Hair Dollar 100%; COUNTRY: United States 100%; YEAR: 1795 100%; MINT MARK: Unreadable 100%; CONSERVATION: Not measured 108%; Saved - View My Coins; Sell in Marketplace; Coin Design; OVERVERSE (FRONT): Features Lady Liberty with flowing hair, surrounded by 15 stars representing the states in the union. The word 'LIBERTY' above, and the year beneath.; REVERSE (BACK): Depicts a small eagle surrounded by a laurel wreath, with 'UNITED STATES OF AMERICA' surrounding the eagle.; Market evidence; Estimated value of coins we least separate.; PHOTO GRADE RANGE: $2,500 - $12,000 (PF20-57.40); HIGHER-GRADE EXAMPLES: $25,000+ Marke",Polished Creator,Tutorial,true,yes,,https://www.tiktok.com/@coinclue.app/video/7691813461541621005
coins,numismatics,2026-10-01,2026-10-02,rare_coin_guy,The coin guy,100,4,1,1,#numismatics #coin #rare,"A coin collecting creator explains the meaning of 'FB' (full band) on a Mercury dime using a graded PCGS coin slab and a detailed graphic, concluding with a mention of the coin's availability on Whatnot.","1941-D, PCGS MS66FB, Series: 31, Coin: 64, 5031.66/21153266, 10C, UNITED STATES OF AMERICA, E PLURIBUS UNUM, ONE DIME",Raw UGC,Tutorial,true,yes,,https://www.tiktok.com/@rare_coin_guy/video/7691839996939996430
