topic,search_term,post_date,pulled_date,handle,account_name,views,likes,comments,shares,caption,ai_summary,onscreen_text,production_style,content_type,is_commercial,has_adology_analysis,flag,url
coins,silver coins,2026-10-01,2026-10-01,coinhub,Coin Hub,84,0,1,,We’ve done it! 90% silver graded coin starting at $1! Visit Arena Club to find all the hype! We’ve gotten 2 coin packs and opened them right up! Best part is that you can open coin packs right from yo,"Coin Hub creator promotes Arena Club coin packs and auction features, demonstrating a $50 pack unboxing that yields a valuable graded silver coin, showcasing the buyback decline, applying promo code COINHUB for 10% off, and demonstrating how to list coins for auction.","1954 50C VF 30 NGC; NUMISMATIC GUARANTY COMPANY; You received an Arena Club offer!; $31; 1954 Franklin Half Dollar, VF-30 (NGC); U.S. COINS $50; Add Coin Case safe option; COINHUB 10% off; $45.00; 1906-D Barber Half Dollar, G-6 (PCGS); LIST FOR AUCTION; Start Price $1; Bid Increments $1 $5 $10 $20; Schedule Listing End Date",Polished Creator,Tutorial,true,yes,,https://www.tiktok.com/@coinhub/video/7691754720590875934
patches,iron on patches,2026-10-01,2026-10-01,kimberlyj_king,Kimberly / mom + lifestyle,482,14,,,Your sign to make a fall coded tote bag with bag charms  🧸🤎🍂 everything is in my Amazon storefront under “crafts” #fall #girlsnight #craftideas #easycrafts #diy fall girls night craft idea cute eas,"A lifestyle creator shares a cozy fall-themed DIY craft tutorial demonstrating how to customize quilted gingham tote bags using iron-on chenille patches and beaded bag charms, driving viewers to an Amazon storefront for supplies.","your next girls night craft, THANK YOU JESUS, HOWDY, BABY",Polished Creator,Tutorial,true,yes,,https://www.tiktok.com/@kimberlyj_king/video/7691751306314272013
coins,(not in thumbnail),2026-10-01,2026-10-01,diggindave_,Diggin Dave,31,2,,,"What Did I Find in this Quarter Roll?

#coins #coincollecting #coincollector #coinrollhunting",,,,,,no,,https://www.tiktok.com/@diggindave_/video/7691750640187493662
coins,coin collecting,2026-10-01,2026-10-01,jmc.broadcasting,JMC Broadcasting,5,0,,,"Are collectible coins really worth it? One buyer paid $970 for a 5-ounce coin valued at just $180!
FOR MORE AMAZING JMC PROGRAMMING LIKE THIS, VIEW OUR FULL SCHEDULE HERE: https://jmcbroadcasting.com/",A financial broadcast segment from JMC Broadcasting warning viewers against overpaying for collectible coins by comparing retail invoice prices to raw metal spot value.,"GRACE PRES MET. But folks, the world has changed. I mean, you don't see people collecting canceled postage stamps anymore and putting them in these little booklets. People aren't trading and collecting semi-numismatics any longer. Bottom line, you're overpaying. I looked at an invoice the other day of someone who bought a 5-ounce coin and they paid roughly $970 for a 5-ounce coin, which is about $180. So about 3 times the prevailing spot price. So you know you're we're seeing numbers that are so divorced from the actual value of the metals that it would make your head spin.",Polished Creator,Interview,true,yes,,https://www.tiktok.com/@jmc.broadcasting/video/7691730359838428429
coins,(not in thumbnail),2026-10-01,2026-10-01,theunbelievable,The unbelievable,162,3,,,#coinrollhunting #numismatics #coincollecting #halfdollar #silvercoins #coincollector #rarecoins #fyp,,,,,,no,,https://www.tiktok.com/@theunbelievable/video/7691559330407075086
patches,iron on patches,2026-10-01,2026-10-01,ambercreation4,AmberCreation,164,4,,,#patches #ironon #bag #billsmafia #buffalo let’s go buffalo,"An energetic product haul showcasing custom Buffalo Bills chenille and rhinestone patches and wristlet bags, designed to drive viewers to an active livestream sales event.","Are you ready
Join my livestream now
BILLS
Amber patch diy",Raw UGC,Haul,true,yes,,https://www.tiktok.com/@ambercreation4/video/7691720258045988110
coins,rare coins,2026-10-01,2026-10-01,dansdollarss,Dans Dollars,10800,177,56,39,"1,500,000,000 UK 1971 2 NEW PENCE COIN VALUE ELIZABETH II #COIN #FYP #rarecoins #coincollecting #elizabeth","A numismatic creator reviews the history, mintage, and collectibility of the 1971 UK two new pence coin while teasing the higher value of the 1983 variant, driving audience engagement through comment calls.","1,500,000,000; UK 1971 2 NEW PENCE COIN VALUE + REVIEW ELIZABETH II; ELIZABETH II D G REG FD 1971; NEW PENCE 2",Raw UGC,Tutorial,false,yes,,https://www.tiktok.com/@dansdollarss/video/7691720334277348630
watches,vintage watches,2026-10-01,2026-10-01,jerryku9279775,KeepFeeling,160,0,,,"Click the cart for multiple colour options.
#LadiesWatch
#WomensWatch
#VintageWatch 
#GoldWatch","A silent, high-detail product demonstration of a budget-friendly gold vintage watch on TikTok, designed to drive immediate e-commerce conversions through price shock and tactile aesthetic appeal.",Can you believe it's under £10?; XIMILI; QUARTZ,Raw UGC,Review,true,yes,,https://www.tiktok.com/@jerryku9279775/video/7691719921444736278
patches,embroidered patches,2026-10-01,2026-10-01,transferslayer,Transfer slayer,102,4,,1,"Letterman Jacket patch…
I’m the one they call when they need something one of a kind… keep watching…#miami ##customembroidery #patches #embroiderymachine #embroiderybusiness","A custom embroidery business showcases a close-up clip of an industrial machine crafting a detailed letterman jacket patch, using an exclusivity hook and hip-hop soundtrack to drive high viewer retention and engagement.","Letterman Jacket patch...
I’m the one they call when they need something one of a kind… keep watching...",Raw UGC,Behind-the-scenes,true,yes,,https://www.tiktok.com/@transferslayer/video/7691714180189031711
ducks,rubber duck,2026-10-01,2026-10-01,theunseriousdudes,The Unserious Dudes,156,4,,,"🦆 How We Turned A Conference Into A Game

This year, at @HubSpot‘s UNBOUND, we decided to create fun for everyone! 🤩 

We got ducks shirts, duck stickers, duck wands, and HID 100 RUBBER DUCKS at the",Two marketing creators explain how they successfully gamified HubSpot's UNBOUND conference by hiding 100 branded rubber ducks and encouraging attendees to find them for prizes.,HAVE YOU SEEN OUR DUCKS?; getunserious.com; HubSpot; HubSpot Academy Gym; UNBOUND; DEATH CAB FOR CUTIE; STAY HYDRATED,Raw UGC,Vlog,true,yes,,https://www.tiktok.com/@theunseriousdudes/video/7691702126438812959
watches,luxury watches,2026-10-01,2026-10-01,money_wish,༺ 𝙈𝙤𝙣𝙚𝙮_𝙒𝙞𝙨𝙝 ༻🥏,797,112,11,,"KAYBLAQ — THE PRIVATE JET KING ✈️👑💰
Three private jets? ✈️✈️✈️ They say KAYBLAQ is living a luxury lifestyle most people can only dream of! 💎🔥 What do you think about this lifestyle? 👀

@🧸𝐊𝐚𝐲","A short TikTok documentary-style video profiling Kayblaq, claiming he is a millionaire in Sierra Leone owning three private jets, six mansions, 12 cars, and a net worth of 55.6 million dollars.","ASIDE KMAN, THE ONLY PERSON AGAIN IN SIERRA LEONE WHO HAVE 3 PRIVATE JETS IS KAYBLAQ. KAYBLAQ IS A MILLIONAIRE FROM SIERRA LEONE. WHO HAVE ABOUT 6 LUXURIOUS MANSIONS AND ALSO 12 LUXURIOUS CARS AND A TOTAL ESTIMATED NET WORTH OF 55.6 MILLION U.S. DOLLAR. GBAM 🔥 OKAY, THANK YOU FOR WATCHING PLEASE FOLLOW AND LIKE FOR MORE",Raw UGC,Documentary,false,yes,,https://www.tiktok.com/@money_wish/video/7691682504591396103
coins,silver coins,2026-10-01,2026-10-01,oakmontnumis,Oakmont Numismatics,199,17,2,1,#silver #collectibles #OldCoins #Numismatics #silvercoin,"A short-form numismatic showcase featuring a detailed close-up inspection of an 1836 Dutch East Indies coin against a backdrop of collector supplies, scored with a classic love ballad.","18 36, INDIE NEDERL, ONE POUND, No. 647572, 21, 24, 45, 595, 1787, 1964",Raw UGC,Vlog,true,yes,,https://www.tiktok.com/@oakmontnumis/video/7691682249208565014
coins,rare coins,2026-10-01,2026-10-01,colos70,Luis Coins 🇩🇪🇺🇲🇭🇺,80,24,18,2,"#coinscollector #numismatic #coins #raremünze #My coin collection is for sale!! 13,500 pieces. Coins partly plated with silver and 24 carat gold. With certificate of origin. Emperor Franz Joseph 5 cro","A coin collector showcases his 13,500-piece collection—featuring silver- and gold-plated antique coins like the 1900 Franz Joseph 5 crown—framed within a high-status cinematic narrative involving a luxury sports car, paparazzi crowds, and scale measurements.","CEFC RoHS, Count, Tare, UNIT, 17.926, LUIS COINS, FERENCZ JOZSEF I KA CS ES ME H S D O AP KIR, 5 KORONA, 1900, THE END. BYE, BYE",High-Production,Vlog,true,yes,,https://www.tiktok.com/@colos70/video/7691653675940351265
coins,silver coins,2026-10-01,2026-10-01,marcgebauerclips.eng,marcgebauerclips.eng,819,16,,,"Marc bought new silver coins 🪙🦋🔎
#marcgebauer #highlights #silver #shopping #fy","Creator Marc Gebauer unboxes an expensive silver commemorative coin featuring King Charles III and a butterfly, discussing its price and aesthetic details.","What I paid for it, you might ask, I paid for it dollar, first off, let's see it, Here is a stand, logo, And then here, we have a beautiful coin, which has Charles on this side, this side And, on the other side, Wow, stunning, *expensive plastic squeaking*, 1,000",Raw UGC,Review,true,yes,,https://www.tiktok.com/@marcgebauerclips.eng/video/7691651091448040737
ducks,rubber duck,2026-10-01,2026-10-01,life.with.shanx,life.with.shanx,325,2,,,This might be the cutest advent Calender I have EVER seen🥹 My son will be a year and a half at Christmas and I know he will love this!! Definitely one for the little ones and ofcourse the rubber duck,"A creator shares a quick, silent product showcase of a rubber duck advent calendar intended for her toddler son, highlighting its adorable holiday designs through close-up shots on a cozy bed.",A RUBBER DUCK advent calender 🥺💗; MERRY CHRISTMAS; numbers 1 through 24 corresponding to calendar doors,Raw UGC,Haul,true,yes,,https://www.tiktok.com/@life.with.shanx/video/7691645064698678550
ducks,rubber duck,2026-10-01,2026-10-01,southernlaw.45,Signal 6 Media,110,5,,1,"works everytime #fypシ #countyboyzzz #viral #funny #thisisgonnaflop 

@rubber.duck.trucking","A humorous TikTok gaming meme featuring a Roblox screen recording where players attempt a chaotic, failed escape from in-game police, accompanied by hysterical real-life laughter and sarcastic tutorial overlay text.",how to escape cops updated tutorial working 2026 not patched; 0 KNOTS; CHAT; EMOTES; MENU; 09:34 AM; 31% battery; [09:34] [GLOBAL] [police]: You going to jail. Get up.,Screen Recording,Meme,false,yes,possible off-topic,https://www.tiktok.com/@southernlaw.45/video/7691643310062030088
coins,silver coins,2026-10-01,2026-10-01,oakmontnumis,Oakmont Numismatics,265,22,,,#silver #collectibles #OldCoins #Numismatics #silvercoin,"A short, satisfying POV video showcasing a vintage silver coin being handled and placed into a wooden and red velvet collector's tray, set to an upbeat instrumental backing track.",,Raw UGC,Vlog,false,yes,,https://www.tiktok.com/@oakmontnumis/video/7691641516422581507
ducks,rubber duck,2026-10-01,2026-10-01,kids_toone.world,Toone World,315,5,,,"🛁🫧 **Bath Time Bubbles!** 🐥🎵

It’s time for a fun, bubbly bath! Sing along with our little friend and the adorable rubber duck as we wash, splash, scrub, and play! 🌈🧼✨

#BathTime #KidsSongs #Nur","An engaging 3D animated nursery rhyme video featuring a toddler's bath time routine, complete with catchy music, vibrant pastel visuals, and playful bubble animations designed for young children.",Bath Time Bubbles!,High-Production,Tutorial,false,yes,,https://www.tiktok.com/@kids_toone.world/video/7691637093176495368
watches,luxury watches,2026-10-01,2026-10-01,patrick.six9,Patrick 69,18500,1658,11,28,"Naalala niyo guys yung latest vlog natin? This time, si Groom naman yung bibili sa atin ng relo. We’re honored to be part of their new chapter together! 🫶

#patrick69 #luxurywatches #watchdealer #gen","A luxury watch dealer vlogs about a groom purchasing matching Rolex watches for himself and his bride as wedding gifts, showcasing witty negotiation tactics and authentic client reactions.","THE WEDDING WATCH; BIRTH YEAR NIYA; PRICE PHP 588,000; KUNG DI KAMI NA-SCAM DI NA KAMI TATAWAD; FLASHBACK; GENTRY CARE; Pan Furniture; Rolex Air-King 34mm Black Dial 1970 Ref: 5500; Rolex Oyster Perpetual Date White Roman Dial Ref: 15000; Rolex Datejust 31mm Salmon Roman Ref: 68240; SOLD PHP 555K; CLIENT WEDDING DAY",Polished Creator,Vlog,true,yes,,https://www.tiktok.com/@patrick.six9/video/7691636263656361217
coins,silver coins,2026-10-01,2026-10-01,pastor.dawn.devon6,Mr mike Andrew,780,21,16,1,"THE SILVER R1 COIN SETS WERE STRUCK AS PART OF THE SECOND DECIMAL ISSUE
1965
1990. IN 1962 IT WAS ANNOUNCED THAT A CHANGE IN SIZE, DESIGN AND METAL CONTENT OF COINS WAS BEINGK CONSIDERED. THIS WAS PRI","A creator shares an enthusiastic testimonial about successfully selling coins to Mr Mike Andrew, supported by overlaid bank deposit screenshots and coin history text, functioning as a peer recommendation for a coin purchasing service.","THE SILVER R1 COIN SETS WERE STRUCK AS PART OF THE SECOND DECIMAL ISSUE 1965 1990; Capitec Cash Deposit Note Deposit R270 000 000.00 R6,000,000.00; #typviral #southmandelacolouge #coin #southafrica #goviral",Raw UGC,Review,true,yes,,https://www.tiktok.com/@pastor.dawn.devon6/video/7691617086719692039
watches,luxury watches,2026-10-01,2026-10-01,lhimatluxury01,LUXURY WEARS BY LHIMAT 💯🛍️👌,18500,1332,21,5,#lhimatluxury001 #luxurywearsbylhimat #relatable #wristwatchvendorinlekkiajah #poedagarwatch,A Lagos-based street vendor energetically demonstrates the water resistance and packaging of a Poedagar wristwatch in an unedited outdoor video to drive direct sales via WhatsApp.,,Raw UGC,Tutorial,true,yes,,https://www.tiktok.com/@lhimatluxury01/video/7691601395581209876
watches,luxury watches,2026-10-01,2026-10-01,user9929502815920,royal wrist,102,4,,,Is Rolex your favorite?#rolex #luxury #watchs #man #auction,"A visually striking luxury watch showcase focusing on a Rolex Datejust with a mint green dial, designed to engage watch enthusiasts and collectors on TikTok.",ROLEX OYSTER PERPETUAL DATEJUST SUPERLATIVE CHRONOMETER OFFICIALLY CERTIFIED (visible on watch dial),Polished Creator,Aesthetic,true,yes,,https://www.tiktok.com/@user9929502815920/video/7691593512030129422
ducks,rubber duck,2026-10-01,2026-10-01,livvy.km,livvy.km,145,2,,,"And they're on sale!

@Smart Health M Lin 

#bath #bathtime #bathduck #rubberduck #rubberducky","A short, playful TikTok video showcasing a collection of novelty-themed rubber ducks lined up on a bathtub edge, presented as holiday stocking stuffer ideas while highlighting that they are currently on sale.",Putting one of these in everyones stocking 🎅🤭,Raw UGC,Haul,true,yes,,https://www.tiktok.com/@livvy.km/video/7691586041894964502
patches,patches,2026-10-01,2026-10-01,libby_mercer,Libby,36000,6895,40,753,"happy 1st october to all who celebrate 🕸️👻🖤🎃⭐️ 

here’s to a month of visiting pumpkin patches, hot chocolates, cosy crafts and reading all the spooky books (or wholesome autumnal reads for me🤭) ","A lifestyle creator celebrates the arrival of October 1st with a cozy, aesthetically rich montage of pumpkin patches, iced coffees, reading spots, and autumnal rituals, captioned with enthusiastic expressions of seasonal romanticization.",happy october 1st to all who celebrate 🎃👻🖤; BLANK; RHS; Tulleys; OUI 833; THE STEPMOTHER,Raw UGC,Vlog,false,yes,possible off-topic,https://www.tiktok.com/@libby_mercer/video/7691580431199898903
ducks,rubber duck,2026-10-01,2026-10-01,lastcallbar1,Last call bar,128,4,,,@DRUSKI @DuckTakes @Duck Commander #vibe #duck #viralpost #viral #trendingvideo,"A relatable comedy skit featuring an office worker consulting a rubber duck about his incompetent team, capturing the absurdities of remote work culture.",POV: Your coworker is a rubber duck and honestly he has better ideas; DEADLINE YESTERDAY; ERROR: MOTIVATION NOT FOUND; just 5 more mins... 3 hours ago; do not talk to me; Q3 GOALS; SENIOR ADVISOR // NO NOTES; DECAF BUT EMOTIONAL; BUSINESS PLAN -> draw circle -> draw the rest of the owl -> ??? -> profit?,Raw UGC,Comedy-skit,false,yes,,https://www.tiktok.com/@lastcallbar1/video/7691555964939554062
watches,watch collection,2026-10-01,2026-10-01,the.watch.chronic,Andy’s Watches,3218,274,12,4,Rating Collections Continued #fypシ゚viral #watchesoftikok #andyswatches #trending #ratingthings,"A watch creator reacts to and scores another enthusiast's personal watch collection without permission, blending genuine horological commentary with sharp, humorous critique.",Rating Watch Collections Without Permission; TikTok @fryedeggs1; #fypシ゚viral #watchesoftikok #andyswatches #trending #ratingthings,Raw UGC,Reaction,false,yes,,https://www.tiktok.com/@the.watch.chronic/video/7691531032813767949
coins,(not in thumbnail),2026-10-01,2026-10-01,diggindave_,Diggin Dave,173,8,,,"Two Proof Dimes in One Roll!

#coins #coincollecting #coinrollhunting #valuablecoins #proofcoins",,,,,,no,,https://www.tiktok.com/@diggindave_/video/7691522817040436511
watches,luxury watches,2026-10-01,2026-10-01,vookum,Vookum,30500,1563,4,5,"Double AA showed off one of my personal best picks on the watch market right now. The Patek Philippe 5167A is super stylish and well worth the money in my opinion. 
#vookum #patek #watches #luxury","Vookum visits a jewelry store with associates to review and value luxury watches, specifically highlighting the Patek Philippe 5167A as a top market pick for daily wear and versatility.","WE BUY GOLD, DIAMONDS AND WATCHES; EXIT; KITH; JEWELS OF N.Y.C.",Raw UGC,Vlog,false,yes,,https://www.tiktok.com/@vookum/video/7691487243243949325
coins,silver coins,2026-10-01,2026-10-01,foreigncoincollector,rp_coins,118,8,2,,Some German coins from the coin collection. #coincollection #german #silvercoins #coins #collectors,"A short, aesthetically stylized video showcasing historical German coins from a personal collection, set to an electronic beat with sparkling visual overlays.",GERMANY; 10 PFENNIG; 1914; A; 1 MARK; DEUTSCHES REICH; 1847-1934; Paul von Hindenburg; 2 REICHSMARK,Raw UGC,Aesthetic,false,yes,,https://www.tiktok.com/@foreigncoincollector/video/7691491201337347359
coins,coin collecting,2026-10-01,2026-10-01,diggindave_,Diggin Dave,1211,26,2,,"GOLD & SILVER!

#coins #coincollecting #coinrollhunting #coinsworthmoney #gold","A coin roll hunter opens box 4 roll 4, hyping up a potential gold and silver find in the voiceover before revealing a gold-plated 2010 Mount Hood quarter and a 1984 Canadian elk quarter, subverting expectations with deadpan humor.",GOLD & SILVER!; DIGGIN DAVE; QUARTERS $500; 4; UNITED STATES OF AMERICA; IN GOD WE TRUST; LIBERTY; QUARTER DOLLAR; PHILADELPHIA 2010; MOUNT HOOD OREGON; ELIZABETH II D G REGINA; 25 CENTS; CANADA; 1984; METAL DETECTING COIN ROLL HUNTING,Raw UGC,Review,false,yes,,https://www.tiktok.com/@diggindave_/video/7691489863522159903
patches,patch collection,2026-09-30,2026-10-01,alexpremiumtshirts,Premium TShirts & More,487,30,,1,"Looking to add some leather patches to your menu. Hit us up.
#leatherpatchhats #embroidery #embroiderytutorial #embroiderymachine #fyp","An apparel business owner pitches custom leather patch manufacturing services to fellow embroiderers, demonstrating sample hats and outlining a low-cost sample offer to drive direct messages and B2B sales.",JESUS IS KING; PREMIUM EMBROIDERY; PATCHES COLOR MENU; CHOOSE THE PERFECT PATCH COLOR FOR YOUR LOGO!; STANDARD; HONEY/BLACK; BLACK/SILVER; BLACK/WHITE; HOLOGRAPHIC/BLACK; BROWN/SILVER; BROWN/RUSTIC GOLD; RED/BLACK; SILVER METALLIC/BLACK; GOLD METALLIC/BLACK; GRAY/BLACK; ORDER CUSTOM COLOR PATCHES FOR YOUR HATS; PREMIUM LOOK; DURABLE LEATHER PATCHES; CUSTOM COLORS; PERFECT FOR ANY HAT STYLE; SEND US YOUR LOGO; CUSTOM DIE CUT PATCHES; MULTIPLE COLOR OPTIONS; NATIONWIDE SHIPPING; Make Your Hats Stand Out!!,Raw UGC,Tutorial,true,yes,,https://www.tiktok.com/@alexpremiumtshirts/video/7691482141942746398
ducks,rubber duck,2026-09-30,2026-10-01,duckaafo,duckaafo,711,55,1,6,It’s a Dino Duck! 🦖 Run to @Walmart for their new @infantino.us ducks in the baby section! #rubberducky #duckduckjeep #walmart #dinosaur #jeep,"A creator shares a haul video on TikTok showing newly purchased dinosaur-themed rubber ducks from Walmart, intended for the Jeep ducking community, conveying excitement and community spirit.",NEW Dino Ducks At Walmart!!,Raw UGC,Haul,false,yes,,https://www.tiktok.com/@duckaafo/video/7690773286950620447
ducks,rubber duck,2026-09-30,2026-10-01,craftyteachernj,Craftyteachernj,327,18,,2,I love him!!!! Go to your Lowe’s and grab this rubber duck blow mold before it sells out!! @Lowe’s #lowes #rubberduck #blowmold #loweschristmas #loweschristmas2026,"A creator enthusiastically showcases a newly purchased Christmas rubber duck blow mold from Lowe's, urging followers to buy one before they sell out, while admitting she has not yet put up her full holiday decor.",,Raw UGC,Vlog,true,yes,,https://www.tiktok.com/@craftyteachernj/video/7691461374072999198
watches,vintage watches,2026-09-30,2026-10-01,frahman524,Farhana Rahman,3228,167,13,4,Should I start doing this series again?! My bread and butter lol. #vintagewatch #watchtok #watchcollector #luxurywatches #watches,"Creator Farhana Rahman showcases rare vintage luxury watches from her watchlist and past regrets, asking her audience if she should restart her watch finding series.",Vintage Watch Finds; Chopard; 18K White Gold; Karryben.com; Audemars Piguet Geneve; Piaget; 1 / 16; 4 / 15; 1 / 13; 1 / 14; 1 / 7; 1 / 8; Watchtok; vintagewatch; watchcollector; luxurywatches; watches,Raw UGC,Vlog,false,yes,,https://www.tiktok.com/@frahman524/video/7691456612061531405
coins,(not in thumbnail),2026-09-30,2026-10-01,numisnuts2,NumisNuts,1000,19,7,1,AMAZING box of quarters #rarecoins #coinrollhunt #silvercoins #coincollecting #rarecoin,,,,,,no,,https://www.tiktok.com/@numisnuts2/video/7691449927548882189
watches,watch collection,2026-09-30,2026-10-01,minutemon,MinuteMon,24600,1987,43,114,"A moment with Henry Cavill at @Longines Home of Elegance. Naturally, I had a few watch questions…

#longines","Horology creator MinuteMon interviews actor Henry Cavill at a Longines event, discussing his preference for vintage-inspired heritage watches like the Master Collection Monopusher.","Longines Master event; with Henry Cavill; Great to meet you; Great to meet you too; What are you wearing on the wrist today; I am wearing the; LONGINES MASTER COLLECTION MONOPUSHER; with the blue face; That watch is stunning; it looks amazing on your wrist; Yep; When you're looking for your watch; what kind of features do you look for; In my 40s now; I'm less susceptible; to what trends are; what other people are saying; and I've come to terms; that i just like; a vintage; heritage feeling watch; My favorite watch; in my Longines collection; before this was released; was the; Master Collection GMT; And so; it's exactly this kind of stuff; I'm looking for; an elegant; understated; beautiful; heritage feeling watch; Now, Longines has over; 190 years; of watchmaking heritage; You actually got to see some of it; at the manufacturer; Yes; Was there anything; that stood out to you; when you were at the manufacturer; Yes; The Archives; It's extraordinary; how far back those archives go; I think it's; 1867; I think they go back to; When you get into; the watchmaking world; you know there's going; to be all sorts of; precision watchmaking; You have an idea; of that; But the Archives; that was a; complete surprise to me; Now that you've seen; the Master Collection; what do you think; people are going to enjoy the most; I think; it is the perfect; representation of what; Longines is; It's that; elegance; And so I think people; are going to really; enjoy the elegant; nature; of the Maste",Polished Creator,Interview,true,yes,,https://www.tiktok.com/@minutemon/video/7691437333136264478
patches,patch collection,2026-09-30,2026-10-01,embroidprintnowmn,"Embroid Print Now,LLC🧵🪡🇺🇸",357,16,2,1,"More orders to fulfill 🏈 patches getting ready.
#footbpatches #embroidery #custom #etsyorders #patches","A silent behind-the-scenes video documenting an independent embroidery business fulfilling custom football-themed Etsy orders, featuring satisfying machine stitching, finished patches, and ready-to-ship packages.",Working on Etsy orders; WARNING Fear of serious injury. Keep fingers away from needles while the machine is running; VIKINGS; SKOL; USPS GROUND ADVANTAGE; 5.5 Mighty Hoop; G; 1219 1210 0987 6784 00,Raw UGC,Behind-the-scenes,true,yes,,https://www.tiktok.com/@embroidprintnowmn/video/7691431777973341454
watches,watch collection,2026-09-30,2026-10-01,nico.reactions,nico.reactions,6378,174,1,8,The Story Behind These Watches Are Incredible! #comedian #watches #collection #storytime #watchguy,"A creator reacts to a comedian guest discussing luxury watch collections, brand quirks like A. Lange & Söhne dial layouts, and humorous personal stories associated with specific timepieces.","RICHEMONT with brand logos: Cartier, Van Cleef & Arpels, A. Lange & Söhne, Baume & Mercier, IWC Schaffhausen, Jaeger-LeCoultre, Officine Panerai, Piaget, Ralph Lauren, Roger Dubuis, Lancel, Montblanc, Dunhill London, Alaïa Paris, Chloé, Peter Millar, Purdey, Buccellati Milano",Polished Creator,Reaction,false,yes,,https://www.tiktok.com/@nico.reactions/video/7691428302065650966
patches,patch collection,2026-09-30,2026-10-01,b_woodard,Bella Woodard,27800,4263,25,59,@VSPINK GAME DAY collection AND the eye patches?! UNREAL 🎀🪽🧡 @Victoria's Secret @Patchology,"Creator Bella Woodard visits a shopping mall to preview newly dropped Victoria's Secret and Pink collections, highlighting Patchology eye patches, University of Tennessee game day apparel, and crystal-accented satin pajamas.",VSPINK just dropped the cutest eye patches; PINK; VICTORIA'S SECRET; Foot Locker; UNIVERSITY OF TENNESSEE; VAZIZ MAKEUP PATCHES; TEAM SPIRIT COLLECTION; ORANGE SPECKLES; GLITTER FRECKLES; PINK COLLEGE,Raw UGC,Vlog,true,yes,possible off-topic,https://www.tiktok.com/@b_woodard/video/7691422594184006925
coins,silver coins,2026-09-30,2026-10-01,mm244206,Miftah King 🇸🇦🇸🇦🇸🇦,554,20,,,THOUSANDS of silver dimes were inherited!!! #silvercoins #silvercoin #coin #coins,"A creator explains the potential value of an inherited collection of 3,000 silver dimes, highlighting specific rare errors like the 1942 overdate Mercury dime and the 1965 transitional Roosevelt dime to demonstrate how a collection can exceed baseline silver melt value.","Inherited 3000 silver dimes., IN GOD WE TRUST, 1942, SOLD, S $900.00, LIBERTY, 1965, 10C Roosevelt Dime -- Struck on a 90% Silver Planchet, Transitional Alloy -- PCGS. Breen-3761., Sold For: $12,600.00, Make Offer to Owner $18,900 or more, 1964 D Roosevelt Dime, Sold Jun 8, 2026, $5.99, Buy It Now",Raw UGC,Tutorial,false,yes,,https://www.tiktok.com/@mm244206/video/7691420517697424661
patches,embroidered patches,2026-09-30,2026-10-01,jpcocreations,JP & Co,922,32,3,2,#embroidery #embroideredpatches #applique #appliqueembroidery #heatandbond,"A crafting creator breaks down the differences between HeatnBond Lite and HeatnBond Ultra, explaining when and why to use each for appliqués versus embroidered patches.","Appliqués, embroidered patches & HeatAndBond; I AM MY BROTHERS LEGACY; JPM; MY BROTHERS LEGACY",Raw UGC,Tutorial,false,yes,,https://www.tiktok.com/@jpcocreations/video/7691413901744885022
coins,silver coins,2026-09-30,2026-10-01,saltlakecitykid,saltlakecitykid,405,12,2,,Killing time #datacenter #silvercoins #silver #utah,"A TikTok video by user saltlakecitykid showing a first-person view of quenching, sorting, and weighing small cast silver pieces on a wooden workbench while Bob Marley's Three Little Birds plays in the background.",,Raw UGC,Vlog,false,yes,,https://www.tiktok.com/@saltlakecitykid/video/7691404853398097166
ducks,yellow rubber duck,2026-09-30,2026-10-01,animalsproduce,Loitiktokboy,80,0,,,"🐱🐶 Splish-splash! The cute kitten and happy puppy take a funny bubble bath together! White foam, water splashes and a little yellow rubber duck 🦆Sweet  70 cartoons for kids  for babies, toddlers an","A short, digitally animated cartoon clip featuring an adorable kitten and puppy taking a bubble bath together, designed to entertain toddlers and young children.",,High-Production,Meme,true,yes,,https://www.tiktok.com/@animalsproduce/video/7691400687950794006
watches,luxury watches,2026-09-30,2026-10-01,prestigebyali,Prestige by Ali,5118,152,7,1,"Guess the right price , closest answer gets pinned 📌
#prestigebyali #luxurywatches #luxurywatches @Salma | UK Travel Creator","A travel creator visits a high-end watch boutique in Bahrain, tries on rare Rolex, Cartier, and Chanel timepieces with the owner, and challenges viewers to guess the selling price for a pinned comment.","Wow; That is so cool!; I came across this; in Bahrain; and met the owner Ali,; who is very known; in the region; for selling some; unique pieces.; Can I try this one?; It's called; ROLEX 26MM STELLA; It's so pretty; This one caught; my attention; This Cartier; CARTIER SANTOS BURGUNDY; Look at the dial; I'm really; into Burgundy these days; as you can see; I think I fall in love; Chanel; Full white gold; with diamonds; RETAIL PRICE : 80,000 $; if you guess how much; I'll give it to you for free; How much; I'm selling it for?; Oh, my God,; I need to get; this right; ALI'S PRICE : 40,000 $; No, you're way off",Polished Creator,Vlog,true,yes,,https://www.tiktok.com/@prestigebyali/video/7691398181782916370
patches,patch collection,2026-09-30,2026-10-01,victoria.peraltaa,victoria 🧸🌟🍓,693,98,,1,yes it all eyepatches🛍️🌟 #ultabeauty #ultahaul #eyepatches #skincare #beauty @Pixi Beauty @The Crème shop @Ulta Beauty  @Patchology,"A creator shares a mini Ulta Beauty shopping haul focusing on cute, character-collaboration eye patches and skincare items, presented through an aesthetic top-down flat lay video set to upbeat background music.",mini ulta haul; Pixi skintreats - since 1999 - DETOXIFEYE Caffeine & Cucumber Depuffing Eye Patches 5 pairs / paires; ULTA BEAUTY COLLECTION Gold Magic Eye Gels GOLD + CAFFEINE + OR CAFEINE Hydrogel Eye Masks / Masques hydrogel pour les yeux 15 Pairs/Pairs (30 Patches/Masques); CRÈME Gelly BRIGHTENING under eye patches; ULTA BEAUTY COLLECTION NIGHT SHIFT Watermelon Overnight Lip Mask Masque de nuit pour les lèvres au melon d'eau Poids Net Wt. 0.3 oz.; patchology EYE WANT CAKE SMOOTHING & HYDRATING NO-SLIP EYE PATCHES marshmallow + coconut + vanilla bean / guimauve + noix de coco + vanille de polynésie; THE CRÈME SHOP x miffy color your world smil caling cloud HYDROGEL UNDER EYE PATCHES hylaronic acid + lavender; THE CRÈME SHOP x HELLO KITTY Chill Reset Hydrogel Under Eye Patches Chamomile: Powerful Antioxidant Cucumber Extract Aids in Hydrating; 2 patches,Casual Snapshot,Haul,true,yes,possible off-topic,https://www.tiktok.com/@victoria.peraltaa/video/7691381779516722463
ducks,rubber duck,2026-09-30,2026-10-01,dinoandflip,Dino&Flip,992,9,,,Rubber Duck Hydraulic Press Revenge! 🦆🔨 #shorts #dinoandflip #hydraulicpress #rubberduck #crushfail #unexpected #3danimation #satisfying,"A short 3D animated meme video by Dino&Flip showing a yellow rubber duck placed under a hydraulic press. Instead of being crushed, the rubber duck's resilience causes the press to violently shoot up through the roof, after which the duck pops back to its original shape, delivering a satisfying and humorous visual punchline.",,High-Production,Meme,false,yes,,https://www.tiktok.com/@dinoandflip/video/7690653563290225942
patches,iron on patches,2026-09-30,2026-10-01,charmedwholesale2,CharmedWholesale2,50,1,,,#irononpatches #patches #diysupplies,"A wholesale craft supplier showcases an extensive collection of luxury-inspired iron-on patches via a slow, top-down flat-lay video set to an energetic rap song.",empowered women empower women; Clock That Tea; COACH NEW YORK; Tiffany & Co.; LOUIS VUITTON; CHANEL; GUCCI,Raw UGC,Haul,true,yes,,https://www.tiktok.com/@charmedwholesale2/video/7691358998137769246
coins,coin collecting,2026-09-30,2026-10-01,diggindave_,Diggin Dave,756,18,2,,"Weird Token Found!

#coins #coincollecting #coincollector #coinrollhunting #quarters","A coin roll hunter opens a standard box of quarters, discovers an unexpected brass mini-golf token from PGN Fun Village in Hickory Hills, Illinois, and asks his audience for information about its origins in a casual, engaging TikTok video.","QUARTERS $500 5, ADVENTURE MINI GOLF PGN FUN VILLAGE HICKORY HILLS, IL 708-430-7490 FAMILY FUN FOR EVERYONE, PGN FUN VILLAGE",Raw UGC,Vlog,false,yes,,https://www.tiktok.com/@diggindave_/video/7691355060260916510
coins,(not in thumbnail),2026-09-30,2026-10-01,numisnuts2,NumisNuts,1832,40,4,2,Great frame coin find #rarecoins #rarecoin #coinrollhunt #coincollecting #limitededition,,,,,,no,,https://www.tiktok.com/@numisnuts2/video/7691351552925224222
patches,patch collection,2026-09-30,2026-10-01,whatsinmycartnj,whatsinmycartnj,1051,85,7,25,"ICYMI!!! @American Girl and @Stoney Clover Lane teamed up for the most amazing collection!!! 

To celebrate American Girl’s 40th anniversary, Stoney Clover Lane has a massive collection coming out! 

","A creator breaks down the upcoming American Girl and Stoney Clover Lane collaboration collection, highlighting the products for each historical character, release dates, and purchasing channels while sharing her personal excitement.","ICYMI!!! @American Girl and @Stoney Clover Lane teamed up for the most amazing collection!!! To celebrate American Girl's 40th anniversary, Stoney Clover Lane has a massive collection coming out! The collection includes the original six girls, plus a fan favorite! 💙 Kirsten Larson ❤️ Samantha Parkington 👓 Molly McIntire (MY FAVE!) 🍎 Felicity Merriman 💗 Addy Walker 🤍 Josefina Montoya 💚 Kitt Kittredge 🗓️ Release Date & Where to Shop The collection releases online and in stores on 10/1 at 10 a.m. ET! Shop the multi-doll patchwork backpack, tote, and patches at stoneycloverlane.com and select Stoney Clover Lane stores. The collection includes special patterns for each doll in pouches, pouchette bags, totes & more. American Girl Doll accessories and the American Girl pouchette 01 will be available exclusively at AmericanGirl.com and American Girl stores. #americangirl #stoneyclover #stoneycloverlane #mollymcintire #newrelease American Girl x SCL American Girl x Stoney Clover Lane",Raw UGC,Review,true,yes,,https://www.tiktok.com/@whatsinmycartnj/video/7691346031371373854
patches,patch collection,2026-09-30,2026-10-01,mk.designz,MK Designz,196,8,,,Large Patch Sale‼️🎉🎉🎉. Help me make room for the new inventory!  PLEASE😎😎😂😂😂 #clearance #sale #patches #fyp #crafting,"MK Designz posts a TikTok video advertising a large patch clearance sale, using an upbeat electronic instrumental track and a top-down visual pan of various tactile chenille patches to encourage followers to buy and make room for new inventory.",Large Patch Sale‼️. Help me make room for the new inventory! PLEASE.,Raw UGC,Haul,true,yes,,https://www.tiktok.com/@mk.designz/video/7691335546320276749
patches,patch collection,2026-09-30,2026-10-01,gbutterflytv,Gbutterfly TV,2852,166,12,72,I'll definitely go back. I purchased some very cute patches for my jacket #houston #patches,"A creator takes viewers on a first-person tour of Patch Collection in Houston, showcasing an enormous wall display packed with thousands of embroidered patches for jackets, jeans, and accessories.","HOUSTON, 11718 C, WARNING ADVANCE NOTICE 713-688-1988, Patch Collection",Raw UGC,Vlog,false,yes,,https://www.tiktok.com/@gbutterflytv/video/7691312592077344031
patches,iron on patches,2026-09-30,2026-10-01,tiktoklovetracydiy,Tracydiy service,388,19,1,2,#tracydiy #irononpatches,"A short-form product showcase reel by a small business displaying a variety of custom embroidered iron-on patches featuring themes of faith, Black womanhood, and empowerment, set to an assertive musical track.","'PROVERBS 31 WOMAN', 'ANOINTED', 'Jaddie Jumbo', 'Baddie With A Bible', 'UNAPOLOGETICALLY BLACK', 'I AM BLACK CHILD MAGICAL INTELLIGENT RESILIENT LOVED AMAZING CREATIVE BLESSED EDUCATED POWERFUL UNAPOLOGETIC', 'T&CO.', 'RATED B FOR BAD & BOUJEE'",Raw UGC,Haul,true,yes,,https://www.tiktok.com/@tiktoklovetracydiy/video/7691251684734979359
coins,silver coins,2026-09-30,2026-10-01,dadecitycoin,Dade City Coin,224,10,1,,"🇨🇦🍁 50 Years of the Canadian Flag — in pure silver!

Ms. Sariah is showing off the 2015 Royal Canadian Mint $25 for $25 Silver Coin, issued to celebrate the 50th anniversary of Canada’s iconic mapl","Dade City Coins staff member Ms. Sariah is quizzed on camera about the 2015 Royal Canadian Mint $25 for $25 Silver Coin issued for the 50th anniversary of the Canadian flag, highlighting its purity, mintage, and historical significance.","09/30/26, The 2015, *50th Anniversary of the, Canadian Flag*, Silver Coin, DADE CITY COIN",Polished Creator,Tutorial,true,yes,,https://www.tiktok.com/@dadecitycoin/video/7691245018614418702
coins,(not in thumbnail),2026-09-30,2026-10-01,craigcollects,CraigCollects,281,13,,,"Can we find a commemorative $2 coin today?
#coinroll #australiancurrency #treasurehunt #numismatics",,,,,,no,,https://www.tiktok.com/@craigcollects/video/7680093766870437136
watches,luxury watches,2026-09-30,2026-10-01,nshsh7265,nshsh7265,103,2,,,#LuxuryWatch #timepieces #luxurystyle #fyp #unbox,"A polished product showcase video featuring macro shots of an Omega Seamaster Aqua Terra Worldtimer watch, accompanied by a voiceover claiming identical boutique packaging and quality with significant cost savings.",,High-Production,Review,true,yes,,https://www.tiktok.com/@nshsh7265/video/7691206142424255775
ducks,rubber duck,2026-09-30,2026-10-01,sir_gigi12,Giana💕,4192,231,4,158,New cute rubber duckies at Walmart for only $1.96 so cute to collect.#duckingjeeps #walmart #rubberducky #jeep #duck,"Creator Giana films her funny internal debate while browsing a massive bin of novelty rubber ducks priced at $1.97 at Walmart, hilariously rationalizing that she needs to buy more than one so they won't get lonely.",How can you pick just one 🥱🥺🫶; $1.97; Low Price 57,Raw UGC,Vlog,false,yes,,https://www.tiktok.com/@sir_gigi12/video/7691183301167533343
patches,patches,2026-09-30,2026-10-01,jenuinefinds,Jenn✨,1184,5,,1,The best pimple patches out there !,"Creator Jenn demonstrates the extreme invisibility of Dr. Melaxin pimple patches by losing track of one under her foundation, turning a relatable minor annoyance into an effective, authentic product review for skincare enthusiasts.",I can't find my pimple patch 🥺; Dr. Melaxin 2-Zinc ZERO-FIT Ultra Thin Blemish Spot Patch; MELA-CE ZERO-FIT Ultra Thin Dark Spot Patch,Raw UGC,Review,true,yes,possible off-topic,https://www.tiktok.com/@jenuinefinds/video/7691173005841485087
patches,patches,2026-09-30,2026-10-01,glowjournalmamata,glowjournalmamata,75100,1450,5,5,"Replying to @jalapeno102 I changed SO many pimple patches on the same spot 😭 but here’s why my skin didn’t get irritated. As a skin picker, sometimes the patch is less about the gunk and more about k","A skincare creator responds to a follower's comment about whether changing pimple patches frequently on the same spot causes irritation, explaining that patches help prevent her from skin picking.",Reply to jalapeno102's comment: Can too much pimple patch irritate the skin? (Same spot?) plus auto-generated yellow subtitles throughout.,Raw UGC,Tutorial,false,yes,possible off-topic,https://www.tiktok.com/@glowjournalmamata/video/7691160835728657684
patches,patches,2026-09-30,2026-10-01,ogconeacia,COCOnut🌴🥥,1401,28,1,,"🤍🥥🌴

These types of patches were NOT it. 😩 I’m honestly highly disappointed because I really feel like brands could’ve done better.

Yes, a cute pimple patch is fun, but at the end of the day, I n","A candid creator review venting frustration over decorative pimple patches that prioritize cute shapes over acne-fighting effectiveness, urging brands to focus on results.",DEAR PIMPLE PATCH BRANDS; superstar patches MIDNIGHT MAGIC; HYDROCOLLOID; SALICYLIC ACID; TEA TREE; 250 PATCHES; CapCut ID: 6328501984,Raw UGC,Rant,false,yes,possible off-topic,https://www.tiktok.com/@ogconeacia/video/7691135368342687007
watches,luxury watches,2026-09-30,2026-10-01,jintianwatch666,JinTian_Watchsharing,94,2,,,#watches #fyp #hotselling #luxurywatches #newarrivals,"A polished product showcase video featuring a luxury rose gold chronograph watch on a black rubber strap, presented by gloved hands against a black velvet background to highlight its fine details and accessories.","4130 CLEAN on strap sticker, ROLEX branding on shopping bag",Polished Creator,Review,true,yes,,https://www.tiktok.com/@jintianwatch666/video/7691147940081011998
coins,(not in thumbnail),2026-09-30,2026-10-01,bigwillewill,BigWilleWill,6677,218,9,4,Rare $2 coin hunting! #noodling #unboxing #coinhunt #coinhunting #rare,,,,,,no,,https://www.tiktok.com/@bigwillewill/video/7691145182271606037
watches,luxury watches,2026-09-30,2026-10-01,henryhuynhh,henryhuynh,113300,13600,48,589,another one for the collection 🫣 #lifestyle #rolex #henryhuynh #luxury,"A lifestyle vlog documenting a young creator picking up a new Rolex watch, characterized by quiet luxury aesthetics, cinematic low-light cinematography, and a chill, aspirational tone.",let's go pickup a new watch; ACROPOLIS STOCKHOLM 1965; ROLEX; ANYONE CAN CHANGE EVERYTHING; RUBY; DANIEL ARSHAM STUDIO; PORSCHE 911,Polished Creator,Vlog,false,yes,,https://www.tiktok.com/@henryhuynhh/video/7691134462159031566
coins,coin collecting,2026-09-30,2026-10-01,rapidreveals03,RapidCasts,7035,78,7,1,Rare oregon trail coins worth thousands of dollars #pawnshop #coin #collection #valuable,"A short-form video compilation from a reality television pawn shop show featuring a customer attempting to sell a rare set of Oregon Trail commemorative half dollars and historical ephemera, ending on a cliffhanger appraisal question.",RARE OREGON TRAIL COINS; UNITED STATES OF AMERICA; HALF DOLLAR; OREGON; WORLD FAMOUS GOLD & SILVER PAWN SHOP,Polished Creator,Storytime,false,yes,,https://www.tiktok.com/@rapidreveals03/video/7691127237638196502
coins,coin collecting,2026-09-30,2026-10-01,marktbjt3sd,marktbjt3sd,12900,53,1,2,"I almost dumped 7,000 quarters into the coin machine… then I spotted this 👀 A 2004-D Wisconsin with the extra leaf. Scanned it with CoinClue: $50–$300 😳

Check your quarters before you cash them in ","A coin collector filming a routine trip to a grocery store coin counting machine dramatically halts the deposit of 7,000 quarters upon spotting a rare 2004-D Wisconsin Extra Leaf error coin, validating the find using the CoinClue app and estimating its value at up to $300.","I Almost Cashed In 7,000 Quarters!; Coin Total $1,569.00; Coin Total $1,597.50; Coin Total $1,626.25; Coin Total $1,655.00; Coin Total $1,683.75; Coin Total $1,699.25; W.CONSIN 1816 E PLURIBUS UNUM 2UE OF 935; CoinClue; 88% match; 2004-D Wisconsin Extra Leaf; You got 1 rare extra leaf error on your quarters; Clear Picks; $50-$300; Part 1",Raw UGC,Storytime,true,yes,,https://www.tiktok.com/@marktbjt3sd/video/7691115907715845407
patches,patch collection,2026-09-30,2026-10-01,browninglyons43574,Pretty patches,952,64,7,3,#raiders #diy#patches,A short-form promotional video by a custom patch vendor showcasing various Las Vegas Raiders embroidered designs to drive direct message catalog requests from sports fans.,"Say hi get catalog, RAIDERS, Cerveza Modelo Especial, Las Vegas, INAUGURAL SEASON LAS VEGAS 2020, WIN LOSE OR TIE RAIDERS TILL I DIE",Raw UGC,Haul,true,yes,,https://www.tiktok.com/@browninglyons43574/video/7691115001548901646
coins,coin collecting,2026-09-30,2026-10-01,marktbjt3sd,marktbjt3sd,13800,80,8,4,"Digging through thousands of old coins at a flea market… and found an 1893 silver dollar 👀 Scanned it with CoinClue: 1893-S Morgan, $3,000–$5,000 😳

Check your old coins before you sell them for scr","A creator at an outdoor flea market simulates sorting through thousands of coins, discovers an 1893 silver dollar, and uses the CoinClue app to appraise it at $3,000 to $5,000, promoting the app as a tool for viewers to check their own coin collections.","I'm digging through thousands of old coins at a flea market... and wait. Is this an 1893 silver dollar? Scan your coins free Get CoinClue -> coinclue.app Let me scan it with CoinClue... an 1893-S Morgan... $3,000-$5,000? No way.",Raw UGC,Tutorial,true,yes,,https://www.tiktok.com/@marktbjt3sd/video/7691111325258337566
coins,(not in thumbnail),2026-09-29,2026-10-01,diggindave_,Diggin Dave,4130,64,,6,"SILVER Quarter Found CoinRollHunting!

#coinrollhunting #coins #silvercoins #coincollecting #silver",,,,,,no,,https://www.tiktok.com/@diggindave_/video/7691101747737103646
ducks,rubber duck,2026-09-29,2026-10-01,tillythebear,Tilly,268,10,2,2,Tilly’s bedtime bath 🛁 #creatorsearchinsights #bathtime #rubberducky #kidscartoons #animations,"A charming, aesthetic 3D animation showcasing a fuzzy character named Tilly enjoying a relaxing bedtime bubble bath with rubber ducks, designed to evoke comfort and wholesome relaxation.",,Cinematic,Aesthetic,false,yes,,https://www.tiktok.com/@tillythebear/video/7691094396439104790
watches,watch collection,2026-09-29,2026-10-01,rarepawndealz,Rare Pawn Deals,37300,516,50,8,Extremely Rare Cartier Tank Diamond From 1970s 🤑😱 #antique #collector #collection #appraisal #watch,"An expert appraiser examines a rare 1970s diamond Cartier Tank watch and a miniature 1950s Louis Vuitton trunk brought in by a woman as a family heirloom, revealing their exceptional value and history before teasing a part two.",VERY RARE CARTIER TANK DIAMOND; @rarepawndealz; SEEN; MAYBE; DO; IDEA; MIGHT; WOMAN; OLD; NO; ACTUALLY; BROUGHT; THAT; GRANDMOTHER'S; EXPLAINED; PASSED; GENERATIONS; FAMILY; EXAMINED; NOTICED; DIFFERENT; VINTAGE; BUT; LADIES; 1970S; DESCRIBED; PRODUCTION; DIAMONDS; LARGE; CASE; EXOTIC; FEATURE; TODAY; MATERIALS; EXPERT; BOX; TRUNK; 1950S; IMPORTANT; MARKET; RETAIL; COMMENT,Raw UGC,Appraisal,false,yes,,https://www.tiktok.com/@rarepawndealz/video/7691036767494917409
watches,luxury watches,2026-09-29,2026-10-01,earlkaranja,Earl Karanja,172700,21800,559,1179,"Today I take you through the world of luxury watches, pretty similar to how top car brands maintain exclusivity. What are your thoughts? #watches","Earl Karanja delivers an engaging sidewalk walkthrough of luxury watch boutiques in London, explaining how brands like Rolex, Patek Philippe, and Richard Mille use purchasing prerequisites and pricing tiers to maintain exclusivity, drawing direct parallels to the sports car industry.","Rolex Certified Pre-Owned, Daytona 116500LN, £28,450, £485,000, Sky-Dweller, £14,800, £44,550, £109,600, Patek Philippe Geneve, Patek Philippe Grand Complications 6300/401G-001, £11,500,000.00, Xanco Jewellers, Vacheron Constantin, Richard Mille, Speedmaster",Raw UGC,Review,false,yes,,https://www.tiktok.com/@earlkaranja/video/7691035862590704917
patches,patches,2026-09-29,2026-10-01,nyxcurations,Nyx Curations | Acne +Wellness,4068,13,,1,Those were some STUBBORN ones too 😭🙏🏾 #bestpimplepatches #raelpimplepatches,"A short, highly satisfying TikTok skincare UGC video where a creator demonstrates the removal of Rael hydrocolloid pimple patches from her breakout-prone face, establishing high authenticity and product trust through raw visual evidence.",In Rael pimple patches we trust; Rael MIRACLE PATCH INVISIBLE SPOT COVER ADVANCED BLEMISH CARE WITH HYDROCOLLOID; Those were some STUBBORN ones too 😭🙏🏾 #bestpimplepatches #raelpimplepatches,Raw UGC,Tutorial,true,yes,possible off-topic,https://www.tiktok.com/@nyxcurations/video/7691033333182106893
watches,luxury watches,2026-09-29,2026-10-01,dailydeluxe.official,Dailydeluxe,5747,344,12,15,"Wrist rolling the $990.000,00 @Jacob & Co. Caviar Tourbillon Baguette 💎
#diamondwatch #jacobandco #tourbillon #luxurywatches","A short, high-impact TikTok video by Dailydeluxe showcasing a slow wrist roll of a $990,000 Jacob & Co. Caviar Tourbillon Baguette watch, accompanied by a subtle beat and bold pricing text to drive engagement among luxury watch enthusiasts.","$990.000,00",Polished Creator,Aesthetic,true,yes,,https://www.tiktok.com/@dailydeluxe.official/video/7691030543223229728
patches,patch collection,2026-09-29,2026-10-01,akobersteen,Alex Kobersteen,7670,403,55,67,"🚔⚾️ LAS VEGAS — I NEED YOUR HELP.

Patch Patrol has officially passed 600 patches and 300 challenge coins this season.

Now there are only three cities left:

Las Vegas ➡️ Sacramento ➡️ Albuquerque

","Durham police officer and Cosmic Baseball player Alex Kobersteen updates his followers on his tour to collect 1,000 law enforcement patches and challenge coins, appealing directly to the Las Vegas community to help him reach his final goal of 390 remaining patches before the season ends.","LAS VEGAS — I NEED YOUR HELP.; 390 TO GO. 3 CITIES. ROAD TO 1,000.; FRESNO – 102 SCRANTON – 106; 600+ PATCHES 300+ COINS GOAL: 1,000 PATCHES; CAN VEGAS SET THE RECORD?; SACRAMENTO; ALBUQUERQUE; ROAD TO 1,000; TAG THEM 👇 DM ME TO TRADE; PATCH PATROL; FIVE-0 PITCHER; POWERED BY GHOSTPATCH",Polished Creator,Vlog,true,yes,,https://www.tiktok.com/@akobersteen/video/7691018310250466591
patches,patch collection,2026-09-29,2026-10-01,thecoffeebean_us,The Coffee Bean & Tea Leaf,360300,245,7,75,"Happy National coffee day ☕️

Score a limited-edition tote and 1 patch with a $15 purchase from 12pm today.

Starting 9/30, we’re dropping 4 NEW patches every Wednesday with a $12 spend. 

Keep your e",A promotional TikTok video by The Coffee Bean & Tea Leaf announcing a National Coffee Day tote bag giveaway and a subsequent weekly collectible patch drop series.,"Text on tote bag reads: 'THE COFFEE BEAN & TEA LEAF Est. 1963'. Text on patches includes 'FLAVOR', 'SIMPLY THE BEST', and various drink labels.",Polished Creator,Announcement,true,yes,,https://www.tiktok.com/@thecoffeebean_us/video/7691003250098572574
patches,embroidered patches,2026-09-29,2026-10-01,qualitypatches,Quality Patches,4836,114,7,26,"POV: your embroidery needed a little extra dimension. 👀

This custom patch mixes bold black embroidery with shiny silver puff details for a raised finish you can actually see. The contrast, the textu","A short promotional tutorial showcasing the application and texture of a custom metallic puff embroidery patch on a grey hoodie, targeting custom apparel creators.",PUFF EMBROIDERY; don't miss styling; MONOTONE; LOOK AT THAT; COMMENT TO GET STARTED,Polished Creator,Tutorial,true,yes,,https://www.tiktok.com/@qualitypatches/video/7691001379019623713
coins,(not in thumbnail),2026-09-29,2026-10-01,numisnuts2,NumisNuts,1891,65,14,1,Great PROOF find #rarecoins #coinrollhunt #proofcoin #coincollecting #rarecoin,,,,,,no,,https://www.tiktok.com/@numisnuts2/video/7690997043409472799
patches,patch collection,2026-09-29,2026-10-01,akobersteen,Alex Kobersteen,986,73,3,2,"🚔⚾️ PATCH PATROL: HOUSTON / SUGAR LAND RECAP

Houston absolutely delivered.

Another huge weekend of patches, challenge coins, selfies, and meeting people from departments and agencies all over the a","Alex Kobersteen recaps a successful Houston stop on his 2026 Patch Patrol tour, celebrating surpassing 600 patches and 300 challenge coins traded, while calling on the Las Vegas community for his final tour destination.","PATCH PATROL FIVE-O PITCHER COSMIC POLICE DEPARTMENT; Houston, TX; Sugar Land Police Department; Sheriff Pride of Texas; Harris County Sheriff; Houston Fire-EMS Rescue; Texas Game Warden; Operation Lone Star; US Border Patrol; Valero VPP Houston; Bomberos Chile; Blinn College Police Department; Pasadena Fire Department; Rice University Football; FBI Houston; Barons",Raw UGC,Vlog,true,yes,,https://www.tiktok.com/@akobersteen/video/7690990206509387039
coins,rare coins,2026-09-29,2026-10-01,cartweaks_,Pawn Legacy Us Shop🇺🇸,584,20,1,,"This man brought a $700,000 sunken treasure into the pawn shop 😳🪙 #pawnshop #pawnstars #rarecoins #collection","A short-form video clip featuring an episode of Pawn Stars where a seller brings in a rare, fused mass of 1702 silver rupee coins from a sunken royal ship, valued at hundreds of thousands of dollars, concluding with a cliffhanger asking viewers to comment for part two.",TAJ MAHAL SUNKEN TREASURE COINS; PAWNLEGACY_XT; 17:02; OPEN 24 HRS; WORLD FAMOUS GOLD & SILVER PAWNSHOP,High-Production,Storytime,false,yes,,https://www.tiktok.com/@cartweaks_/video/7690981284180528406
patches,patch collection,2026-09-29,2026-10-01,handbageyecandy,HandbagEyeCandy,1258,151,10,1,"Bag number 3 in my journey to fall back in love with my Coach collection...

Coach Rogue 25 with Varsity Patches

#COACH #coachretail #bagcollection #bagcollector #pursecollector","A lifestyle creator and handbag enthusiast shares a casual update on her journey to fall back in love with her Coach collection by rotating her bags every few days, showcasing her current Rogue 25 and upcoming charm accessories.",@HandbagEyeCandy watermark visible on screen,Raw UGC,Vlog,false,yes,,https://www.tiktok.com/@handbageyecandy/video/7690978768545975583
watches,luxury watches,2026-09-29,2026-10-01,mind_master7,MIND MASTER 7,242000,2818,159,1690,"Famous Watch Brands & Their Founding Years ⌚✨

#WatchBrands #WatchHistory #LuxuryWatches #didyouknow","An educational TikTok video by MIND MASTER 7 presenting the founding years of 18 famous watch brands, designed to drive viewer engagement and comments through watch trivia.",WATCH BRANDS & FOUNDING YEARS; WATCH BRAND; FOUNDED; Rolex; 1905; Casio; 1946; Omega; 1848; TAG Heuer; 1860; Seiko; 1881; Cartier; 1847; Patek Philippe; 1839; Tissot; 1853; Citizen; 1918; Breitling; 1884; Audemars Piguet; 1875; Longines; 1832; Swatch; 1983; Hublot; 1980; Fossil; 1984; Timex; 1854; IWC; 1868; Richard Mille; 2001; Which watch brand surprised you most? Comment below!; Mind Master 7; 00:00 through 00:59 timestamps; 00:00 watermark,Polished Creator,Tutorial,false,yes,,https://www.tiktok.com/@mind_master7/video/7690977752467377439
coins,rare coins,2026-09-29,2026-10-01,usa.focus.coin,usa focus coin,6960,240,86,45,"1990 Washington Quarter Worth $365,000? 😱 Rare Coin Value You Need to Know!#1990WashingtonQuarter #WashingtonQuarter #RareCoins #ValuableCoins #CoinCollecting","A short-form educational video examining the potential value of a 1990 Washington quarter, warning viewers about common values while highlighting rare error potential.","$365,000; 1990; UNITED STATES; QUARTER; COIN; COLLECTORS; EXCEPTIONAL; CONDITION; ERROR; UNUSUAL; VARIETY; PROVIDED; CLAIMED; VALUE; AT; HOWEVER; SHOULD; CAREFULLY; VERIFY; ANY; EXTRAORDINARY; VALUATION; BECAUSE; MOST; QUARTERS; ARE; COMMON; AND; NORMALLY; TRADE; CLOSE; TO; FACE; WHILE; DOCUMENTED; HIGH-GRADE; OR; EXAMPLES; CAN; BRING; MORE; LOOK; CLOSELY; WASHINGTON'S; PORTRAIT; THE; DATE; MINT; MARK; OVERALL; SURFACES; GENUINE; SUCH; AS; STRONG; DOUBLING; MISSING; CLAD; LAYERS; DRAMATIC; OFF-CENTER; STRIKES; INCREASE; COLLECTOR; INTEREST; EXTREMELY; IMPORTANT; SCRATCHES; DAMAGE; ENVIRONMENTAL; SIGNIFCANTLY; REDUCE; IF; YOU; BELIEVE; HAS; FEATURE; PROFESSIONAL; AUTHENTICATION; GRADING; HELP; DETERMINE; ITS; TRUE; MARKET; DISCOVERY; IN; YOUR; POCKET; CHANGE; COULD; MAKE; THIS; ORDINARY-LOOKING; WORTH; INVESTIGATING.",Raw UGC,Tutorial,false,yes,,https://www.tiktok.com/@usa.focus.coin/video/7690972450716224770
coins,coin collecting,2026-09-29,2026-10-01,samso.tiv,Samso tiv,5546,193,19,37,"1966 Kennedy Half Dollar – Estimated Sold Value $54,000! Could This Vintage 50-Cent Coin Be Hiding a Fortune? One Tiny Detail Could Make Collectors Take a Second Look!","A short-form educational video exploring the numismatic history and potential $54,000 value of a 1966 Kennedy half dollar, emphasizing mint mark absence, 40% silver composition, and high-grade condition criteria.","1966 KENNEDY HALF DOLLAR - ESTIMATED SOLD VALUE $54,000! / UNITED STATES OF AMERICA / HALF DOLLAR / IN GOD WE TRUST / LIBERTY / 1966",Polished Creator,Tutorial,false,yes,,https://www.tiktok.com/@samso.tiv/video/7690943862918941965
patches,patches,2026-09-29,2026-10-01,meeca_suner,merida 👩🏽‍🦱,6963,269,2,3,New and Improved patches is out!! 😍✨#pimplepatches #acne #luxeorganixph,"A beauty creator reviews the new and improved Luxe Organix Acne Pimple Hydrocolloid Patches and Acne Mood Patches, demonstrating their application and 6-hour results on her hormonal acne.",Ako lang ba???!; NEW & IMPROVED; 60 + 30 FREE; MEDICAL GRADE PATCHES; LUXE ORGANIX; ACNE PIMPLE HYDROCOLLOID PATCH; Invisible 0.03mm thickness; 60-day bacterial control; Anti-Blemish + Niacinamide; ACNE MOOD PATCH,Raw UGC,Review,true,yes,possible off-topic,https://www.tiktok.com/@meeca_suner/video/7690935399480364308
watches,watch collection,2026-09-29,2026-10-01,wrist_icons,Matt | Wrist Icons,3108,83,12,22,"Rolex collectors were waiting to see what these watches would actually bring at auction.

Now we know.

Let’s break it down.

#Rolex #watchtok #fypシ゚viral #WatchCollecting #LuxuryWatches","A watch creator breaks down the record-breaking Phillips auction results for four unique Rolex Daytona 'Four Seasons' watches, which sold for a combined $49.4 million for charity.",4 ROLEXES. $49.4 MILLION; ROLEX OYSTER PERPETUAL SUPERLATIVE CHRONOMETER OFFICIALLY CERTIFIED COSMOGRAPH; 4; $50 MILLION; DAYTONAS; CELEBRITY; OWNED; BRAND; NEW; ONE; OF; COLLECTION; GEM; SET; AUCTION; PHILLIPS; CHARITY; RESULTS; INSANE; SPRING; 9; WINTER; FOR $13.2 MILLION; AUTUMN; $13.5; MOST EXPENSIVE; WITH SUMMER; EVEROSE; GOLD; TURQUOISE; THIRTEEN; SIX; FIVE; COMBINED; FORTY; HALF; WATCHES; IF YOU REMEMBER; PAUL; NEWMAN'S; PERSONAL; $17.75 MILLION; INDIVIDUALLY; BEAT; GENERATED; ALMOST; THREE; WORTH; MONEY; IN ONE NIGHT; GOING; WHATEVER YOU THINK ABOUT; ABSOLUTELY; INCREDIBLE,Polished Creator,News,false,yes,,https://www.tiktok.com/@wrist_icons/video/7690890658403372301
coins,coin collecting,2026-09-29,2026-10-01,pastorjacob_coinsbuyer,pastor jacob,2523,36,28,13,#Coins #CoinTok #CoinCollection #CoinCollector #RareCoins,A TikTok video by pastor jacob warning coin sellers against paying online fees and offering to buy rare coins strictly through face-to-face meetings arranged via WhatsApp.,kindly message me on WhatsApp+27 71 950 450 to sell your coins we only meet face to face,Raw UGC,Tutorial,true,yes,,https://www.tiktok.com/@pastorjacob_coinsbuyer/video/7690808165750852884
watches,luxury watches,2026-09-29,2026-10-01,jintianwatch666,JinTian_Watchsharing,122,3,,1,#watches #fyp #hotselling #sharing #luxurywatches,"A silent, high-end product showcase video presenting a gold and turquoise luxury chronograph watch handled with professional black gloves against a minimalist dark backdrop.",,Polished Creator,Aesthetic,true,yes,,https://www.tiktok.com/@jintianwatch666/video/7690795789555223838
watches,vintage watches,2026-09-29,2026-10-01,theglownarrative,Hannah Fosbenner,16400,1659,42,49,I’m in LOVE🥹 Got it online from @Bezel !! #rolex #datejust #rolexdatejust #vintagewatch #watchcollecting,"Creator Hannah Fosbenner unboxes her milestone purchase of a 1988 vintage Rolex Oyster Perpetual Datejust bought online from Bezel, sharing an emotional, tearful expression of gratitude toward her audience for enabling her career.",unboxing my newest vintage watch!!,Raw UGC,Vlog,true,yes,,https://www.tiktok.com/@theglownarrative/video/7690778705211280671
patches,patch collection,2026-09-29,2026-10-01,patchcollection,Patch Collection,172,4,,,"1 new follower = 1 new patch 👀🧵

We’re starting a new series where every new follower helps us create another patch! How far can we take this? 👀✨

Follow along and become part of the collection! 🫶","Patch Collection launches a new series where every new follower triggers the creation of a new custom patch, using talking-head footage and high-end B-roll of embroidery work to drive comments and follows.",Do you have ideas but don't know how to execute?; COLLECTION; A PATCH; THAT; WHAT; BE SOMEONE; SPACE CITY; We want to make your design next.; Comment down below any ideas that you have.; And that follow button.,Polished Creator,Behind-the-scenes,true,yes,,https://www.tiktok.com/@patchcollection/video/7690587868682620174
coins,(not in thumbnail),2026-09-28,2026-10-01,zoobitip4t6,Laiba...😽Shehzadi😽,307,2,,,Deep Dive Roll Hunt Half Dollars #coincollecting #coinrollhunting #numismatics #reels #viral Com (1),,,,,,no,,https://www.tiktok.com/@zoobitip4t6/video/7690709546385444119
ducks,rubber duck,2026-09-28,2026-10-01,rosinavallejo72,rosinavallejo72,142,0,,,Baby Rubber Duck Secret Expert Tips：The duck knows his secrets.#cutebaby #motherhood #adorable #momlife #babytime #baby #wholesome #babycute #littlemoments #funnybaby #parenthood #babylove #parents #f,A comedic reaction video where a creator introduces a montage of melodramatic teenage school project videos about pregnancy.,Enséñame un video horrible que hayas hecho durante la secundaria o la prepa de tarea; Video del embarazo precoz JAJAJAJAJA; @yayoztenteno,Raw UGC,Comedy-skit,false,yes,,https://www.tiktok.com/@rosinavallejo72/video/7690686715865926925
watches,vintage watches,2026-09-28,2026-10-01,aysh.at.home,Home by Aysh 🌸,774,55,10,3,#watchcollection #finejewellery #vintage #vintagewatch #vintageaesthetics,"A short, aesthetically pleasing video by creator Home by Aysh 🌸 featuring an overhead unboxing of a vintage wooden jewelry box filled with gold watches and accessories, paired with a witty text overlay subverting the phrase 'money can't buy happiness'.","money
can't
buy
happiness
but
it
can
buy
you
Accessories",Curated Aesthetic,Aesthetic,false,yes,,https://www.tiktok.com/@aysh.at.home/video/7690673983477386518
coins,silver coins,2026-09-28,2026-10-01,the.coin.cutter,The coin cutter,41900,204,34,4,A customer sent me this thinking it's real silver ….. #coins #silver #fake  #metalart #scam,"A coin cutting artisan demonstrates that a customer's Canadian Maple Leaf coin is counterfeit by showing its poor cutting behavior, dark discoloration, and non-genuine metal dust residue, ending with advice to buy only from trusted dealers.",I think this silver Coin is fake; THE COIN CUTTER; CANADA; 9999; FINE SILVER; 1 OZ ARGENT PUR; 2021; DOLLARS; SHATTER RESISTANT; Safety Rule; cm; mm,Raw UGC,Tutorial,false,yes,,https://www.tiktok.com/@the.coin.cutter/video/7690667089241083138
coins,rare coins,2026-09-28,2026-10-01,dansdollarss,Dans Dollars,14600,406,138,81,"400,000,000 UK 2002 1 ONE PENNY COIN VALUE ELIZABETH II #COIN #FYP #rarecoins #coincollecting #elizabeth","A coin collecting creator breaks down the mintage, history, and face value of a 2002 UK one penny coin, utilizing macro visuals and encouraging viewers to share their own coin photos in the comments.","400,000,000; UK 2002; 1 ONE PENNY COIN VALUE; ELIZABETH II",Raw UGC,Tutorial,false,yes,,https://www.tiktok.com/@dansdollarss/video/7690660245667974422
patches,iron on patches,2026-09-28,2026-10-01,user79760921493028,Ambercreation patches,870,29,9,5,#patches #ironon #philly #eagles #footballtiktok,"A short, engaging TikTok video by Ambercreation patches using a popular meme format ('When I have those My friends be like') to showcase an extensive collection of embroidered Philadelphia Eagles iron-on patches, combining relatable social humor with satisfying product visuals.",When I have those My friends be like; GO BIRDS; EAGLES; PHILADELPHIA; EXCITING WHITES; FLY EAGLES FLY; TOUGH DOWN; NFL,Raw UGC,Meme,true,yes,,https://www.tiktok.com/@user79760921493028/video/7690634055976586527
coins,silver coins,2026-09-28,2026-10-01,mkcoinguy,Marcus Kirby,613,12,2,,"$10 x Silver Proof sets ($0.85 face 90% pet set) up for grabs $38 each plus $5 shipping 
#silvercoins #sold #silvercoins #coincollecting #preciousmetals","A creator showcases vintage United States Mint silver proof sets from 1992 to 1998 on a display case with a clear price tag of thirty-eight dollars each plus five dollars shipping, targeting coin collectors on TikTok.",United States Mint Silver Proof Set 1992; United States Mint Silver Proof Set 1993; United States Mint Silver Proof Set 1994; United States Mint Silver Proof Set 1995; United States Mint Silver Proof Set 1996; United States Mint Silver Proof Set 1997; United States Mint Silver Proof Set 1998; $38 each plus $5 shipping,Raw UGC,Haul,true,yes,,https://www.tiktok.com/@mkcoinguy/video/7690629668684172557
watches,luxury watches,2026-09-28,2026-10-01,rikjhj78,rikjhj-78,20600,298,5,6,#rolex #watches #luxury #business #foryou,"A fast-paced luxury watch-flipping vlog showing a creator negotiating deals on Audemars Piguet watches across New York City jewelry stores, culminating in a quick $2,000 profit.","VVS Jewelers, GIA, Katie & Phelix, Universal Time of New York, W13",Raw UGC,Vlog,false,yes,,https://www.tiktok.com/@rikjhj78/video/7690621676895128846
coins,rare coins,2026-09-28,2026-10-01,usa.focus.coin,usa focus coin,8185,277,82,49,"1990 Germany 10 Pfennig Coin Worth $835,000? Rare Coin Value You Need to Know!#RareCoins #CoinCollecting #10Pfennig #GermanCoins #GermanyCoins","An educational TikTok video by usa focus coin examining the 1990 German 10 Pfennig coin, discussing its mint marks, potential errors, and a claimed auction value of $835,000 while advising collectors on proper authentication.","$835,000; NINETEEN; REPUBLIC; GERMANY; COIN; PIECE; GERMAN; HISTORY; FEATURING; DESIGN; THIS; IN; LOCATIONS; INCLUDING; D; F; G; AND; ITS; MARK; QUALITY; ANY; MINTING; CAN; COLLECTOR; INTEREST; SOME; EXAMPLES; MAY; SHOW; ATTRACTIVE; ORIGINAL; SURFACES; SHARP; DETAILS; OR; UNUSUAL; ERRORS; THAT; MAKE; THEM; MORE; INTERESTING; TO; SPECIALISTS; FOR; VIDEO; THE; COINS; CLAIMED; VALUE; TODAYS; AUCTION; MARKET; ABOUT; EIGHT; THOUSAND; EXTREMELY; ATTENTION; GRABBING; FIGURE; HOWEVER; PUBLISHED; CATALOGUE; INFORMATION; ORDINARY; TENTH; PENNY; GENERALLY; SHOWS; MUCH; LOWER; VALUES; SO; PRICE; HIGH; WOULD; REQUIRE; EXCEPTIONAL; RARITY; AUTHENTICATION; DOCUMENTED; EVIDENCE; COLLECTORS; SHOULD; CAREFULLY; INSPECT; DATE; LETTERING; SURFACE; CONDITION; POSSIBLE; BEFORE; MAKING; VALUATION; PROFESSIONAL; GRADING; SERVICE; REPUTABLE; HOUSE; HELP; DETERMINE; WHETHER; PARTICULAR; EXAMPLE; EXTRAORDINARY; SMALL; REMINDS; US; THAT; CAN; MAJOR; DIFFERENCE; NUMISMATICS",Raw UGC,Tutorial,false,yes,,https://www.tiktok.com/@usa.focus.coin/video/7690601496072801558
patches,patches,2026-09-28,2026-10-01,joooooooooolia,juliajaskot,431,7,,,#pimplepatches,"A beauty creator demonstrates applying star-shaped pimple patches in a short, upbeat tutorial video captioned with a product hashtag.",I wish I knew about pimple patches earlier...,Raw UGC,Tutorial,true,yes,possible off-topic,https://www.tiktok.com/@joooooooooolia/video/7690573198353583373
watches,watches,2026-09-28,2026-10-01,the.watch.chronic,Andy’s Watches,13000,952,156,8,Replying to @afish207 I’m tired of this #fypシ゚viral #watchesoftikok #andyswatches #trending,"Watch creator Andy's Watches delivers an aggressive, unfiltered rant from his bed addressing a viewer comment accusing him of buying a Rolex solely for a brand partnership.","Reply to afish207's comment 
Yeah I feel played that I watched video on shopping for a Rolex and now I know he only bought it to promote his partnership",Raw UGC,Rant,false,yes,,https://www.tiktok.com/@the.watch.chronic/video/7690554051313880333
ducks,rubber duck,2026-09-28,2026-10-01,wander.win.advent,Wander Win Adventures 🛳️,14700,1116,144,546,"This is our favorite thing to do on a cruise ship.
Rubber ducks have become a whole thing on a cruise.
 #duckhunting #cruiseducks #seaducks #duckhuntingapp #cruisehumor","A cruise enthusiast humorously explains the viral trend of hiding and finding rubber ducks on cruise ships, introducing an app called Sea Ducks and prompting viewers to share their duck finds in the comments.","This really happens on a ship...; Hi, my name's Clint and I'm a cruise addict.; Drop a follow for more cruise humor.; Duck Hunting On a Cruise; Sea Ducks; Leaderboards; Symphony Of The Seas; LynniedLynn; Duck Masters; Mara & bifs; CRUISIN DUCK CHAMPION WANDERWIN",Raw UGC,Vlog,true,yes,,https://www.tiktok.com/@wander.win.advent/video/7690553782979087646
watches,luxury watches,2026-09-28,2026-10-01,jaredsuan69,Mastercraft Watch SH.,279,13,,1,Which watch is your favorite?#watchesformen#watches#top-quality watch#luxury#watch recommendation,A quick dual-watch showcase inviting viewers to choose their favorite design between a gold Rolex and a red Richard Mille style timepiece.,Which watch is your favorite?#watchesformen#watches#top-quality watch#luxury#watch recommendation,Raw UGC,Review,true,yes,,https://www.tiktok.com/@jaredsuan69/video/7690543436327374112
patches,patches,2026-09-28,2026-10-01,dannilouise_93,DANNI || TikTok finds 🛍️,474,5,1,,Girl got a patch for everything 🩷 #fyp #kindpatch #patches #foryoudays #tiktokmademebuylt @Kind Patches,"A creator enthusiastically shares her large collection of Kind Patches wellness patches, framing her consumption as a fun, colorful obsession in a sponsored TikTok video.","Stress Down Patches, MB Patches, Unpuffy Patches, Berberine Patches, Super Glow Patches, NAD+ Patches, Energy Patches, Mood Patches, Boost Patches, Period Patches, Kind Patches",Raw UGC,Haul,true,yes,possible off-topic,https://www.tiktok.com/@dannilouise_93/video/7690510881158925590
watches,luxury watches,2026-09-28,2026-10-01,nlufum4,Chrono Select,690,2,,,Considerate material pairing enhances overall quality feel.#watch #luxurywatch #timepiece #watchlover,"A polished product showcase of a custom luxury timepiece featuring macro shots of the bracelet, dial, and casing, designed to attract watch enthusiasts and drive profile traffic.",Custom Luxury Watches. Click to view the.hampage bio; ROLEX; Considerate material pairing enhances overall quality feel.,Polished Creator,Haul,true,yes,,https://www.tiktok.com/@nlufum4/video/7690502854091623712
watches,luxury watches,2026-09-28,2026-10-01,_thewatchdealer_,The Watch Dealer,62300,5737,21,113,"Rolex Datejust 41mm - available now
DM for pricing.
Worlwide shipping.
#rolex #watch #money #luxury #datejust","A short, aesthetic wrist-roll video showcasing a Rolex Datejust 41mm with a black dial and jubilee bracelet, posted by a luxury watch dealer with a call to action for direct messaging and worldwide shipping.",,Raw UGC,Review,true,yes,,https://www.tiktok.com/@_thewatchdealer_/video/7690498528791121184
watches,luxury watches,2026-09-28,2026-10-01,dailydeluxe.official,Dailydeluxe,10900,845,17,77,"$100.000,00 Dollar of Ultra Luxury Jacob & Co Watches 💎

Watches and Wonders Event in the Four Seaons in Geneva 🇨🇭

So many amazing watches from the Billionaire collection to the Bugatti Chiron Tou","A fast-paced luxury showcase video presenting an exclusive look at Jacob & Co timepieces at the Four Seasons in Geneva, emphasizing extreme craftsmanship, gemstone encrustation, and elite lifestyle access.",Over $100.000.00 of Watches; Beautiful Models Everywhere; JACOB & CO GENEVE; TWIN TURBO FURIOUS; The Godfather OPERA BY JACOB & CO.,Raw UGC,Vlog,false,yes,,https://www.tiktok.com/@dailydeluxe.official/video/7690464593436626208
watches,vintage watches,2026-09-28,2026-10-01,hangryb.tch,lizzy,12200,717,3,141,"if you’ve been on the market for a vintage watch, 📍Antoine de Macedo is a must when you’re in Paris ⏱️!!

#paris #parisvintage #vintagewatch #vintagewatch #vintagecartier parisshopping","A polished aesthetic vlog style video recommending Antoine de Macedo in Paris as the ultimate vintage watch destination, highlighting rare Cartier and Patek Philippe timepieces with price tags and store expertise.","MY FAVORITE WATCH STORE IN PARIS; if i can recommend only one watch store in Paris; Antoine de Macedo Watchmaker, 4.5 (136) Watch store Closed, Overview, Reviews, Photos; 25000 €; 38000 €; 19800 €; 35000 €; 16800 €; 18800 €; 22800 €; 24000 €; 55800 €; 28",Polished Creator,Vlog,false,yes,,https://www.tiktok.com/@hangryb.tch/video/7690443646671310111
patches,patch collection,2026-09-28,2026-10-01,370photographs,whacker1171,433,20,2,2,Won a giveaway a couple months ago. Here’s what I got! Forgot to include the fallen officers coin at the end.. whoops. #policepatchcollection #challengecoins #police #firstresponder #fyp,"A creator shares a haul of law enforcement challenge coins and patches won in a giveaway, showcasing each item in detail on a textured blue surface with a casual voiceover.","Giveaway Haul; FUCK DEATH; ST. LOUIS POLICE MISSOURI; 250; ST. LOUIS POLICE OFFICERS MEMORIAL FUND; IN HONOR OF THE FALLEN HEROES NATIONAL LAW ENFORCEMENT OFFICERS MEMORIAL NATIONAL POLICE WEEK 2026; THANK YOU FOR YOUR SUPPORT OF OUR SMALL LEO OWNED BUSINESS; ST. LOUIS M P 1861; METROPOLITAN POLICE ST. LOUIS, MO. ESTABLISHED MARCH 27TH, 1861; ST. LOUIS POLICE PIPES AND DRUMS; HOMICIDE SECTION JUSTICE IS THE DEBT WE OWE THE DEAD; ST. LOUIS METROPOLITAN POLICE; K9 UNIT EST. 1864; POLICE TELEPHONE ST. LOUIS FIRE AND POLICE TELEGRAPH DEPARTMENT 1914; DIAL 0 OPERATOR",Raw UGC,Haul,false,yes,,https://www.tiktok.com/@370photographs/video/7690422665701575967
patches,patch collection,2026-09-28,2026-10-01,socalpatchcollector,socalpatchcollector,691,62,3,,"Lots of new stuff

#policepatches #police #lawenforcementpatches #lawenforcementcommunity #policepatchcollection","A silent TikTok video showcasing a new haul of law enforcement patches, challenge coins, and die-cast police vehicles, targeted at patch collectors and enthusiasts.","IDAHO FALLS; CITY OF ATLANTA; ALAMEDA DEPUTY SHERIFF; ARAPAHOE COUNTY SHERIFF; SAN BERNARDINO COUNTY SHERIFF; POLICE CITY OF IRVINE; WASHINGTON THE STATE OF WASHINGTON 1889; SNOWFLAKE-TAYLOR POLICE; LOS ANGELES GND K-9; DALLAS INDEPENDENT SCHOOL DISTRICT; ANAHEIM POLICE; AIR SUPPORT DIV; SAN DIEGO; POLIZEI; HOT PURSUIT SERIES 47 WHITESTOWN POLICE WHITESTOWN, IN; 2023 FORD POLICE INTERCEPTOR UTILITY; HIGHWAY PATROL 2021 FORD BRONCO WILTRAK MAISTO",Raw UGC,Vlog,false,yes,,https://www.tiktok.com/@socalpatchcollector/video/7690416995967274270
ducks,yellow rubber duck,2026-09-28,2026-10-01,atenaifq5v6,atenaifq5v,47100,1338,27,65,"Guli's Delicious Food - Sandwiches How could little duck Guli not know how to make sandwiches? Homemade sandwiches are definitely better than those from convenience stores! Guli, who loves to cook, ne","An animated short featuring an adorable yellow duck named Guli making gourmet sandwiches, shopping at an animal-run grocery store, and comically defending food from a dog.",,High-Production,Animation,false,yes,,https://www.tiktok.com/@atenaifq5v6/video/7690405862824774943
ducks,rubber duck,2026-09-28,2026-10-01,d.dubskii,Dubskii🖤,1057,46,4,2,Replying to @Mi Simone  The ducks surviving just like my life in this economy😔😭😭😭#fyp #rubberducky #squished #jeep #grandcherokee VC: @YinMaze 💚💍,"A TikTok creator responds to a follower comment about melted dashboard ducks by showing a row of comically squished rubber ducks in their Jeep Grand Cherokee, using the visual as a metaphor for surviving economic hardship while upbeat disco music plays.","Replying to @Mi Simone But the ducks are dying....; 4:24 W 65 out.; Destiny Shake Your Body (..., The Jacksons; #fyp #rubberducky #squished #jeep #grandcherokee; VC: @YinMaze",Raw UGC,Meme,false,yes,,https://www.tiktok.com/@d.dubskii/video/7690374699422960927
coins,silver coins,2026-09-27,2026-10-01,coins_and_currency,Coins_and_currency,2691,56,2,1,#coincollecting #USMint #stackingsilver #silver,"A coin collector showcases a newly acquired stack of vintage Morgan silver dollars, explaining their historical mint years, silver weight, mint marks, and retail pricing of $38 each.",Stacking Morgan Silver Dollars $38 each; Coins_and_currency; UNITED STATES OF AMERICA; IN GOD WE TRUST; E PLURIBUS UNUM; ONE DOLLAR; 1900; 1896; 1890; 1878; 1889; 1881; LIBERTY,Raw UGC,Tutorial,true,yes,,https://www.tiktok.com/@coins_and_currency/video/7690358612497075508
watches,vintage watches,2026-09-27,2026-10-01,shewearswatches,shewearswatches,22500,1446,30,233,"Vintage Rolex Ladies 18K Yellow Gold Diamond Bezel Oval Shaped Woven Bracelet Mechanical Movement Watch

Circa Early 1980s
Fits a 6 inch wrist

Sourced & Sold! DM us for more vintage watches! 

#vinta","A luxury vintage watch dealer showcases a rare 1980s Rolex ladies watch in 18K gold with a diamond bezel and woven bracelet, inviting prospective buyers to inquire via direct message.","100 WATCHES 
 CARTER | DARYN SCHNIPPER",Polished Creator,Haul,true,yes,,https://www.tiktok.com/@shewearswatches/video/7690353500793998606
coins,rare coins,2026-09-27,2026-10-01,williamscoin8,EURO OLD COIN EXCHANGE,1987,70,52,4,"🇮🇹🪙 STILL GOT OLD LIRES AT HOME? 👀

Those old Italian coins you might have kept for years could interest collectors! 💰

I’m looking for authentic Italian lire, old coins, rare coins, commemorativ",A short promotional TikTok video by a coin exchange business featuring a macro shot of a coin and text prompting viewers who own old Italian lires to send photos via direct message for evaluation.,old Europe coin need,Polished Creator,Review,true,yes,,https://www.tiktok.com/@williamscoin8/video/7690350816984665364
ducks,rubber duck,2026-09-27,2026-10-01,nancyw2020,NancyWeirArt,2899,269,23,9,Ontarioartist#tub#ducks#rubberduckie#acrylic🇨🇦🇨🇦🇨🇦🇨🇦,"An elderly Canadian artist shares a proud, wholesome reveal of her whimsical acrylic painting featuring a duck in a bathtub, engaging viewers through authentic studio-based content.",Ontarioartist#tub#ducks#rubberduckie#acrylic,Raw UGC,Behind-the-scenes,false,yes,,https://www.tiktok.com/@nancyw2020/video/7690348610541686037
watches,watch collection,2026-09-27,2026-10-01,broadcastingwatches,broadcastingwatches,450700,11900,408,282,It's been great seeing the videos surfacing of wedding wrist checks and getting people excited about watches. This was a fun one to make at a friend's wedding last night! Lots of different styles and ,"A watch creator films a fun 'wrist check' segment at a friend's wedding, capturing nine different guests revealing timepieces ranging from affordable vintage pieces to luxury watches like Grand Seiko, structured like a television show introduction.","WEDDING WATCHES WRIST CHECK; Vintage Cauny $250; Raymond Weil Tango $450; Seiko 5 $270; Tudor Princess Oysterdate $1,600; Seiko Essentials Tank $215; Tag Heuer Formula 1 Quartz Chronograph $2,100; Seiko Lord Matic $450; Orient Bambino $295; Grand Seiko Shunbun $7,200",Raw UGC,Vlog,false,yes,,https://www.tiktok.com/@broadcastingwatches/video/7690342121403895058
watches,luxury watches,2026-09-27,2026-10-01,danny.wristlocked,Danny | wristlocked,219700,12200,191,837,Is the Cartier Santos worth it? #watches #watchtok #cartier #luxurywatches #menswatches,"A watch creator provides an honest, long-term review of the Cartier Santos large automatic, discussing its durability as a scratch magnet, its daily wearability, and demonstrating how easily it transitions across metal bracelet, black leather, and navy blue leather strap options.",Cartier Santos?; Wait til the end for strap options; Cartier; AUTOMATIC,Raw UGC,Review,false,yes,,https://www.tiktok.com/@danny.wristlocked/video/7690339688057425165
coins,rare coins,2026-09-27,2026-10-01,coin.legend,COIN LEGEND,57700,662,175,323,"THESE 1/2 c 1c 2 c 5 c 10 c 20c 50c AND THE SILVER R1 COIN SETS WERE STRUCK AS PART OF THE SECOND DECIMAL ISSUE 1965 - 1990. IN 1962 IT WAS ANNOUNCED THAT A CHANGE IN SIZE, DESIGN AND METAL CONTENT OF","A TikTok video presenting historical facts about South African decimal coin minting from 1965 to 1990, paired with an overhead view of assorted vintage coins, concluding with a questionable claim that specific silver coins are worth millions and instructing viewers to contact the poster on WhatsApp.","R5 2005 R5,000,000; R2 2005 R5,000,000; Two Pence 2007 R5,000,000; Two Pence 2008 R5,000,000; 2c 1984 R5,000,000; 1989 R5,000,000; 50c 1994 R5,000,000; 2018 R5,000,000; 5c 2003 R5,000,000; 2008 R5,000,000; R2 1990 R5,000,000; 1989 R5,000,000; 20c 1992-2008 R5,000,000; 1997 R5,000,000; 1997 R5,000,000; ONE CENTS R5,000,000; the South Africa SILVER is the rarest coin worth 4 million each.",Raw UGC,Inform,true,yes,,https://www.tiktok.com/@coin.legend/video/7690315949127322901
coins,coin collecting,2026-09-27,2026-10-01,judyburgos14,LOSTCOINS,6303,248,64,158,"Is there a hidden fortune sitting in your coin stash? 🪙 French 10 Centimes from 1963 are usually worth under a dollar, BUT finding a major mint error piece can push the value into thousands for error","A numismatic content creator uses a macro lens and magnifying glass to inspect a 1963 French 10 Centimes coin, explaining how mint errors can drastically increase its value and prompting viewers to search their own coin stashes.","$100,000; REPUBLIQUE FRANCAISE; LIBERTE EGALITE FRATERNITE; 10 CENTIMES; 1963",Raw UGC,Tutorial,false,yes,,https://www.tiktok.com/@judyburgos14/video/7690300651351428373
watches,watch collection,2026-09-27,2026-10-01,braddotwatch,brad.watch,98500,9298,91,614,"Don’t buy this, buy that: ladies watches on a budget edition. Everyone loves the Cartier Panthere, Cartier Baignoire and Cartier Tank watches. But they’re out of budget for many people. Have you ever ","A watch creator presents budget-friendly alternatives to iconic luxury women's watches like the Cartier Panthere and Tank, highlighting specific Timex models such as the Addison and Cavatina.","ROADSTER WATCH: Discover the new Roadster watch, available exclusively in the Americas until October. Learn more.; PANTHÈRE, $44,600; ADD TO BAG; Small Women's Watches; Addison; 23mm Stainless Steel Bracelet Watch; 23mm Stainless Steel Bracelet Watch | $159.00; Pre-Order; Estimated ship date Jan 18 - 29, 2027 Pre-order protected by Purple Dot Learn more; BAIGNOIRE WATCH, $9,550; Cavatina; 19mm Leather Strap Watch; Cavatina 19mm Stainless Steel Bangle Watch | $169.00; Cavatina® Luxe 22 mm Stainless Steel; Cavatina® Luxe Leather Strap Watch; Cavatina 19mm Stainless Steel Bracelet Watch; Cavatina 19mm Stainless Steel Bracelet Watch; TANK MUST, $3,750; Timex x Noah Moon Phase Edition - Made Ex, Condition:, Year of production, $678, Plus shipping, Suggest a price, Buy, 95 views in 48 hours",Polished Creator,Review,false,yes,,https://www.tiktok.com/@braddotwatch/video/7690298945418824974
ducks,rubber duck,2026-09-27,2026-10-01,duckaafo,duckaafo,842,39,7,3,@TUBBZ UK & INTL duck hunt at @Five Below 👍🏻 #duckduckjeep #rubberducky #plushies #fivebelow #fivebelowfinds @Illumination’s Minions @Shrek @Shrek the Jeep,"A creator documents a successful shopping trip to Five Below to find newly released licensed TUBBZ plush duck keychains, showcasing four specific character boxes and inviting audience engagement.","Duck Hunt For The NEW TUBBZ Plush Duck Keychains!, five below hot stuff cool prices, $5, DUCK LAUNCHER, BAG CHARM KEYCHAIN, PORTE-CLES BRELOQUE POUR SAC, ILLUMINATION'S MINIONS, GRU, BOB, UNIVERSAL, DREAMWORKS SHREK, OGRE APPROVED, TUBBZ, CHAPTER TWO, PENNYWISE",Raw UGC,Vlog,false,yes,,https://www.tiktok.com/@duckaafo/video/7690293716254231839
ducks,rubber duck,2026-09-27,2026-10-01,duckyasmrs,ducky asmr,83,3,,,Rubber ducky taps #asmr,"A short ASMR video featuring close-up fingernail tapping on a large yellow rubber duck, designed to provide auditory relaxation.",Rubber ducky taps #asmr,Raw UGC,Tutorial,false,yes,,https://www.tiktok.com/@duckyasmrs/video/7690291509488323854
coins,silver coins,2026-09-27,2026-10-01,thelastpenny,The Last Penny,117800,432,18,18,Why Do Coins Have Ridged Edges 🪙 #thelastpenny,"A fast-paced educational short explaining the historical origin of reeded coin edges as a countermeasure against metal shaving fraud, featuring high-detail macro demonstrations of historical coin clipping.","UNITED STATES OF AMERICA, ONE DOLLAR, 1 OZ FINE SILVER, 9999, CANADA, 9999, DOLLARS, LIBERTY, IN GOD WE TRUST, 1990, 20, Why Do Coins Have Ridged Edges",High-Production,Tutorial,false,yes,,https://www.tiktok.com/@thelastpenny/video/7690284308119997709
coins,(not in thumbnail),2026-09-27,2026-10-01,ceeteekoins,CEETEEKO,13200,154,17,41,"Trump $1 coin roll hunting. Bought straight from the US MINT; got one 4th of july privy $1 coin. #preciousmetals 
#fyp 
#coincollecting 
#uscoins 
#usmint",,,,,,no,,https://www.tiktok.com/@ceeteekoins/video/7690239336914111774
watches,luxury watches,2026-09-27,2026-10-01,dailydeluxe.official,Dailydeluxe,269800,11500,75,602,"Modern Old Money watches. 🥂⌚️
Rolex 1908 with the beautiful Settimo bracelet, Vacheron Constantin 222, Patek 5712, Cartier Skeleton Rose Gold
Quiet luxury isn’t about wearing the loudest watch in the","A curated visual showcase of modern old money luxury watches, featuring high-end pieces from Rolex, Vacheron Constantin, Patek Philippe, Jaeger-LeCoultre, and Cartier, targeted at horology enthusiasts and quiet luxury followers.",Modern Old Money Style Watches; Rolex 1908; VC 222; Patek 5712; JLC Reverso; Cartier Santos Skeleton,Curated Aesthetic,Aesthetic,false,yes,,https://www.tiktok.com/@dailydeluxe.official/video/7690149148959493408
coins,silver coins,2026-09-27,2026-10-01,legit.coins.buyer919,legit coins buyer,444,8,5,2,"THESE 1/2 c 1c 2 c 5 c 10 c 20c 50c AND THE SILVER R1 COIN SETS WERE STRUCK AS PART OF THE SECOND DECIMAL ISSUE
1965 - 1990. IN 1962 IT WAS ANNOUNCED THAT A CHANGE IN SIZE, DESIGN AND METAL CONFENT OF","A promotional video by an unverified coin buyer offering luxury car gifts to people who sell their historical South African coins, employing high-reward incentives to drive inbound messaging.","congratulations to those of you who sold their coins in our company we are bringing your car gift that we promise so if you have not sold your coins yet inbox us now Thank you; THESE 1/2 c 1c 2 c 5 c 10 c 20c 50c AND THE SILVER R1 COIN SETS WERE STRUCK AS PART OF THE SECOND DECIMAL ISSUE 1965 - 1990. IN 1962 IT WAS ANNOUNCED THAT A CHANGE IN SIZE, DESIGN AND METAL CONFENT OFCOINS WAS BEiNG the coins and CONSIDERED. THIS WAS PRIMÄRILY DUE TO THE INCREASE IN THE PRICE OF SILVER. VARIOUS PATTERNS WERE STRUCK FOR CONSIDERATION BY THE PARLIMENTARY COMMITTEE INVESTIGATING THIS AS THE INCREASED USE OF COIN AUTOMATION MACHINES REQUIRED LONG TERM USE OF THE COIN TYPES CHOSEN",Raw UGC,Rant,true,yes,,https://www.tiktok.com/@legit.coins.buyer919/video/7690088928270961941
coins,rare coins,2026-09-27,2026-10-01,dansdollarss,Dans Dollars,1820,41,45,3,KING CHARLES III SALMON 50 PENCE COIN 2025 #COIN #FYP #rarecoins #coincollecting #kingcharles,Dans Dollars showcases 2025 King Charles III salmon 50p coins and announces a three-coin giveaway for viewers who comment 'salmon' by Monday at 6:00 p.m.,KING CHARLES III SALMON 50 PENCE COIN 2025 #COIN #FYP #rarecoins #coincollecting #kingcharles,Raw UGC,Review,true,yes,,https://www.tiktok.com/@dansdollarss/video/7690074347033087254
coins,rare coins,2026-09-26,2026-10-01,mphile105,Mandela Coins Company,201700,5716,862,630,"Creator THESE 1/2 c 1c 2 c 5 c 10 c 20c 50c AND THE SILVER R1 COIN SETS WERE STRUCK AS PART OF THE SECOND DECIMAL ISSUE 1965 - 1990. IN 1962 IT WAS ANNOUNCED THAT A CHANGE IN SIZE, DESIGN AND METAL CO","A South African coin buying company showcases rare and valuable old coins, detailing historical decimal issues and providing valuation guides to encourage viewers to appraise and sell their collections.","South Africa, 5 Rand 2005 (featuring a wildebeest), Sells for 6,750 Rands., South Africa, 5-Cent 1965 (Part of the first decimal), South Africa, 1 Rand 1992 SOLI DEO GLORIA, South Africa, 5 Rand 2018 (Nelson Mandela Centenary), Common myths about coins value, WhatsApp me here +2763 453 7010, R80,000 Africa, 1986 2 cent coin, SOUTH AFRICA OLD COINS COLLECTION, RARE COINS • HIGH VALUE • REAL ESTIMATES, SA COIN COMPANY, BUYING OLD COINS & BANKNOTES, TRUSTED • FAIR • INSTANT PAYMENT, FACE-TO-FACE, NO FEE • NO SCAM, SOUTH AFRICA, DO YOU HAVE THIS WE STILL NEED OTHER COINS, VALUABLE SOUTH AFRICAN COINS",Raw UGC,Tutorial,true,yes,,https://www.tiktok.com/@mphile105/video/7689978257940221204
coins,coin collecting,2026-09-26,2026-10-01,coinhub,Coin Hub,3596,50,7,8,"Will pennies stay in collector sets?

U.S. Mint Director Paul Hollis joins Blake Alma and Justin Couch for CoinHub Journal. Justin asks about the future of the Lincoln cent in proof sets and mint sets","Coin collector Justin Couch interviews US Mint Director Paul Hollis at a convention to ask whether the Lincoln cent will be removed from proof and mint sets. Hollis definitively confirms that pennies will remain in collector sets, citing their historic legacy and popularity among collectors.","COIN HUB JOURNAL / HIGHLIGHTS; Will pennies stay in collector sets?; PAUL HOLLIS - U.S. MINT DIRECTOR; JUSTIN COUCH; I don't know if you're allowed to answer this, but a lot of my followers have been asking me if I know if you guys, the U.S. Mint is going to continue to put the Lincoln cent into proof sets and mint sets going forward.; THE COINHUB INTERVIEW With Blake Alma - Paul Hollis - Justin Couch; BEST OF THE MINT - 1997 Saint-Gaudens High Relief Proof; 2026 COLLECTIBLE LINCOLN CENT; IMAGES: U.S. MINT; 2026 SILVER PROOF SET; Watch the full story at CoinHubJournal.com",Polished Creator,Interview,false,yes,,https://www.tiktok.com/@coinhub/video/7689542570120154398
coins,(not in thumbnail),2026-09-26,2026-10-01,diggindave_,Diggin Dave,1621,55,2,,"I Found SILVER in these Rolls!

#coinrollhunting #coins #silvercoins #coincollecting #silver",,,,,,no,,https://www.tiktok.com/@diggindave_/video/7689931297107496223
watches,vintage watches,2026-09-26,2026-10-01,bunbunoclock,🌻bunbunoclock🌻,60400,530,2,21,"NOW AVAILABLE! Link in bio or www.bunbunoclock.com💕

#vintagewatch #jewelryinspo #fall #jewelryhaul #goldjewelry","A visually captivating vintage watch showcase by creator bunbunoclock, presenting various curated collections of antique and vintage timepieces laid out on an old book, accompanied by instrumental music and a call-to-action to purchase via website link.","54-40 OR FIGHT BY EMERSON HOUGH, Today al Bunbunoclock, NOW AVAILABLE! Link in bio or www.bunbunoclock.com💕",Curated Aesthetic,Haul,true,yes,,https://www.tiktok.com/@bunbunoclock/video/7689925655609347342
coins,rare coins,2026-09-26,2026-10-01,coins.worth.today,coins worth today,8306,305,110,56,"1981 Lincoln Penny Value – How Much Is This Rare 1 Cent Coin Worth?

#coinsworthtoday #coins #dollar #quater","A short educational video by TikTok creator 'coins worth today' examining the 1981 US Lincoln penny, using a $500,000 clickbait valuation hook to discuss actual coin conditions, mint errors, and collector value.",$500000; WELCOME; WHERE; INTERESTING; THEIR; LOOKING; USA; FROM; 1981; CENT; FEATURES; ABRAHAM; LINCOLN; ON; THE; FRONT; AND; MEMORIAL; REVERSE; PRODUCED; IN; LARGE; NUMBERS; SO; MOST; CIRCULATED; EXAMPLES; ARE; WORTH; ONLY; A; FEW; CENTS; ABOVE; FACE; VALUE; HOWEVER; CONDITION; CAN; MAKE; BIG; DIFFERENCE; COINS; WITH; STRONG; DETAILS; ATTRACTIVE; SURFACES; RARE; MINT; ERRORS; MAY; BE; MORE; TO; COLLECTORS; CHECK; YOUR; PENNIES; CAREFULLY; BEFORE; SPENDING; THEM; MIGHT; HAVE; SPECIAL; HIDING; COLLECTION; THANKS; WATCHING; SUBSCRIBE; FOR; MORE; VALUES; VIDEOS; SUBSCRIBE (button),Raw UGC,Tutorial,false,yes,,https://www.tiktok.com/@coins.worth.today/video/7689912892455652610
watches,vintage watches,2026-09-26,2026-10-01,johnettebeasley1,Echotime.17,127700,1700,81,93,#watches #luxurywatches #panerai,"A silent POV unboxing video of a Panerai Submersible luxury watch, emphasizing tactile interactions, fine mechanical details, and high-end horological aesthetics.","OFFICINE PANERAI, AUTOMATIC DIVERS PROFESSIONAL, FIRENZE 1860, SUBMERSIBLE, STAINLESS STEEL, SWISS MADE, 300m/1000ft, Made in Italy",Polished Creator,Unboxing,false,yes,,https://www.tiktok.com/@johnettebeasley1/video/7689896305971318047
patches,patch collection,2026-09-26,2026-10-01,bidibidibombum,Amanda Solis,926,97,1,1,"Recap on yesterday at the White Sox game and my performance. 
I love you Chicago thank you to everyone who has supported me. @Chicago White Sox @shottysjerseys @Patch Collection #selenaquintanillafans","Tribute artist Amanda Solis records a heartfelt vlog recap in her hotel room following her performance at a Chicago White Sox game, expressing deep gratitude to her fans, sponsors, and the 38,000 attendees.",,Raw UGC,Vlog,true,yes,,https://www.tiktok.com/@bidibidibombum/video/7689877174370766094
coins,coin roll hunting,2026-09-26,2026-10-01,theunbelievable,The unbelievable,68700,446,6,41,#coinrollhunting #numismatics #coincollecting #halfdollar #silvercoins #coincollector #rarecoins #fyp,"A coin roll hunting creator walks viewers through searching a roll of US dollar coins, successfully identifying valuable non-circulated commemorative finds like the 2019-D Native Americans in Space and 2004-D Sacagawea dollars while providing educational error-checking tips.",How good would it be if we found a 2015 Dwight D Eisenhower Presidential NIFC; NARROW RIM / WIDE RIM Note width of rim and distance to 1 of date; 1979; 2019-D Am. Indians in Space Mintage: 1.54M Ebay Last Sold: $3-$7; 2000 P Philadelphia; Regular / Cheerios; 2004-D Sacagawea; NIFC Mintage: 2.66M Ebay Last Sold: $2-$6; Normal Reverse / FS-001 Elongated Ray; 2018-P Jim Thorpe Mintage: 1.4M Ebay Last Sold: $3-$5; Deep Dive Roll Hunt! Dollars #25; Follow and save for next time! Share what you enjoy collecting; COIN ROLL TREASURES,Raw UGC,Tutorial,false,yes,,https://www.tiktok.com/@theunbelievable/video/7689677939339824397
watches,vintage watches,2026-09-26,2026-10-01,retroversemm,Retroverse,2192,119,6,10,"𝟏𝟗𝟖𝟖 𝑺𝒆𝒊𝒌𝒐 𝑫𝒐𝒍𝒄𝒆 — 𝑭𝒓𝒐𝒔𝒕𝒆𝒅 𝑪𝒉𝒂𝒎𝒑𝒂𝒈𝒏𝒆 𝑫𝒊𝒂𝒍 ✨

A beautiful Dolce with a soft frosted champagne dial, finished with black small-grain lizard leather.

• Ref: 7740-5000
•","A stylistic product showcase of a 1988 vintage Seiko Dolce watch, highlighting its design details, specifications, and availability for purchase from Yangon with worldwide shipping.",1988 Seiko Dolce Frosted Champagne Dial,Curated Aesthetic,Aesthetic,true,yes,,https://www.tiktok.com/@retroversemm/video/7689871964265090335
patches,iron on patches,2026-09-26,2026-10-01,ance18418,ance18418,13600,583,42,37,#patches #ironon #dallas #cowboys #diyproject,"A craft creator showcases an impressive collection of custom Dallas Cowboys patches in a POV video, using an appeal to the team's fanbase to drive community engagement and algorithmic reach.",POV: your hoping these reaches Cowboys nation,Raw UGC,Vlog,true,yes,,https://www.tiktok.com/@ance18418/video/7689865276174748958
coins,rare coins,2026-09-26,2026-10-01,vithunan8,Victor,432,21,2,,Coins for sale collection #numismatics #coincollecting #rarecoins #fyptiktok #2euro,"A short-form aesthetic showcase of a 2007 Portuguese commemorative 2 euro coin, presented for collectors with relevant hashtags.","Portugal 🇵🇹 
 2007!! 
 TRATADO DE ROMA 50 ANOS 
 EUROPA 
 PORTUGAL 
 2007 
 2 EURO",Raw UGC,Collection,true,yes,,https://www.tiktok.com/@vithunan8/video/7689857335874882818
coins,silver coins,2026-09-26,2026-10-01,unique_royal_coins,~𝑹𝒐𝒚𝒂𝒍_𝑪𝒐𝒊𝒏𝒔~,523,54,17,8,"The 1901 Romanian 5 Lei silver coin is a truly remarkable piece of history, struck in .900 silver with a weight of 25g and a 38mm diameter. With an exceptionally low mintage of only 82,460 pieces, it ","A numismatic showcase post highlighting a rare 1901 Romanian 5 Lei silver coin, featuring detailed macro footage of the coin alongside historical archives of King Carol I, designed for coin collectors and history enthusiasts.",Majestatea Sa Regele Carol I; 3488.; CAROL I REGE AL ROMANIEI; 1901; 5 L; B; KULLERICH,Curated Aesthetic,Aesthetic,false,yes,,https://www.tiktok.com/@unique_royal_coins/video/7689796457842412832
patches,patch collection,2026-09-26,2026-10-01,spotter07nico,𝒩𝒾𝒸𝑜,1067,120,15,1,"Patch Collecting >>>

#patchcollector
#patches
#planespotting","A planespotter showcases their massive collection of military aviation patches accumulated over 11 months, kicking off the video with cinematic footage of a German Luftwaffe Airbus A400M transport aircraft.",My Patch collection since i started with it 11 months ago ---->; 54+08; LUFTWAFFE; MIGHTY; P-8A POSEIDON; LAPPLAND; WOC MISSION PLANNING; WE PLAN - YOU FLY; F-16 FIGHTING FALCON TORNADO 50 YEARS; RAMSTEIN FLAG 2026; F-35 LIGHTNING II; CH-53 SIKORSKY; RHIN-RHEIN; WTD 61 WE TRUST; LTG 62; EIFFEL POWER BUECHEL AIR BASE,Raw UGC,Vlog,false,yes,,https://www.tiktok.com/@spotter07nico/video/7689740168051379488
watches,luxury watches,2026-09-26,2026-10-01,hotbags256,hotbags256,398,3,,,#luxurywatches#luxury #watches #watch#elegant,"A silent, high-aesthetic TikTok video by hotbags256 showcasing the unboxing and wrist placement of a stainless steel Rolex Oyster Perpetual with a lavender dial, targeting luxury and watch enthusiasts.",ROLEX OYSTER PERPETUAL SUPERLATIVE CHRONOMETER OFFICIALLY CERTIFIED SWISS MADE,Raw UGC,Review,true,yes,,https://www.tiktok.com/@hotbags256/video/7689719497976073503
watches,luxury watches,2026-09-26,2026-10-01,johnettebeasley1,Echotime.17,2542,49,2,7,#watches #luxurywatches #rolex #datejust,"A silent, high-definition visual showcase of a Rolex Datejust watch being unboxed and placed on a wrist, targeted at luxury watch enthusiasts.",ROLEX OYSTER PERPETUAL DATEJUST / SUPERLATIVE CHRONOMETER OFFICIALLY CERTIFIED / SWISS MADE / STEELINOX,Polished Creator,Haul,false,yes,,https://www.tiktok.com/@johnettebeasley1/video/7689718577330425119
coins,silver coins,2026-09-26,2026-10-01,legitcompany7,MR CHRISTIAN WILLEM  🇿🇦®️,2945,68,15,6,"THESE 1/2c 1c 2c 5c 10c 20c 50c AND THE SILVER R1 COIN SETS WERE STRUCK AS PART OF THE SECOND DECIMAL ISSUE 1965 - 1990.
IN 1962 IT WAS ANNOUNCED THAT A CHANGE IN SIZE, DESIGN AND METAL CONTENT OF COI",A promotional TikTok video by a South African coin buyer combining historical trivia about 1965-1990 decimal coin issues with visual displays of large quantities of cash to attract people selling old coins and banknotes.,"THESE 1/2c 1c 2c 5c 10c 20c 50c AND THE SILVER R1 COIN SETS WERE STRUCK AS PART OF THE SECOND DECIMAL ISSUE 1965 - 1990. IN 1962 IT WAS ANNOUNCED THAT A CHANGE IN SIZE, DESIGN AND METAL CONTENT OF COINS WAS BEING CONSIDERED. THIS WAS PRIMARILY DUE TO THE INCREASE IN THE PRICE OF SILVER. VARIOUS PATTERNS WERE STRUCK FOR CONSIDERATION BY THE PARLIAMENTARY COMMITTEE INVESTIGATING THIS AS THE INCREASED USE OF COIN AUTOMATION MACHINES REQUIRED LONG TERM USE OF THE COIN TYPES CHOSEN. this is the coins shop at Capetown Hello everyone! I'm currently in Cape Town, going house to house buying all types of old South African coins and notes - safe, fast, and trusted! We are available in all provinces: 1 Gauteng 2 Eastern Cape 3 Free State 4 Northern Cape 5 Limpopo 6 Mpumalanga 7 Western Cape 8 North West 9 KwaZulu-Natal 10 Soweto Message me now on WhatsApp",Raw UGC,Informational,true,yes,,https://www.tiktok.com/@legitcompany7/video/7689715806636166420
coins,silver coins,2026-09-26,2026-10-01,darrenrealdeal,Darren’s Real Deals,767,12,3,,#silver #silvercollection #bullion #tiktokmademebuyit #silvercoin,Darren's Real Deals reacts to expensive silver coin prices on TikTok Shop and promotes a heavily discounted 10oz Queen's Beast Dragon coin available through his video link.,"2026 In Capsule £699.95 +£11.95 delivery Click & Collect 12 watchers; NEW LOW PRICE 2020 Royal Mint George & The Dragon 10oz Silver Coin | Very High Grade Quality £873.70 or Best Offer +£11.95 delivery Click & Collect; 10oz Silver Coin 99.99% Pure Silver, Saint George & Dragon 2018, Silver Valiant. £766.60 +£11.95 delivery; 2012 Lunar Y... 999 Fine Si... £617.68 or Best Offer +£11.95 delivery Click & Collect",Raw UGC,Review,true,yes,,https://www.tiktok.com/@darrenrealdeal/video/7689668876333862166
patches,iron on patches,2026-09-26,2026-10-01,gucciaholic,LEA★,815,8,,1,More is more ! #maximalism #canvastotebag diy iron on patches,"A short, satisfying top-down crafting video showing the preparation of custom patches for a maximalist canvas tote bag, set to upbeat music.",Canvas tote patches loading ...,Raw UGC,Tutorial,false,yes,,https://www.tiktok.com/@gucciaholic/video/7689643537586998542
ducks,rubber duck,2026-09-26,2026-10-01,craftyteachernj,Craftyteachernj,46400,993,22,892,Soooo many duck finds at BJ’s Wholesale! I went for the bedazzle a duck set and let with the advent calendar too! A duck a day!! 🎄🐤 #bjswholesale #rubberduck #duckduckjeep #christmasduck #adventcale,"A creator shares an exciting in-store shopping trip at BJ's Wholesale Club where she discovers multiple rubber duck toy sets, including a Christmas countdown calendar and a bedazzling craft set, appealing directly to duck collectors and enthusiasts.",BJ's... calling all duck lovers!!; BERKLEY JENSEN RED GARLAND 9FT $44.99; CHRISTMAS DUCK COUNTDOWN CALENDAR; 24 DAY COUNTDOWN; OPEN A DUCK A DAY!; DISNEY DUCKALOOZ MEGA PACK $26.99; BEDAZZLE A DUCK $19.99; 1000+ GEMS!,Raw UGC,Haul,false,yes,,https://www.tiktok.com/@craftyteachernj/video/7689632885325794590
watches,vintage watches,2026-09-25,2026-10-01,carleedeee,Carly,354200,60100,257,2008,I will never recover from today’s estate sale find. This watch has been on my thrift wish list for so long!! #estatesalefinds #guccibezelwatch #vintage,A TikTok post by Carly showcasing a prized estate sale find—a complete vintage Gucci change-bezel watch set—filmed in a car with excited overlay text expressing disbelief over the lucky score.,GUCCI (on box interior); I fear I may have peaked with today's estate sale find,Raw UGC,Haul,false,yes,,https://www.tiktok.com/@carleedeee/video/7689619299215936798
coins,silver coins,2026-09-25,2026-10-01,jcoins03,jcoins03,61,1,,,One Ounce Silver Bars #stackingsilver #silver #coincollecting,"A short promotional video showcasing one-troy-ounce silver bars priced at $59 each, aimed at coin collectors and silver stackers on TikTok.",$59 each,Raw UGC,Haul,true,yes,,https://www.tiktok.com/@jcoins03/video/7689598459099335950
watches,vintage watches,2026-09-25,2026-10-01,taylorhagenwears,Taylor Hagen,106200,6275,130,185,I feel like an adult now #finejewelry #jewelrytiktok #cartierwatch #womenswatch #vintagewatch,"Creator Taylor Hagen shares a storytime video explaining her transition from impulsive fast fashion spending to intentional luxury investments, celebrating the purchase of a vintage 1990s two-tone Cartier Panthere watch as a milestone representing career growth, motherhood, and personal maturity.","WATCH REVEAL
My first big girl watch has arrived
Let's do the reveal
Last year I took a look at all my spending
and I realized I have nothing to show for that
I spent thousands of dollars on random
clothes that I was recycling, selling, getting
sick of and I just was in this endless cycle of
buying things that didn't matter, that weren't
intentional purchases and I had enough
I'm making intentional purchases this year
Like if I want to buy this watch, I can buy it
I have the money, I'm just wasting it on all this crap
So this is truly a full circle moment
If you didn't catch my video where I was doing
the try on, this is from Real Fine Studio
They sourced it for me
And yes, it is sourced and yes, it is vintage,
I will explain
Here she comes
this is the small Panthere two-tone.
number one, it's from the 90s, the early 90s
We can't pinpoint the exact date,
I'm just going to say it's from my birth year, which
is 1990 because there's a very high chance that it
is a style that is available today
The style is different so pre-2017,
there are some differences with
the style and the mini did not exist yet
So this is the small
the thing that I really wanted was the three
rows of gold
It really
balances out the rest of the stainless
thought of just wearing this daily and my
daughter like knowing
that this is
quintessentially her mom and obviously being able
to have it someday is so cool
This is just the culmination of spending
on myself, improving
myself, stepping into my
new role of m",Raw UGC,Storytime,false,yes,,https://www.tiktok.com/@taylorhagenwears/video/7689565604189179150
patches,patch collection,2026-09-25,2026-10-01,omni.punch,Omni Punch,2192,35,,4,"Built to stand out, made to last. ⚡
Custom PVC patches by Omni Punch — sharp details, durable finish, and made exactly to your design.
📦 Custom orders | Worldwide shipping#unitedstates #CustomPatches","A short, engaging product showcase reel highlighting the durability, texture, and precision molding of custom PVC patches produced by Omni Punch.",ARCTIC Snow & Ice Products Snowjobs Nation Keep Pushing,Polished Creator,Tutorial,true,yes,,https://www.tiktok.com/@omni.punch/video/7689557824040389906
coins,rare coins,2026-09-25,2026-10-01,thecoincollectoruk,CoincollectorUK,48100,882,49,24,Hunt through £2 coins with me for rare ones! 🤞 #viral #fyp #coinhunting #thecoincollectoruk #ConSantanderConecto,"A UK-based coin collector takes viewers along on a rapid currency hunt through a stack of two-pound coins, identifying commemorative editions like Florence Nightingale and VE Day.",Hunt through £2 coins with me for rare ones! 🤞; Florence Nightingale; VE Day; Another VE Day; Shakespeare Histories; TWO POUNDS; ELIZABETH II D G REG F D; 1998; 2013; 2015; PEACE PROSPERITY AND FREEDOM,Raw UGC,Vlog,false,yes,,https://www.tiktok.com/@thecoincollectoruk/video/7689556291622046998
watches,watch collection,2026-09-25,2026-10-01,tylertellstime,Tyler - WatchTok!,7980,685,65,6,This is the current state of my collection. No one has permission to rate these. Enjoy! #fyp #watchtok #watchesoftikok #watches #watchcollection,"A WatchTok creator with a self-deprecating and candid persona reviews his diverse, sentimentally driven watch collection in rank order from least-worn to most-worn, rejecting luxury elitism in favor of family heirlooms, budget finds, and community-gifted pieces while previewing upcoming personal milestones.","STRAIGHT OUTTA BIBLE SCHOOL (2 Timothy 2:15), WatchTok, THE WATERBURY GMT, LIONEL, TIMEX, CASIO, INVICTA, ADDIESDIVE, TRAFFORD, G-SHOCK",Raw UGC,Vlog,true,yes,,https://www.tiktok.com/@tylertellstime/video/7689544874894347533
watches,watch collection,2026-09-25,2026-10-01,grailzee.com,grailzee,42400,916,49,9,"What 3 would you choose? 🧐

#watchcollector #luxurywatch #luxurywatches #watches","A female luxury watch creator reacts to another watch expert's $100,000 three-watch collection challenge, humorously critiquing his choice of a Daytona as a dress watch and offering her own alternatives before prompting audience comments.","What 3 would you choose? 🧐; DAILY WATCH; DRESS WATCH; SPECIAL OCCASION WATCH; $100,000 budget; GRAILZEE",Polished Creator,Reaction,true,yes,,https://www.tiktok.com/@grailzee.com/video/7689514554031672596
ducks,rubber duck,2026-09-25,2026-10-01,girliesglutenfree,Girlies Gluten Free Guide,3028,123,13,18,more rubber ducky desserts PLEASE!!!!! i loved Francie in Brooklyn it was incredible!!!! ofc reviewed on @Fig App #figpartner #francie #rubberducky #glutenfree it’s not asparagus it’s mushrooms and th,"A gluten-free food creator shares a glowing review of Francie in Brooklyn, highlighting whimsical desserts, exceptional roasted duck, and dietary safety backed by the Fig app.",Fig app UI overlay displaying Francie ratings and review,Raw UGC,Review,true,yes,,https://www.tiktok.com/@girliesglutenfree/video/7689505068529356062
watches,luxury watches,2026-09-25,2026-10-01,black.edition691,Black Edition,26300,312,16,16,The 10-Second Watch Reveal #creatorsearchinsights #watchformen #luxurywatches #watchlover #wristwatch,"A short-form promotional product video showcasing a black men's wristwatch with a compass-star dial, featuring a 50 percent discount offer in Georgian text and upbeat background music.","გაგზავნით ყველგან
-50% ფასდაკლება",Polished Creator,Review,true,yes,,https://www.tiktok.com/@black.edition691/video/7689487937683115265
patches,iron on patches,2026-09-25,2026-10-01,msstylistic8,Leslie Goss Stevens,112,1,,,God is good embroidery iron on patches. These patches took 2 hours 🤦🏽‍♀️🤦🏽‍♀️🤦🏽‍♀️ on the machine but it was worth the wait. #irononpatches #embroidery #foryoupage #ilovewhatido #custom,"A creator showcases the two-hour production process of custom faith-based embroidered patches on an industrial machine, accompanied by a reflective voiceover about competing only with oneself.","GOD IS GOOD, Institch Cloud, Keep Away From Computer Disks and Hard Drives, Made in the USA",Raw UGC,Behind-the-scenes,true,yes,,https://www.tiktok.com/@msstylistic8/video/7689484405315734815
coins,silver coins,2026-09-25,2026-10-01,legitcompany7,MR CHRISTIAN WILLEM  🇿🇦®️,1781,43,4,14,"THESE 1/2c 1c 2c 5c 10c 20c 50c AND THE SILVER R1 COIN SETS WERE STRUCK AS PART OF THE SECOND DECIMAL ISSUE 1965 - 1990.
IN 1962 IT WAS ANNOUNCED THAT A CHANGE IN SIZE, DESIGN AND METAL CONTENT OF COI",A promotional TikTok video by MR CHRISTIAN WILLEM detailing historical South African decimal coin sets and inviting viewers in Cape Town to visit the Century City Conference Hall coin fair to sell their coins for cash.,"THESE 1/2c 1c 2c 5c 10c 20c 50c AND THE SILVER R1 COIN SETS WERE STRUCK AS PART OF THE SECOND DECIMAL ISSUE 1965 - 1990; IN 1962 IT WAS ANNOUNCED THAT A CHANGE IN SIZE, DESIGN AND METAL CONTENT OF COINS WAS BEING CONSIDERED; sell your coins to our company; WELCOME IN SOUTH AFRICA",Polished Creator,Informational; Opinion,true,yes,,https://www.tiktok.com/@legitcompany7/video/7689431662765116693
coins,silver coins,2026-09-25,2026-10-01,beneath_the_surface_nh,Beneath the Surface NH,191,23,7,,#silver #coins #vintage #foryoupage #fyp,"A short, silent TikTok video by Beneath the Surface NH showcasing the obverse and reverse of a 1926 Standing Liberty quarter and a 1901 Barber dime in protective cardboard holders under natural window light.","I love old silver coins!;
1926;
F;
1901;
Ft;
UNITED STATES OF AMERICA;
QUARTER DOLLAR;
IN GOD WE TRUST;
ONE DIME;
1901",Raw UGC,Vlog,false,yes,,https://www.tiktok.com/@beneath_the_surface_nh/video/7689404119961931021
watches,watch collection,2026-09-25,2026-10-01,dailydeluxe.official,Dailydeluxe,1700000,76300,2020,6306,"The Jacob & Co. Astronomia Four-Axis Tourbillon 💎

One of the most spectacular pieces of mechanical watchmaking you can put on the wrist.

Housed inside a massive rose gold and sapphire case, the Ast","A silent, high-impact showcase of the Jacob & Co. Astronomia Four-Axis Tourbillon watch, emphasizing its massive scale, intricate mechanics, and multi-hundred-thousand-dollar price tag.","Worlds first Four-Axis Tourbillon $770.000,00; JACOB & CO; GENEVE; CONSTANT FANS; ASTRONOMIA",Polished Creator,Vlog,false,yes,,https://www.tiktok.com/@dailydeluxe.official/video/7689356468872629537
ducks,rubber duck,2026-09-25,2026-10-01,targetjunkie,Target Junkie,6343,256,4,209,New in the #targetdollarspot #bullseyesplayground #horrormovies #jeepducking #rubberducky,"A short, engaging TikTok video showcasing a new $1 Halloween horror duck collection found in Target's Dollar Spot, appealing to horror fans, budget shoppers, and the Jeep ducking community.","$1
Horror Ducks
from Target
CHARACTER
1.00
(on price tag)",Raw UGC,Haul,false,yes,,https://www.tiktok.com/@targetjunkie/video/7689337296855764254
watches,luxury watches,2026-09-25,2026-10-01,nshsh7265,nshsh7265,196,1,,1,#LuxuryWatch #timepieces #luxurystyle #fyp #unbox,A high-production luxury watch showcase video featuring macro cinematography of a diamond-set timepiece and a voiceover pitching boutique-level quality at a fraction of the cost.,"ROLEX OYSTER PERPETUAL DATEJUST, DUAL-SYNC PROMETHE DATE TIME, SWISS MADE",High-Production,Review,true,yes,,https://www.tiktok.com/@nshsh7265/video/7689327609011850526
coins,(not in thumbnail),2026-09-25,2026-10-01,diggindave_,Diggin Dave,2251,50,7,1,"Time Traveling Penny???

#coins #coincollecting #coinrollhunting #coinsworthmoney #pennies",,,,,,no,,https://www.tiktok.com/@diggindave_/video/7689289929003699486
patches,iron on patches,2026-09-24,2026-10-01,jesslyn.tubbs,Jess 🤍,109200,5495,34,1963,These simple DIY custom hats with @Hobby Lobby iron on patches turned out so cute! ✨ #customhats #hobbylobby #diyfashion #darlin #pray,"A short, engaging DIY tutorial showing how to make custom trucker hats using Hobby Lobby supplies, featuring a clean aesthetic and satisfying close-up reveals.","Back at Hobby Lobby to make CUSTOM HATS, 2616423, 1000167, 4 pc, 1000164, 4 pc, $4.99, $6.99, DARLIN', PRAY",Raw UGC,Tutorial,false,yes,,https://www.tiktok.com/@jesslyn.tubbs/video/7689239168953699614
patches,patches,2026-09-24,2026-10-01,carlee.skincare,Carlee | Skincare,177600,2357,13,262,"These pimple patches are seriously insane!!!!! 

@Dr.Melaxin 

#drmelaxin #melaxinpartner #zeorfitpatch #pimplepatch #acnepatch","A skincare creator demonstrates the invisibility and makeup-compatibility of Dr. Melaxin S-Zinc Zero-Fit pimple patches by applying lipstick over them and peeling them off with tweezers, driving conversion through a sponsored product review.","Can you find the Dr. Melaxin Pimple patch???, Dr. Melaxin, S-ZINC ZERO-FIT, MICRO TYPE 0.01mm",Raw UGC,Review,true,yes,possible off-topic,https://www.tiktok.com/@carlee.skincare/video/7689204981966163230
watches,watch collection,2026-09-24,2026-10-01,johnettebeasley1,Echotime.17,15800,357,10,11,#watches #luxurywatches #tagheuer,"A silent, high-definition macro POV video unboxing and inspecting a Tag Heuer chronograph watch, highlighting its design, textures, and branding for watch enthusiasts.","TAG HEUER, TACHYMETRE, SWISS MADE SINCE 1860, WATER RESISTANT 200 METERS STAINLESS STEEL, SAPPHIRE CRYSTAL",Polished Creator,Review,true,yes,,https://www.tiktok.com/@johnettebeasley1/video/7689152376120380703
watches,luxury watches,2026-09-24,2026-10-01,luxeplorationwithnellyb,NELLY B🤸🏾‍♀️,2674,155,9,17,So worth it. Best investment in a while! #rolex #blackgirlluxury #smallcreator #datejust #fyp,"A creator proudly showcases her new Rolex watch as an empowering investment for women entering their thirties, aligning with the 'black girl luxury' aesthetic and engaging her community through aspirational lifestyle content.",✨+ Every woman entering her 30s needs her big girl watch✨+ Here's mine... 26mm lady datejust Rolex Two tone jubilee bracelet Diamond hour markers With a mother of pearl face,Polished Creator,Photo-dump,false,yes,,https://www.tiktok.com/@luxeplorationwithnellyb/video/7689132492347034910
ducks,rubber duck,2026-09-24,2026-10-01,rems_394,rems,14500,3548,19,353,Rubber Ducki #laffayette #daveed #deveeddiggs #alexanderhamilton #hamilton,"A short TikTok meme featuring a side-by-side comparison of actor Daveed Diggs performing in Hamilton and singing on Sesame Street, highlighting his incredible range.","The same person btw; Rubber duckie, joy of joys, When I squeeze you, you make noise.",Raw UGC,Meme,false,yes,,https://www.tiktok.com/@rems_394/video/7689104987745537313
watches,luxury watches,2026-09-24,2026-10-01,boluwatife.010,bb smart,432,12,1,,3 of the most expensive Rolex watches ever sold 👑 Which one would you wear? @GrailDrawTikTok #GrailDraw #Rolex #LuxuryWatches #watchtok,"A fast-paced countdown of the three most expensive Rolex watches ever sold at auction, highlighting their historical significance, unique features, and multi-million dollar price tags.","GRAIL DRAW, THE 3 MOST EXPENSIVE ROLEX WATCHES, #3, ROLEX BAO DAI 6062, $5.1 MILLION, #2, DAYTONA UNICORN 6265, $5.9 MILLION, #1, $17.8 MILLION, PAUL NEWMAN DAYTONA 6239, BB SMARTS",Polished Creator,Top-list,true,yes,,https://www.tiktok.com/@boluwatife.010/video/7688974377936882964
watches,luxury watches,2026-09-24,2026-10-01,johnettebeasley1,Echotime.17,26100,415,15,25,#watches #luxurywatches #rolex,"A silent, high-production-value POV video showcasing the unboxing and wrist placement of a Rolex Day-Date with a green dial, targeted at luxury watch enthusiasts and collectors.","SATURDAY
ROLEX OYSTER PERPETUAL DAY-DATE
SUPERLATIVE CHRONOMETER OFFICIALLY CERTIFIED
SWISS MADE
ROLEX",Polished Creator,Aesthetic,false,yes,,https://www.tiktok.com/@johnettebeasley1/video/7688968717681626398
coins,silver coins,2026-09-23,2026-10-01,bullion_numismatics,bullion & Numismatics,1327,32,1,1,some 1oz silver coins just came in today should we keep or sell #investment #bullion #silver #999silver #silverbar,"A precious metals dealer showcases a fresh shipment of 1oz silver Britannia coins priced at $63 each shipped, inviting audience engagement on whether to hold or liquidate the inventory.",1oz silver Britannia coins $63 each shipped; PROTECT YOUR WEALTH; BULLION & NUMISMATICS SILVER; 318588,Raw UGC,Vlog,true,yes,,https://www.tiktok.com/@bullion_numismatics/video/7688878283202579732
watches,watch collection,2026-09-23,2026-10-01,justhere2create,Nick Spencer,19200,1433,102,,The current watch collection. It’s official…I have too many hobbies. I’m super pumped to see what I can add to the collection 🤌🏼 #watchtok #watchtiktok #watchcollector #seiko #seikowatch,"Nick Spencer introduces his modest watch collection with self-deprecating humor, showcasing a Seiko Presage and Seiko 5 field watch from inside an oversized family heirloom box before asking followers for next-purchase recommendations.","MY WATCH COLLECTION; THIS IS PROBABLY GONNA BE PRETTY DISAPPOINTING, BUT DAMN IT, WE ALL HAVE TO START SOMEWHERE. SEIKO PRESAGE COCKTAIL TIME IN BLUE; SEIKO 5 SPORTS SKX",Raw UGC,Vlog,false,yes,,https://www.tiktok.com/@justhere2create/video/7688877723581779213
patches,patches,2026-09-23,2026-10-01,qorvyna.myshopify.com,QORVYNA™,697,80,4,,"shop a variety of pimple patches like this amazing Patch RX in store now!
@qorvyna.myshopify.com 

#pimple #fypシ #viralvideo #tiktokmademebuyit","A beauty creator reviews and compares pimple patches on TikTok, arguing that decorative star-shaped patches are ineffective and recommending Patch RX hydrocolloid patches available on the TikTok shop.",stop giving yourself gold stars for having a pimple...; PATCH RX; 240 PATCHES; HYDROCOLLOID,Raw UGC,Review,true,yes,possible off-topic,https://www.tiktok.com/@qorvyna.myshopify.com/video/7688862114605272327
coins,silver coins,2026-09-23,2026-10-01,itz.penny0,Penny,71200,3177,253,68,The elotero gave me a #silver quarter and was mad demanding it back. #coin #collecor #fyp #penny,"A creator shares a story on TikTok about receiving a 1957 silver quarter as change from an elotero street vendor, refusing to return it when asked, and asking the audience if they would have given it back.",,Raw UGC,Storytime,false,yes,,https://www.tiktok.com/@itz.penny0/video/7688841891294563615
coins,(not in thumbnail),2026-09-23,2026-10-01,jrowlive,JrowLive,137,2,,,"You pick the next hunt 🪙 Dimes, quarters, halves, pennies — comment it and that's what I'm hunting next. Follow so you don't miss it. #coinrollhunting #coincollecting #pickmyhunt #coinhunting #jrowli",,,,,,no,,https://www.tiktok.com/@jrowlive/video/7686292797330033933
ducks,rubber duck,2026-09-23,2026-10-01,petes.tires,Pete's Tires,421,21,1,1,"Why do we love working on Jeeps?

They’re just ducky. 🦆

If you’ve ever wondered why so many Jeep owners have rubber ducks lined across their dashboards, it comes from a tradition called Jeep Ducking","Pete's Automotive shares a lighthearted look at why they enjoy working on Jeeps, highlighting the popular Jeep Ducking culture through a quick shop tour and dashboard duck showcase.",Why do we love working on Jeeps?; They're just ducky,Raw UGC,Behind-the-scenes,true,yes,,https://www.tiktok.com/@petes.tires/video/7688815984710339854
coins,silver coins,2026-09-23,2026-10-01,numisnuts2,NumisNuts,2794,56,2,3,Pretty great box! #coincollecting #silvercoins #rarecoins #coincollection #coinhunting,"A coin roll hunter summarizes the valuable finds from searching 2,000 quarters, highlighting specific low-mintage national parks, 2009 issues, a 2020-W West Point mint mark quarter, and a 1956 silver quarter with valuation stats.","WHAT I FOUND IN 2K QUARTERS; Silver, found...; LOW MINTAGE QUARTERS: 18; 2009 QUARTERS: 12; 2020-W Marsh Billings Rockefeller Mintage: 2 mil Last Sold: $8.50; 1956-P Silver Mintage: 44 mil Last Sold: $",Raw UGC,Tutorial,false,yes,,https://www.tiktok.com/@numisnuts2/video/7688709149751856397
coins,silver coins,2026-09-23,2026-10-01,man.of.coin6,Man of coin 🪙,1793,84,56,9,"THESE 1/2 c 102 c 5c10 c 20c 50c AND
THE SILVER R1 COIN SETS WERE STRUCK AS
PART OF THE SECOND DECIMAL ISSUE 1965 -
1990. IN 1962 IT WAS ANNOUNCED THAT A
CHANGE IN SIZE, DESIGN AND METAL
CONTENT OF CO","A coin buyer delivers a firm warning to online sellers that legitimate buyers never charge fees or require bank deposits, offering safe face-to-face meetings at offices or police stations.","THESE 1/2 c 102 c 5c10 c 20c 50c AND THE SILVER R1 COIN SETS WERE STRUCK AS PART OF THE SECOND DECIMAL ISSUE 1965 - 1990. IN 1962 IT WAS ANNOUNCED THAT A CHANGE IN SIZE, DESIGN AND METAL CONTENT OF COINS WAS BEINGK CONSIDERED. THIS WAS PRIMARILY DUE TO THE INCREASE IN THE PRICE OF SILVER. VARIOUS PATTERNS WERE STRUCK FOR CONSIDERATION BY THE PARLIMENTARY COMMITTEE INVESTIGATING THIS AS THE INCREASED USE OF COIN AUTOMATION MACHINES REQUIRED LONG TERM USE OF THE COIN TYPES CHOSEN; I BUY COINS FACE TO FACE DEAL; SELLER SHOULD NEVER PAY ANY FEES",Raw UGC,Opinion,true,yes,,https://www.tiktok.com/@man.of.coin6/video/7688681630390652178
coins,silver coins,2026-09-23,2026-10-01,legitcoincompany,legitcoincompany,469200,27300,4977,4696,"THESE 1/2 c 1c 2 c 5 c 10 c 20c 50c AND THE SILVER R1 COIN SETS WERE STRUCK AS PART OF THE SECOND DECIMAL ISSUE 1965 - 1990. IN 1962 IT WAS ANNOUNCED THAT A CHANGE IN SIZE, DESIGN AND METAL CONTENT OF",A South African creator showcases bundles of cash and rare vintage decimal coins while instructing viewers on historical mint dates and prompting engagement via comments.,"WE BUY MANDELA & OLD SOUTH AFRICAN COINS; R5 Mandela coins - 2008, 2018, 2019; R2 Mandela coins - 2003, 2004, 2019; R5 Let Us Strive for Freedom - 2019; R2 Flag - 2004; 1 Cent coins; 2 Cent coins; 5 Cent coins; Easterncape southafrica; 100 RAND; BANKIKULU YA AFRIKA DZONGA; SOUTH AFRICAN RESERVE BANK; TAP BRIZZI DI SINI; CALL BRI 1500017; BRI; 200 GHANA",Raw UGC,Tutorial,true,yes,,https://www.tiktok.com/@legitcoincompany/video/7688673047653469441
watches,luxury watches,2026-09-23,2026-10-01,johnettebeasley1,Echotime.17,4010,57,3,7,#watches #luxurywatches #rolex #submariner,"A short-form POV showcase of a luxury stainless steel Rolex Submariner watch being removed from its pouch, demonstrated, and worn, targeting watch collectors with clean visual aesthetics.",,Polished Creator,Review,false,yes,,https://www.tiktok.com/@johnettebeasley1/video/7688595082378775839
watches,vintage watches,2026-09-23,2026-10-01,thrift_guy,MaddFinds,158800,26200,357,1485,I found 2 musical Seiko clocks at the thrift store for $6 each!! one of them is working now and almost complete!! 💖 #clocks #vintage #seiko #diy #seikoclocks,"A creator showcases a vintage musical Seiko clock found at a thrift store for six dollars, detailing the two-night restoration process of soldering and rewiring to get it functioning while waiting for replacement movements from the UK.",I found 2 of these Seiko clocks at the thrift store for $6 each!!; Love Me Tender; Imagine; My Heart Will Go On; The Long and Winding Road; Can't Help Falling in Love; Something; A Lover's Concerto; Yesterday; SEIKO; After 2 nights of soldering scrubbing corrosion and rewiring one of them is working!!; Just waiting on the clock movements to arrive from the UK!,Raw UGC,Vlog,false,yes,,https://www.tiktok.com/@thrift_guy/video/7688579047093194015
watches,watch collection,2026-09-23,2026-10-01,the.watch.chronic,Andy’s Watches,14800,1025,57,3,Rating Collections Continued #fypシ゚viral #watchesoftikok #andyswatches #trending #ratingthings,"Andy's Watches stitches a video of another creator sharing his watch collection, providing live, humorous, and encouraging commentary on each piece while deciding to split the review into two parts.",Rating Watch Collections Without Permission; TikTok @black_bile0; #fypシ゚viral #watchesoftikok #andyswatches #trending #ratingthings,Raw UGC,Reaction,false,yes,,https://www.tiktok.com/@the.watch.chronic/video/7688529518306331918
ducks,rubber duck,2026-09-23,2026-10-01,ducke_teers,Ducketeers 🦆🦆🦆,1235,161,1,47,Never enough with you & our song 😉😘🤠❤️#dancingduck #creatorsearchinsights #shareasongthattellsyourstory #rubberducky #ducksoftiktok,"An entertaining AI-generated dance video featuring toy ducks performing a synchronized country line routine in a rustic barn, paired with upbeat country music and designed for viral sharing.",COUNTRY LINE DANCING CHALLENGE,Polished Creator,Meme,false,yes,,https://www.tiktok.com/@ducke_teers/video/7688526550139948319
ducks,rubber duck,2026-09-23,2026-10-01,kuefler,Richard Kuefler,3842,13,,,"The Duckening 🦆

I think I accidentally found the rubber duck retirement community.

#RubberDucks #DuckLife #QuirkyArt #TinyWorld #DuckObsession","A whimsical TikTok video featuring a growing collection of rubber ducks staged in an elaborate miniature garden pond, paired with a witty caption about a duck retirement community.","The Duckening 🦆

I think I accidentally found the rubber duck retirement community.",Polished Creator,Aesthetic,false,yes,,https://www.tiktok.com/@kuefler/video/7688518513937403149
watches,luxury watches,2026-09-22,2026-10-01,fxrif0,Mastercraft Watch STOR,351,24,,,"Do you like this one, or anothers?#luxury#women's watch#copy watch#1:1#watch recommendation",A short-form TikTok video by Mastercraft Watch STOR showcasing close-up wrist shots of two luxury-style replica watches—a stainless steel chronograph and a black skeletonized timepiece—prompting viewers to choose their favorite.,,Raw UGC,Review,true,yes,possible off-topic,https://www.tiktok.com/@fxrif0/video/7688463924638911762
coins,coin collecting,2026-09-22,2026-10-01,williamscoin8,EURO OLD COIN EXCHANGE,91200,608,92,79,"🇮🇹🪙 STILL GOT OLD LIRES AT HOME? 👀

Those old Italian coins you might have kept for years could interest collectors! 💰

I’m looking for authentic Italian lire, old coins, rare coins, commemorativ",A commercial TikTok post by a coin buyer using a sensationalized valuation of standard vintage Italian lire coins to prompt viewers to check their homes and send photos via direct message.,,Casual Snapshot,Photo-dump,true,yes,,https://www.tiktok.com/@williamscoin8/video/7688430043172736276
coins,coin collecting,2026-09-22,2026-10-01,diggindave_,Diggin Dave,2004,70,2,,"SHINY Proof Dime Found!
#coins #coincollecting #coincollector #coinrollhunting #proofcoin","Coin roll hunting creator Diggin Dave opens a roll of dimes, spots a thick rim, and discovers a pristine 2005 S proof dime, sharing his genuine excitement with viewers.","DIGGIN DAVE, METAL DETECTING, COIN ROLL HUNTING, LIBERTY, IN GOD WE TRUST, 2005, S, UNITED STATES OF AMERICA, E PLURIBUS UNUM, ONE DIME",Raw UGC,Vlog,false,yes,,https://www.tiktok.com/@diggindave_/video/7688402115005369631
watches,vintage watches,2026-09-22,2026-10-01,morefromminaa,mina,8055,368,9,14,the watch girl is back 💫 dropping this Saturday 9/26 🙂‍↔️ #vintagewatch #cartierwatch #thekismetreserve,A fashion creator challenges the necessity of owning a Cartier watch by showcasing stylish vintage alternatives from her upcoming curation drop on The Kismet Reserve.,YOU DONT NEED A CARTIER WATCH TO LOOK CHIC; here are some watches; just as chic; if not more; in my opinion; starting off with the one; most excited for; this vintage Gucci watch; coolest ones; i've ever seen; you get it; you don't; next up is this; vintage Seiko watch; i love a dainty watch; and i love a different dial; another gorgeous vintage seiko; with this beautiful opal dial; for the girls that want; equal parts; bracelet and watch; this one's for you; super cute vintage seiko; with this little charm; gorgeous; and if you're a; Vivienne Westwood lover; you're gonna love this watch; with really fun proportions; and she was also featured; on cosmopolitan; all of these watches will be available; on The Kismet Reserve; this Saturday September 26th; at 11:30am; bye; gucci; COSMOPOLITAN; LOVE; POP CULTURE; STYLE; BEAUTY; FEATURES; MORE; Is It Just Us? Or Is Swimwear the New Street,Raw UGC,Haul,true,yes,,https://www.tiktok.com/@morefromminaa/video/7688394896083799327
watches,luxury watches,2026-09-22,2026-10-01,_thewatchdealer_,The Watch Dealer,2125,115,3,16,"Rolex Daytona Vintage Black Dial

All watches available, DM for price.

#Rolex #RolexDaytona #WatchCollector #LuxuryWatches","A luxury watch dealer showcases a vintage Rolex Daytona black dial on-wrist in a moody, fog-filled cinematic setting, accompanied by dramatic dialogue and a call to action to DM for pricing.","Rolex Daytona Vintage Black Dial

All watches available, DM for price.

#Rolex #RolexDaytona #WatchCollector #LuxuryWatches",Polished Creator,Aesthetic,true,yes,,https://www.tiktok.com/@_thewatchdealer_/video/7688381425933913377
coins,silver coins,2026-09-22,2026-10-01,goldknoxjewelryandcoin,goldknoxjewelryandcoin,9784,183,65,17,"How much do you think a bag of 40% silver Kennedy half dollars is worth? 👀🪙

These coins may look like ordinary change, but their silver content can add up quickly depending on how many you have and","A coin shop owner in Pasadena demonstrates the value and variety of a large bag of 40% silver Kennedy half-dollar coins, engaging viewers with a valuation question and inviting them to visit his store.",How much is this bag of 40% silver coins is worth?; GOLD KNOX PASADENA CA,Raw UGC,Tutorial,true,yes,,https://www.tiktok.com/@goldknoxjewelryandcoin/video/7688376179895602463
coins,silver coins,2026-09-22,2026-10-01,mr.mulder.exchang,mr Mulder exchange,13100,348,184,19,"Creator THESE 1/2 c 1c 2 c 5 c 10 c 20c 50c AND THE SILVER R1 COIN SETS WERE STRUCK AS PART OF THE SECOND DECIMAL ISSUE 1965 - 1990. IN 1962 IT WAS ANNOUNCED THAT A CHANGE IN SIZE, DESIGN AND METAL CO","A coin dealer uses an attention-grabbing, multi-million rand bank deposit slip and DHL logistics imagery as a hook to deliver an educational voiceover about the history of South African decimal and silver R1 coin sets.","i need coins face to face; 13/09/2026 12:29; CAPITEC; Note Deposit R300,000,000.00; Account Number: ******3771; Reference: Cash Dep Underberg Shoppin; Call our 24hr Business Centre on 0860 30 92 50 for more information; ATM ID: 8475 Underberg Shopping 4; Transaction ID: 0078710652069; P.O. # 172372; Substation Spec #: 37932; PO Description: Maximum Transformer Winding Style: B; S/N: 34111; COLOR: ; QUANTITY: 4; WRITER; MAA-5873; ECUADOR; KING LONG; 2020.10",Raw UGC,Vlog,true,yes,,https://www.tiktok.com/@mr.mulder.exchang/video/7688344026596084999
watches,watches,2026-09-22,2026-10-01,netta.lgv,Netta 🤍,12600,162,2,39,"lets unbox my brand new watches ✨🫶🏼
so in love with them 🥹
#fyp #applewatch #apple #unboxing","A clean, aesthetic overhead unboxing video of an Apple Watch Series 12 Space Gray 42mm, featuring satisfying tactile hand movements and smooth pacing.",Apple Watch series 12 Space Gray 42mm unboxing; 10:09; Designed by Apple in California; FC CE [recycle symbol]; Apple Watch; hello; Start; Avviare iPhone ad Apple Watch,Raw UGC,Unboxing,false,yes,possible off-topic,https://www.tiktok.com/@netta.lgv/video/7688301880535026964
ducks,rubber duck,2026-09-22,2026-10-01,duckquestuk,duckquestuk,6461,256,19,116,I found more duckaloozs from the new wave!! These two were the only ones left in Asda shows how popular they have been!! #fyp #rubberduck #duckalooz #asda,"A short TikTok video by duckquestuk showcasing two new Duckalooz rubber duck collectibles—Barbie and Daenerys Targaryen—found at an Asda supermarket for £1.98 each, highlighting their scarcity and appeal to toy collectors.","NEW DUCKALOOZ FOUND IN ASDA!!; £1.98 each!!; Barbie; Daenerys Targaryen; DUCKALOOZ AND JUST PLAY TM & (C) 2024 JUST PLAY, LLC.; UK CA CE; 2+; GAME OF THRONES (TM) DAENERYS TARGARYEN (TM); 17+",Raw UGC,Haul,false,yes,,https://www.tiktok.com/@duckquestuk/video/7688289203678924065
watches,luxury watches,2026-09-22,2026-10-01,johnettebeasley1,Echotime.17,38400,932,32,29,#watches #luxurywatches #tudor,"A clean, ASMR-style mechanical demonstration of a Tudor Pelagos luxury dive watch, highlighting its clasp mechanism and dial details.",TUDOR GENÈVE; PELAGOS; MASTER CHRONOMETER; 1000m=3280ft; SWISS MADE; TUDOR; GENÈVE,Polished Creator,Review,false,yes,,https://www.tiktok.com/@johnettebeasley1/video/7688229539020852510
watches,watch collection,2026-09-22,2026-10-01,xander.beseiso,The Jacked Horologist 💪🏼⌚️,389100,19600,909,496,"If you’re looking to buy a watch, there are a few brands that I would steer clear from for different reasons. Here is a list of the top 5 worst watch brands to avoid.
#watches #watchtok #watchcollecto","A watch enthusiast shares a definitive list of the top five worst watch brands to avoid, delivered in a quick-fire talking-head format from a car interior.","Top 5 WORST watch brands
1. Valusis
2. Hublot
3. Lucky Fours
4. Jacob & Co
5. Invicta",Raw UGC,Opinion,false,yes,,https://www.tiktok.com/@xander.beseiso/video/7688178032355429663
ducks,rubber duck,2026-09-22,2026-10-01,shanghai223,Sh’kyi Wadley,49400,5962,20,94,Rubber Duckie,A viral-style TikTok video featuring creator Sh’kyi Wadley lip-syncing energetically to a rap song while holding a baby duck inside an ATV with her dogs watching from behind.,"Rubber Duckie, multiple safety warning pictograms on vehicle ceiling panel",Raw UGC,Vlog,false,yes,,https://www.tiktok.com/@shanghai223/video/7688175718970281237
patches,patch collection,2026-09-21,2026-10-01,bidibidibombum,Amanda Solis,1154,82,12,,"✨ LOOK AT THIS BEAUTIFUL JACKET! ✨😍❤️

A HUGE thank you to Patch Collection for reaching out to me and wanting to collaborate on something so special! They custom-made and gifted me this AMAZING jack",Amanda Solis shares her excitement about a custom-made jacket gifted by Patch Collection ahead of her performance as a Selena tribute artist for the Chicago White Sox Hispanic Heritage Month pre-game show on September 25th.,"Embedded event flyer reading 'SPECIAL PREGAME PERFORMANCE SELENA TRIBUTE ARTIST AMANDA SOLIS HISPANIC HERITAGE NIGHT MODELLO FRIDAY, SEPTEMBER 25 | 6:40 PM GAME'",Raw UGC,Vlog,true,yes,,https://www.tiktok.com/@bidibidibombum/video/7688140599857253645
ducks,rubber duck,2026-09-21,2026-10-01,keeleyalexandramitchell,user1954982149072,1146,95,,2,"POV: You’re in your 20s and realise you have free will… so you go to a rubber duck race 🐥                #ReadingDuckRace #ReadingUK
#ThingsToDoInReading #DuckRace","A TikTok post featuring overhead footage of the Reading Duck Race in the UK, captioned with a humorous reflection on exercising free will in one's twenties by attending absurd local events.",Peak British Summer Entertainment and I won't hear otherwise 🐥 🇬🇧,Raw UGC,Vlog,false,yes,,https://www.tiktok.com/@keeleyalexandramitchell/video/7688136485215735073
watches,watch collection,2026-09-21,2026-10-01,cjrows,cj,1488,55,5,1,watch collection as a second year student,"A creator showcases an expensive luxury watch collection consisting of multiple Rolexes, a Cartier, and a Tissot, ironically labeled as a realistic collection for a college student.",watch collection as a college student (realistic),Raw UGC,Vlog,false,yes,,https://www.tiktok.com/@cjrows/video/7688119301630364959
coins,(not in thumbnail),2026-09-21,2026-10-01,jrowlive,JrowLive,232,5,,,"This is what coin roll hunting actually looks like — flip, check, next. A whole $500 box in under 45 minutes 🪙 Hobbies aren't meant to be exciting. Follow for a hunt every day. #coinrollhunting #co (",,,,,,no,,https://www.tiktok.com/@jrowlive/video/7686292518543166734
patches,patch collection,2026-09-21,2026-10-01,gueritas.boutique,gueritas boutique,7987,297,35,59,"New Band patches just arrived and I’m obsessed! 😍✨
Whether you’re a proud Band Mom, cheering from the stands, or just Here for the Band, I can create a custom trucker hat just for you! 💕
🎩 Choose y",A short promotional video by Gueritas Boutique showcasing new embroidered patches and custom trucker hat options designed specifically for marching band parents and supporters.,"BAND MOMS... these are for YOU!, HERE FOR THE BAND, BAND MOM, I'M WITH THE BAND, LOUD & PROUD BAND MOM",Raw UGC,Haul,true,yes,,https://www.tiktok.com/@gueritas.boutique/video/7688041481759739167
coins,coin collecting,2026-09-21,2026-10-01,diggindave_,Diggin Dave,5310,156,6,4,"This Silver Dime Shocked Me!

#coins #coincollecting #coinrollhunting #coinsworthmoney #silver","Coin roll hunting creator Diggin Dave discovers an exceptionally well-preserved, uncirculated 1943-S Mercury dime in a standard coin roll and expresses genuine astonishment at its pristine condition and luster.",THIS SILVER DIME SHOCKED ME!; DIGGIN DAVE; IN GOD WE TRUST; 1943; UNITED STATES OF AMERICA; E PLURIBUS UNUM; ONE DIME,Raw UGC,Vlog,false,yes,,https://www.tiktok.com/@diggindave_/video/7688027602178575646
coins,silver coins,2026-09-21,2026-10-01,coin.legend,COIN LEGEND,39400,632,181,106,"THESE 1/2 c 1c 2 c 5 c 10 c 20c 50c AND THE SILVER R1 COIN SETS WERE STRUCK AS PART OF THE SECOND DECIMAL ISSUE 1965 - 1990. IN 1962 IT WAS ANNOUNCED THAT A CHANGE IN SIZE, DESIGN AND METAL CONTENT OF","A TikTok video by Coin Legend presenting estimated 2026 values for South African 5 Rand Mandela commemorative coins, supported by an expert voiceover detailing historical context, minting figures, and auction realities.","South Africa Coin Value 
 ESTIMATED 2026 VALUES 
 • Do You Have These Coin? • 
 2018–5 RAND (Mandela) 
 Sells for 6,750 Rands 
 Depending on Condition 
 2008–5 RAND (Mandela) 
 Sells for 5,550 Rands 
 Depending on Condition 
 DO NOT CLEAN YOUR COINS 
 CLEANING THEM CAN REDUCE THEIR VALUE!",Polished Creator,Informational,false,yes,,https://www.tiktok.com/@coin.legend/video/7688009961237925141
watches,watch collection,2026-09-21,2026-10-01,bens_watches,Ben's Watches,21500000,1300000,12300,46900,POV: you ask every guest at a wedding to show you their watch,"A watch creator attends a wedding and runs a rapid-fire watch check on guests, showcasing an array of timepieces ranging from affordable fitness bands to high-end luxury watches.","POV: you ask every guest at a wedding to show you their watch; Whoop $200; Omega Seamaster $5,000; Oris 'Lou Gehrig' $2,850; Rolex 76080 $4,900; Rolex Datejust $6,500; Tissot PRX $400; Seiko x Rowing Blazers x Wind Vintage $475; Seiko Speedtimer $650; Omega MoonSwatch $400",Raw UGC,Vlog,false,yes,,https://www.tiktok.com/@bens_watches/video/7687986529922223374
coins,silver coins,2026-09-21,2026-10-01,pastokkd62d,Pastor,15500,508,186,37,"THESE 1/2 c 1c 2 c 5 c 10 c 20c 50c AND THE SILVER R1 COIN SETS WERE STRUCK AS PART OF THE SECOND DECIMAL ISSUE 1965 - 1990. IN 1962 IT WAS ANNOUNCED THAT A CHANGE IN SIZE, DESIGN AND METAL CONTENT OF","A personal update video where an ecstatic South African creator named Rifile announces to the camera that she sold her coin collection and bought a car, combining raw emotional delivery with meme-like graphic overlays.",I just sold my coins; THIS; THIS IS FOR REAL; MY NAME IS RIFILE; I AM OVER THE MOON RIGHT NOW,Raw UGC,Personal-update,false,yes,,https://www.tiktok.com/@pastokkd62d/video/7687963087881686293
coins,silver coins,2026-09-21,2026-10-01,legitcompany7,MR CHRISTIAN WILLEM  🇿🇦®️,387600,16700,3734,1181,"THESE 1/2c 1c 2c 5c 10c 20c 50c AND THE SILVER R1 COIN SETS WERE STRUCK AS PART OF THE SECOND DECIMAL ISSUE 1965 - 1990.
IN 1962 IT WAS ANNOUNCED THAT A CHANGE IN SIZE, DESIGN AND METAL CONTENT OF COI","A fast-paced TikTok meme combining historical facts about South African decimal coins from 1965 to 1990 with chaotic clips of massive cash stacks, accompanied by spoken Zulu instructions urging viewers to engage and comment.","THESE 1/2c 1c 2c 5c 10c 20c 50c AND THE SILVER R1 COIN SETS WERE STRUCK AS PART OF THE SECOND DECIMAL ISSUE 1965 - 1990.
IN 1962 IT WAS ANNOUNCED THAT A CHANGE IN SIZE, DESIGN AND METAL CONTENT OF COINS WAS BEING CONSIDERED. THIS WAS PRIMARILY DUE TO THE INCREASE IN THE PRICE OF SILVER. VARIOUS PATTERNS WERE STRUCK FOR CONSIDERATION BY THE PARLIAMENTARY COMMITTEE INVESTIGATING THIS AS THE INCREASED USE OF COIN AUTOMATION MACHINES REQUIRED LONG TERM USE OF THE COIN TYPES CHOSEN.
this is the coins shop in South Africa
COMPANY
AT CAPE TOWN
WELCOME TO SOUTH AFRICA MANANGA PORT OF ENTRY",Raw UGC,Meme,false,yes,,https://www.tiktok.com/@legitcompany7/video/7687918551298067732
watches,luxury watches,2026-09-21,2026-10-01,fionatiao4,Sophia watch,85600,982,88,55,"Guangzhou China watches
#watch #mechanicalwatch #luxurywatches #menswatch #luxurywatch","A silent TikTok video showcasing the details of a luxury-branded mechanical watch, posted by a seller in Guangzhou, China.",MAXWATCH; www.maxwatch.ee; OMEGA; CO-AXIAL; MASTER CHRONOMETER; 300m / 1000ft; PROFESSIONAL,Raw UGC,Haul,true,yes,,https://www.tiktok.com/@fionatiao4/video/7687847790986284310
patches,iron on patches,2026-09-21,2026-10-01,julianajaquez_,julianajaquez_,686,35,2,3,Today I learned something new! I covered the hole I cut and ironed on a bear patch! Thank you to everyone who commented recommendations on how to fix my sweater. Can’t wait to wear it #embroidery #iro,"A female creator documents her attempt to fix a cut in her DIY mock-neck sweater using follower recommendations, successfully applying iron-on patches before accidentally scorching the wooden table at the end of the video.",Righting my Wrongs: How to patch on sweaters For baddies By a dummy; How to Patch a sweater; SOS Imaooo; Did it twice btw; Now how do I fix my table; PRAY on shelf mugs,Raw UGC,Tutorial,false,yes,,https://www.tiktok.com/@julianajaquez_/video/7687825928239451423
patches,patches,2026-09-21,2026-10-01,gracelamarr,GRACE,7361,224,2,2,they’re magical tho #acnetreatment #pimplepatches #skintok #realpost,"A creator shares an unvarnished, highly vulnerable video of herself removing over twenty pimple patches from her acne-covered face in a marble bathroom, fostering deep relatability and community validation within SkinTok.",real post of the day: waking up with 20+ pimple patches on your face,Raw UGC,Personal-update,false,yes,possible off-topic,https://www.tiktok.com/@gracelamarr/video/7687814707138399501
patches,patch collection,2026-09-21,2026-10-01,chanplante,CHAN,573800,47500,190,182,hello kitty eye patch 💗 in honor of the new @Cider USA x Hello Kitty & Friends collection!!,"A creator documents her budget-friendly DIY project crafting a custom Hello Kitty eye patch using a $5 pirate eye patch and hot glue, celebrating the launch of a new Cider collection with humor and enthusiasm.",Hello Kitty & Friends x Cider to be exact!!,Raw UGC,Tutorial,true,yes,possible off-topic,https://www.tiktok.com/@chanplante/video/7687736486766185742
watches,watches,2026-09-20,2026-10-01,andiotwatche,ANDIOT WATCHES,6928,83,7,29,#luxurywatch #fyp #watches #luxury #watch,"A silent, high-end unboxing video showcasing a rose-gold chronograph watch replica presented in branded packaging with cinematic music and an on-screen label reading Guangzhou China Super Clone 1:1.",Guangzhou China Super Clone 1:1; ROLEX; GARANTIE INTERNATIONALE; SWISS MADE; OYSTERFLEX,Polished Creator,Review,true,yes,possible off-topic,https://www.tiktok.com/@andiotwatche/video/7687728891128990990
coins,(not in thumbnail),2026-09-20,2026-10-01,judyburgos14,LOSTCOINS,398,42,7,32,"​🇮🇹 Is this 1957 Italian 100 Lire worth $10,000?! 🪙 Over 90 million were made, but die errors and rotated dies on these early Minerva coins are top targets for collectors! Check your change jars!  ",,,,,,no,,https://www.tiktok.com/@judyburgos14/video/7687713363123539220
patches,patch collection,2026-09-20,2026-10-01,ovallio.nart,ovallion.art,14500,1995,32,39,"Harvest from the Vocaloid Patch 👩‍🌾🚜🌾

Figured if my wallet was already gonna cry getting Neru I might as well go for the whole set

#blindbox #hatsunemiku #akitaneru #vocaloid #figurecollection","A creator unboxes a rare Akita Neru figure from a Vocaloid blind box set, highlighting the high aftermarket cost and teasing a finale.",Time for another harvest from the Vocaloid Patch; 👩‍🌾🚜🌾; ねんどろいどぷち; NENDOROID-PETIT; ボーカロイド #01; SECRET ITEM; GOOD SMILE COMPANY; 12個入り; 全10種 + シークレット1種; Only two left! How exciting ✨; who will it be?; THE YELLOW ONE OMG; *(haha jk it's Neru); warm up the baby; Crest; It's crazy to finally find her she's so expensive now!; Good Smile Company Akit...; $75; Depop; Akita Neru Nendoroid Puc...; $53.99; eBay; 5th ANNIVERSARY; triple baka mentioned; come back for the finale,Raw UGC,Unboxing,false,yes,,https://www.tiktok.com/@ovallio.nart/video/7687678157125684510
coins,rare coins,2026-09-20,2026-10-01,samso.tiv,Samso tiv,8964,329,56,75,"1944 Copper Wheat Cent Estimated Sold $400,000? 🪙💰 Could This Rare Wartime Penny Be Hiding a Fortune in Plain Sight? | Rare Coin Value, Valuable Coins, Coin Collecting & Hidden Treasure","A short-form numismatic educational video exploring the history and potential $400,000 value of rare 1944 copper wheat cents, hosted via a close-up POV coin examination.","$400,000.00; STOP SCROLLING; WHAT IF AN; OLD PENNY HIDING IN; YOUR; COLLECTION; COULD SECRETLY BE; WORTH HUNDREDS OF; THOUSANDS OF; DOLLARS?; HERE'S THE BIG; QUESTION; COULD ONE TINY DETAIL ON; A 1944 COPPER; WHEAT CENT; TURN AN ORDINARY; ONE CENT; COIN INTO A; COLLECTOR'S DREAM; THIS IS THE 1944; COPPER; WHEAT CENT; ON THE FRONT YOU'LL FIND; THE CLASSIC; PORTRAIT OF; ABRAHAM; LINCOLN; ALONG WITH; LIBERTY IN GOD; WE TRUST; AND THE DATE; 1944; TURN IT OVER; AND YOU'LL SEE THE; ICONIC; TWO WHEAT EARS; SURROUNDING; ONE CENT; AND UNITED STATES OF; AMERICA; NOW LOOK CLOSELY AT THE; COIN'S; DATE; COLOR; AND SURFACE; THE 1944; CENT IS ESPECIALLY; INTERESTING; BECAUSE WARTIME; COIN PRODUCTION; CREATED; SOME UNUSUAL AND HIGHLY; COLLECTIBLE; VARIETIES DURING; WORLD WAR 2; THE US MINT CHANGED; THE; COMPOSITION OF; CENTS TO CONSERVE; COPPER; THAT MAKES UNUSUAL; 1944; CENTS; ESPECIALLY; INTERESTING TO; COLLECTORS; AFTER MORE THAN 80; YEARS; MOST EXAMPLES; SHOW SCRATCHES; WORN DETAILS; AND SIGNS OF; CIRCULATION; BUT COLLECTORS; CAREFULLY EXAMINE THESE; COINS FOR; AUTHENTIC; COMPOSITION; RARE VARIETIES; MINTING ERRORS; STRONG STRIKES; ORIGINAL SURFACES; AND EXCEPTIONAL; CONDITION; AND HERE'S WHERE THE; MYSTERY; GETS EXCITING; AN EXCEPTIONAL; AND AUTHENTICATE D; 1944 COPPER; WHEAT CENT HAS; AN ESTIMATED SOLD; VALUE OF; UP TO $400,000; BUT REMEMBER; NOT EVERY 1944; WHEAT CENT; IS WORTH ANYWHERE; NEAR THIS AMOUNT; THE EXACT; COMPOSITION; VARIETY; CONDITION; GRADE; AUTHENTICITY; AND PROVENANCE ",Polished Creator,Tutorial,false,yes,,https://www.tiktok.com/@samso.tiv/video/7687654856173096205
patches,iron on patches,2026-09-20,2026-10-01,mk.designz,MK Designz,1440,98,48,7,Baltimore Ravens fans where y’all at? 📣📣📣. New PREMIUM Iron-on Patches have arrived! 🎉🎉. Get yours before they sell out…. #baltimoreravens #football #baltimore #military #fyp,"A short-form promotional video by MK Designz showcasing new custom embroidered Baltimore Ravens iron-on patches, utilizing fast cuts, rhythmic audio, and a direct call-to-action to engage football fans.",,Raw UGC,Haul,true,yes,,https://www.tiktok.com/@mk.designz/video/7687627775959715086
watches,watches,2026-09-20,2026-10-01,kenneekksjz,Joker watch,42400,769,44,42,#watch #watchlover #watches #watchmegrow #fyp,"A silent visual showcase of the Omega Seamaster Planet Ocean America's Cup edition, emphasizing its intricate caseback engraving, clasp mechanism, and dial design through macro POV shots.","NAIAD LOCK, 36TH AMERICA'S CUP AUCKLAND 2021, DEEP BLACK, PLANET OCEAN, 600m/2000ft, OMEGA, SEAMASTER, PROFESSIONAL, CO-AXIAL MASTER CHRONOMETER, OMEGA logo and symbol",Polished Creator,Review,false,yes,,https://www.tiktok.com/@kenneekksjz/video/7687611889588686102
patches,patch collection,2026-09-20,2026-10-01,elynvibe,Cockpitentransat,931,91,10,3,"Et pas que…

#pourtoi #foryoupage #aviation #patch #collection",A female aviation enthusiast confidently showcases her massive wall-mounted collection of military and flight patches while lip-syncing to a rap song in a short TikTok video.,OBJECTIF : COLLECTIONNER LE PLUS DE Patchs,Raw UGC,Vlog,false,yes,,https://www.tiktok.com/@elynvibe/video/7687610548216696097
patches,embroidered patches,2026-09-20,2026-10-01,tokiyoembroidery,Tokiyo  embroidery,84800,1119,20,63,An easy and practical way to fix torn fabric using an embroidered appliqué patch #embroidery #sewing #crafts #reels #viral,"A silent, satisfying tutorial demonstrating how to creatively mend a tear in fabric using a punch needle tool and colorful fabric appliqués shaped like a flower.",FACEBOOK @REVANNO_BORDIR,Raw UGC,Tutorial,false,yes,,https://www.tiktok.com/@tokiyoembroidery/video/7687607026087759118
coins,coin collecting,2026-09-20,2026-10-01,numis415,numis,22400,337,53,65,#collections #monnaie #poutoi #coin #numismatik,A numismatist demonstrates the identification and valuation of a rare French 5 centimes 1938 star coin using an authoritative reference catalog.,"100,500,000 — 71,900,000 — 126,505,600 — février 1966 (arrêté du 19 janvier … soit 75% de la frappe courante — Bronze-aluminium 2 g 17 mm Tranche lisse Graveurs : Henri Lagriffoul et Adrien Diedouard — R Ô F — LIBERTÉ • ÉGALITÉ • FRATERNITÉ — 5 CÉNTIMES — 1938 — rare 5 centimes 1938 étoile — 171. 5 CENTIMES points avant et après la date — Créé par décret le 24 février 1938 — Essai en creux — Essai en relief — ★ entre R et F — 26,330,247 — 52,672,500 — … type Lindauer furent démonétisées le 1er janvier 1941 — Gadoury vert : Essais et Piéforts Français 1872-2001 — TB TTB SUP FDC — 350 500 800 1300 — 1 5 30 40 500",Raw UGC,Tutorial,false,yes,,https://www.tiktok.com/@numis415/video/7687592013465783584
coins,rare coins,2026-09-20,2026-10-01,usacoin09,USA Coin Reveal,263,6,,,#CoinCollecting #WheatPenny #RareCoins #HiddenWealth #FinancialAlert #viral #fyp,"An instructional short-form video from USA Coin Reveal detailing how to identify high-value 1953-D and 1951-D Lincoln wheat pennies based on condition, grade, and mint marks.","Found This Wheat Penny STOP! It Could Be Worth $350,000+; part 4; 1953 d; ONE CENT UNITED STATES OF AMERICA; IN GOD WE TRUST; LIBERTY; 1951",Polished Creator,Tutorial,false,yes,,https://www.tiktok.com/@usacoin09/video/7687506370769243406
watches,vintage watches,2026-09-19,2026-10-01,leatherinjuly,Sara Croft,4145,262,11,2,"You can buy a cheap new watch, or you can buy one with a backstory. 🖤🫶 

#vintagewatch #bulova #vintagestyle #vintage #thriftedfinds","Creator Sara Croft shares her excitement over purchasing a 1975 vintage Bulova watch on Poshmark, explaining why she prefers secondhand items with history over fast-fashion alternatives.",Why would I buy a new watch when vintage ones are this pretty?!; BILOVA BASE METAL BEZEL STAINLESS STEEL BACK; Love Merv 1975; 820176,Raw UGC,Vlog,false,yes,,https://www.tiktok.com/@leatherinjuly/video/7687367960096181511
watches,luxury watches,2026-09-19,2026-10-01,johnettebeasley1,Echotime.17,38500,1695,90,111,#watches #luxurywatches #omega,"A silent, high-end visual showcase of the Omega Speedmaster Professional Silver Snoopy Award watch, targeting luxury watch enthusiasts through detailed macro cinematography.",TACHYMETRE; OMEGA Speedmaster PROFESSIONAL; 50TH ANNIVERSARY; EYES ON THE STARS; SILVER SNOOPY AWARD; CO-AXIAL MASTER CHRONOMETER; CAL. 3861; APOLLO XIII; NASA; AIT/LOCK,Polished Creator,Review,false,yes,,https://www.tiktok.com/@johnettebeasley1/video/7687299069852585247
coins,silver coins,2026-09-19,2026-10-01,coins_and_currency,Coins_and_currency,3030,54,8,6,#coincollecting #investing #fyp #silver #puresilver,"A creator showcases a newly purchased bag of fractional silver coins and bars, highlighting specific designs like Valcambi and buffalo heads while encouraging viewers to purchase similar tangible assets when prices are close to spot.","Bag of Fractional silver 
 $200 shipped",Raw UGC,Review,false,yes,,https://www.tiktok.com/@coins_and_currency/video/7687245839005191442
watches,luxury watches,2026-09-19,2026-10-01,itsromankhan,Roman Khan,583700,13500,110,155,"Wearing $4.9 MILLION on the wrist… ⌚💎
Some watches tell time. This one tells a whole different story. 😮‍💨🔥

#4MillionWatch #LuxuryWatch #MillionDollarWatch #LuxuryLifestyle #duba @Lovin Dubai | لو","Creator Roman Khan showcases a rare $4.9 million Louis Moinet watch containing Mars and moon meteorite stones, blending high-end luxury flexing with charismatic social media performance.",4.9 MILLION DOLLAR; LOUIS MOINET 1806; CERTIFICATE OF AUTHENTICITY AND GUARANTEE,Polished Creator,Flex,true,yes,,https://www.tiktok.com/@itsromankhan/video/7687186296267083016
watches,luxury watches,2026-09-19,2026-10-01,dailydeluxe.official,Dailydeluxe,218800,10100,93,1021,"$27,364,000 worth of Jacob & Co. WATCHES on the wrist. 🤯💎

Seven watches. One brand. More than $27 MILLION in some of the craziest high-jewelry timepieces Jacob & Co. has ever created.

🌈 Billionai","A silent, high-impact showcase of seven Jacob & Co watches totaling over $27 million, utilizing extreme close-up videography and prominent price tag overlays to captivate viewers.","$990.000,00; $6.000.000,00; $9.000.000,00; $7.700.000,00; $814.000,000 [sic]; $1.100.000,00; $1.760.000,00",Polished Creator,Haul,false,yes,,https://www.tiktok.com/@dailydeluxe.official/video/7687145516165123360
patches,embroidered patches,2026-09-19,2026-10-01,tokiyoembroidery,Tokiyo  embroidery,1800000,22000,390,779,Easy techniques and ideas for fixing torn or holey clothes by applying an embroidered patch over the damage #embroidery #embroidered #crafts #viral #reels,"A mesmerizing craft timelapse showing how to fix a torn piece of clothing by embroidering a layered fabric flower over the damage, appealing to DIY and upcycling enthusiasts.",FACEBOOK @VANNO,Raw UGC,Tutorial,false,yes,,https://www.tiktok.com/@tokiyoembroidery/video/7687065931746397453
ducks,rubber duck,2026-09-18,2026-10-01,ebbsuperstar,EBB Super Star,11900,73,5,1,I followed the rubber ducky,"A comedic first-person TikTok skit where a creator follows a trail of colorful miniature rubber ducks across a pool patio, only to find a ferocious CGI monster waiting in the swimming pool.",,Polished Creator,Comedy-skit,false,yes,,https://www.tiktok.com/@ebbsuperstar/video/7686991807703502111
watches,luxury watches,2026-09-18,2026-10-01,andiotwatche,ANDIOT WATCHES,783,7,1,,#luxurywatch #watch #fyp #watches #luxury,"A silent TikTok video showcasing an unboxing and detailed wrist-roll of a gold chronograph watch with an orange strap, identified on-screen as a super clone from Guangzhou.",GuangZhou China Super Clone 1:1; ROLEX; UNITS PER HOUR; LUCK TIMEPIECES,Polished Creator,Review,true,yes,possible off-topic,https://www.tiktok.com/@andiotwatche/video/7686917238460288269
watches,luxury watches,2026-09-18,2026-10-01,andiotwatche,ANDIOT WATCHES,399,6,,,#watches #fyp #luxury #watch #luxurywatch,"A slick, POV-style product showcase highlighting a high-end replica skeleton watch from Guangzhou, emphasizing mechanical detail, premium packaging, and wrist presence.",GuangZhou China Super Clone 1:1; RICHARD MILLE; GP-015 170MF; LUCK TIMEPIECES,Polished Creator,Haul,true,yes,possible off-topic,https://www.tiktok.com/@andiotwatche/video/7686916573633727758
patches,patch collection,2026-09-18,2026-10-01,tom.patches,Tom patches,609,19,11,1,Say hi get catalog #patches #diy #bengals,"A quick, beat-synced product showcase video displaying multiple styles of Cincinnati Bengals embroidered patches, prompting viewers to message for a catalog.",Bengals; Say hi get catalog,Raw UGC,Haul,true,yes,,https://www.tiktok.com/@tom.patches/video/7686876779281255693
coins,rare coins,2026-09-18,2026-10-01,dansdollarss,Dans Dollars,18400,516,167,104,"800,000,000 UK 1988 1 ONE PENNY COIN VALUE ELIZABETH II #COIN #FYP #RARECOINS #coincollecting #elizabeth","A numismatic creator reviews the 1988 UK one penny coin, detailing its mintage of 800 million, historical context, and face value while encouraging audience interaction.","800,000,000; UK 1988 1 ONE PENNY COIN VALUE ELIZABETH II",Raw UGC,Tutorial,false,yes,,https://www.tiktok.com/@dansdollarss/video/7686791017600732419
ducks,yellow rubber duck,2026-09-18,2026-10-01,songbrd73,🎤💋imasongbrd♥️🎶,315,12,4,1,I FOUND MY DUCK!!!! #rubberducky #yellow #duck #dollartree #fyp,"A short, energetic TikTok video capturing the creator's excitement at discovering a rubber duck Bluetooth speaker at a dollar store, featuring beat-synced editing and playful animated duck stickers.","BYTECH THE ART OF TECHNOLOGY, Bluetooth, FEATURES: -Suction cup mounting to any slick surface, -IPX4 Water Resistance, -On speaker controls, -Hands-free Phone Calls, WARRANTY: 12 MONTH, $5",Raw UGC,Haul,false,yes,,https://www.tiktok.com/@songbrd73/video/7686747749714283790
coins,rare coins,2026-09-18,2026-10-01,ahmaducfdi1,oldrarecoins,1663,61,65,11,"🪙 1983-P QUARTER DOLLAR — COULD THIS 25¢ COIN BE WORTH MORE? 😱💰

Don’t overlook this vintage quarter! 🔎 Check the 1983 date and “P” mint mark, then examine the condition, strike, and details for u","A coin collecting creator uses high-urgency text overlays and a macro POV coin demonstration to claim that a 1983-P Washington quarter can be worth up to $245,000 in fine condition, prompting viewers to check their change and comment.","DON'T MISS THIS! 
 NOW LET'S TALK ABOUT THE VALUE OF THIS COIN 
 IN FINE CONDITION 
 IN TODAY'S AUCTION MARKET 
 A 1983 WASHINGTON QUARTER 
 WITH A LARGE DATE AND P MINT MARK 
 IN FINE CONDITION CAN FETCH ANYWHERE FROM 
 $245,000 
 THE VALUE FLUCTUATES BASED ON FACTORS 
 SUCH AS THE COIN'S OVERALL APPEARANCE 
 THE SHARPNESS OF THE DATE 
 UNIQUE CHARACTERISTICS THAT MIGHT MAKE IT 
 STAND OUT 
 FOLLOW FOR MORE VIDEOS",Polished Creator,Tutorial,false,yes,,https://www.tiktok.com/@ahmaducfdi1/video/7686556829664513302
watches,watch collection,2026-09-18,2026-10-01,imawristocrat,Metta Tan,76100,3660,39,70,10/10 watches for men in their 20s Part 2 #watches #luxurywatches #watchcollector #WatchFam #WatchTok,"A watch creator presents part two of his recommended watches for men in their 20s, scaling from a $100 Casio to a $15K Rolex Explorer 2, detailing the value proposition and ideal life stage for each timepiece.",10/10 Watches for Men in their 20s Part 2; Casio AQ230 - $100; Citizen Tsuyosa - $500; Longines Conquest - $2000+; Cartier Tank - $3000-5000+; Omega Seamaster - $5000+; Rolex Explorer 2 - $10000+,Polished Creator,Review,false,yes,,https://www.tiktok.com/@imawristocrat/video/7686697724078558472
watches,luxury watches,2026-09-18,2026-10-01,julianvalis,Julian Valis,243600,9489,56,135,"Have you ever seen a watch with a hole in the dial? 👀

Our Open Heart collection drops next Saturday, the 26th. Follow us for more! #watch #oldmoney #luxury #wristwatch","Independent watch designer Julian Valis shares the stressful manufacturing journey behind his brand's upcoming Open Heart collection, demonstrating how he overcame supplier failures and dial-cutting errors to deliver a rose-gold automatic watch for under 300 dollars ahead of the September 26th drop.","JULIAN VALIS; AUTOMATIC; Have you ever seen a watch with a hole in the dial? 👀; Our Open Heart collection drops next Saturday, the 26th. Follow us for more! #watch #oldmoney #luxury #wristwatch",Raw UGC,Behind-the-scenes,true,yes,,https://www.tiktok.com/@julianvalis/video/7686667605028916493
watches,watch collection,2026-09-17,2026-10-01,hustlenationpodcast,Hustle Nation,1100000,32400,738,505,"The quest for the Rolex Ruby Daytona is complete! Unveiling this legend, valued at over $3.5M. Wait for it... #Rolex #WatchCollector #LuxuryWatches #Daytona #RareFind #WatchGeek","Celebrity investor Kevin O'Leary recounts the emotional and dramatic acquisition of an ultra-rare, multi-million-dollar Rolex Ruby and Diamond Daytona on a podcast.","MNN on microphone flag; Currency, Fixed Income, Mortgages on book spines; The Holy Grail Watch That Doesn't Exist on overlay",Polished Creator,Interview,false,yes,,https://www.tiktok.com/@hustlenationpodcast/video/7686621078550072589
patches,patches,2026-09-17,2026-10-01,anasaurousrex,Rex,1804,62,,1,I still love them tho #starpatches #starface #pimplepatch #rex #ad,"Creator Rex shares a funny, relatable story in a work setting about how she had to stop wearing yellow star pimple patches because a customer mistook them for mustard on her face.",I like wearing the star pimple patches to work but I had to stop wearing the yellow ones cuz a lady came up to me and asked if I had mustard on my face,Raw UGC,Vlog,true,yes,possible off-topic,https://www.tiktok.com/@anasaurousrex/video/7686598002483514655
watches,watch collection,2026-09-17,2026-10-01,imgriffinjohnson,griffinjohnson,601700,68500,541,2995,Henry Cavill and I enjoying @Longines #TheLonginesMasterCollection #LonginesPartner,"TikTok creator Griffin Johnson collaborates with actor Henry Cavill at a Longines event to review and compare their luxury timepieces in a casual, unscripted interaction.",LONGINES; THE LONGINES MASTER COLLECTION; Longines Partner; Various book titles on shelves including Epicurean; I'm here with Henry Cavill at the Longines Master Collection I have to ask can you rate my watch one to ten Okay is a 10 out of 10 personally what I love about this watch in particular is that my taste tend to lie towards a more heritage vintage style but it has this wonderful sophisticated monopusher there as well I love that and I actually love the coloring on here I'm wearing something almost identical but I've got the icy blue very good let's see these together originally I would have just shown the two together I would have 100% gone with the ivory but now that I've worn the icy blue for the evening I don't know icy blue jury's out icy blue I don't know which one,Raw UGC,Vlog,true,yes,,https://www.tiktok.com/@imgriffinjohnson/video/7686593159610092813
watches,watch collection,2026-09-17,2026-10-01,theicedcoffeehour,The Iced Coffee Hour,213500,7524,87,235,3 Watches EVERY Man Should Own!,"A podcast horology expert lists three essential watches every man should own—the Omega Speedmaster, Tudor Black Bay Pro, and a pre-owned Chopard—supported by detailed macro B-roll and pricing insights.",3 WATCHES EVERY MAN SHOULD OWN.; THE ICED COFFEE HOUR; OMEGA Speedmaster PROFESSIONAL; TUDOR GENEVA; CHOPARD CHRONOMETER; LU CHOPARD,Polished Creator,Tutorial,false,yes,,https://www.tiktok.com/@theicedcoffeehour/video/7686376376923852053
watches,luxury watches,2026-09-17,2026-10-01,johnettebeasley1,Echotime.17,178600,4615,73,148,#watches #luxurywatches #vacheronconstantin,"A silent, high-definition ASMR demonstration of a luxury Vacheron Constantin watch being unclasped, fitted to the wrist, and displayed in its full dial aesthetic.",VACHERON CONSTANTIN GENEVE; SWISS MADE; 3014; 848 STAINLESS STEEL,Polished Creator,Review,false,yes,,https://www.tiktok.com/@johnettebeasley1/video/7686562783420370207
coins,silver coins,2026-09-17,2026-10-01,mrchristmaaswilliams0,Mr Christmaas Williams,233500,2984,927,1035,"THESE 1/2 c 1c 2 c 5 c 10 c 20c 50c AND THE SILVER R1 COIN SETS WERE STRUCK AS 
-1990. IN 1962 IT WAS ANNOUNCED THAT A CHANGE IN SIZE DESIGN AND METAL 
CONTENT OF COINS WAS BEING 
CONSIDERED THIS WAS ",An informational post pairing a detailed historical background of South African currency changes with an eye-catching graphic claiming vintage coins are worth up to two million rands.,"SOUTH AFRICA COIN VALUE, ESTIMATED 2026 VALUES, Do You Have Any Of These Coins?, 1965 to 1990 1 Rand Sells for R2,000,000 Depending on Condition, 1965 to 1990 50 Cent Sells for R1,350,000 Depending on Condition, 1965 to 1990 20 Cent Sells for R1,150,000 Depending on Condition, 1965 to 1987 10 Cent Sells for R850,000 Depending on Condition, 1965 to 1989 5 Cent Sells for R650,000 Depending on Condition, 1965 to 1990 2 Cent Sells for R450,000 Depending on Condition, 1965 to 1989 1 Cent Sells for R300,000 Depending on Condition, OLD COINS HAVE REAL VALUE!, SAFE & SECURE, 100% LEGITIMATE, GET THE BEST VALUE, DO NOT CLEAN YOUR COINS! CLEANING THEM CAN REDUCE THEIR VALUE!",Polished Creator,Informational,false,yes,,https://www.tiktok.com/@mrchristmaaswilliams0/video/7686561494439365908
watches,vintage watches,2026-09-17,2026-10-01,queenmayjewelry_capemay,Queen May Jewelry,16900,1453,14,282,"Sourced & Sold @shewearswatches 🤎 

Vintage Rolex Ladies
14K Yellow Gold 
Diamond Bezel Oval Shaped Florentine Bracelet 
Mechanical Movement Watch
 
Follow for more! #queenmay 

#vintagewatch #ladies","A polished luxury vintage watch showcase featuring a rare 14K yellow gold ladies Rolex with a Florentine bracelet and diamond bezel, posted by Queen May Jewelry.",100 WATCHES (partially visible on underlying surface),Polished Creator,Haul,true,yes,,https://www.tiktok.com/@queenmayjewelry_capemay/video/7686558023690603789
watches,vintage watches,2026-09-17,2026-10-01,shewearswatches,shewearswatches,5310,393,15,50,"She wears watches… 

Vintage Audemars Piguet Ladies Watch ⏱️

DM for pricing & details! 

#vintagewatch #audemarspiguet #ladieswatch #watchcollector #vintagecollection","A luxury vintage watch dealer presents a rare 1970s Audemars Piguet ladies watch in 18k gold and diamonds, detailing its craftsmanship and inviting purchase inquiries.",AP logo on watch dial; Audemars Piguet text on watch dial; serial number engraving on case back N 65979.,Polished Creator,Review,true,yes,,https://www.tiktok.com/@shewearswatches/video/7686539892318326029
coins,(not in thumbnail),2026-09-17,2026-10-01,thompson.coin_stamp,Thompson Coin & Stamp,348,17,1,,Hunting bank rolls for rare coins #money #coins #fyp,,,,,,no,,https://www.tiktok.com/@thompson.coin_stamp/video/7686525077667499277
watches,vintage watches,2026-09-17,2026-10-01,imawristocrat,Metta Tan,50300,2367,32,82,Best vintage watches for men in their 20s #watches #luxurywatches #watchcollector #WatchFam #WatchTok,"A watch creator presents a structured, budget-tiered guide to the best vintage men's watches ranging from Tag Heuer models under $500 to Rolex Datejusts at $5,000, offering expert tips on movement types, dial variants, and collecting pitfalls.",10/10 Vintage Watches for men; Tag Heuer - $300; Omega Seamaster - $700; Omega Constellation - $1000+; Omega Seamaster - $2000+; Tudor Prince Day Date - $3000+; Rolex Datejust - $5000,Polished Creator,Tutorial,false,yes,,https://www.tiktok.com/@imawristocrat/video/7686505686775221512
coins,coin collecting,2026-09-17,2026-10-01,premierrarecoins,Premier Rare Coins,25800,678,2,6,"This 5-pound brick looks like gold—but there’s actually zero gold in it.
It’s made from Nordic Gold, a copper-based alloy originally developed for coinage and best known today for its use in the €0.10","A coin expert showcases a 5-pound brick of Nordic gold, explaining its true copper-and-bronze alloy composition and its historical use in European and American coinage.",I bought 5lbs of Nordic Gold; LIBERTY IN GOD WE TRUST; 10 CENT; 20 CENT; 50 CENT; CARL XVI GUSTAF SVERIGES KONUNG FÖR SVERIGE I TIDEN,Polished Creator,Informative,true,yes,,https://www.tiktok.com/@premierrarecoins/video/7686486220033101069
coins,coin collecting,2026-09-17,2026-10-01,samso.tiv,Samso tiv,16300,464,37,93,"1956-D Lincoln Wheat Cent Estimated Sold for $17,000!  Could This Denver-Minted Wheat Penny Be Hiding a Rare Variety, Mint Error, Doubled Detail, or Exceptional Condition That Makes It a Valuable Coll","An educational numismatic video by creator Samso tiv on TikTok explaining the potential high value of a 1956-D Lincoln wheat cent. Through macro close-ups and engaging narration, the creator breaks down key identifying features, mint marks, striking errors, and condition factors that can elevate a common penny's value up to an estimated $17,000, encouraging viewers to check their own coin collections.","$17,000.00; IMAGINE FINDING A; 1956 D; LINCOLN WHEAT CENT; THAT LOOKS LIKE; AN ORDINARY OLD; PENNY; BUT WHAT IF I; TOLD YOU ONE OF; THESE TINY; COINS COULD BE; WORTH ENOUGH TO; PUT A LUXURY; CAR IN YOUR; DRIVEWAY; OR MAKE A; SERIOUS CONTRIBUTION; TOWARD YOUR; DREAM HOUSE; IN THIS VIDEO; YOU'LL FIND OUT; WHAT MAKES THIS; COIN INTERESTING; AND HOW MUCH A; DESIRABLE EXAMPLE; HAS SOLD FOR; IN THE PAST; THIS IS THE; 1956 D LINCOLN; WHEAT CENT; STRUCK AT THE; DENVER MINT; AND PART OF; THE HISTORIC LINCOLN; WHEAT PENNY SERIES; ON THE FRONT; YOU'LL SEE ABRAHAM; LINCOLN'S PORTRAIT; ALONG WITH LIBERTY; IN GOD WE TRUST; AND THE DATE 1956; TURN IT OVER; AND YOU'LL FIND; THE CLASSIC; TWO WHEAT EARS; SURROUNDING; ONE CENT; AND UNITED STATES OF; AMERICA; NOW LOOK CLOSELY; BENEATH THE DATE; THE SMALL D; MINT MARK; IDENTIFIES THIS COIN; AS A DENVER; MINTED ISSUE; BUT HERE'S WHERE; COLLECTORS START; LOOKING; MUCH CLOSER; THEY EXAMINE 1956; D CENTS FOR; RARE VARIETIES; STRIKING ERRORS; DOUBLE DETAILS; STRONG STRIKES; ORIGINAL RED COLOR; CLEAN SURFACES; AND EXCEPTIONAL MINT; STATE CONDITION; A COIN WITHOUT; STANDING; PRESERVATION; CAN ATTRACT; SIGNIFICANTLY; MORE COLLECTOR; ATTENTION; AND NOW COMES; THE SURPRISING; REVEAL; A HIGHLY DESIRABLE; 1956 D LINCOLN; WHEAT CENT; CAN HAVE AN; ESTIMATED SOLD; VALUE AROUND; $17,000; OF COURSE; NOT EVERY 1956 D; PENNY IS WORTH; $17,000; THE ACTUAL VALUE; DEPENDS ON THE; SPECIFIC VARIETY OR; ERROR; CONDITION; GRADE; RARITY; AND; AUTHENTICITY; SO BEFORE YOU; O",Polished Creator,Tutorial,false,yes,,https://www.tiktok.com/@samso.tiv/video/7686481739203529998
coins,rare coins,2026-09-17,2026-10-01,samso.tiv,Samso tiv,11900,405,121,99,"1974-D Lincoln Cent – Estimated Sold Value $25,200!  Could This Vintage Penny Be the Hidden Treasure Sitting in Your Collection? One Small Detail Could Make This One-Cent Coin Extremely Valuable! 

#1","A fast-paced macro video tutorial instructing viewers to inspect their old 1974-D Lincoln cent pennies for rare condition attributes and mint marks that could allegedly command a $25,200 collector value.",,Polished Creator,Tutorial,false,yes,,https://www.tiktok.com/@samso.tiv/video/7686481085747809550
coins,(not in thumbnail),2026-09-17,2026-10-01,coincollecting_detecting,Michael,6125,309,4,5,"Fifty Cent Coin Roll Search - Follow Along 
#fiftycentcoins #coinsearch #foryou #somethingtodo #satisfying",,,,,,no,,https://www.tiktok.com/@coincollecting_detecting/video/7686370310857297172
patches,patches,2026-09-17,2026-10-01,karlabaldera5,Karla,32,8,,1,Best pimple patches ever!! @Easyderm #pimple #patches #fastacting #face #acne,"A short, silent TikTok product review by Karla showcasing EasyDerm acne patches with close-up macro visuals of the packaging and application.",,Raw UGC,Review,true,yes,possible off-topic,https://www.tiktok.com/@karlabaldera5/video/7686354099259968799
patches,patch collection,2026-09-17,2026-10-01,shelleyg0430,Shelley Garza,124,4,1,1,"HATS & MORE HATS 🧢✨

“I just need ONE more patch…”
Wait—no, I need that one too.
OH MY GOSH… did you see THAT one?! 👀
Yep. Add it to the collection. 😂

And that, my friends, is exactly how my hat &","Small business owner Shelley Garza humorously documents her growing obsession with collecting custom patches and trucker hats, showcasing a vibrant array of detailed hat designs while prompting viewers to share their own crafting addictions.",HATS & MORE HATS 🧢✨; Porch Goose; MUDDY MAM; unhinged; SALTY; Aspire Marketing & Designs By Shelley; NEW HAT RELEASE COMING...; GOD IS GOOD all the time; MAKE HEAVEN CROWDED; OTTO WORLD FAMOUS FOAM FRONT OSFM; LOVE is like a Butterfly; BOUJEE Redneck; RISE & GRIND COFFEE,Raw UGC,Vlog,true,yes,,https://www.tiktok.com/@shelleyg0430/video/7686338589151497485
patches,patches,2026-09-17,2026-10-01,emma.diy6,DIY Hazel,244,6,1,,Big patches #patches #Big #diy,"A quick-cut TikTok product showcase displaying a variety of large, sparkly chenille custom patches set to an energetic pop song.","Game Day, Santa Baby, Love, Mama, Bad Witch, The Candy Galaxy, Cheer, Nike",Raw UGC,Haul,true,yes,,https://www.tiktok.com/@emma.diy6/video/7686307475611503902
coins,silver coins,2026-09-16,2026-10-01,lonestarcoins,Lone Star Coins,24600,240,10,3,500oz of Maples. Not one milk spot. The finest 🍁 #gold #silver #finance,"A coin shop owner enthusiastically explains the problem of milk spotting in modern silver bullion coins while showcasing a pristine 500oz monster box of Canadian Silver Maple Leafs, directing viewers to his website.","THIS IS A MONSTER BOX OF CANADIAN SILVER MAPLE LEAVES AND THIS BATCH IS MY FAVORITE BATCH BECAUSE THERE IS NO MILK SPOTTING. MILK SPOTTING IS A MASSIVE ISSUE WITH MODERN BULLION COINS AND THAT HAS TO DO WITH THE WAY THEY'RE MANUFACTURED CAUSE THEY USE A BUNCH OF CHEMICALS AND SOMETIMES THERE IS A FAINT TRACE OF CHEMICALS STILL ON THE SILVER COINS THAT CAUSE THEM TO SPOT AND IT LOOKS LIKE MILK AND IT MAKES THEM REALLY KIND OF DISGUSTING, BUT THIS IS 500 OUNCES OF THE WORLD'S FINEST CANADIAN SILVER MAPLE LEAFS AND THEY'RE AVAILABLE ON LONESTARCOINS.COM",Raw UGC,Review,true,yes,,https://www.tiktok.com/@lonestarcoins/video/7686258768786640141
watches,vintage watches,2026-09-16,2026-10-01,har1ayyy,Harlayyy,21600,592,67,33,"Have you seen these watches before? 
#watchtok #watchcollector #watches #watch #watchcollection","A watch enthusiast creator counts down ten obscure and interesting watches ranging from affordable microbrands to luxury pieces, detailing their movements, specs, and price points while asking viewers for their opinions.","10 watches You Never Heard Of Part 4; Sea-Gull Bauhaus $236; Valusis Volt Automatic $350; VERO X Wildwood $650; Oceaneva Tempus Pure $699; BVOR Vision $740; Escudo Silver Inox 39mm $1,660; Evora Midnight (V2) $60; 90% titanium 6% aluminum 4% vanadium; Norqain Wild One $17,890; Blancpain Villaret Ultraplate $29,100; Geo Noctiluca Chrono $550; WATCHES YOU NEVER HEARD OF PART 4; 1. SEA-GULL BAUHAUS $236; 2. VALUSIS VOLT AUTOMATIC $350; 3. VERO X WILDWOOD $650; 4. OCEANEVA TEMPUS $699; 5. BVOR VISION $740; 6. ESCUDO SILVER INOX 39MM $1,660; 7. EVORA MIDNIGHT (V2) $60; 8. NORQAIN WILD ONE $17,890; 9. BLANC PAIN VILLARET ULTRAPLATE $29,100; 10. GEO NOCTILUCA CHRONO $550",Polished Creator,Review,false,yes,,https://www.tiktok.com/@har1ayyy/video/7686249175490530591
patches,(not in thumbnail),2026-09-16,2026-10-01,kiasudealssg,KiasuDeals SG,109400,140,2,37,the reason normal pimple patches are ineffective..,,,,,,no,possible off-topic,https://www.tiktok.com/@kiasudealssg/video/7686244479971396871
coins,silver coins,2026-09-16,2026-10-01,coincitycoins,Coin City,55200,218,19,16,5 ounces of American silver.🇺🇸🪙 Tune into Coin City livestreams to bid. #silver #coincity #preciousmetals #usa🇺🇸 #collectibles,"A short-form product showcase by Coin City featuring a 5-ounce US-shaped silver commemorative bar, utilizing macro videography and tactile handling to drive traffic to live bidding streams.",5 ounces of American silver.🇺🇸🪙 Tune into Coin City livestreams to bid. #silver #coincity #preciousmetals #usa🇺🇸 #collectibles,Polished Creator,Haul,true,yes,,https://www.tiktok.com/@coincitycoins/video/7686239125669727518
patches,patch collection,2026-09-16,2026-10-01,she.makes.a.home,Emily | She Makes a Home,2955,135,8,6,"When you have that huge collection... do this!

A dear relative asked me to turn his huge law enforcement patch collection into a decorative keepsake... and this was no small task - there were 126 pat","A creator demonstrates the meticulous process of turning 126 law enforcement patches into a custom keepsake quilt for a relative's birthday, highlighting craftsmanship, family pride, and textile art.","What can we do with all these patches?;
This.;
Jude 1:3 'Contend for the Faith.';
METROPOLITAN POLICE JUSTITIA OMNIBUS DISTRICT OF COLUMBIA;
VIRGINIA BEACH VA. POLICE;
MONTGOMERY SHERIFF'S OFFICE;
DALLAS POLICE DEPARTMENT;
CHATHAM COUNTY SHERIFF'S OFFICE 1770 N.C.;
DEPUTY MARSHAL EST 1789 VILLAGE OF CAMILLUS PROTECT SERVE POLICE;
LEE'S SUMMIT POLICE;
HENRICO POLICE;
KALAMAZOO POLICE;
TUCSON POLICE ARIZONA;
BLACKSTONE VA.;
UNITED STATES MARSHALS;
SHERIFF'S OFFICE;
PORTSMOUTH POLICE;
NASH COUNTY POLICE;
SAN ANTONIO PARK POLICE",Raw UGC,Tutorial,false,yes,,https://www.tiktok.com/@she.makes.a.home/video/7686204816351169806
patches,iron on patches,2026-09-16,2026-10-01,ambercreation4,AmberCreation,914,34,12,5,#patches #ironon #eagles #philly #truckerhat which one you like😍 those in stock now💚💚,"A small business creator showcases new arrivals of custom embroidered Philadelphia Eagles and sports-themed patches in a fast-paced, tactile TikTok video, inviting viewers to select their favorite design.","New arrivals 
 Are you ready 
 Pick up your patches now",Raw UGC,Haul,true,yes,,https://www.tiktok.com/@ambercreation4/video/7686150614509686030
ducks,rubber duck,2026-09-16,2026-10-01,dinoandflip,Dino&Flip,6540,82,3,2,Springy Rubber Duck Ramp! 🦆⚡ #shorts #funny #3d #animation #rubberduck #bouncy #chainreaction #cartoon #dinoandflip,A fast-paced 3D animated cartoon short by Dino & Flip featuring an energetic penguin and green dinosaur orchestrating a bouncy chain reaction with a black ball and rubber ducks on a wooden ramp.,,High-Production,Animation,false,yes,,https://www.tiktok.com/@dinoandflip/video/7685466632591920406
ducks,rubber duck,2026-09-16,2026-10-01,oopsontape,oopsontape,775,54,,10,#OopsOnTape #FunnyDucks #DuckLife #RubberDuck,"A short, wholesome video capturing a live mallard duck reacting with bewilderment and curiosity to a squeaking yellow rubber duck toy manipulated by a human hand, designed to entertain animal enthusiasts.",,Raw UGC,Meme,false,yes,,https://www.tiktok.com/@oopsontape/video/7686040499181997334
watches,luxury watches,2026-09-16,2026-10-01,vswatches3gogo,VS watches,421400,3226,47,99,#watches #rolex #daytona #datejust #luxury,"A silent, tactile first-person demonstration of a luxury silver chronograph watch and its deployment clasp, targeting watch enthusiasts through clean visual aesthetics.",,Raw UGC,Haul,true,yes,,https://www.tiktok.com/@vswatches3gogo/video/7685987906812661025
coins,silver coins,2026-09-16,2026-10-01,.silverstack,Silver Stack,1110,56,2,,Silver stacking day 2!!! #silver #coins #10k,"A short-form TikTok video documenting day two of a personal financial challenge to accumulate 10,000 dollars worth of physical silver. The creator showcases the addition of a 1 Troy ounce American Silver Eagle coin, updating the running stack value from $23.05 to $87.43 with clean on-screen overlays and satisfying tactile sound effects.",Day 2 of stacking silver untill 10K value.; Today I'm adding a silver eagle which has 1 Troy ounce of silver.; Stack Value: $23.05; Stack Value: $87.43; UNITED STATES OF AMERICA; 1 OZ. FINE SILVER - ONE DOLLAR; 2008; IN GOD WE TRUST,Raw UGC,Vlog,false,yes,,https://www.tiktok.com/@.silverstack/video/7685935765381074190
watches,watch collection,2026-09-15,2026-10-01,docphantastic,docphantastic,52900,1285,103,117,"Wrist check: wedding edition 💎 @mark.r.millet and @luzianeborges4 

Some serious pieces came out for this one.

#WristCheck #WatchCollection #Rolex #healthcare",A creator attends a corporate VP's wedding and films a high-end watch wrist check montage featuring luxury timepieces ranging from hundreds to hundreds of thousands of dollars.,"POV: YOU DO A WRIST CHECK AT YOUR VP'S WEDDING; ROLEX DAYTONA ICE BLUE DIAL $120,000; CARTIER LOVE BRACELET $8000; ROLEX OYSTER PERPETUAL $9000; TUDOR BLACK BAY 58 $5500; PANERAI RADIOMIR 40MM $6500; MOVADO WATCH $900.00; GARMIN $350.00; APPLE WATCH ULTRA $800.00; ROLEX OYSTER PERPETUAL EXPLORER $11,000; ROLEX GMT ROOTBEER $23,500; ROLEX YACHT MASTER II $20,000; ROLEX PANDA DAYTONA $40,000; RADO WATCH $1,700,00; ROLEX GMT SPRITE $18,500; TANK LOUIS CARTIER $12,500; PERMANENT GOLD BRACELETS; TISSOT 1853 $1300; MICHELLE $2500; TISSOT $600; NIXON WATCH $300.00; VP...; ROLEX SKY DWELLER $28,500",Polished Creator,Vlog,false,yes,possible off-topic,https://www.tiktok.com/@docphantastic/video/7685752908566072606
patches,patch collection,2026-09-15,2026-10-01,arioniee_,arion,908,43,2,2,"will be repurchasing these Ulta Beauty Collection “Wake Up Call Under Eye Patches” next time I’m at an Ulta!! 

#undereyepatches #eyepatches #ultabeauty #ultabeautycollection #rhodeeyepatches","An influencer shares an enthusiastic, authentic review of Ulta Beauty Collection eye patches while getting ready in a hotel bathroom during LTK Con.",these Ulta Beauty Collection eye patches are my latest obsession...; Another day at LTK Con calls for another set of these; Ulta Beauty Collection Wake Up Eye Patches,Raw UGC,Review,true,yes,possible off-topic,https://www.tiktok.com/@arioniee_/video/7685747581133098253
patches,patch collection,2026-09-15,2026-10-01,patchesgoalpha,PatchesGoAlpha-Jade,612,12,2,,#patches #diy #fyp #sequins #sports,"A quick retail product showcase highlighting newly stocked sequined sports patches, targeted at NFL fans and DIY crafters through energetic visual pacing.",New patches 🤩🤩🤩; 344; $20; Eagles Fly!; Dallas; 5,Raw UGC,Haul,true,yes,,https://www.tiktok.com/@patchesgoalpha/video/7685733156615425310
watches,luxury watches,2026-09-15,2026-10-01,lea732124,lea world watch,1596,27,4,,"Guangzhou china Rolex 
#watch #mechanicalwatch #luxurywatches #menswatch #luxurywatch","A short, high-impact luxury watch flex video featuring a Rolex DateJust with a green dial, opening with a dynamic motion-blur transition and set to an assertive hip-hop audio track, posted by an account associated with Guangzhou, China.",ROLEX OYSTER PERPETUAL DATEJUST SUPERLATIVE CHRONOMETER OFFICIALLY CERTIFIED SWISS MADE,Polished Creator,Haul,true,yes,,https://www.tiktok.com/@lea732124/video/7685579567481851156
patches,patches,2026-09-14,2026-10-01,ju5tg1rlyt1ing5,ju5tg1rlyt1ing5,226,10,,,Half the time I struggle to find them #spotpatches #skincare,"A beauty creator shares a relatable review of ultra-thin Dr.Melaxin spot patches, using a close-up visual demonstration of their invisibility on the skin to hook viewers before displaying the product packaging.",The best spot patches EVER,Raw UGC,Review,true,yes,possible off-topic,https://www.tiktok.com/@ju5tg1rlyt1ing5/video/7685465835258875159
watches,luxury watches,2026-09-14,2026-10-01,rhonacai47,Lisa Wrist watch,265200,2383,92,179,"Guangzhou China
watches
#watch #mechanicalwatch #luxurywatches #menswatch #luxurywatch","A silent, high-definition POV video demonstrates the unboxing and wrist placement of a luxury mechanical watch featuring a Patek Philippe branded clasp, black dial, and grey rubber strap, originating from Guangzhou.",PATEK PHILIPPE GENEVE; 3; 9; 12; 1; 2; 4; 5; 6; 7; 8; 10; 11; LOCAL; 29-31-1; 3-5-7-9-11-13-15-17-19-21-23-25-27,Raw UGC,Haul,true,yes,,https://www.tiktok.com/@rhonacai47/video/7685435405012864278
watches,luxury watches,2026-09-14,2026-10-01,the.wristpulse,Time Reborn,9968,22,4,10,Today 7:30 pm New York time!!! All watches starting bid from 1$ auction!!! Make sure you guys are here!!!#timereborn #luxurywatches #watchliveauction #tudor #omega,A watch dealer builds excitement for an upcoming TikTok live auction by panning over a breathtaking collection of luxury timepieces while announcing a one-dollar starting bid.,"HELLO, GUYS. ALL WATCHES STARTING BIT FROM ONE DOLLAR'S AUCTION TODAY, SEVEN PM EASTERN TIME. SO MANY GOOD WATCHES. OH, MY GOD, IT'S BREATHTAKING. WE'RE HAVING HUBLOT, WE'RE HAVING TUDORS, WE'RE HAVING SO MANY OMEGAS. WE'RE HAVING CARTIER'S, CHOPARD AND SO ON. WE'RE GOING TO SEE YOU GUYS TODAY SEVEN THIRTY PM EASTERN TIME.",Raw UGC,Review,true,yes,,https://www.tiktok.com/@the.wristpulse/video/7685375138065435934
coins,coin collecting,2026-09-14,2026-10-01,lateefayo67,wang lama 🇲🇾,20800,739,624,184,#duitshilinglama #malaysiaoldcoins #koleksi #duitlama #coincollection,"A Malaysian creator films a short, engaging video inside a shopping mall inviting viewers to message her if they want to sell their old coins.","Hantarkan mesej kepada saya sekarang, saya beli semua jenis syiling tanpa sebarang bayaran.; ULIKO",Raw UGC,Tutorial,true,yes,,https://www.tiktok.com/@lateefayo67/video/7685264657220750600
coins,coin collecting,2026-09-13,2026-10-01,lateefayo67,wang lama 🇲🇾,35500,1260,1004,275,#duitshilinglama #malaysiaoldcoins #koleksi #duitlama #coincollection,"A Malaysian creator records a short talking-head video in a shopping mall offering to buy all types of old coins without fees, directing viewers to message her directly.","Saya membeli semua jenis syiling tanpa sebarang bayaran jika anda ada, sila mesej saya sekarang.",Raw UGC,Opinion,true,yes,,https://www.tiktok.com/@lateefayo67/video/7685133224510491911
watches,luxury watches,2026-09-13,2026-10-01,andiotwatche,ANDIOT WATCHES,636,15,1,,#luxurywatch #fyp #watches #luxury #watch,"An unboxing video showcasing a high-end replica chronograph watch, complete with branded presentation packaging, warranty documentation, and close-ups of the mechanical movement and wrist fit, targeted at watch enthusiasts.",Guangzhou China Super Clone 1:1; OMEGA; Speedmaster; PROFESSIONAL; MASTER CHRONOMETER; TACHYMETRE,Polished Creator,Unboxing,true,yes,possible off-topic,https://www.tiktok.com/@andiotwatche/video/7685105302445755662
coins,silver coins,2026-09-13,2026-10-01,koos.leon,koos.leon,10100,461,311,57,"THESE 1/2 c 1c 2 c 5 c 10 c 20c 50c AND

THE SILVER R1 COIN SETS WERE STRUCK AS PART OF THE SECOND DECIMAL ISSUE 1965 - 1990. IN 1962 IT WAS ANNOUNCED THAT A CHANGE IN SIZE, DESIGN AND METAL CONTENT O","A coin buyer demonstrates substantial liquidity by showing bundles of South African cash and gold coins, inviting local sellers to contact him for in-person collections with no fees.",THESE 1/2 c 1c 2 c 5 c 10 c 20c 50c AND THE SILVER R1 COIN SETS WERE STRUCK AS PART OF THE SECOND DECIMAL ISSUE 1965 - 1990...,Raw UGC,Personal-update,true,yes,,https://www.tiktok.com/@koos.leon/video/7685064148799048968
coins,(not in thumbnail),2026-09-13,2026-10-01,numisnuts2,NumisNuts,79600,353,5,16,Love hitting silver #coinhunting #rarecoins #silvercoin #coincollecting #coinrolling,,,,,,no,,https://www.tiktok.com/@numisnuts2/video/7685043773650373918
watches,luxury watches,2026-09-13,2026-10-01,imawristocrat,Metta Tan,138700,6872,79,206,10/10 watches for men in their 20s #watches #luxurywatches #watchcollector #WatchFam #WatchTok,"A creator breaks down a curated list of ten-out-of-ten luxury watches for men in their twenties, organized by ascending price tiers from $500 to $8,000, offering technical details and lifestyle recommendations for each piece.",10/10 Watches for men in their 20s; Seiko 5 GMT - $500; Tissot Gentleman - $1000; Longines Hydroconquest - $3000; Tudor Black Bay - $5000; Omega Speedmaster - $8000; Sept. 22; POWERMATIC 80; SWISS MADE; AUTOMATIC; TISSOT; 1853; LONGINES; TUDOR; GENEVA; SWISS; OMEGA; SPEEDMASTER; PROFESSIONAL,Polished Creator,Tutorial,false,yes,,https://www.tiktok.com/@imawristocrat/video/7685022938621381896
patches,patches,2026-09-13,2026-10-01,imogenawx,Imogen,597,7,,,"Find the spot patch 

#tiktokmademebuylt #spotpatches #skincare","Creator Imogen reviews Dr. Molexin spot patches in a casual TikTok video, demonstrating how to apply them and showing how undetectable and makeup-friendly they are.",Dr. Molexin ZERO-BLEMISH VITA-C & E ACNE PATCH 22 SPOTS,Raw UGC,Review,true,yes,possible off-topic,https://www.tiktok.com/@imogenawx/video/7684644276520733974
ducks,rubber duck,2026-09-13,2026-10-01,sesamestreet,Sesame Street,77500,7610,78,316,Who else wouldn’t leave the house without their rubber ducky?! #SesameStreet,"Sesame Street utilizes the popular TikTok 'of course' meme format featuring Bert and Ernie explaining that they never leave home without their quirky collection items, culminating in Ernie's iconic rubber ducky.",,Polished Creator,Comedy-skit,false,yes,,https://www.tiktok.com/@sesamestreet/video/7685019381700644110
ducks,rubber duck,2026-09-13,2026-10-01,killarneyduckstore,Killarney Duck Store,119400,11700,102,2033,"One simply must go in! 
.
.
.
#killarneyduckstore #ducksoftiktok #rubberducky #must #goin","A short, engaging retail showcase from the Killarney Duck Store utilizing a popular meme format and smooth camera panning to highlight an enormous, meticulously organized collection of novelty rubber ducks, aiming to entertain viewers and promote physical store visits.",POV: One does not simply walk past a duck store; NATIONAL GEOGRAPHIC; FASHION DUCK; ARTTY DUCK; POSITIVE POEM DUCK; LEOPARD DUCK; DRAGON DUCK; FOOTBALL DUCK; RIVALRIES DUCK; DONUT DUCK; PINES DUCK; COWBOY DUCK; YIN YANG DUCK; X-RAY DUCK; BRIDE & GROOM DUCKS,Raw UGC,Vlog,true,yes,,https://www.tiktok.com/@killarneyduckstore/video/7684943793488940310
watches,(not in thumbnail),2026-09-13,2026-10-01,ruffiedufie_,ruffie ♡ྀི,22500,244,75,53,Replying to @🌻 WATCH FOR WOMEN — all link here you go! ⌚️👀😌 #watchforwomen #watches #retrowatch #watchrecommendation #fypシ゚viral,,,,,,no,,https://www.tiktok.com/@ruffiedufie_/video/7684912690900389138
ducks,rubber duck,2026-09-13,2026-10-01,ducky73634,starduck73,110,2,,1,"Halloween Ducks 🎃🦆👻🪿🧛🐤☠️🐥 I thought this was going to be like a adventure calendar, and you open a new duck every day through October, but they just had a duck in each space when I opened it up","A TikTok post by starduck73 showing an unboxing of a Halloween rubber duck gift box set, explaining that despite expecting an advent calendar format, the user simply added the ducks to their existing collection.",1 2 3 4 5 6 7 8 9 10 11 12 13 14 15 16 17 18 19 20 21 22 23 24 Dowmoo HALLOWEEN GIFT BOXES,Raw UGC,Haul,false,yes,,https://www.tiktok.com/@ducky73634/video/7684808946103651605
ducks,rubber duck,2026-09-12,2026-10-01,ohana_trav,Ohana Trav,4083,169,5,45,I’m always taking a look at Five Below to see if a new character has dropped! Still on the hunt for a few new ones that I haven’t found yet - which ones are your fav? #disney #rubberducks,"A creator visits a Five Below store to showcase a massive assortment of 3-dollar licensed character rubber ducks spanning Disney, Star Wars, Marvel, and Dr. Seuss, engaging viewers by asking for their favorites.","Did you know Five Below has Disney, Star Wars, Marvel and other themed rubber ducks?; Wall-E; Eve; Jack Skellington; Zero; Rapunzel; Pascal; Mike Wazowski; Sulley; Cat in the Hat; Han Solo; Chewbacca; Princess Leia; Iron Man; Black Panther; Simba; Pumba; Stitch; Moana; Lotso; Alien; Tinker Bell; Mickey Mouse; Donald Duck; Daisy Duck; Pooh; Tigger; $3; $1; $4; $5; Disney; Star Wars; Marvel",Raw UGC,Haul,false,yes,,https://www.tiktok.com/@ohana_trav/video/7684798892512201997
patches,iron on patches,2026-09-12,2026-10-01,lashayeerose,EE5,9324,801,27,67,"I’m loving the patch look more than the pins .. now I need more !💖 @Curves by Sean Brown.                           
.
.
 Patches from @Hobby Lobby Pins from  @Amazon #curvestote #decoratewithme #iro","A creator demonstrates how to customize a hot pink Curves by Sean Brown tote bag by applying iron-on patches from Hobby Lobby and pins from Amazon, resulting in a vibrant and personalized fashion accessory.","For Temporary Use: Carefully peel off backing paper to reveal adhesive, then position right side up on project. Press firmly to adhere. For Permanent Use: 1. Preheat iron on cotton setting and turn off steam. 2. Carefully peel off backing paper to reveal adhesive. 3. Position right side up on project and press firmly to adhere. Cover with cloth, then iron for 10-15 seconds. 4. Turn project inside out and iron again for 20-25 seconds. 5. Let cool completely. Check for full adhesion and repeat steps 3-4 if necessary. Tip: For synthetic materials, use glue to adhere. Paper Studio 301302 219159 Sticker / Patch 2.5 in x 2.75 in The Paper Studio 261852 171999 Sticker / Patch 2 in x 2.38 in 1.49 2.49 1.99",Polished Creator,Tutorial,true,yes,,https://www.tiktok.com/@lashayeerose/video/7684730410986753310
watches,watch collection,2026-09-12,2026-10-01,nmakfitssss,nmakfits,19500,773,22,59,Reviewing my Chinese watch collection #lifestyle #fashion #china #shopthechinaway,"A male creator reviews his collection of high-end replica luxury watches sourced from China, showcasing models like Audemars Piguet, Rolex, and Richard Mille while directing viewers to a spreadsheet link in his bio.",REVIEWING MY CHINESE WATCH COLLECTION [Chinese flag emoji],Raw UGC,Review,true,yes,possible off-topic,https://www.tiktok.com/@nmakfitssss/video/7684723301989502230
ducks,rubber duck,2026-09-12,2026-10-01,the_sarkbites,(~!shark☆-●-☆bites!~),420,56,5,1,those ducks😳😳😳😳😳 #bonusducks #stimboard #rubberducky #thenormalelevator #fypシ,"A short, satisfying TikTok meme compilation centered around rubber ducks, featuring ASMR-style slime manipulation and a cat in a duck-filled bath, set to a repeating Team Fortress 2 voice sample.",,Raw UGC,Meme,false,yes,,https://www.tiktok.com/@the_sarkbites/video/7684684399648050453
coins,coin collecting,2026-09-12,2026-10-01,ma.basetsana6,Mr William,1024,37,2,1,"#THESE 1/2 c 1c 2 c 5 c 10 c 20c 50c

AND

THE SILVER R1 COIN SETS WERE STRUCK AS PART OF THE SECOND DECIMAL ISSUE 1965-1990. IN

1962 IT WAS ANNOUNCED THAT A CHANGE IN SIZE, DESIGN AND METAL CONTENT ","A short promotional TikTok post by Mr William displaying collections of vintage South African coins and banknotes with itemized valuations, backed by visual proof of large bank deposits, inviting viewers via a phone number to sell their old currency.","500x2c
1500x1c
175x5c
2x 1Rand
1x50c
3x20c
1x10
1x5c silver
Total 2183
send a message to this number
+27832779606
if you are interested
🌍🌎🌏
in selling your old coins
and notes 💰💵💵💷
STANDARD BANK
050101
TR. NO. 0004
ATM NO. K034
5,000,000.00
BRC Morison01
TRANSACTION REASON:
Transactionekarekurand
CASH DEPOSIT RECEIPT
13:56
12/03/2026
12/03/2026",Raw UGC,Meme,true,yes,,https://www.tiktok.com/@ma.basetsana6/video/7684673450904063253
coins,coin collecting,2026-09-12,2026-10-01,thecanadiancoinbroker,The Canadian Coin Broker,817100,21300,260,9242,"If you have a 2010 toonie… CHECK THE EDGE. 👀🪙

Most have 16 serrations in each section.

But there’s a scarcer variety with only 14.

✅ 16 = regular
🔥 14 = the one you want

And in high grade, the ","A coin collecting creator teaches viewers how to identify a rare 14-serration variety of the 2010 Canadian toonie, explaining its high potential value in mint condition to educate and engage coin enthusiasts.","IF YOU HAVE A 2010 TOONIE, YOU'RE GONNA WANNA CHECK THE EDGE. A NORMAL TOONIE HAS 16 SERRATIONS IN EACH SECTION, BUT THE VARIETY WE'RE LOOKING FOR ONLY HAS 14. 16 = regular, 14 = the one you want. DATE / DESCRIPTION / MINTAGE / MS-63 / MS-64 / MS-65 / MS-66, 2009 38,430,000 4., 10., 30., 75., 2010 8,220,000 12., 20., 40., 80., 2010 NWL 16 Serrations Included, 2010 14 Serrations Included 40., 65., 150., 300.",Polished Creator,Tutorial,false,yes,,https://www.tiktok.com/@thecanadiancoinbroker/video/7684660001511656711
coins,rare coins,2026-09-12,2026-10-01,dansdollarss,Dans Dollars,39100,1098,316,204,"500,000,000 UK 1997 2 TWO PENCE COIN VALUE ELIZABETH II #COIN #FYP #rarecoins #coincollecting #elizabeth","A numismatic creator examines a 1997 UK two pence coin, explaining its half-billion mintage and face-value worth, while encouraging viewers to check their change and comment on other coins for future reviews.","500,000,000; UK 1997 2 TWO PENCE COIN VALUE ELIZABETH II",Raw UGC,Tutorial,false,yes,,https://www.tiktok.com/@dansdollarss/video/7684617219602648343
patches,embroidered patches,2026-09-12,2026-10-01,lifebrandhq,Life Brand,2353,52,1,9,Learn the difference between woven and embroidered patches. #patches #apparel #embroidery,An apparel manufacturing expert demonstrates the physical differences between woven and embroidered patches to educate creators and promote custom merchandise services.,Patches: woven vs embroidered; MOST PEOPLE THINK THIS; IS AN EMBROIDERED PATCH; BUT IT'S NOT; THIS IS CALLED A WOVEN PATCH; THE LOGO IS WOVEN RIGHT INTO THE ACTUAL MATERIAL; AND THESE HANDLE SMALL DETAILS AND SMALL LETTERS REALLY WELL; THIS IS AN EMBROIDERED PATCH; WHERE IT'S ACTUALLY EMBROIDERED THREADED; THIS ACTUALLY HAS SOME PUFF IN IT AS WELL; THIS DOES NOT HANDLE LITTLE LETTERS WELL AT ALL; THIS DOES; IF YOU NEED SMALL DETAIL IN PATCHES; YOU WANT A WOVEN PATCH; MY NAME'S DUSTIN; HERE FROM LIFE BRAND; WE HELP BRING BRANDS TO LIFE; IF YOU NEED HELP WITH PATCHES; SEND US A DM,Raw UGC,Tutorial,true,yes,,https://www.tiktok.com/@lifebrandhq/video/7684615544263200013
coins,rare coins,2026-09-12,2026-10-01,coinsplacemint,COINSPLACEMINT,151800,5296,1486,1045,"🪙 We buy and sell rare coins, Mandela coins, and gold coins. Add value to your collection or sell yours at the best price. THESE 1/2 c 1c 2 c 5 c 10 c 20c 50c AND

THE SILVER R1 COIN SETS WERE STRUCK","A promotional TikTok video by a coin dealer featuring an ecstatic customer receiving a gift, accompanied by a voiceover and text detailing rare South African coins and offering a car in exchange for old coins.","We buy and sell rare coins, Mandela coins, and gold coins. Add value to your collection or sell yours at the best price. +27 60 577 8787; BCG 2588; Volkswagen logo in background",Raw UGC,Promotional,true,yes,,https://www.tiktok.com/@coinsplacemint/video/7684599860972195074
watches,watch collection,2026-09-12,2026-10-01,cadster82,Cadster82,283,8,6,2,"⚡️ THIS IS MY JOURNEY… AND WE’RE ONLY JUST GETTING STARTED! ⚡️

From the first piece to the collections growing along the way, this has been one hell of a journey — and the best part? Sharing it with ","A male creator showcases his growing collection of luxury watches and heavy chain necklaces, framed by an anime-inspired digital avatar, inviting viewers to follow his journey and start their own collections.",Cadster82; 龍; INVICTA; AUTOMATIC; 21 JEWELS; TACHYMETRE,Raw UGC,Showcase,true,yes,,https://www.tiktok.com/@cadster82/video/7684552313180081440
ducks,yellow rubber duck,2026-09-12,2026-10-01,sunnydale.wil,𝗪𝗶𝗹/𝘄𝗶/𝘄𝗲𝗲 !🎼🧁,630,70,8,7,"Rubber ducks wow#selfquestion 
#fyppppppppppppppppppppp #ducks #rubberduck","A short, fast-paced meme video celebrating rubber ducks through a rapid sequence of cute and surreal clips set to music.",Ducks.,Raw UGC,Meme,false,yes,,https://www.tiktok.com/@sunnydale.wil/video/7684492696945298708
ducks,rubber duck,2026-09-11,2026-10-01,inspired_by_michelle,Michelle,75800,3692,341,477,Keep on dancing my friend! #fyp #dancingattheendoftheworld #rubberducksrevolt #dancing #justforfun,"A middle-aged female creator shares an energetic and joyful living room dance performance lip-syncing to an upbeat track, designed to entertain and uplift viewers.",I feel this song to my core,Raw UGC,Vlog,false,yes,,https://www.tiktok.com/@inspired_by_michelle/video/7684404630624767262
watches,luxury watches,2026-09-11,2026-10-01,riwaazun,Riwaaz By UN,9863,134,3,67,"⌚🖤 Luxury on your wrist, confidence in your style!
Black dial + premium metal chain = the perfect classy look. ✨
DM to order 📩
03019614248
#MensWatch #LuxuryWatch #BlackWatch #MensFashion #WristWatc","A polished product showcase video featuring a men's luxury-style chronograph watch by REWARD, shot with smooth macro rotation and paired with an atmospheric soundtrack to drive direct-to-consumer sales via messaging.",Bestsellershdgms watermark at top right; REWARD logo on watch face; Polo Club branding on box and bag.,Polished Creator,Haul,true,yes,,https://www.tiktok.com/@riwaazun/video/7684381404955823367
watches,watches,2026-09-11,2026-10-01,mrluxury247,mrluxury247,35200,290,45,40,Delivery active #watch #bradford #fyp #forupage #watches,"A TikTok video by mrluxury247 demonstrating active local delivery of authentic Rolex watches with original boxes and papers in Bradford, appealing to luxury buyers through fast-paced visual proof.",Active on delivery in Bradford; 100 with Box&papers; Rolex,Raw UGC,Vlog,true,yes,,https://www.tiktok.com/@mrluxury247/video/7684360407691070742
patches,patch collection,2026-09-11,2026-10-01,thepanthersgaming18,Panthers Gaming and more,504,22,1,,Mail call #policepatchcollection #collector #policeofficer #patches #fyp,"A silent unboxing video showcasing police patches, official letters, and departmental brochures from Bellevue and Fullerton police departments for a community of patch collectors.","CITY OF BELLEVUE POLICE DEPARTMENT Post Office Box 90012 Bellevue WA 98009-9012; BELLEVUE POLICE CITY OF WASHINGTON SINCE 1953; FROM: FULLERTON POLICE DEPARTMENT CITY OF FULLERTON 237 WEST COMMONWEALTH AVENUE FULLERTON, CALIFORNIA 92832-1881; Fullerton Police Department Orange County, California United States of America; POLICE OFFICER FULLERTON POLICE 24",Raw UGC,Aesthetic,false,yes,,https://www.tiktok.com/@thepanthersgaming18/video/7684332222542859534
coins,coin collecting,2026-09-11,2026-10-01,metro_coin_motion,Henriantoni420,56400,1459,226,479,"A 1943 copper penny struck in San Francisco during just sold for $456,000 (all in) at auction. During the US Mint accidentally struck a handful of Lincoln cents on bronze planchets instead of steel cr","A TikTok post detailing the auction sale of a rare 1943-S copper Lincoln cent for hundreds of thousands of dollars, combining live auction footage with coin specifications and captioning.","380,000 here; BREAKING 1943-S Copper Penny Sells for $456,000; Lot 3024; 1943-S Lincoln Cent, Struck on a Bronze Planchet, AU-55 (PCGS), Gold CAC, CMQ.",Documentary,News,false,yes,,https://www.tiktok.com/@metro_coin_motion/video/7684304075663461662
coins,rare coins,2026-09-11,2026-10-01,oldusacoin0,old coins 🪙 usa,6258,278,88,30,"1999 French Euro Cent Coin Worth $863,000? Rare Coin Discovery!#RareCoin #FrenchCoin #EuroCent #1999Coin #CoinValue","A TikTok video by an old coin creator uses sensationalized valuation claims of $863,000 for a 1999 French 20-euro cent coin to capture collector attention and drive audience engagement.","$863,000; THE 1999; FRENCH EURO CENT; COIN IS A; FASCINATING; PIECE THAT COULD; CATCH THE; ATTENTION OF COLLECTORS; AROUND THE WORLD; THIS COIN FEATURES; MARIANNE, THE; POWERFUL SYMBOL OF THE; FRENCH REPUBLIC,; REPRESENTING LIBERTY,; STRENGTH,; AND NATIONAL IDENTITY.; THE LETTERS RF STAND FOR; REPUBLIQUE FRANCAISE,; MAKING THIS COIN INSTANTLY; RECOGNIZABLE AS; A FRENCH ISSUE.; BASED ON THE IMAGE; AND ITS VISIBLE CONDITION,; THIS COIN COULD; BECOME ESPECIALLY; INTERESTING; IF IT CONTAINS; A RARE MINTING ERROR,; UNUSUAL VARIETY,; OR; EXCEPTIONAL CONDITION.; THE 1999 DATE; IS ALSO SIGNIFICANT; BECAUSE IT BELONGS; TO THE EARLY; YEARS OF EURO; COIN PRODUCTION.; WHILE MOST CIRCULATED; EXAMPLES ARE COMMON,; RARE ERRORS AND; SPECIAL HIGH-GRADE EXAMPLES; CAN ATTRACT; SERIOUS COLLECTOR; INTEREST.; ESTIMATED; AUCTION VALUE; PROVIDED FOR THIS; FEATURED COIN,; IT COULD BE; WORTH AROUND $
 863,000;
 IN TODAY'S AUCTION; MARKET IF IT; HAS A TRULY; RARE AND VERIFIED; CHARACTERISTIC.; ALWAYS CHECK THE; MINT MARKS, DETAILS,; CONDITION,; AND AUTHENTICITY CAREFULLY,; BECAUSE ONE SMALL; DIFFERENCE COULD TURN; AN ORDINARY; COIN INTO AN; EXTRAORDINARY DISCOVERY",Raw UGC,Tutorial,false,yes,,https://www.tiktok.com/@oldusacoin0/video/7684291291294764310
watches,luxury watches,2026-09-11,2026-10-01,andiotwatche,ANDIOT WATCHES,1286,4,,1,#fyp #watches #watch #luxurywatch #superclone,"A creator shares an anxious personal story about going to their first real job interview while unboxing and putting on a replica luxury watch, ending on a triumphant note about getting the job.",GuangZhou China Super Clone 1:1,Raw UGC,Vlog,true,yes,possible off-topic,https://www.tiktok.com/@andiotwatche/video/7684228304487861518
watches,watches,2026-09-11,2026-10-01,valerppp6s1,joker watch01,9893,179,10,13,#watch #watchmegrow #watchcollector #watches #fyp,"A silent, high-detail visual showcase of a luxury Hublot watch, highlighting its mechanics, clasp, and design for watch collectors.","OMEGA, HUBLOT, MP-09, BIG BANG, SWISS MADE, 5DAYS POWER RESERVE, DATE, CARTIER",Raw UGC,Review,true,yes,,https://www.tiktok.com/@valerppp6s1/video/7684186153691385121
patches,patches,2026-09-11,2026-10-01,zwcsm5,Joey’s store,2209,20,,2,These thin pimple patches are incredible! #pimplepatch,"A beauty creator reviews Dr. Melaxin ultra-thin pimple patches on TikTok, demonstrating their invisibility under makeup and promoting a TikTok Shop deal.",Dr. Melaxin MELA-C ZERO-FIT ULTRA THIN DARK SPOT PATCH MICRO TYPE 0.013mm 12mm x 72 Patches ORIGINAL TECH & PRO FORMULA; ZINC ZERO-DOT,Raw UGC,Review,true,yes,possible off-topic,https://www.tiktok.com/@zwcsm5/video/7684179195718618390
ducks,rubber duck,2026-09-11,2026-10-01,colorburstbaby,Color_Burst_Baby,10200,90,31,2,"Watch this adorable Black American toddler find a CLASSIC RUBBER DUCK inside a GIANT Rainbow Bath Bomb! 🐤💦
#RainbowDuck #DuckBathBomb #ToddlerLife #Corgi #SatisfyingFizz #BabyBathTime #ASMRBath #Vir","A heartwarming short video capturing a Black American toddler and a corgi watching a giant rainbow bath bomb dissolve in a backyard pool to reveal a rubber duck, sparking pure joy and laughter.",,Raw UGC,Vlog,false,yes,,https://www.tiktok.com/@colorburstbaby/video/7684164430636092695
ducks,yellow rubber duck,2026-09-10,2026-10-01,noble_placesandfinds,Tonya Noble,71700,2043,55,2652,"#thenoblecouple #lowes #blowmoldduck #rubberducks 
#rubberduckies","A creator shares a joyful shopping discovery at Lowes, featuring a large holiday-themed blow mold duck priced at 29.99.",Blow Mold Duckie @ Lowes. Not missing this one.; LIGHTING; AWARNING; FATTY,Raw UGC,Vlog,false,yes,,https://www.tiktok.com/@noble_placesandfinds/video/7683978966918565150
watches,vintage watches,2026-09-10,2026-10-01,braddotwatch,brad.watch,3482,165,21,5,Here are some of the coolest watches I saw this week for ladies / girls / women. Would you wear any of these? #womenswatchesandwatchstyles #ladieswatches #watchesforwomen #vintagefashion #watches,"A watch creator presents a curated list of eight vintage women's watches ranging from an affordable $70 Seiko tank to an $8,995 Patek Philippe Calatrava, highlighting specifications, pricing, and why each piece is a great option.","Listing details including brand names, prices, conditions, and image counters (e.g., Seiko tank Ladies Tank Wa, 70 dollars, Patek Philippe Calatrava, 8,995 dollars, Omega Classic, 4,265 dollars, IWC 1950s Vintage IWC Cal., 1,200 dollars, IWC Da Vinci, 3,999 dollars, Carl F. Bucherer, 1,350 dollars, Hamilton Tank Geneva, 453 dollars, Rolex Datejust, 6,950 dollars, 8/8, 1/6, 3/11, 10, 1/9, 2/13, 1/8)",Polished Creator,Review,false,yes,,https://www.tiktok.com/@braddotwatch/video/7683958394394348813
coins,coin collecting,2026-09-10,2026-10-01,legbootlegit,Legboot,22600,850,27,25,"did I overpay for the 2026 penny?
#coins #coincollecting",Creator Legboot satirizes the exorbitant pricing and elite allocation of mint coin sets by humorously destroying mint packaging with heavy tools and hand-stamping his own Omega mark onto a 2026 penny before circulating it at a coffee shop.,,Raw UGC,Comedy-skit,false,yes,,https://www.tiktok.com/@legbootlegit/video/7683930382005259534
coins,rare coins,2026-09-10,2026-10-01,dansdollarss,Dans Dollars,130600,2641,684,448,"100,000,000 UK 1992 2 TWO PENCE COIN VALUE ELIZABETH II #COIN #fyp #coincollecting #elizabeth #rarecoins","Creator Dans Dollars examines a 1992 UK two-pence coin, explaining its mintage of 100 million and standard face value, while contrasting it with the rarer 1983 two new pence coin to educate collectors.","100,000,000
UK 1992
2 TWO PENCE COIN
VALUE ELIZABETH II
ELIZABETH II DEI GRA DEF 1992
TWO PENCE 2",Raw UGC,Tutorial,false,yes,,https://www.tiktok.com/@dansdollarss/video/7683900713289780513
coins,silver coins,2026-09-10,2026-10-01,samso.tiv,Samso tiv,8986,307,75,44,"1947-D Washington Quarter – Estimated Sold Value $32,400!  Could This Old Silver Quarter Be Worth the Price of a Luxury Car? Check Your Vintage Quarters for This Hidden Collector’s Treasure!

#1947DWa","A fast-paced numismatic tutorial video explaining how a high-grade 1947-D Washington quarter can be worth up to $32,400, encouraging viewers to check their pocket change for rare silver coins.","32,400.00, WHAT IF A QUARTER YOU'VE BEEN IGNORING FOR YEARS COULD BE WORTH ENOUGH TO PUT YOU BEHIND THE WHEEL OF A LUXURY CAR? MOST PEOPLE SEE AN OLD 25-CENT COIN AND SPEND IT WITHOUT A SECOND THOUGHT, BUT SOME WASHINGTON QUARTERS CAN BECOME EXTRAORDINARY COLLECTOR'S TREASURES, COULD THIS TINY SILVER COIN BE HIDING A FORTUNE IN PLAIN SIGHT, THIS IS THE 1947 D WASHINGTON QUARTER, ON THE FRONT YOU'LL FIND THE ICONIC PORTRAIT OF GEORGE WASHINGTON WHILE THE REVERSE FEATURES THE CLASSIC AMERICAN EAGLE WITH ARROWS AND OLIVE BRANCHES, STRUCK JUST AFTER WORLD WAR II THIS QUARTER IS MADE OF 90% SILVER MAKING IT AN IMPORTANT PIECE OF AMERICAN COIN HISTORY, THE SMALL D MINT MARK TELLS US THIS QUARTER WAS STRUCK AT THE DENVER MINT, MILLIONS WERE PRODUCED AND MANY ENTERED EVERYDAY CIRCULATION LEAVING COUNTLESS EXAMPLES WORN SCRATCHED AND MISSING THEIR ORIGINAL BRILLIANCE, BUT COLLECTORS SEARCH FOR SURVIVING EXAMPLES WITH SHARP DETAILS CLEAN SURFACES STRONG LUSTER AND EXCEPTIONAL PRESERVATION, RARE VARIETIES MINT ERRORS AND EXTREMELY HIGH GRADES CAN MAKE A PARTICULAR QUARTER STAND OUT FROM ORDINARY EXAMPLES, EXPERTS CAREFULLY EXAMINE THE DATE MINT MARK STRIKE QUALITY SURFACES AND OVERALL CONDITION, EVEN THE SMALLEST DIFFERENCE IN PRESERVATION CAN DRAMATICALLY INCREASE COLLECTOR INTEREST, AND HERE'S WHERE THE MYSTERY GETS EXCITING A HIGH GRADE 1947 D WASHINGTON QUARTER HAS AN ESTIMATED SOLD VALUE OF $32,400, TURNING A SIMPLE 25-CENT COIN INTO A REMARKABLE COLLECTOR'S TREASURE, SO BEFORE YOU",Polished Creator,Tutorial,false,yes,,https://www.tiktok.com/@samso.tiv/video/7683896903678921997
coins,silver coins,2026-09-10,2026-10-01,legitcompany7,MR CHRISTIAN WILLEM  🇿🇦®️,52700,1283,463,269,"THESE 1/2c 1c 2c 5c 10c 20c 50c AND THE SILVER R1 COIN SETS WERE STRUCK AS PART OF THE SECOND DECIMAL ISSUE 1965 - 1990.
IN 1962 IT WAS ANNOUNCED THAT A CHANGE IN SIZE, DESIGN AND METAL CONTENT OF COI","An educational TikTok video featuring a detailed historical breakdown of South African decimal coins from 1965 to 1990, paired with striking visual footage of a Cape Town coin show, massive cash heaps, and warehouse logistics.","THESE 1/2c 1c 2c 5c 10c 20c 50c AND THE SILVER R1 COIN SETS WERE STRUCK AS PART OF THE SECOND DECIMAL ISSUE 1965 - 1990. IN 1962 IT WAS ANNOUNCED THAT A CHANGE IN SIZE, DESIGN AND METAL CONTENT OF COINS WAS BEING CONSIDERED. THIS WAS PRIMARILY DUE TO THE INCREASE IN THE PRICE OF SILVER. VARIOUS PATTERNS WERE STRUCK FOR CONSIDERATION BY THE PARLIAMENTARY COMMITTEE INVESTIGATING THIS AS THE INCREASED USE OF COIN AUTOMATION MACHINES REQUIRED LONG TERM USE OF THE COIN TYPES CHOSEN. this is the coins shop at Cape Town SO THIS IS THE COIN SHOW AT THE AT CAPE TOWN AND IT HAS JUST OPENED ITS DOORS. AND AS YOU CAN SEE, THERE'S A LOT PEOPLE AND MOVING TRAFFIC AROUND ETCETERA. AND IF YOU'RE IN THE CAPE TOWN EAR.",Raw UGC,Informational,false,yes,,https://www.tiktok.com/@legitcompany7/video/7683864039021137172
watches,luxury watches,2026-09-10,2026-10-01,luvyerwatches,Luvyer,653200,34700,193,3704,"Stardust isn’t just a dial—it’s a statement in subtle luxury. ✨⌚️ The textured finish catches the light with every movement, creating a refined shimmer that feels elegant, distinctive, and effortlessl","A short aesthetic TikTok post showcasing a custom metallic wristwatch with a sparkling stardust dial, styled within a quiet luxury and old money fashion context.",Stardust Dial 😳,Polished Creator,Aesthetic,true,yes,,https://www.tiktok.com/@luvyerwatches/video/7683814697006566678
watches,watch collection,2026-09-10,2026-10-01,dula.mov,dula.mov,37700,557,67,34,Watch ranking #watch #ranking,"A watch enthusiast passionately critiques a viral watch brand tier list on TikTok, expressing outrage over misplaced luxury brands like Rolex and Tudor while defending accessible favorites like Casio.","Watch ranking #watch #ranking S GRAIL TIER PATEK PHILIPPE GENEVE, AP AUDEMARS PIGUET, VACHERON CONSTANTIN, RICHARD MILLE A ELITE ROLEX, OMEGA, CARTIER, JAEGER-LECOULTRE B HIGH END TUDOR, IWC, GRAND SEIKO, BREITLING C MID TIER LONGINES, TAG HEUER, VALUSIS, ORIS, HAMILTON D ACCESSIBLE TISSOT, SEIKO, CITIZEN, BULOVA, FOSSIL, CASIO E FASHION / MICROBRANDS MVMT, DW Daniel Wellington",Raw UGC,Reaction,false,yes,,https://www.tiktok.com/@dula.mov/video/7683715384846961950
patches,patch collection,2026-09-09,2026-10-01,atticus_apparel,Atticus Apparel,650,27,6,,"Organizing, stocking and prepping patches for my event this weekend...can't wait!❤️
#irononpatches #oregon #truckerhat #vendor #patches","Atticus Apparel showcases its massive inventory of humorous and branded embroidered patches organized in acrylic bins, prepping for a weekend vendor event in Oregon.","Organizing, stocking and prepping patches for my event this weekend...can't wait!❤️
#irononpatches #oregon #truckerhat #vendor #patches
Budweiser
Coors
Old No. 7
FOX
Marlboro
LAKE
MINER GANG
PORTLAND
JACK DANIELS
ROUTE 66
COWBOYS AND BEER
FUCK YOU
SMOKE SHOW
SINKIN DRINKIN
BOUJEE BITCH",Raw UGC,Behind-the-scenes,true,yes,,https://www.tiktok.com/@atticus_apparel/video/7683686547857706254
watches,watch collection,2026-09-09,2026-10-01,theadamsaad,theadamsaad,11400,120,179,14,"There’s no comparison, Rolex wins every time💯👏 #luxurywatches #rolex #watches #watchcollector #viral","A passionate watch collector delivers a controversial rant arguing that Rolex vastly outperforms Omega as a status symbol, urging viewers to abandon entry-level watches in favor of high-prestige timepieces that elevate social standing.",The Most Overrated Watch brand; TAKE THAT SPEEDY YOU GOT FROM YOUR COLLEGE GRADUATION; AND THROW IT IN THE GARBAGE; OR AT LEAST THROW IT IN THE SAFE; NO MORE WEARING IT; IT IS TIME TO GROW UP AND GET A REAL BIG BOY WATCH; AND THAT IS GOING TO BE A ROLEX; THE ROLEX IS GOING TO DO A FEW THINGS FOR YOU; MAKE YOU THE MAN THAT YOU ARE SUPPOSED TO BE; AND THAT YOU WANT TO BE; IT IS GOING TO GET YOU INTO ROOMS; AND CONVERSATIONS ARE GOING TO ELEVATE YOUR STATUS IN SOCIETY; THIS IS WHEN YOU GUYS CRY; ABOUT STATUS AND WATCHES AND BUY WHAT YOU LIKE; INSTEAD OF WHAT IS A FLEX; THESE ARE TOOL WATCHES; USE THE TOOL TO GET IN BETTER ROOMS; ROLEX OYSTER PERPETUAL DATE; ROLEX YACHT-MASTER; ROLEX GMT-MASTER II,Polished Creator,Opinion,false,yes,,https://www.tiktok.com/@theadamsaad/video/7683585740814486814
patches,embroidered patches,2026-09-09,2026-10-01,plexicosplay,Plexi Cosplay,25800,3735,74,162,"Got a good start on Sesshomaru from Inuyasha! Here’s how I made all of his design patches - I did custom make the hakima and top as well. Next is armor, sash, fur, wig 😮‍💨 #inuyasha #sesshomaru","A skilled cosplayer demonstrates the step-by-step process of designing, embroidering, and assembling custom hexagonal patches for a Sesshomaru cosplay from Inuyasha.","Making Sesshomaru's Custom Patchwork; Set up the embroidery hoop; Applique tack down stitch first; Cut close to stitch leaving stabilizer; Remove excess carefully; Iron on patch adhesive to back and cut close to stitch lines; Next up: armor, sash, fur!",Raw UGC,Tutorial,false,yes,,https://www.tiktok.com/@plexicosplay/video/7683565188871654669
patches,embroidered patches,2026-09-09,2026-10-01,omni.punch,Omni Punch,2396,77,,4,"🦅 Looking to add custom Philly Eagles-inspired patches to your collection?
We manufacture premium embroidered patches for brands, shops & merch businesses.
📩 DM Omni Punch to start your next order.
",A short B2B promotional video showcasing custom embroidered patch manufacturing capabilities by Omni Punch.,,Raw UGC,Behind-the-scenes,true,yes,,https://www.tiktok.com/@omni.punch/video/7683558433722846482
watches,luxury watches,2026-09-09,2026-10-01,chloe_dkwatches,chloe_dkwatches,52600,2338,11,501,"We have 3 insanely gorgeous Rolex Datejusts in stock !! 🌟💕✨ if your interested send me a message 

#womenswatches #watchesoftiktok #rolexwatch #luxurywatches #rolex","A luxury watch dealer showcases three specific 26mm two-tone Rolex Datejust models currently in stock, detailing their dial variations, box-and-paper inclusions, and specific price points while prompting direct messages from interested buyers.","we have got these three gorgeous two tone Rolex Datejust in 26 millimeters in stock firstly we have this pink mother of pearl dial this one's 4,850 and comes with box and papers we also have this gorgeous coraly pink dial this one cost 4,750 and finally we have this really classy grey dial and this one's at an amazing price of 3,750 these models are super popular so if you're interested please send me a message",Polished Creator,Review,true,yes,,https://www.tiktok.com/@chloe_dkwatches/video/7683532813194317078
patches,patch collection,2026-09-09,2026-10-01,patchesgoalpha,PatchesGoAlpha-Jade,450,5,2,1,College!!#patches #diy #fyp #sequins #sports,"A vibrant TikTok video showcasing a large restock of sequin and chenille patches geared toward college game days and DIY fashion, highlighting popular sports teams and characters with high visual impact.",Newest patches!!; BULLDOGS; 321; 323; Dodgers; 18; A; NFL; Game Day; 4,Raw UGC,Haul,true,yes,,https://www.tiktok.com/@patchesgoalpha/video/7683503241266580766
coins,silver coins,2026-09-09,2026-10-01,rizal757575,Kolektor_Amatir,1025,39,1,13,"#SilverCoin $1 Singapore 1977
#fyppppppppppppppppppp #kointiktok #koinkuno #singapore @WORLD COIN COLLECTION PH. @harborcoincompany @CoinNewsMagazine @Old coins & silver Collection @U.S.A Coin @Coin H",A short-form video showcasing a 1977 Singapore one dollar silver proof coin accompanied by its official Numista catalog specifications.,"#SilverProof
$1 Singapore 1977
Numista Catalog · Singapore
1 Dollar
Silver Proof
Singapore 1977
Features
Issuer Singapore
Period Republic (1965-date)
Type Non-circulating coins
Years 1975-1984
Value 1 Dollar
1 SGD = IDR 13938
Currency Dollar (1967-date)
Composition Silver (.925) (Copper .075)
Weight 18.05 g
Diameter 33.32 mm
Thickness 2.4 mm
Shape Round
Technique Milled
Orientation Medal alignment ↑↑
Number N#124224
References KM#6a",Raw UGC,Meme,false,yes,,https://www.tiktok.com/@rizal757575/video/7683408347197902100
patches,embroidered patches,2026-09-09,2026-10-01,qualitypatches,Quality Patches,3946,90,11,12,"A little crazy, but make it puff ✨ 

This gold puff embroidered patch has that raised, dimensional look that makes even the simplest design stand out. Custom colors, shapes, fonts, and designs… you dr","A short, satisfying product showcase by Quality Patches highlighting the 3D dimension of a gold puff embroidered patch, encouraging viewers to order custom merchandise.","RAISED THREADS, BOLD STATEMENTS, ZERO COMPROMISES; #PUFF",Polished Creator,Behind-the-scenes,true,yes,,https://www.tiktok.com/@qualitypatches/video/7683319768891297056
coins,silver coins,2026-09-08,2026-10-01,namibia.coins.buye,Coins buyer,3215,106,84,13,"THESE 1/2 c 1c 2 c 5 c 10 c 20c 50C AND THE SILVER R1 COIN SETS WERE STRUCK AS PART ORTHE SECOND
DECIMAL ISSUE
1965 - 1990. IN 1962 IT WAS
ANNOUNCED THAT A CHANGE IN SIZE, DESIGN AND METAL CONFENT OFC","A professional coin buyer based in Windhoek, Namibia, addresses local residents in a talking-head video to announce that he is actively purchasing second decimal issue coins and silver R1 sets, offering top rates with assurances against scams.","THESE 1/2 c 1c 2 c 5 c 10 c 20c 50C AND THE SILVER R1 COIN SETS WERE STRUCK AS PART ORTHE SECOND DECIMAL ISSUE 1965 - 1990. IN 1962 IT WAS ANNOUNCED THAT A CHANGE IN SIZE, DESIGN AND METAL CONFENT OFCOINS WAS BEiNG the coins and CONSIDERED. THIS WAS PRIMARILY DUE TO THE INCREASE IN THE PRICE OF SILVER. VARIOUS PATTERNS WERE STRUCK FOR CONSIDERATION BY THE PARLIMENTARY COMMITTEE INVESTIGATING THIS AS THE INCREASED USE OF COIN AUTOMATION MACHINES REQUIRED LONG TERM USE OF THE COIN TYPES CHOSEN #namibiantiktoker / #windhoek #windhoeknamibia #windhoeknamibia / #coinsneededurgently",Polished Creator,Tutorial,true,yes,,https://www.tiktok.com/@namibia.coins.buye/video/7683253294701088020
patches,embroidered patches,2026-09-08,2026-10-01,omni.punch,Omni Punch,3762,107,5,14,"🇺🇸🦅 Philadelphia Eagle patches, made to stand out!
Premium custom patches crafted with detail and durability.

#PhiladelphiaEagles #EaglesPatches #NFLPatches #CustomPatches #EmbroideredPatches","A fast-paced, satisfying behind-the-scenes video showcasing the manufacturing of custom Philadelphia Eagles embroidered patches by Omni Punch, designed to appeal to sports fans and merchandise buyers.",PHILADELPHIA Eagles,Polished Creator,Behind-the-scenes,true,yes,,https://www.tiktok.com/@omni.punch/video/7683205559599762706
watches,luxury watches,2026-09-08,2026-10-01,sen98169,Sen,16700,336,7,51,What makes vs factory so good #watch #vsf #guangzhou #luxurywatches,"A watch expert breaks down why VSF factory watch movements are considered legendary among enthusiasts, using macro comparative footage to demonstrate that high-end replica movements can rival genuine parts in reliability and compatibility.","Where does vsf shine?; What is vsf?; 72V; 15,000; FAKE; REAL; GEN; SUBMARINER; V-S FACTORY; DANDONG; FKM",Polished Creator,Review,false,yes,possible off-topic,https://www.tiktok.com/@sen98169/video/7683143730857020685
watches,luxury watches,2026-09-08,2026-10-01,werger.foiles,TimeRhythm,73100,6444,16,246,"Rolex Day-Date 
📌 Model: M228238-0004 | 
The deep black dial is accented with dazzling diamond hour markers, creating a striking and sophisticated black-and-gold aesthetic. 🖤✨
The 18K yellow gold ca","A polished top-down unboxing video of a Rolex Day-Date 40 in 18K yellow gold with a black dial, set to dramatic orchestral music to emphasize luxury and craftsmanship.",ROLEX on box sleeve and dial; DAY-DATE on dial; M228238-0004 in post caption,Polished Creator,Haul,false,yes,,https://www.tiktok.com/@werger.foiles/video/7683142908026834208
watches,watch collection,2026-09-08,2026-10-01,jay.jess.aristowatch,JessTicky@AristoWatch,8082,528,9,39,"Four Ways to Wear the RM 30-01.

Black. White. Titanium. Blue.

You can keep only one—which are you choosing?

#RichardMille #RM3001 #LuxuryWatches #HauteHorlogerie #watchcollector","A luxury watch curator showcases four different colorways of the Richard Mille RM 30-01 from a massive inventory tray, leveraging visual shock and an interactive choice prompt to drive high engagement among watch collectors.",POV: You came in for one RM 30-01... Now you have four problems.,Polished Creator,Haul,true,yes,,https://www.tiktok.com/@jay.jess.aristowatch/video/7683098762218327317
patches,iron on patches,2026-09-07,2026-10-01,brambles_and_rose_,Brambles And Rose,1302,57,2,3,"How to make Linocut fabric patches with patch specific adhesive 
#linocutprint #linocutpatches #irononpatches #patchadhesive #patchtutorial","A quick DIY tutorial showing how to apply specialized iron-on adhesive to linocut fabric prints to create durable, non-fraying clothing patches.",How to make Linocut fabric patches with patch specific adhesive; Very stuck on and does not fray; Print on your fabric (This is an old canvas bag) Don't forget to let the ink set before you iron it; Patch adhesive from allstitch.com; Lil scrap of adhesive; Iron it with a scrap piece of fabric on top to protect your iron; Cut around patch with paper backing still on; Done :); Now it's ready to be ironed onto clothing,Raw UGC,Tutorial,false,yes,,https://www.tiktok.com/@brambles_and_rose_/video/7682820941637864734
watches,vintage watches,2026-09-07,2026-10-01,cardinalandcowatches,Miles Charlton,57200,3394,14,395,"Vintage Seiko Dolce with heavy Cartier influence, including a platinum and gold plated octagonal case and piano black minimalist dial.

Sold.

#vintagewatch #mensfashion #mensstyle #vintagestyle #watc","A watch dealer showcases vintage Seiko Quartz Dolce watches that resemble high-end Cartier timepieces, combining educational value with subtle luxury styling to appeal to fashion-conscious collectors.",These Japanese watches looks like rare Cartiers; SEIKO QUARTZ Dolce; 5930 6020 6730; 取扱説明書; Cartier; Must de Cartier,Polished Creator,Review,true,yes,,https://www.tiktok.com/@cardinalandcowatches/video/7682799047064751367
watches,watch collection,2026-09-07,2026-10-01,dailydeluxe.official,Dailydeluxe,63900,2635,16,119,"The MB&F HM9 is one of the craziest watches I have ever seen! 
Inspired by the beautifully streamlined automotive and aviation designs of the 1940s and 1950s, its sculptural case feels more like a min","A silent POV video showcasing the rare MB&F HM9 Horological Machine watch, emphasizing its jet-engine-inspired design, dual balance wheels, and unconventional vertical time display.",Watch or Jet Engine,Polished Creator,Review,false,yes,,https://www.tiktok.com/@dailydeluxe.official/video/7682754673664740641
watches,luxury watches,2026-09-07,2026-10-01,luxurytimegreece,luxurytimegreece,77400,782,11,85,"Elegance that never fades. 
Step inside our Cartier vault.

Explore our curated collection of beautiful pre-owned Cartier timepieces currently in stock. Pure sophistication and timeless design, ready ","A polished social media showcase featuring a curated selection of pre-owned Cartier watches in a custom display tray with transparent pricing, designed to appeal to luxury watch collectors and drive international sales.","LUXURY TIME, €7500, €4950, €4900, €4200, €3400, €3900, €4300, €7900",Polished Creator,Aesthetic,true,yes,,https://www.tiktok.com/@luxurytimegreece/video/7682744613463149846
coins,rare coins,2026-09-07,2026-10-01,usacoin09,USA Coin Reveal,3072,107,13,11,The $5.2 Million Secret Hiding in Your Pocket Change: Is Your Wheat Penny Real#WheatPenny #RareCoins #CoinCollecting#viral#HiddenFortune#fyp#PennyValuation #HiddenFortune #,"An instructional numismatic video hosted by an automated voiceover guides viewers through identifying and valuing 1950-D and 1951-D Lincoln Wheat Pennies, emphasizing condition, mint marks, and preservation.","STOP! This Wheat Penny Could Be Worth $5.2 Million — Check Yours!; errors; most importantly; don't clean anything; collector value; proper identification and; preservation should; always come before; trying to sell; or spend the coin; and now; let's talk about; the auction record; that demonstrates; just how; valuable an exceptional; 1950 d wheat; penny can become; according to PCGS; auction records; the highest; recorded auction price; for a 1950; d Lincoln; Penny; is $118,600; achieved by a; PCGS; MS 67 RD; example at Heritage; Auctions in January 2023; this was an; exceptionally high grade; certified coin; so that auction record; should not be interpreted; as the; value of every; 1950 d wheat; penny; instead; it shows the; substantial premium; collectors can place; on an; outstanding example; with exceptional grade; and original red; colour; so; the next time; you find; a 1950 wheat; penny with a; D; Mint mark; stop before you spend; it; check the date; examine the d; Mint; mark; study Lincoln's portrait; inspect the wheat reverse; and pay close; attention to the; coin's condition; color luster and; surfaces; look for genuine; varieties; but don't mistake; damage for a; rare; error; the 1950; d wheat penny; can be valuable; in the right; condition; and exceptional; examples have; proven; capable of bringing; serious money at; auction; if you enjoyed; this video; and want to; discover more; rare; wheat pennies valuable; Lincoln cents; old coins worth; money and; hidden; tre",Polished Creator,Tutorial,false,yes,,https://www.tiktok.com/@usacoin09/video/7682742789964156174
patches,iron on patches,2026-09-07,2026-10-01,jcokreations,jcokreations,666,24,5,3,Patches #irononpatches #fyp #patches #crafting #pinklover,"A visually engaging product showcase from a small creator highlighting custom pink-themed embroidered patches, set to an upbeat R&B soundtrack.",PRADA; THAT PART; Believe; FIGHTER; SEEK FIRST THE KINGDOM OF GOD; COACH; Jones Co. Kreations; Boujee Bundle,Raw UGC,Haul,true,yes,,https://www.tiktok.com/@jcokreations/video/7682719316952780045
watches,vintage watches,2026-09-07,2026-10-01,darioroia,Dario,14400,1179,27,72,VINTAGE WATCH HAULLL,"Luxury watch dealer Dario presents a rapid-fire haul of rare vintage timepieces including unique Rolex and Cartier models, combining expert commentary with enthusiastic showcasing.",VINTAGE WATCH HAUL,Raw UGC,Vlog,true,yes,,https://www.tiktok.com/@darioroia/video/7682705531747700000
watches,watches,2026-09-06,2026-10-01,artvangarde,ArtvanGarde,8400000,1300000,7279,108700,"Kardia is an experimental design project developing watches that transform the mechanics of timekeeping into something that looks strangely biological.
Inside the prototype, a miniature anatomical hea","An avant-garde artisan showcases experimental prototypes of mechanical watches and jewelry pendants featuring miniature, hyper-realistic anatomical hearts, blending luxury horology with surreal biological aesthetics.",,Raw UGC,Behind-the-scenes,true,yes,,https://www.tiktok.com/@artvangarde/video/7682535697777020192
watches,watch collection,2026-09-06,2026-10-01,hidden.closetdiaries,hidden.closetdiaries,7132,199,24,26,A great find of accessories to elevate any outfit ✨🤍 #unboxinghaul #affordablefashionfinds #womenwatches @Extreme fashion,"A fashion creator unboxes an affordable two-tone luxury-style watch, praising its heavy feel, classy aesthetic, and versatility for dainty wrists, while instructing viewers to check the caption and mention 'Tina' for a discount.","unboxing dainty jewelry, unboxing dai, in my bee - I - ohh, Extreme fashion",Raw UGC,Review,true,yes,,https://www.tiktok.com/@hidden.closetdiaries/video/7682500500184468766
watches,watch collection,2026-09-06,2026-10-01,gotsole,Got Sole,975600,47000,354,4202,Are these the rarest sneakers in the world?? 👀 Watch the full Big Boy Cheng collection video on our channel #sneakers #bigboycheng #sneakercollection #fyp,"An energetic TikTok video from Got Sole featuring an exclusive walkthrough of Big Boy Cheng's ultra-rare sneaker collection, highlighting sample pairs and player exclusives valued in the tens of thousands of dollars.","Show us 1 sneaker that nobody else has..., Mahal Kita, Got Sole, 45,000, 25,000, Off-White Air Force 1 'Lemonade' Sample Only 2 Pairs Made, Jordan 1 Retro High Off-White Canary Yellow, 70,000, 60,000, Victory Lap Jordan 3, Why Not, Eminem Jordan 3 Slim Shady on the Back, 50,000, 500,000, Interscope, Jayson Tatum PE, Alshon Jeffery Jordan 11 PE only three pairs ever made, Travis Scott Baseball Cleat, 40 Acres and a Mule Film Works, 20,000, Eminem Air Max, 5 of 8 in the World",Polished Creator,Vlog,true,yes,,https://www.tiktok.com/@gotsole/video/7682224669931474206
coins,coin collecting,2026-09-06,2026-10-01,buygoldsilver,Jon's Health & Wealth,11600,168,34,49,nickel price is going up fast. #nickels #coin #coincollecting,"A creator presents physical hoards of nickels and coin rolls, arguing that industrial copper and nickel shortages will drive individual coin values to one dollar, and urges viewers to buy coin boxes from the bank on Monday.",1 nickel worth $1.00; NICKELS; $2.00; $2.00 NICKELS; SentrySafe,Raw UGC,Tutorial,false,yes,,https://www.tiktok.com/@buygoldsilver/video/7682447426640268574
coins,rare coins,2026-09-06,2026-10-01,jessica.usa14,Jessica,199,8,,,THE HARDEST PENNY TO FIND! Extremely Rare Coin That Broke Every Collector's Expectations!#viral #trending,"An engaging, fast-paced numismatic tutorial hosted by an enthusiastic narrator who demonstrates how ordinary-looking 1945, 1953, and 1951 wheat pennies can be worth hundreds of thousands of dollars based on mint marks, condition, color, and rare errors.",THE HARDEST PENNY TO FIND! Extremely Rare Coin That Broke Every Collector's Expectations! PART 2 ONE CENT UNITED STATES OF AMERICA LIBERTY 1945 1953 1951 IN GOD WE TRUST E PLURIBUS UNUM #viral #trending,Polished Creator,Tutorial,false,yes,,https://www.tiktok.com/@jessica.usa14/video/7682370500474981662
coins,rare coins,2026-09-06,2026-10-01,jessica.usa14,Jessica,113,2,,,THE HARDEST PENNY TO FIND! Extremely Rare Coin That Broke Every Collector's Expectations!#viral #trending,"An educational short-form video detailing the historical background, mint marks, grading criteria, and extreme market values of rare 1943 and 1945 Lincoln wheat pennies.",THE HARDEST PENNY TO FIND! Extremely Rare Coin That Broke Every Collector's Expectations!; PART 1; ONE CENT; UNITED STATES OF AMERICA; IN GOD WE TRUST; LIBERTY; 1943; 1945; D,Polished Creator,Tutorial,false,yes,,https://www.tiktok.com/@jessica.usa14/video/7682369773786696990
watches,watches,2026-09-06,2026-10-01,mysterywatchguy,Mystery Watch Guy,73300,2455,55,412,"The Hamilton Khaki Field Murph 38mm has just had a seriously good update.

This is the new Hamilton Murph H70405140, with a blue-to-black gradient dial inspired by an interstellar comet. The bright bl","A polished and informative WatchTok review of the new Hamilton Khaki Field Murph 38mm with a blue-to-black gradient dial, detailing its specifications, pricing, and aesthetic appeal.",THE HAMILTON MURPH JUST GOT A BLUE DIAL; HAMILTON; H-10 AUTOMATIC; SWISS MADE; KHAKI FIELD,Polished Creator,Review,true,yes,,https://www.tiktok.com/@mysterywatchguy/video/7682333961753791762
watches,watch collection,2026-09-06,2026-10-01,vince_watches,Vince⏱️,21100,1347,98,36,"This is my official watch collection as of September 2026! My watch collection consists of watches from microbrands, luxury watch brands and more! @Andy’s Watches you do not have permission to rate my","Vince presents his curated 10-watch collection for September 2026, showcasing a balanced mix of microbrand pieces and luxury heritage watches while sharing personal stories and praising build qualities.","MY 10 WATCH COLLECTION!; watch collection as of September 2026; let's get into it; Traska Venture with the arctic white lacquered dial; watch under $1,000 that has a better bracelet than this Traska Venture; Studio Underd0g Burnt Pepperoni; Jack Mason Strato-Timer in the red and blue colourway; Santurce Piccola; Audemars Piguet Royal Oak Offshore collaboration with Swatch; Rolex Submariner 124060; Tudor Black Bay 39mm with the sunburst blue dial; Omega Seamaster 2531; titanium Tissot PRX 38mm; Longines Spirit 37 in the champagne colourway",Polished Creator,Collection,false,yes,,https://www.tiktok.com/@vince_watches/video/7682210281514208543
patches,patch collection,2026-09-05,2026-10-01,botchlalil77,🌲🪖THE BIG L ⚾️ᛑᛗᛛ⌯✈︎,2827,173,32,1,MY PATCHES!! A lot of you guys have wanted to see my collection so here it is! #aviationlovers #militarypatches #miltok #fypシ゚viral #gentexhelmet,"A young female creator in a military-style jacket excitedly displays her extensive collection of aviation and military patches from her bedroom, concluding with a call for viewer recommendations.","MY PATCHES!! A lot of you guys have wanted to see my collection so here it is!; A patch I got from the Philippines; OSO- First to Go Last to Know (definitely one of my favorite patches); Air Force Special Operations (I LOVE the colors on this one); This one is the same just different colors; British Special Forces!!; Air Force (Size of a patch but it's actually a pin, still wanted to show it cuz it's cool); DEFINITELY my 2 favorites! Task Force 141 custom patch and a huge ass Special Operations patch. I put them on my CAP notebook; 2 A-10 patches I put on my travel bag (The A-10 is my favorite aircraft); Hell Yeah patch; The other cool ones I have on my wall. Most of them are just squadrons and wings.; I have a lot of patches that are the same squadron just different colors; LEMME KNOW WHAT OTHER PATCHES I SHOULD GET!!",Raw UGC,Vlog,false,yes,,https://www.tiktok.com/@botchlalil77/video/7682174651451149582
ducks,rubber duck,2026-09-05,2026-10-01,flippinmichaelbro,Michael English,25500,3928,43,35,Ok rebrand king #duckstore #rubberducks #playwright #theatre #acting,"Creator Michael English posts a personal update explaining his decision to pivot away from content centered on his former viral rubber duck store to focus on his career as an actor, playwright, and aspiring theater company owner.",Ok rebrand king; WESTERN SHOW THE PRETENDING TO BE COWBOYS; I used to own a rubber duck store; It went viral here on TikTok; Why aren't you verified yet?; WELCOME TO WHAT THE DUCKY!; Michael English; 2021-1-29; I love all of you fine folks!; #rubberduckstore #fyp #foryou; Contains: Doves in The...,Raw UGC,Personal-update,false,yes,,https://www.tiktok.com/@flippinmichaelbro/video/7682135332275490079
watches,watches,2026-09-05,2026-10-01,kanitime,KaniTime,19100,713,7,28,#watch #watchesformen #affordablewatch,"A visually satisfying first-person POV unboxing video showcasing an affordable silver mechanical skeleton watch, designed to appeal to watch enthusiasts and style-conscious male audiences on TikTok.",POV: you finally found a good mechanical watch,Raw UGC,Unboxing,true,yes,,https://www.tiktok.com/@kanitime/video/7682112065560956182
ducks,rubber duck,2026-09-05,2026-10-01,quackers.duck.shop,Quackers Duck Shop,3391,57,,69,"More horror ducks👻

#rubberduck #ducks #isleofwight #quackers #horror","Quackers Duck Shop showcases its inventory of Tubbz horror-themed collectible rubber ducks, featuring characters like The Nun and Annabelle in a fast-paced, music-synced retail product spotlight.",HORROR DUCKS; TUBBZ DUCKS; CARRIE; THE SHINING; THE EXORCIST; THE NUN; SILENT HILL 3; MATRIX; GREMLINS; COSPAYINGDUCKS; PENNYWISE; IT CHAPTER TWO; THE TEXAS CHAINSAW MASSACRE; LEATHERFACE; THE SILENCE OF THE LAMBS; SAW; ANNABELLE; THE CONJURING ANNABELLE; CHUCKY,Raw UGC,Haul,true,yes,,https://www.tiktok.com/@quackers.duck.shop/video/7682081599239851296
coins,rare coins,2026-09-05,2026-10-01,williamsmicheal91,williams coins 🪙,34700,676,104,240,#rare #millionviews #coins #money #italy,"A numismatic content creator presents a TikTok countdown video detailing rare 2-euro coins found in everyday circulation, combining macro visual demonstrations of specific mint marks and designs with an engaging conversational voiceover.","10 monete da 2 euro più rare Trovate in Circolazione le 7 monete da 2 euro che valgono una fortuna; 120,000 euro; 9 NO. 09; TORINO GIOCHI INVERNALI; 2 EYPW",Raw UGC,Top,false,yes,,https://www.tiktok.com/@williamsmicheal91/video/7682065799460212000
watches,watch collection,2026-09-05,2026-10-01,big.frank4444,Big Frank,22500,722,21,21,"MY FIRST WATCH FOR SALE… At 971 Watch Co we can buy and supply all watch models and brands. Get in touch if you are interested or need me to source you a new timepiece…
#halal #watch #timepiece #uae #","Luxury watch dealer Big Frank introduces his first watch for sale on TikTok, presenting a Rolex Datejust 41mm in stainless steel with a green ombre dial priced at 58,000 AED, emphasizing its halal status and inviting inquiries.","DATE JUST 41MM; 971 WATCH CO LUXURY WATCH DEALER; 58,000 AED; @971WATCHCO",Polished Creator,Review,true,yes,,https://www.tiktok.com/@big.frank4444/video/7682011778217282836
patches,patch collection,2026-09-05,2026-10-01,patchcollection,Patch Collection,9658,1671,38,187,"✨ HIDDEN GEM: DJ Screw ✨

Did you spot this one on our patch wall? 👀

Consider this your sign to find your next favorite patch. 🧵💫

#HiddenGem #PatchCollection #EmbroideredPatches #IronOnPatches","Patch Collection shares a short, rhythmic showcase of its Houston hip-hop and DJ Screw themed embroidered patches, panning across a massive inventory wall to highlight niche cultural items for collectors and fans.",Hidden Gems you didn't know you needed; WELCOME TO Fabulous SCREWSTON TEXAS; Screwston; 713; H-TX; HOU; MOCITTY; SEVEN ONE THREE; SUGAR LAND; SLOW LOUD & BANGIN; SIPPIN LEAN; TRILL,Polished Creator,Haul,true,yes,,https://www.tiktok.com/@patchcollection/video/7681710211152776461
coins,rare coins,2026-09-04,2026-10-01,dansdollarss,Dans Dollars,248300,2316,381,823,"750,000,000 UK 1982 20 TWENTY PENCE COIN VALUE ELIZABETH II #coin #fyp #coincollecting #rarecoins #elizabeth","A numismatic creator breaks down the history, mintage figures, and collecting significance of the 1982 UK twenty pence coin, engaging hobbyists with practical identification tips.","750,000,000; UK 1982 20 TWENTY PENCE COIN VALUE ELIZABETH II; TWENTY PENCE; 19 82; 20; ELIZABETH II DEI GRATIA REGINA FIDEI DEFENSOR",Raw UGC,Tutorial,false,yes,,https://www.tiktok.com/@dansdollarss/video/7681806485520731414
coins,coin collecting,2026-09-04,2026-10-01,pennyjackpot,Pennyjackpot,402,18,2,1,"🪙❤️ A SMALL REMINDER FOR EVERYONE WHO LOVES COIN COLLECTING!

Every coin has a story. It doesn’t have to be rare, expensive, or perfect to deserve a place in a collection. Sometimes the excitement is","A coin collector delivers a humorous, sarcastic rant about the low like-to-view ratio on TikTok, using macro shots of vintage pennies as visual accompaniment to argue that viewers should support smaller creators instead of distant celebrities.",if i have 200 views; I should have 200 likes; why do y'all act like liking a video; is like me asking you donate a kidney; y'all want to give these celebrities so much; and praise; and affection; they don't know you gang; they are rich; you're bringing sand to the beach; you are giving the rich; more money; how about you help a brother to... come up; is it really that hard ?,Raw UGC,Opinion,false,yes,,https://www.tiktok.com/@pennyjackpot/video/7681736892882160909
watches,luxury watches,2026-09-04,2026-10-01,johnettebeasley1,Echotime.17,334100,5027,234,249,#watches #luxurywatches #rolex #daytona,"A silent, high-detail POV showcase of a stainless steel luxury chronograph watch, emphasizing tactile mechanics and aesthetic appeal for watch enthusiasts.",ROLEX OYSTER PERPETUAL SUPERLATIVE CHRONOMETER OFFICIALLY CERTIFIED CHRONOGRAPH; UNITS PER HOUR; 400; 300; 250; 240; 220; 200; 190; 180; 170; 160; 150; 140; 135; 130; 125; 120; 115; 110; 105; 100; 95; 90; 85; 80; 75; 70; 65; SWISS MADE; DAYTONA; 44,Raw UGC,Review,false,yes,,https://www.tiktok.com/@johnettebeasley1/video/7681735087192362271
ducks,rubber duck,2026-09-04,2026-10-01,originalchrismartin,Chris Martin,276000,13500,113,4538,Universal Halloween 👻 horror is placing hidden ‘free’ rubber ducks and team members confirmed they’re for taking…good luck 🍀 .. save this video as a reminder   #halloweenhorrornightsorlando #fyp #ha,"A Universal Studios vlogger shares a tip about hidden rubber ducks placed by team members during Halloween Horror Nights, showing viewers where to find them and confirming they are free to take.",Universal Halloween horror is placing hidden 'free' rubber ducks and team members confirmed they're for taking...good luck .. save this video as a reminder #halloweenhorrornightsorlando #fyp #halloween #foryou #orlando; TRANSFORMS THE RIDE 3D; GENCO IMPORTS; BULL'S GYM; HARDWARE TOOLS & CUTLERY; CHARLIZE; HALLOWEEN HORROR NIGHTS; FULTON'S; RINGLING BROS BARNUM & BAILEY,Raw UGC,Vlog,false,yes,,https://www.tiktok.com/@originalchrismartin/video/7681697607252528398
coins,silver coins,2026-09-06,2026-10-01,coins_and_currency,Coins_and_currency,7297,102,27,13,#coin #silver #coincollecting #fyp #puresilver,"A silent, satisfying POV video showcasing a stack of 1 oz silver Libertad coins priced at $63 each, targeted toward coin collectors and precious metal enthusiasts on TikTok.",,Raw UGC,Showcase,true,yes,,https://www.tiktok.com/@coins_and_currency/video/7682440187913227527
patches,patches,2026-09-06,2026-10-01,thebodyloveclub_,The Body Love Club 🤍,2471,28,3,4,"Your daily reminder that we all get spots!!
#pimplepatch #acne #skincare #creatorsearchinsights
Pimple Patch Application, Spot Patch Application, Wearing Pimple Patches In Public Is Not Embarrassing, ","A body-positive UGC compilation by The Body Love Club featuring multiple young women removing hydrocolloid pimple patches from acne-prone skin, supported by upbeat rap audio and text asserting that acne is for healing, not hiding.",we are HEALING not HIDING our spots with pimple patches,Raw UGC,Tutorial,false,yes,possible off-topic,https://www.tiktok.com/@thebodyloveclub_/video/7682433481246362900
coins,coin collecting,2026-09-03,2026-10-01,coinclue.app,coinclue.app,9367,146,7,48,"🪙 Do you recognize any of these classic U.S. coins?

The Mercury dime, 1964 Roosevelt silver dime, 1963 Franklin half dollar, and 1964 Kennedy half dollar are popular with collectors—but a coin’s pot","A short educational video by CoinClue showcasing four classic U.S. vintage coins—the Mercury dime, Roosevelt dime, Franklin half dollar, and Kennedy half dollar—highlighting their potential collector value and encouraging viewers to scan their own pocket change.","OLD U.S. COINS AND THEIR VALUE, MERCURY DIME, 1964 ROOSEVELT, 1963 FRANKLIN, 1964 KENNEDY, IN GOD WE TRUST, LIBERTY, E PLURIBUS UNUM",Polished Creator,Tutorial,true,yes,,https://www.tiktok.com/@coinclue.app/video/7681450944864832781
watches,luxury watches,2026-09-03,2026-10-01,vookum,Vookum,257000,19000,235,929,"Great Rolex for $7,500…
#vookum #watches #luxury","Watch dealer Vookum breaks down the reference 16013 two-tone Rolex Datejust, highlighting its features, valuation, and crystal type for a $7,500 budget.",,Raw UGC,Review,true,yes,,https://www.tiktok.com/@vookum/video/7681449154547158302
patches,patches,2026-09-03,2026-10-01,xxpushinpretty,M A R L Y N N A E,546100,38900,58,173,Dark spot patches ? #fyp #skintok #darkspots,"A beauty creator films a candid review of Mighty Patch dark spot patches on TikTok, showing how they look overnight, peeling them off with tweezers, and evaluating the results on her forehead blemishes.",MIGHTY PATCH Micropoint for dark spots 8 patches,Raw UGC,Review,false,yes,possible off-topic,https://www.tiktok.com/@xxpushinpretty/video/7681192199450578207
coins,silver coins,2026-09-03,2026-10-01,adamcurbow,Curbz,14600,308,63,21,Was this even worth my time or should I have just gave him the refrigerator? #silver #bullion #925silver #coins #marketplace,"A creator shares a humorous story on TikTok about trading an old refrigerator for what he jokingly calls 'junk' silver on Facebook Marketplace, deliberately downplaying the substantial value of the precious metals to spark audience engagement.",Did I get scammd? ; Pony Express 5oz. Bar ; OPM METALS .999+ FINE SILVER 10 TROY OUNCE ; 40% 1967 ; 40% 1968 ; 40% Misc. ; JM BULLION,Raw UGC,Storytime,false,yes,,https://www.tiktok.com/@adamcurbow/video/7681385412195126558
watches,vintage watches,2026-09-03,2026-10-01,edgyalbert,Albert Muzquiz,51000,2779,37,72,4 Affordable Vintage Watches (that actually don’t suck),"Horology creator Albert Muzquiz presents four affordable vintage watch recommendations under $1,000, detailing specific models from Seiko, Benrus, Omega, and Enicar with price ranges, wrist demonstrations, and marketplace screenshots.","4 Affordable Vintage Watches (that actually don’t suck); Seiko 6119-6020 Or 6119-6023 $199-$700; Benrus Vietnam Watch $500-$600; Omega Constellation Quartz $500-$999; Enicar Ocean Pearl $200-$500; [Near MINT] Vintage Seiko 5 Sport 6119-6020 Automatic Men's Watch From JAPAN; VINTAGE Enicar Ocean Pearl, Ref. 147-01-02, Automatic, Day Date $375.00; OMEGA Constellation 1512.30 (N Mint) 34mm White Dial Roman Men's Quartz Watch U919; 1 of 10",Raw UGC,Tutorial,false,yes,,https://www.tiktok.com/@edgyalbert/video/7681327801034755358
watches,luxury watches,2026-09-03,2026-10-01,werger.foiles,TimeRhythm,520800,51300,114,3499,"Audemars Piguet Royal Oak 
📌 Model: 26522CE.OO.1225CE.01 | 41mm
Collection: Royal Oak
The all-black ceramic construction creates a sleek and powerful presence, with the tourbillon serving as the watc","An aesthetic unboxing video of an Audemars Piguet Royal Oak Tourbillon 41mm in black ceramic by creator TimeRhythm, set to dramatic orchestral music.",AUDEMARS PIGUET Le Brassus; INTERNATIONAL WARRANTY CARD; 26522CE.OO.1225CE.01; TimeRhythm watermark,Polished Creator,Unbox,false,yes,,https://www.tiktok.com/@werger.foiles/video/7681302315260890401
coins,coin collecting,2026-09-03,2026-10-01,usacoin09,USA Coin Reveal,5894,165,10,23,"CHECK YOUR CHANGE: THE $285,000 WHEAT PENNY! #RareCoins #WheatPenny #CoinCollecting #ThriftFinds #ValuableChange","An instructional numismatic video teaching viewers how to identify, grade, and evaluate 1945 and 1958 Lincoln wheat pennies for high-value auction potential.","CHECK YOUR CHANGE: THE $285,000 WHEAT PENNY!; part 2; [word-by-word synchronized transcript captions]",Polished Creator,Tutorial,false,yes,,https://www.tiktok.com/@usacoin09/video/7681231396316155149
watches,luxury watches,2026-09-03,2026-10-01,johnettebeasley1,Echotime.17,90200,2681,85,169,#watches #luxurywatches #omega,"A silent, high-detail POV showcase of the Omega Speedmaster Silver Snoopy Award watch, highlighting its intricate caseback animation and dial design.","OMEGA; Speedmaster; PROFESSIONAL; TACHYMETRE; NAIAD LOCK; Cal. 3861; CO-AXIAL MASTER CHRONOMETER; SILVER SNOOPY AWARD; APOLLO XIII; APRIL 1970; AWARD OCT. 5, 1970; Eyes on the Stars",Polished Creator,Review,false,yes,,https://www.tiktok.com/@johnettebeasley1/video/7681186962300013855
watches,vintage watches,2026-09-03,2026-10-01,watchbrokalo,Bigbrokalo,69900,3693,152,170,"S Tier Microbrands

Sorry for the absence… 

TAG YOUR FAVORITE MICROBRANDS ⬇️

#watches #watchcollection #fashion #microbrandwatches","A watch creator counts down five top independent microbrand watchmakers—Serica, Nodus, Brew, Dufrane, and Echo/Neutra—offering expert curation for collectors looking beyond mainstream brands, while prompting viewers to comment their favorites for a potential collaboration.",S Tier Microbrands; 1. Serica; 2. Nodus; 3. Brew; 4. Dufrane; 5. Echo/Neutra; TAG YOUR FAVORITE MICROBRANDS; Follow For More; dynamic kinetic captions matching spoken words.,Polished Creator,Top-list,false,yes,,https://www.tiktok.com/@watchbrokalo/video/7681142758127537438
ducks,rubber duck,2026-09-02,2026-10-01,duckaafo,duckaafo,2978,116,5,8,New ducks!!!! 🤷🏼‍♀️ #duckduckjeep #rubberducky #emoji #rubberduck #unboxingvideo,"A creator shares an unboxing video of bulk rubber ducks destined for the #duckduckjeep community tradition, filmed from a first-person perspective in a cozy home setting.",Open #duckduckjeep mail with me!,Raw UGC,Haul,false,yes,,https://www.tiktok.com/@duckaafo/video/7680000158129589535
ducks,rubber duck,2026-09-02,2026-10-01,davy_crockett64,davy_crockett,393,5,,,@Caroline Finley make the fox appear to break up the two rubber duckies that are fighting #aicast #rubberduckies #aislop,"An AI-generated short video showing two rubber ducks arguing on a desk before a plush fox appears to scold and break up their fight, fulfilling a text prompt request.",@Caroline Finley make the fox appear to break up the two rubber duckies that are fighting #aicast #rubberduckies #aislop,Cinematic,Meme,false,yes,,https://www.tiktok.com/@davy_crockett64/video/7681043799405055246
coins,silver coins,2026-09-02,2026-10-01,coin.buyerlimited,coin buyer#limited,66500,1392,996,353,"THESE ½c 2c 5c 10c 20c 50c AND THE SILVER R1 COIN SET WERE STRUCK AS PART OF THE SECOND DECIMAL ISSUE 1965 - 1990. IN 1962 IT WAS ANNOUNCED THAT A CHANGE IN SIZE, DESIGN AND METAL CONTACT OF COINS WAS","A TikTok post by coin buyer#limited displays historical South African 5-cent coins from 1965 and 1966, falsely claiming they are worth millions of rands each, and urges viewers to contact the creator via direct message to sell them.",The 1965/1966 south African 5cent coins; Each worth R1.5 million; Issuer: South Africa; Ruling authority: Republic (1961-date); Type: 5 Cents; Years: 1965-1966,Raw UGC,Informational,true,yes,,https://www.tiktok.com/@coin.buyerlimited/video/7681038221500878101
patches,patches,2026-09-02,2026-10-01,holliedolli94shopsugc0,holliedolli94shopsugc0,1193,5,2,,These are absolutely brilliant. I highly recommend. #spotpatches #pimplepatch #pimplestreatment #pimples #flashsaletiktok,"A creator delivers an authentic, enthusiastic review of COSRX AC Collection Acne Patches, demonstrating their effectiveness on her own acne-prone skin to build strong viewer trust and drive sales.","The best spot patches I have ever used. 
+의약외품
AC
Collection
Acne
Patch
COSRX

Perfect size for intensive care
[ The largest oval shape patch & Tapered Edge ]

26 Patches
Small 9 x 13 mm (9 ea)
Medium 11 x 16 mm (9 ea)
Large 15 x 23 mm (8 ea)",Raw UGC,Review,true,yes,possible off-topic,https://www.tiktok.com/@holliedolli94shopsugc0/video/7681014237342338326
coins,rare coins,2026-09-02,2026-10-01,coinhunter80,Coin Hunter🪙,3860,120,7,25,"STOP! Check Your Five Cent Before Spending It — It Could Be Worth a Fortune! 💰
#FiveCent #RareCoins #CoinCollecting #RareCoin #ValuableCoins",A coin collecting creator uses macro footage of a 2004-D Lewis and Clark Keelboat nickel to explain how viewers can find valuable rare coins in their everyday pocket change.,"+ Follow, STOP SCROLLING AND CHANGE RIGHT NOW, BECAUSE IF YOU HAPPEN TO FIND A 2004D JEFFERSON NICKEL, YOU MIGHT BE HOLDING A PIECE OF HISTORY THAT COIN COLLECTORS ARE ACTIVELY HUNTING FOR, BUT DO NOT SPEND IT UNTIL YOU KNOW WHAT MAKES THIS SPECIFIC NICKEL SO DIFFERENT, BACK IN 2004, THE US MINT RELEASED SPECIAL NICKELS TO CELEBRATE THE BICENTENNIAL OF THE LEGENDARY LEWIS AND CLARK EXPEDITION, AND ONE OF THE MOST FAMOUS DESIGNS INTRODUCED DURING THE SPECIAL WESTWARD JOURNEY SERIES IS THE KEELBOAT NICKEL MINTED RIGHT IN DENVER, MARKED WITH A SMALL D ON THE OBVERSE NEAR THE DATE, MILLIONS UPON MILLIONS OF THESE COINS WERE PUT DIRECTLY INTO EVERYDAY CIRCULATION, SO FINDING ONE IN YOUR CHANGE JAR IS ACTUALLY QUITE COMMON AND EXPECTED, HOWEVER, THIS IS PRECISELY WHERE THE STORY GETS EXCITING FOR TREASURE HUNTERS AND COIN ENTHUSIASTS, MOST EVERYDAY CIRCULATED 2004D KEELBOAT NICKELS ARE WORTH JUST FACE VALUE AT 5 CENTS, BUT ADVANCED NUMISMATISTS LOOK CLOSELY AT THE FINE DETAILS UNDER A MAGNIFYING GLASS, WHEN YOU INSPECT THE COIN, LOOK AT THE LETTERING, CHECK THE FIELDS FOR ACCIDENTAL DIE CRACKS, AND CAREFULLY EXAMINE THE WINDOWS OR THE BOAT DESIGN ON THE REVERSE SIDE, WHY IS THIS SO IMPORTANT, BECAUSE RARE MINT ERRORS, STRIKING ANOMALIES, OR HIGH GRADE UNCERTIFIED CERTIFIED SPECIMENS CAN COMPLETELY CHANGE THE GAME, IF A COIN SURVIVES IN PRISTINE CONDITION WITHOUT A SINGLE SCRATCH OR BAG MARK AND GETS GRADED BY A PROFESSIONAL SERVICE LIKE PCGS OR NGC, ITS COLLECTOR APPEAL SKYROCKETS,",Polished Creator,Tutorial,false,yes,,https://www.tiktok.com/@coinhunter80/video/7680982190330531086
coins,silver coins,2026-09-02,2026-10-01,htbglobalcapital1,HTB Global capital©,68500,2100,747,380,"THESE 1/2 c 102 c 5c10 c 20c 50c AND
THE SILVER R1 COIN SETS WERE STRUCK AS
PART OF THE SECOND DECIMAL ISSUE 1965-
1990.IN 1962 IT WAS ANNOUNCED THAT A
CHANGE IN SIZE, DESIGN AND METAL
CONTENT OF COIN","A commercial coin buyer demonstrates high purchasing power by displaying large quantities of cash and coins while inviting viewers to sell their vintage South African currency through secure, in-person police station meetings.","FACE TO FACE DEAL ONLY; THESE 1/2 c 102 c 5c10 c 20c 50c AND THE SILVER R1 COIN SETS WERE STRUCK AS PART OF THE SECOND DECIMAL ISSUE 1965-1990. IN 1962 IT WAS ANNOUNCED THAT A CHANGE IN SIZE, DESIGN AND METAL CONTENT OF COINS WAS BEING CONSIDERED...",Polished Creator,Tutorial,true,yes,,https://www.tiktok.com/@htbglobalcapital1/video/7680944612969565447
patches,patch collection,2026-09-02,2026-10-01,patchcollectionofficial,patchcollectionofficial,15800,684,42,80,"Help us build our dream battle jacket! 🧷🖤

We’ve got the jacket… now YOU decide what goes on it. 👀
Tell us your patch ideas below ⬇️

Check out our website for all the rock patches patchcollection.","A patch retailer engages its audience by building a custom rock battle jacket piece by piece based on viewer comments, utilizing Bohemian Rhapsody as the soundtrack.","We are making a new Battle Jacket and we need suggestions on what to add next, comment your favorite bands and we will add them, QUEEN, Korn, SLEEP TOKEN, GREEN DAY, AVENGED SEVENFOLD, PANTERA, METALLICA, NIRVANA, GHOST, THE BEATLES.",Raw UGC,Challenge,true,yes,,https://www.tiktok.com/@patchcollectionofficial/video/7680943059105844493
watches,watch collection,2026-09-02,2026-10-01,preowned_schaapcitroen,Schaap en Citroen Pre-Owned,15100,629,3,29,"Unpopular opinion: vintage Rolex > new Rolex🫢

A vintage Rolex Day-Date has character you simply can’t buy new.

Do you agree?🤔

#rolex #watches #menswatch #watchcollector #vintagerolex","A short-form luxury watch showcase by Schaap en Citroen Pre-Owned presenting a vintage Rolex Day-Date as superior to modern models, designed to spark engagement from watch collectors.",Vintage > new,Polished Creator,Aesthetic,true,yes,,https://www.tiktok.com/@preowned_schaapcitroen/video/7680936276534529313
watches,watch collection,2026-09-02,2026-10-01,zahidalikhan2024,𝒵𝒶𝒽𝒾𝒹𝒜𝓁𝒾𝓀𝒽𝒶𝓃 🇵🇰,2400000,74500,1019,14500,Rs.2999 Watch Jewelry Combo Set With Jewelry Organizers #samashacollection #trendinggiftbox #jewelrytiktok,"A short, aesthetic TikTok product showcase featuring a complete rose gold watch and jewelry set inside a white travel organizer priced at Rs.2999, designed to prompt gift-tagging interactions.",ye Gift Dilao Na 😍🌸🥺; Rs.2999 Watch Jewelry Combo Set With Jewelry Organizers #samashacollection #trendinggiftbox #jewelrytiktok,Raw UGC,Haul,true,yes,,https://www.tiktok.com/@zahidalikhan2024/video/7680915694703234318
watches,vintage watches,2026-09-02,2026-10-01,itsherasiaaaaa,"It’s her, Asia ♡",16300,334,70,52,"Luxury Watches Restock! No minimum, yes to choosing 💗✨
#businessowner #hustlewithme #watches #watchsupplier #vintagewatch","A short-form promotional clip by a watch supplier displaying a restock of gold-toned women's watches. The video uses bright lighting, close-up product handling, and clean typography to communicate favorable purchasing terms like no minimums and pick-and-choose flexibility to prospective boutique buyers.","luxury watches
YES TO CHOOSING, NO MINIMUM
luxuraysia.co",Polished Creator,Haul,true,yes,,https://www.tiktok.com/@itsherasiaaaaa/video/7680873937575628039
coins,rare coins,2026-09-02,2026-10-01,rarecoins72,RARE COINS,281,14,1,1,"THESE 1/2 c 1c 2 c 5 c 10 c 20c 50c AND THE SILVER R1 COIN SETS WERE STRUCK AS PART OF THE SECOND DECIMAL ISSUE 1965-1990. IN 1962 IT WAS ANNOUNCED THAT A CHANGE IN SIZE, DESIGN AND METAL CONTENT OF C","A rare coin dealer showcases a South African 5 Rand commemorative coin, citing high potential auction values and warning viewers never to clean their collectible coins, while inviting direct WhatsApp contact.","SOUTH AFRICA COIN VALUE 
ESTIMATED 2026 VALUES 
INBOX ME ON WHATSAPP 
+27768439455 
5 Rand (Mandela) - R2 MILLION 
Buys for R2,000,000 
Depending on Condition 
A 2018 5 RAND COIN SELLS FOR 6,700 RAND 
ON THE BASANTSE AUCTION HOUSE APP. 
WHY? AND WHEN WE LOOK AT A 2018 MANDELA COIN 
DO NOT CLEAN YOUR COINS CLEANING THEM CAN REDUCE THEIR VALUE!",Polished Creator,Tutorial,true,yes,,https://www.tiktok.com/@rarecoins72/video/7680845644029840660
watches,luxury watches,2026-09-02,2026-10-01,the_sensible_wrist,the_sensible_wrist,1600,12,1,1,"Brand: Rolex
Collection: Explorer I
Reference: 124270-0001
Known as the “Explorer I” or informally as the “Explorer 1,” this model is one of Rolex’s iconic sports watches. Its compact 36 mm size gives","A clean, silent unboxing and wrist-mounting video of a Rolex Explorer I 36mm, targeting watch enthusiasts with tactile ASMR and high-end aesthetic presentation.",,Polished Creator,Aesthetic,true,yes,,https://www.tiktok.com/@the_sensible_wrist/video/7680813056376507680
watches,watch collection,2026-09-01,2026-10-01,samikindness,Sami Kindness,3700000,331300,991,6737,"Buying My First Omega ⌚ The Iconic James Bond Watch… Nearly £10,000 Later. Huge thanks to Adam for his incredible knowledge, patience and for making the whole Omega experience unforgettable. ✨  #socia","A first-person POV video capturing a customer buying their first Omega James Bond Seamaster watch at a boutique, guided by a notably patient and knowledgeable sales associate named Adam.","Buying my first Omega watch; 300 meters; James Bond double 007; MI6?; £7,900; £9,500; OMEGA",Polished Creator,Vlog,false,yes,,https://www.tiktok.com/@samikindness/video/7680659847917882657
patches,patch collection,2026-09-01,2026-10-01,momsdontsaythat,momsdontsaythat,175400,631,37,863,"School is back and Focus is one of the patches my girls have been wearing because ADHD + sitting in a classroom all day trying to stay on task is a struggle over here.

Focus is meant to support atten","A mother shares a personal testimonial on TikTok advocating for wearable sensory patches to help children with ADHD focus at school, directing viewers to her bio link for more information.",I will not stop posting until 20 million parents are aware that this impacted my daughter is life.,Raw UGC,Review,true,yes,,https://www.tiktok.com/@momsdontsaythat/video/7680636539554057485
coins,coin collecting,2026-09-01,2026-10-01,famouscoins0,USA Famous Coins .,11900,493,180,92,"🔥 3 Lincoln Pennies You Should Never Ignore! 💰 One Could Be Rare! $800,000 😱#RareCoins #LincolnPenny #RarePennies #CoinCollecting #CoinHunting","An educational video about three specific vintage Lincoln Memorial pennies (1968, 1980D, 1974), explaining that while ordinary circulated versions are common, high grades, mint errors, and special varieties can command significant collector value.",,Raw UGC,Tutorial,false,yes,,https://www.tiktok.com/@famouscoins0/video/7680549974874082582
coins,coin collecting,2026-09-01,2026-10-01,fynghjbdj9213259,fynghjbdj9213259,90600,697,9,44,#pawnstars #antique #collection #collector #collecting,"A TikTok video repurposing a Pawn Stars clip about an 1882 Newfoundland two-dollar gold coin, front-loaded with an unrelated provocative hook and concluding with a call for viewers to comment their valuation guesses.","so if I buy it I can have your wife, look what happened when this moron tried to sell his old coin, without knowing its true value, the two dollar Newfoundland, was the only gold coin that circulated in Canada at the time, it's a rare 1882 Newfoundland two dollar gold coin, he explains that only around 2,500 of these coins were ever minted, making it one of the rarest gold coins to circulate in North America, the coin carries an AU 55 grade from PCGS, meaning it remains in almost uncirculated condition, Rick takes a close look and quickly realizes, this is an important piece of Canadian numismatic history, when the coin was minted Newfoundland was still a British colony, it would not officially become part of Canada until the 1940s, the Newfoundland two dollar gold coin, was also the only gold coin circulating in Canada at the time, Rick points out one major issue, Canadian coins simply have a much smaller collector market than American coins, US gold coin could potentially sell for tens of thousands of dollars, Canadian coins tend to attract a far more specialized group of collectors, then Rick asks what he is hoping to get for it, he admits he really has no idea, what do you think this rare coin could be worth, comment your guess",Polished Creator,Storytime,false,yes,,https://www.tiktok.com/@fynghjbdj9213259/video/7680516086848032030
watches,vintage watches,2026-08-31,2026-10-01,queenmayjewelry_capemay,Queen May Jewelry,11800,983,9,239,"Rolex Vintage Double Rope Bracelet Mechanical Cocktail Diamond Bezel Ladies Watch Model 8426

Unique beveled-cut sapphire crystal with a three-dimensional design that beautifully captures and reflects",A luxury vintage jewelry seller showcases a rare Rolex mechanical cocktail watch model 8426 with a diamond bezel and double-rope bracelet through an unboxing and wrist-wear demonstration.,ROLEX gold logo inside presentation box.,Polished Creator,Haul,true,yes,,https://www.tiktok.com/@queenmayjewelry_capemay/video/7680296152109026573
coins,rare coins,2026-08-31,2026-10-01,mintvalues,Coin worth USA,6837,329,54,45,"🇺🇸 1942 WHEAT PENNY VALUE — Is This Old Lincoln Penny Worth Money? 🪙💰
The 1942 Lincoln Wheat Penny is a classic American coin from the World War II era. Its value can vary depending on the mint ma","A short-form numismatic video advising viewers to check their spare change for a rare 1942 wheat penny, claiming valuations between $375,000 and $520,000 for well-preserved specimens.",CHECK YOUR CHANGE!; ONE CENT E PLURIBUS UNUM UNITED STATES OF AMERICA; 1942; IN GOD WE TRUST LIBERTY; CHECK BEFORE YOU SPEND IT,Raw UGC,Tutorial,false,yes,,https://www.tiktok.com/@mintvalues/video/7679670235942735126
watches,luxury watches,2026-08-31,2026-10-01,girliedubai,GirlieDubai,117900,13300,15,1353,The dreamiest watch… 🥹#fyp #patekphilippe #unboxing #viral #luxuryhaul,"A high-end luxury unboxing video showcasing a gold Patek Philippe watch with a purple dial, paired aesthetically with a massive matching bouquet of purple roses and sophisticated wrist-modeling shots.",Unboxing my DREAM watch 🥹; PATEK PHILIPPE GENEVE,Polished Creator,Haul,false,yes,,https://www.tiktok.com/@girliedubai/video/7680260255736958229
coins,silver coins,2026-08-31,2026-10-01,pastor.dawn.devon6,Mr mike Andrew,33900,1139,566,156,"THE SILVER R1 COIN SETS WERE STRUCK AS PART OF THE SECOND DECIMAL ISSUE
1965
1990. IN 1962 IT WAS ANNOUNCED THAT A CHANGE IN SIZE, DESIGN AND METAL CONTENT OF COINS WAS BEINGK CONSIDERED. THIS WAS PRI","Creator Mr Mike Andrew addresses South African viewers, stating an urgent need to buy coins and directing interested parties to his inbox or bio, accompanied by historical coin text overlays and banking deposit slips.","THE SILVER R1 COIN SETS WERE STRUCK AS PART OF THE SECOND DECIMAL ISSUE 1965 1990... Capitec Cash Deposit Note Deposit R6,000,000.00 R270,000,000.00... payment ID: 052 05 Potch Mac! TEC PARLIMENTARY... #typviral #southmandelacolouge #coin #southafrica #goviral",Raw UGC,Personal-update,true,yes,,https://www.tiktok.com/@pastor.dawn.devon6/video/7680210184349781266
watches,watches,2026-08-31,2026-10-01,timecr8,TimeCr8,80900,224,7,9,Luxurious wrist watches #automatic #mechanic,"A silent TikTok product showcase featuring an unboxing of a Bagerle 1833 automatic wristwatch from nested luxury boxes inside a warehouse shipping crate, designed to appeal to watch enthusiasts and e-commerce shoppers.",TRANSFER BOX on wooden crate; FRAGILE handle with care on red label; BAGERLE 1833 logo and typography on red box dial and case back; roman numerals and index markers on watch face,Raw UGC,Haul,true,yes,,https://www.tiktok.com/@timecr8/video/7680194910665952543
watches,luxury watches,2026-08-31,2026-10-01,chloe_dkwatches,chloe_dkwatches,14800,176,64,28,"The chicest little watch !! 🤍🫧💎 

It’s the Omega Constellation - luxury without the Rolex price 

#omegawatch #rolexwatch #luxurywatches #watchcollectors","A watch dealer presents a pre-owned 22mm Omega Constellation timepiece, emphasizing its elegance, affordable price point under 1,000 pounds, and inclusion of original papers as an alternative to Rolex.",The chicest little watch !! 🤍🫧💎 It's the Omega Constellation - luxury without the Rolex price. DKWATCHES. £995.,Polished Creator,Review,true,yes,,https://www.tiktok.com/@chloe_dkwatches/video/7680192094882843926
coins,silver coins,2026-08-31,2026-10-01,ed..md,Elliot,195000,5083,88,95,"Absolutely gorgeous tiny hammered coin, can’t wait to identify when I get home 🥺 #History #metaldetecting #hammered #silvercoin #medieval","A metal detecting enthusiast films a first-person POV discovery of a tiny medieval hammered silver coin in a plowed agricultural field, highlighting the tactile thrill of unearthing history.",This tiny item is over 500 years old,Raw UGC,Vlog,false,yes,,https://www.tiktok.com/@ed..md/video/7680191405435768086
watches,luxury watches,2026-08-31,2026-10-01,dak.jewelen,DAK JEWELEN,43,3,,,"✨ Luxury on Your Wrist 💎⌚

A timepiece that doesn’t just tell time — it makes a statement. 💎🔥
Experience the brilliance of a Diamond Watch crafted for those who love luxury, elegance & timeless sty","A polished luxury jewelry showcase video presenting an iced-out diamond chronograph watch rotating 360 degrees to highlight its craftsmanship and brilliance, designed to drive direct message inquiries from potential high-end buyers.",DAK Jewelen; AP; Royal Oak,Polished Creator,Haul,true,yes,,https://www.tiktok.com/@dak.jewelen/video/7680171513269587218
patches,patch collection,2026-08-31,2026-10-01,nostalgicjunkyard420,NostalgicJunkyard official,333,12,2,,"my patch collection.  i literally have small collections of weird  $hit. lol 

#patches #vintagepatches #patchwork","A creator showcases their extensive vintage patch collection kept inside an old suitcase, highlighting various pop culture, corporate, and scout patches while maintaining a casual, nostalgic tone.","CONNECTICUT, NAVAJO TRAIL, NIAGARA FALLS, NEW YORK, NEBRASKA, MASSACHUSETTS, OHIO, IOWA, SAN DIEGO, SUPER XXII BOWL, BOSTON MILITIA, ANTHRAX, 7UP, SHELL, BASEBALL BUNNY",Raw UGC,Haul,false,yes,,https://www.tiktok.com/@nostalgicjunkyard420/video/7680076314472140045
coins,silver coins,2026-08-30,2026-10-01,ed..md,Elliot,2400000,142200,897,1471,"Always happy to add another hammered coin to the collection, especially half groats and groats 🤤 #History #metaldetecting #silvercoin #hammered #medieval","A metal detecting enthusiast shares a first-person POV video of unearthing an ancient hammered coin from a plowed agricultural field, engaging history buffs with a satisfying archaeological find.",Someone dropped this over 500 years ago,Raw UGC,Vlog,false,yes,,https://www.tiktok.com/@ed..md/video/7679881134573931798
coins,silver coins,2026-08-30,2026-10-01,mrchristian098,MR CHRISTIAN WILLEM,33000,1436,722,78,"THESE 12c 1c 2 c 5 c 10 c 20 c AND THE SILVER R1 COIN SETS WERE STRUCK AS PART OF THE SECOND DECIMAL ISSUES 1965-1990.

IN 1962 IT WAS ANNOUNCED THAT A CHANGE IN SIZE, DESIGN AND METAL CONTENT OF COIN","A coin dealer records a brief, unedited talking-head video assuring viewers of his company's honesty, loyalty, and lack of scams when purchasing vintage South African coin sets.",,Raw UGC,Opinion,true,yes,,https://www.tiktok.com/@mrchristian098/video/7679832793240669460
coins,rare coins,2026-08-30,2026-10-01,coins.company.223,coins company 22,12700,225,129,30,"BUY OLD & RARE COINS

HOUSE TO HOUSE IN SOUTH AFRICA!

Are you in possession of valuable or old coins?

We're actively buving coins house to house across South Africa and neighboring countries!

Wheth","A South African coin buyer posts a promotional video addressing local sellers, emphasizing secure, face-to-face cash transactions and immediate payment via WhatsApp without hidden fees or digital card scams.",only face-to-face; COINS FROM THE REPUBLIC OF SOUTH AFRICA HOBBIT OF KINGS; SOUTH; 1c,Raw UGC,Opinion,true,yes,,https://www.tiktok.com/@coins.company.223/video/7679803237347708181
patches,patch collection,2026-08-30,2026-10-01,patchstyle,✨patch up style🧢,525,9,5,,"Sports team patches overload 🔥 DM me for wholesale prices! 📥
#chenillepatch #chenillepatches #embroideryfactory #b2bembroidery #b2b #varsitypatches #embroiderypatches #sequinpatches #customembroider","A B2B supplier showcases a bulk inventory of sequin-embellished NFL sports team patches, targeting custom apparel makers with an invitation to inquire about wholesale pricing via direct message.",sports team patches; HOT! sports team patches,Raw UGC,Haul,true,yes,,https://www.tiktok.com/@patchstyle/video/7678983264836554015
coins,silver coins,2026-08-30,2026-10-01,italianworldcoin,ItalianWorldCoin,474,31,,1,"CUBA 🇨🇺 40 CENTAVOS 1920
⭐ 90% SILVER
⚖️ 10 g
🥈 9 g argento puro
📅 104 YEARS OLD
💰 Vintage Cuban Silver

Caption corta:

1920 Cuba 🇨🇺 40 Centavos 🪙 90% Silver — over 100 years old! 🔥 Who coll","A short-form numismatic showcase featuring a 1920 Cuban 40 Centavos silver coin, highlighting its historical age, silver purity, and intricate design details for coin collectors.",Cuba 💎 40 CENTAVOS; CUBA 1920; 40 CENTAVOS; SILVER; PATRIA Y LIBERTAD; 10 G.; 1920; REPUBLICA DE CUBA; CUARENTA CENTAVOS,Raw UGC,Review,false,yes,,https://www.tiktok.com/@italianworldcoin/video/7679691119558429965
patches,patch collection,2026-08-30,2026-10-01,believe.gigi,Believe.GiGi💕,3447,238,,30,"HD Patches! Message me for your own hat, crossbody, koozie or pouch 😉 #harleydavidsonmotorcycles #patch #yumaaz #truckerhat #custom","A short, aesthetic TikTok video showcasing a collection of custom embroidered Harley-Davidson patches in diverse patterns and colorways, inviting viewers to message the creator for custom hats, crossbodies, koozies, and pouches.","HD Patches! Message me for your own hat, crossbody, koozie or pouch 😉 #harleydavidsonmotorcycles #patch #yumaaz #truckerhat #custom",Raw UGC,Haul,true,yes,,https://www.tiktok.com/@believe.gigi/video/7679617197215452446
coins,coin collecting,2026-08-29,2026-10-01,lindaulgkni,LIGIT BUYERR,12500,408,70,42,"I'm currently looking to buy/collect this particular
Singapore old coin shown in the picture. If you have this coin in your collection, or you know someone who has one available, please feel free to r","A TikTok post by a collector seeking specific vintage Singapore coins, utilizing visual proof of similar coins and a high monetary valuation to drive engagement and acquisition.",What you must do in Singapore; ($20k); 1967 SINGAPORE 50 CENTS; 1967 10 CENTS,Raw UGC,Collection,true,yes,,https://www.tiktok.com/@lindaulgkni/video/7679588680536804616
coins,rare coins,2026-08-29,2026-10-01,nauvoocoins,nauvoocoins,2143,147,18,5,"1878-S US Trade Dollar

#silvercoin #numismatics #rarecoins #oldcoins","A silent, high-detail visual showcase of an authentic 1878-S US Trade Dollar silver coin, targeting numismatics enthusiasts on TikTok.","IN GOD WE TRUST, 1878, LIBERTY, UNITED STATES OF AMERICA, E PLURIBUS UNUM, 420 GRAINS, 900 FINE, S, TRADE DOLLAR, Trade Dollar",Raw UGC,Review,false,yes,,https://www.tiktok.com/@nauvoocoins/video/7679570000537029919
coins,coin collecting,2026-08-29,2026-10-01,luxerestock0,Luxe Restock,15200,386,2,10,"coin collection 
#vending #vendingmachinebusiness #coin","A creator opens a coin pusher arcade machine inside a laundromat to review its five-day earnings, discussing operational modifications, security features, and profit margins.","SMILE! YOU'RE ON CAMERA; MASTER CRAFT SAND washed, graded & dried (27.2 KG); SAFETY SWITCH",Raw UGC,Vlog,false,yes,possible off-topic,https://www.tiktok.com/@luxerestock0/video/7679559965060730143
patches,patches,2026-08-29,2026-10-01,nvmxless,nvmxless,125,5,,,So thin can barely see the patch😍 #patches #drmelaxinskincare #skincare #blemish,"A short, aesthetically pleasing unboxing video showcasing Dr.Melaxin ultra-thin spot patches, targeting skincare enthusiasts on TikTok with satisfying tactile product presentation.","Dr.Melaxin Spot Patch, ORIGINAL TECH & PRO FORMULA, MELA-C-E ZERO-FIT ULTRA THIN DARK SPOT PATCH, MICRO TYPE 0.013mm, Helps protect and care for areas of skin concern areas with Vitamins C, E, and Ferulic Acid, INVISIBLE DARK SPOT CARE PRE-MAKEUP FIT, VITAMIN C + E + FERULIC ACID, 12 mm x 72 Patches, S-ZINC ZERO-FIT ULTRA THIN BLEMISH SPOT PATCH, MICRO PATCH powered by FRANZ",Raw UGC,Haul,true,yes,possible off-topic,https://www.tiktok.com/@nvmxless/video/7679542056624147734
watches,luxury watches,2026-08-29,2026-10-01,iman.esq,IMAN,8223,112,20,7,Thanks to @Time Reborn for the great customer service. Will definitely be buying again in the future. #Tudor #luxurywatch #luxurywatches #tiktokliveauction #timereborn,"Creator IMAN shares a follow-up review of a Tudor Black Bay Heritage 41 watch purchased from Time Reborn via a Chinese live auction, confirming its authenticity through an authorized dealer while candidly noting the fake box and poor prior polishing job.","THIS IS A FOLLOW UP VIDEO ON THE SERIES I'M MAKING ABOUT THE THREE LUXURY WATCHES THAT I BOUGHT ON CHINESE LIVE AUCTIONS. IF YOU HAVEN'T SEEN THE VIDEO FROM YESTERDAY, GO WATCH IT. TWO OF THE WATCHES CAME, ONE OF THEM GOT SUCKED INTO A BLACK HOLE. NO ONE KNOWS WHERE THE PACKAGE IS RIGHT NOW, AND IT'S ABOUT A WEEK LATE. !The one I bought from LuxePreloved1 never arrived! SO THIS IS THE ONE THAT I WAS ACTUALLY MOST EXCITED FOR. I BOUGHT THIS FROM TIME REBORN, AND IT'S A TUTOR BLACKBAY HERITAGE 41. IT'S GOT THE STEEL BEZEL, 41 MILLIMETER IN HOUSE TUTOR MOVEMENT. SO I'M GONNA START WITH THE GOOD NEWS. THE GOOD NEWS IS THE WATCH IS AUTHENTIC. IT IS RUNNING GREAT. IT DOESN'T NEED A SERVICE. I JUST LEFT MY TUTOR AD AND THEY TOLD ME THAT IT'S WORKING IN GREAT CONDITION AND IT'S AUTHENTIC. AND NOW THE BAD NEWS, IT'S NOT TERRIBLE NEWS, BUT ANYWAYS, THE BOX WAS INAUTHENTIC, UNFORTUNATELY. ON THE LIVE THEY SAID THAT IT COMES WITH A GENUINE TUTOR BOX, BUT IT DID NOT. BUT THERE WAS ANOTHER ISSUE WITH IT, AND THEY'VE BEEN GREAT. I'VE BEEN TEXTING THEM BACK AND FORTH, AND THEY'VE BEEN VERY RESPONSIVE. IT'S THAT WHOEVER POLISHED THIS DID SUCH A SHIT JOB THAT THEY GOT RID OF ALL THE ORIGINAL CHAMFERING, AND THE SIDE OF THE CASE HAS BEEN POLISHED HORRIBLY. AND ALSO MY TUTOR AD SAID THAT IT NEEDS A NEW BEZEL INSERT BECAUSE THE BEZEL HAS BEEN POLISHED. AND TO BE FAIR, THEY SOURCE WATCHES FROM ALL OVER THE WORLD, SO I DON'T THINK THAT THEY DID THE POLISHING JOB. I THINK THE OTHER PERSON WHO OWNED ",Raw UGC,Review,true,yes,,https://www.tiktok.com/@iman.esq/video/7679485356982521101
watches,luxury watches,2026-08-29,2026-10-01,icebergandco,Iceberg&Co,120500,15100,117,1178,"The Legacy In That Name Is Enough.
#icebergandco #explore #nyc #watches #brucewayne","A luxury watch dealer showcases a Rolex GMT-Master II 'Bruce Wayne' on a New York City sidewalk, utilizing sleek POV framing, high-end tailoring, and a confident rap soundtrack to appeal to watch collectors and luxury enthusiasts.",THE BRUCE WAYNE; @ ICEBERG & CO. WHERE LUXURY MEETS TRUST,Polished Creator,Review,true,yes,,https://www.tiktok.com/@icebergandco/video/7678835120505113886
coins,silver coins,2026-08-29,2026-10-01,coinsbuyer313,coins buyer 111,8779,321,239,101,"THESE 1/2 c 1c 2 c5 c 10 c20 c50 AND THE SILVER R1 COINS SETS WERE STRUCK AS PART OF THE SECOND DECIMAL ISSUE 1965-1990.IN 1962 ΤΟ WAS ANNOUNCED THAT A CHANGE IN SIZE, DESIGN AND METAL CONTENT OF COIN",A numismatic content creator delivers an urgent warning on TikTok to South African coin sellers about advance-fee scams where fake buyers demand upfront fees.,"THE ONLY ADVICE I CAN GIVE YOU RIGHT NOW IS THIS, IF YOU ARE THE ONE SELLING YOUR COINS, HOW CAN YOU BE THE ONE PAYING MONEY BEFORE SELLING THEM? PLEASE TAKE A MOMENT TO THINK ABOUT THAT. WE ARE TRIED OF SCAMMER TRYING TO DESTROY THIS COINS BUSINESS. MANY PEOPLE HAVE LOST MILLIONS BECAUSE OF FAKE BUYER WHO KEEP ASKING FOR DIFFERENCE FEES BEFORE COMPLETING THE DEAL. PLEASE BE CAREFUL. A REAL BUYER WILL NOT ASK SELLER TO PAY MONEY BEFORE PICKING UP THE COINS.; listen carefully; THESE 1/2 c 1c 2 c5 c 10 c20 c50 AND THE SILVER R1 COINS SETS WERE STRUCK AS PART OF THE SECOND DECIMAL ISSUE 1965-1990.IN 1962 TO WAS ANNOUNCED THAT A CHANGE IN SIZE, DESIGN AND METAL CONTENT OF COINS WAS BEING CONSIDERED. THIS WAS PRIMARILY DUE TO THE INCREASED. IN THE PRICE OF SILVER. VARIOUS PATTERNS WERE STRUCK FOR CONSIDERATION BY THE PARLIAMENTARY COMestraptec bank INVESTIGATING THIS PARLIAMENTARY THE INCREASED USE OF COINS LONG TERMS USE OF THE AUTOMATION MACIHNE REQUIRED COMMITTEE INVESTIGATING THIS AStomers COIN#fypviralシviral vira#southmandelacolougedelacolouge #southafrica #fy",Raw UGC,Opinion,false,yes,,https://www.tiktok.com/@coinsbuyer313/video/7679448248687398165
coins,coin collecting,2026-08-29,2026-10-01,dansdollarss,Dans Dollars,249200,5347,959,853,"500,000,000 UK 1993 2 TWO PENCE COIN VALUE ELIZABETH II #COIN #FYP #coincollecting #rarecoins #elizabeth","A coin collecting creator uses a macro POV shot of a 1993 UK two-pence coin to explain that while the 1993 version is a common face-value coin with 500 million minted, viewers should check for the rare 1983 'new pence' error version worth £1,000.","500,000,000; UK 1993 2 TWO PENCE COIN VALUE ELIZABETH II",Raw UGC,Tutorial,false,yes,,https://www.tiktok.com/@dansdollarss/video/7679418599798361366
patches,iron on patches,2026-08-29,2026-10-01,ryome_designs,Ryome_Designs,12200,275,22,50,I’m so ready for fall… 🍁#houstons1stTruckerhatbar #patchbar #htxvendor #fall #irononpatches,"A short, aesthetic crafting tutorial demonstrating the creation of an autumn-themed custom trucker hat using embroidered and glitter patches, produced by Houston-based Ryome Designs.",PUMPKIN SPICE; Ryome Designs Trucker Hat Bar,Polished Creator,Tutorial,true,yes,,https://www.tiktok.com/@ryome_designs/video/7679277004218289439
ducks,yellow rubber duck,2026-08-29,2026-10-01,ahsanstudio137,Ahsan studio,111200,1193,67,79,"Naughty Yellow Duck Doing Crazy Things 😆🦆
#yellowduckvideo #funnyduckvideo #aiduckfunny #duckcomedy #fyp",An entertaining 3D animated video featuring a mischievous yellow duck getting into various funny situations and playing pranks on a hedgehog.,Pixelated box watermark on top left,High-Production,Meme,false,yes,,https://www.tiktok.com/@ahsanstudio137/video/7679261971744673045
watches,luxury watches,2026-08-29,2026-10-01,unfilteredgracie,gracie,113700,13700,37,1258,HELLOOOO how is this real life #audemarspiguet #frosted #royaloak #luxurywatch #luxury,"A creator shares an awestruck, close-up reveal of her newly acquired Audemars Piguet Frosted Royal Oak watch in her home, leveraging high-end aesthetic visuals and a breathless vocal delivery to celebrate a major luxury milestone.",my dream watch is finally mine 💕,Polished Creator,Haul,false,yes,,https://www.tiktok.com/@unfilteredgracie/video/7679248711448399117
watches,luxury watches,2026-08-28,2026-10-01,user13832211316222,user13832211316222,536600,18300,701,4372,"Rolex's Biggest Threat Isn't Competition, It's China
#rolexstatus #SuperClone #LuxuryWatches #WatchMarket #SwissMade
#Rolex",An investigative breakdown of how Chinese superclone manufacturers are disrupting the luxury watch market by producing virtually indistinguishable counterfeit Rolexes at a massive scale.,"Rolex's Biggest Threat Isn't Competition, It's China; SUBSCRIBED; GMT-MASTER II SUPERLATIVE CHRONOMETER OFFICIALLY CERTIFIED; ROLEX OYSTER PERPETUAL DATE; SUBMARINER 1000ft = 300m SUPERLATIVE CHRONOMETER OFFICIALLY CERTIFIED; SWISS MADE; SEA-DWELLER 39370ft-12000m; Air-King; VICTSING; Witschi MICROMAT C; ROLEX OYSTER PERPETUAL COSMOGRAPH",High-Production,Documentary,false,yes,possible off-topic,https://www.tiktok.com/@user13832211316222/video/7679214485726317854
watches,watch collection,2026-08-28,2026-10-01,austins.watches,Austin,110900,912,215,137,Omega Seamaster Aqua Terra 🔥 #watchtok #omega #watch #seamaster #collection,"A minimalist WatchTok video by Austin showcasing an Omega Seamaster Aqua Terra wristwatch through a smooth wrist rotation, accompanied by a trending R&B remix audio track.",Watch of the day,Raw UGC,Vlog,false,yes,,https://www.tiktok.com/@austins.watches/video/7679143805899083038
watches,luxury watches,2026-08-28,2026-10-01,werger.foiles,TimeRhythm,429200,37700,82,1134,"Rolex GMT-Master II “Sprite” 
📌 Model: M126720VTNR-0002
Collection: GMT-Master II

The black-and-green ceramic 24-hour bezel creates a bold and instantly recognizable look, complemented by a clean bl","A polished top-down unboxing video of the Rolex GMT-Master II Sprite, showcasing factory plastic removal and wrist placement against a dramatic orchestral soundtrack.","Rolex logo on box lid and dial, watermark 'TimeRhythm'",Polished Creator,Haul,true,yes,,https://www.tiktok.com/@werger.foiles/video/7679099990785936673
watches,watch collection,2026-08-28,2026-10-01,fryedeggs1,fryedeggs,36700,2302,212,27,#watchtok #andyswatches #watchcollection #watches #nicoleonard,"A first-time TikTok creator shares his personal watch collection, detailing the life milestones, family history, and modifications associated with each timepiece.",,Raw UGC,Vlog,false,yes,,https://www.tiktok.com/@fryedeggs1/video/7679096555420355870
coins,silver coins,2026-08-28,2026-10-01,treasurenick,Treasure Nick,575600,25700,645,1532,"Who clipped the edge of these silver coins 300 years ago??
All these coins are now available on my website in my bio!!! Very limited amount available!!

#treasurehunting #history #treasure","Creator Treasure Nick explores the history of clipped Spanish colonial silver coins known as cobs from 300 years ago, debunking clipping myths before pitching the sale of authentic pieces available on his website.","Cobs, 1700, 1675, 1707",Raw UGC,Storytime,true,yes,,https://www.tiktok.com/@treasurenick/video/7679065318853004558
patches,patch collection,2026-08-28,2026-10-01,astoldbyindie,astoldbyindie,2417,90,6,4,"If you are looking for fall activities, turn your fall bucket list into patches you actually have to earn. Pick an iron on patch for each thing you want to do this fall, then add it to your tote only ","A creator introduces a creative fall bucket list hack where friends earn embroidered iron-on patches for completing seasonal activities and add them to a tote bag, promoting snappylogos.com.",FALL ACTIVITY HACK 🎃; TIE DYE; BASEBALL NIGHT; SNAPPY LOGOS; Fall Product Sale '26; Item #: 11203; SALE $0.80; ADD TO CART; Fall Camp '26; Halloween '26 (Ghost),Raw UGC,Tutorial,true,yes,,https://www.tiktok.com/@astoldbyindie/video/7679056569476107534
watches,watches,2026-08-28,2026-10-01,luxurytimegreece,luxurytimegreece,296300,2274,36,487,"All steel. All style. 
A quick look at our hand-selected, pre-owned steel Rolex inventory currently in stock. 

Ready to ship worldwide.
DM to claim your next piece.

#luxurytime #rolex #luxurywatches","A concise inventory showcase of pre-owned steel Rolex watches featuring visible pricing in Euros, presented by a luxury watch dealer to drive direct message inquiries and global sales.","ROLEX, OYSTER PERPETUAL, SUBMARINER, DATEJUST, €5500, €7200, €7900, €8100, €9900, €11200, €11600, €16800, €16900, €19900",Polished Creator,Haul,true,yes,,https://www.tiktok.com/@luxurytimegreece/video/7679031689225440534
watches,luxury watches,2026-08-28,2026-10-01,user13832211316222,user13832211316222,1300000,40800,1587,12600,"The $400 Clone That CRUSHED The $15,000 Rolex Submariner
#Rolex #LuxuryWatches #Submariner #WatchMarket #SuperClone","An investigative documentary-style video exploring the high-end watch replica market, specifically arguing that $400 'super clones' match the material, chemical, and mechanical properties of $15,000 Rolex Submariners.","The $400 Clone That CRUSHED The $15,000 Rolex Submariner; Rolex Datejust 36; Rolex Yacht-Master 42; Rolex Day-Date 36; Rolex Explorer; Rolex Submariner Date; Wimbledon Grey Dial Stainless Steel; SUBMARINER 1000ft = 300m; Genuine; Fake; $400; NWBIG; 'NOT WORTH BUYING IN GENUINE.'; PREMIUMS OF 40% TO 50% OVER RETAIL; 904L STAINLESS STEEL; OYSTERSTEEL; LOW AMPLITUDE; 10 OR 20 SECONDS A DAY; CALIBRE 3235 MOVEMENT; 70 HOUR POWER RESERVE; FRANKENSTEIN",High-Production,Documentary,false,yes,possible off-topic,https://www.tiktok.com/@user13832211316222/video/7679000509214231838
coins,rare coins,2026-08-28,2026-10-01,usacoin09,USA Coin Reveal,132500,3847,141,1159,The Legendary 1-Cent Coin That Shattered Every Auction Record #RareCoins #CoinCollecting #Numismatics #HiddenTreasures #ValuableFinds,"An educational video detailing the history, grading, and staggering auction value of rare 1943 and 1945 Lincoln wheat pennies.",The Legendary 1-Cent Coin That Shattered Every Auction Record; part 1; ONE CENT; UNITED STATES OF AMERICA; E PLURIBUS UNUM; IN GOD WE TRUST; LIBERTY; 1943; 1945,Polished Creator,Tutorial,false,yes,,https://www.tiktok.com/@usacoin09/video/7678990378070035726
patches,patch collection,2026-08-28,2026-10-01,acr.accessories.5,Emma DIY,485,26,2,1,Designer patches #vendor #patches #designer#diy#pretty,"A silent, aesthetically pleasing video showcasing an extensive collection of designer-inspired embroidered patches neatly organized in trays and baskets, highlighted by close-up shots of individual pieces.",1 dollar per piece price tag visible in wire basket; designer logo shapes on patches,Raw UGC,Haul,true,yes,,https://www.tiktok.com/@acr.accessories.5/video/7678879930460933407
ducks,rubber duck,2026-08-28,2026-10-01,rubberduck_radar,Seena 🌻,14300,988,12,357,THIS ISN’T EVEN ALL OF THEM 😱 tag someone you need to go to Walmart with!! #rubberducks #rubberduck #walmart #walmartducks #ducks,"A creator excitedly showcases an enormous bin of novelty rubber ducks priced at $1.97 at Walmart, using fast-paced rhythm cuts to display dozens of different costume designs while encouraging viewers to tag friends.",NEW RUBBER DUCKS AT WALMART; $1.97; THIS ISN'T EVEN ALL OF THEM 😱 tag someone you need to go to Walmart with!!,Raw UGC,Haul,false,yes,,https://www.tiktok.com/@rubberduck_radar/video/7678874713560550669
coins,rare coins,2026-08-28,2026-10-01,mintvalues,Coin worth USA,12700,495,60,195,"Biggest risk: don’t claim the 2000 South Carolina P quarter is automatically rare or worth a huge amount—most are common. The hook should focus on checking condition and errors.
5 Hashtags:
#SouthCaro",A coin collecting creator uses sensationalist valuation claims about a 2000 South Carolina quarter to capture viewer attention and drive engagement on TikTok.,"CHECK YOUR CHANGE!; UNITED STATES OF AMERICA; IN GOD WE TRUST; LIBERTY; P; QUARTER DOLLAR; SOUTH CAROLINA; 1788; THE PALMETTO STATE; 2000; E PLURIBUS UNUM; $75,000",Raw UGC,Opinion,false,yes,,https://www.tiktok.com/@mintvalues/video/7678627977181105430
patches,iron on patches,2026-08-27,2026-10-01,_lovelycreationsslv,Lovely Transfers,18500,459,23,56,The perfect fall patch DOES exist.. 👻🍂 bio in link to 🛍️ #irononpatches #ironon #htv #fall #spookyszn,"A silent, aesthetically pleasing product showcase of large, detailed fall-themed ghost patches designed for crafting and apparel customization.",The perfect fall patch DOES exist.. 👻🍂 bio in link to 🛍️,Polished Creator,Haul,true,yes,,https://www.tiktok.com/@_lovelycreationsslv/video/7678840943633501471
ducks,yellow rubber duck,2026-08-27,2026-10-01,lovelyfamilyplay,Lovely Family Play,7220,54,3,1,"Bring home the talk-back fun with this cute yellow duck toy! Designed for kids and toddlers, this repeating plush toy captures every word you say with a funny voice and music. It is 30cm tall, soft to","A father shares a screen-free parenting solution to keep his toddler entertained, demonstrating an interactive talking duck toy that stops a tantrum and sparks immediate laughter.","Bring home the talk-back fun with this cute yellow duck toy! Designed for kids and toddlers, this repeating plush toy captures every word you say with a funny voice and music. It is 30cm tall, soft to the touch, and comes in three unique styles to collect. A perfect gift idea that keeps children engaged and entertained for hours. What is the first thing you would say to this funny duck?",Raw UGC,Review,true,yes,,https://www.tiktok.com/@lovelyfamilyplay/video/7678788234570206477
watches,luxury watches,2026-08-27,2026-10-01,chloe_dkwatches,chloe_dkwatches,15200,340,24,59,"4 of our Pink Dial Rolex’s that are still available ! 💕✨ Message me to purchase 

#rolex #rolexwatch #watchesoftiktok #luxurywatches","A luxury watch dealer showcases four available pink-dial Rolex models with detailed specifications and pricing, designed to drive direct purchase inquiries from watch enthusiasts on TikTok.","4 of our Pink Dial Rolex's that are still available ! 💕✨ Message me to purchase; I've had a lot of people asking what pink dial Rolexes that we have; so here are four that are still available; firstly, we have a pink mother of pearl Oyster Day; just in 34 millimiters with a smooth bezel; and this is priced at £4450; then we have this two toned Rolex Datejust in 2 6 millimiters; with a pink diamond dial and bezel; this one's priced at £4750; then we have this Rolex Datejust in 36 millimiters; with a pink mother of pearl diamond dial; diamond bezel and diamond shoulders; this is priced at £4895; and then we also have this Rolex datejust in 34 millimiters; it's got a pink mother of pearl face; diamond dial and on a Jubilee bracelet at £4895; Which watch would you choose?",Polished Creator,Review,true,yes,,https://www.tiktok.com/@chloe_dkwatches/video/7678730135113190678
patches,patches,2026-08-27,2026-10-01,afspotted,Af ☁️,1200000,12000,62,800,Ultra thin basically invisible spot patches #spotpatches #acneprone #acnepatches #drmelaxin,"A beauty creator shares a tutorial and review for Dr. Melaxin ZERO-FIT ultra-thin acne patches, demonstrating how they remain invisible under liquid foundation while treating breakouts.",These are not Gen X's pimple patches; 2-ZINC ZERO-FIT ULTRA THIN BLEMISH SPOT PATCH; MICRO TYPE 0.013mm; DR. MELAXIN,Raw UGC,Tutorial,true,yes,possible off-topic,https://www.tiktok.com/@afspotted/video/7678709688791289110
watches,watch collection,2026-08-27,2026-10-01,chroanite,VS Chroanite,7256,73,16,22,"Speedmaster Dark Side of the Moon Apollo‑8
Full ceramic | Moon crater dial | Manual chronograph
Space‑themed collector’s timepiece
#luxurywatch #watches #omega #omega #fyp","A silent, high-aesthetic showcase of the Omega Speedmaster Dark Side of the Moon Apollo-8 watch, highlighting its materials, dial texture, movement, and wrist presence.",TACHYMETRE 500 400 350 300 275 250 225 200 OMEGA Speedmaster CO-AXIAL MASTER CHRONOMETER DARK SIDE OF THE MOON APOLLO 8,Polished Creator,Review,true,yes,,https://www.tiktok.com/@chroanite/video/7678616424050412830
coins,(not in thumbnail),2026-08-27,2026-10-01,coincollecting_detecting,Michael,14500,734,22,18,"Let’s Get Straight Into This Roll And Search These Coins For Value - Follow For More 
#fun #coinsearch #interesting #calming #goodtimes",,,,,,no,,https://www.tiktok.com/@coincollecting_detecting/video/7678607682554760469
watches,luxury watches,2026-08-27,2026-10-01,luxunery.shop,Luxunery Shop,102500,5897,39,559,"Limited Edition 🔥⌚ 
Worldwide shipping ✅
Dm to order 🛍️ 
#anubis #egypt #watchesoftiktok #luxurywatch #elegant","A first-person POV video by Luxunery Shop showcasing the unboxing and wrist-styling of the RD Anubis Diamond watch from a leather travel case, accompanied by promotional caption details for ordering.",RD Anubis Diamond 🕋; ℎ𝑖𝑛𝑎.𝑏𝑔,Polished Creator,Haul,true,yes,,https://www.tiktok.com/@luxunery.shop/video/7678522853045685525
watches,luxury watches,2026-08-26,2026-10-01,premium_collection420,outfit_collection420,56100,1422,27,154,luxury watch ⌚#watch #fypシ゚viral #trrending #viralvideo,A short-form e-commerce promotional video demonstrating the unboxing and wrist fit of an affordable luxury-style watch available for delivery across Nepal.,DELIVERY ALL OVER NEPAL 🇳🇵; price only 1299/-; luxury watch 🕑#watch #fypɝ️viral #trrending #viralvideo,Raw UGC,Haul,true,yes,,https://www.tiktok.com/@premium_collection420/video/7678384549738351890
patches,patches,2026-08-26,2026-10-01,sebastian_gabriel156,Jixirou Trading Beauty,650,13,,,"If you’re struggling with stubborn dark spots, you need to see how these patches work. 👀✨

#tiktokmademebuyit #skincare #beautyhacks #darkspotremover #acnepatches #skincaretips #musthaves #viralprodu","A short promotional skincare video demonstrating the use of dark spot removal patches through satisfying peel-away visuals, targeting acne-prone viewers on TikTok.",SHOP NOW >; Hubskut DARK SPOT REMOVAL PATCH; 144 pcs; udh ga galau kalo lg jerawatan; kalo patchnya udh ada putih2 tinggal cabut deh,Raw UGC,Tutorial,true,yes,possible off-topic,https://www.tiktok.com/@sebastian_gabriel156/video/7678274868139347231
ducks,yellow rubber duck,2026-08-26,2026-10-01,norrispaul015,森哥导师TIKTOK,3876,57,3,1,Little duck toy#Rubber duck toy,"A short-form e-commerce demonstration video showing a hand pressing a line of squeaking yellow duck toys on scooters before releasing them to race across a park pathway, designed to highlight product mechanics and drive consumer interest.",按压式小黄鸭,Polished Creator,Review,true,yes,,https://www.tiktok.com/@norrispaul015/video/7678170908363623700
watches,vintage watches,2026-08-26,2026-10-01,mostlyshopping,mostlyshopping,22600,1563,19,66,Let’s just forget about the years on end I wore an Apple Watch #finejewelry #jewelrytiktok #cartier #vintage #designerwatch #luxurywatch #watchesforwomen #cartiersantos #baignoire #jewelrycontentcreat,"A fashion creator humorously rejects smartwatches by showcasing a rotation of high-end vintage Cartier gold timepieces in a boutique setting, appealing to luxury watch enthusiasts with deadpan wit and high-end aesthetics.",wtf is an Apple Watch ??,Raw UGC,Haul,false,yes,possible off-topic,https://www.tiktok.com/@mostlyshopping/video/7678163041090817311
patches,embroidered patches,2026-08-26,2026-10-01,qualitypatches,Quality Patches,32200,856,33,133,"Pac-Man, but make it wearable. 👾🕹️

These embroidered transfers give you all the detail of embroidery without stitching directly onto the garment. Just heat press, peel, and watch your design level ","A short-form tutorial demonstrating how to apply custom embroidered Pac-Man heat-transfer patches to dark denim, combining nostalgic gaming imagery with modern streetwear DIY culture.",OP QUALITY PATCHES; Let is heat transfer this embroidered patch; GAME ON,Polished Creator,Tutorial,true,yes,,https://www.tiktok.com/@qualitypatches/video/7678153004092116257
patches,iron on patches,2026-08-26,2026-10-01,creamercutie,Talkin’ To Talk,933,12,2,,Had a little crafty night and used iron on patches for the first time!! I am not paying $50 for football shirts lololol (sorry @Ohio State Football) but this was so fun to make for my preschooler. Let,"A parent creates a custom Ohio State sweatshirt for a preschooler using iron-on patches and a mini heat press to avoid paying fifty dollars for retail merchandise, blending DIY crafting with relatable consumer commentary.","OHIO STATE, 396F (on heat press digital display)",Raw UGC,Tutorial,false,yes,,https://www.tiktok.com/@creamercutie/video/7678136272136785165
watches,luxury watches,2026-08-25,2026-10-01,okkwaatches07,OKK WATCHES,11800,230,7,8,#watch #watchformen #luxury #fyp #watchmegrow,"A silent, high-end ASMR unboxing and wrist-wear demonstration of an Omega Seamaster luxury watch by OKK Watches, targeted at watch enthusiasts on TikTok.","okk watches (on circular logo overlay); OMEGA (on clasp); CO-AXIAL MASTER CHRONOMETER 600m/2000ft (on watch dial); 12, 6, 9 (on watch dial); 15 (date window); 20, 30, 40, 50 (on bezel)",Polished Creator,Haul,true,yes,,https://www.tiktok.com/@okkwaatches07/video/7678057407209114911
watches,watches,2026-08-25,2026-10-01,thegoldenmod,TheGoldenMods,1200000,29000,104,2280,Which one would you choose? 👀. Link in bio! 🔗 #Watches #MensStyle #seikomods #seiko #affordablewatch,"A short-form TikTok product showcase by TheGoldenMods presenting part 6 of a series featuring four custom men's mechanical watches under euro250. The video uses smooth macro jump cuts, on-screen titles with thematic emojis, and upbeat background music to highlight the luxury aesthetic of each custom timepiece, concluding with a call-to-action to choose a favorite and check the link in bio.","Top 4 Men Watches Under euro250 black_square_button dollar_banknote 
 Part 6 
 Seikoak | Skeleton skull 
 Seikojust | Wimbledon tennis_ball 
 GMTeiko | Pepsi red_circle blue_circle 
 Landteiko | Ice Blue ice_cube",Polished Creator,Review,true,yes,,https://www.tiktok.com/@thegoldenmod/video/7678012926007004438
patches,patch collection,2026-08-25,2026-10-01,omni.punch,Omni Punch,6208,131,1,22,"Premium USA Morale Patches 🇺🇸🔥
Built with high-quality Velcro, sharp details, and consistent finishing. Whether you’re a brand, patch shop, club, or tactical business, Omni Punch is your trusted ma","A B2B showcase of custom USA-made morale patches by Omni Punch, highlighting embroidery quality, Velcro backing, and manufacturing capability for brands and tactical businesses.","MILITARY SURPLUS BROAD STREET ARMY & NAVY STORE EST. 1941 1316 N. 3RD ST. HARRISBURG, PA",Raw UGC,Tutorial,true,yes,,https://www.tiktok.com/@omni.punch/video/7678005513665121554
coins,coin collecting,2026-08-25,2026-10-01,dansdollarss,Dans Dollars,322000,7435,1144,1084,"350,000,000 UK 1989 2 TWO PENCE COIN VALUE ELIZABETH II #COIN #FYP #rarecoins #coincollecting #kingcharles","A coin collecting creator breaks down the mintage, history, and valuation of the 1989 UK two pence coin, explaining that despite 350 million being minted, viewers should watch out for rarer variants.","350,000,000; UK 1989 2 TWO PENCE COIN VALUE ELIZABETH II; #COIN #FYP #rarecoins #coincollecting #kingcharles",Raw UGC,Tutorial,false,yes,,https://www.tiktok.com/@dansdollarss/video/7677986864103509270
watches,watch collection,2026-08-25,2026-10-01,_aurashine_,AURA SHINE,18300,242,7,38,"💎Premium ledis Watch collection ⌚️
 Gucci | Michael Kors |Olevs |Queen | Rolex 
Instagram: Shine Jewellery Bd
Whatsapp: ‪01834‑284310‬
Material : stainless steel 

✅ long lasting Colour guarantee 
✅ ","A promotional video by AURA SHINE showcasing a collection of premium women's watches featuring brands like Gucci, Michael Kors, and Rolex, accompanied by a Hindi song and direct ordering information.",Shine jewellery bd,Raw UGC,Haul,true,yes,,https://www.tiktok.com/@_aurashine_/video/7677931140128197909
watches,luxury watches,2026-08-25,2026-10-01,gentry_ph,Gentry Timepieces,59600,6492,32,258,"A spectrum set in gemstones.

Rolex Cosmograph Daytona Full Rose Gold Rainbow Black

The graduated sapphire bezel moves through a vivid range of colors, creating a seamless transition from one shade t",A high-production luxury watch showcase highlighting the Rolex Cosmograph Daytona Full Rose Gold Rainbow Black through extreme macro cinematography and rhythmic editing.,"ROLEX, OYSTER PERPETUAL, SUPERLATIVE CHRONOMETER OFFICIALLY CERTIFIED, COSMOGRAPH, DAYTONA, SWISS MADE",High-Production,Aesthetic,true,yes,,https://www.tiktok.com/@gentry_ph/video/7677857740248665352
ducks,yellow rubber duck,2026-08-25,2026-10-01,yellowcuteduck,Cute Duck🦆,37200,628,28,43,"Little Yellow Duck Counts Stars and Discovers One is Missing! Climbing a Ladder and Releasing Balloons, the Truth Will Make You Laugh Your Head Off! Little Yellow Duck was counting stars at night when","A heartwarming 3D animated short film about a yellow duckling and a hedgehog who discover a missing star in the night sky, attempt whimsical ways to retrieve it, and ultimately find that the star was simply hiding behind a cloud, concluding with a tender moment of friendship and sleep.",,High-Production,Meme,false,yes,,https://www.tiktok.com/@yellowcuteduck/video/7677769310856629535
coins,silver coins,2026-08-25,2026-10-01,everydaydetectorist,everydaydetectorist,221000,2296,76,49,"Every find tells a story, but some take a little extra patience to uncover.  
I picked up this heavy concretion on a beach hunt expecting a weathered pre-decimal copper penny. But after a careful sess","An everyday metal detectorist demonstrates the delicate cleaning and restoration of an encrusted beach find, revealing it to be a 1960 Australian Silver Florin after initial misidentification as a penny. The video combines satisfying ASMR scraping visuals with a narrative about beach history and patience.","I couldn't have been more wrong; I thought the coin covered in debris was a penny; But actually it was a silver coin; Did you see the reeded edge?; I set about trying to remove as much as I possibly could without damaging the coin; And I was more than a bit surprised that it was so easy to get off; Okay let's brush it off and turn it over; Nice; Did you see the reverse imprint the coin made?; Now this tool you need to be really careful with; It's just a case of steady as she goes; Just take your time; You'll get there; Then all of a sudden, yes it's off; All of those crisp lines you'd expect on a coin are gone; That's the results of 50 years underwater; everyday detectorist logo",Raw UGC,Tutorial,false,yes,,https://www.tiktok.com/@everydaydetectorist/video/7677763367515229447
coins,rare coins,2026-08-24,2026-10-01,mrchristianwilliams6,Mr Christian Williams 🪙,5393,135,91,20,#CoinBuyer #WeBuyCoins #RareCoins #OldCoins #CoinCollection,"A coin buyer releases a public service announcement video on TikTok warning his followers and customers that scammers are using his photograph to commit fraud, clarifying that he only conducts transactions face-to-face with no fees.",REASON WHY I AM DOING THIS VIDEO BECAUSE MANY SCAMMER ARE USING MY PICTURE TO SCAM MY CUSTOMER THAT IS NOT ME BECAUSE I ONLY BUY COINS FACE TO FACE WITH NO FEES,Raw UGC,Personal-update,false,yes,,https://www.tiktok.com/@mrchristianwilliams6/video/7677738342485708052
unknown,(not in thumbnail),2026-08-24,2026-10-01,azcoinhunters,azcoinhunters,897,40,3,2,"$1 roll, 20 chances! 🪙 Found a 2001 Centenary of Federation $1! 🇦🇺 Struck to mark 100 years since the six colonies united to form the Commonwealth of Australia, this design was created by Wojciech ",,,,,,no,,https://www.tiktok.com/@azcoinhunters/video/7677690874406472977
watches,luxury watches,2026-08-24,2026-10-01,rhonacai47,Lisa Wrist watch,29900,410,19,32,"Guangzhou China
watches
#watch #mechanicalwatch #luxurywatches #menswatch #luxurywatch","A silent, high-detail POV product showcase of a luxury-style steel wristwatch being fastened onto a wrist against a car model background, targeted at watch enthusiasts.",ROLEX / GENEVA / SWISS MADE / STEELINOX / OPR / ROLEX OYSTER PERPETUAL AIR-KING,Polished Creator,Haul,true,yes,,https://www.tiktok.com/@rhonacai47/video/7677586823077514518
coins,rare coins,2026-08-24,2026-10-01,dansdollarss,Dans Dollars,61100,1633,473,347,"500,000,000 UK 2006 1 ONE PENNY COIN VALUE ELIZABETH II #COIN #FYP #rarecoins #coincollecting #elizabeth","Creator Dans Dollars explains the 2006 UK one-penny coin mintage of 500 million, advising viewers not to overpay for common circulation coins online.","500,000,000; UK 2006 1 ONE PENNY COIN VALUE ELIZABETH II; ELIZABETH II D G REG F D 2006; ONE PENNY",Raw UGC,Tutorial,false,yes,,https://www.tiktok.com/@dansdollarss/video/7677509351182961942
watches,watches,2026-08-24,2026-10-01,imawristocrat,Metta Tan,45300,1821,81,76,What is the best daily watch? #watches #luxurywatches #watchcollector #WatchFam #WatchTok,A watch creator argues why the Rolex Submariner is the ultimate daily watch by establishing a three-point criteria checklist and inviting community engagement in the comments.,"What is the best daily watch? (top header) 
What is the best daily watch? (closed caption 0.0) 
and why is it the Rolex (closed caption 2.4) 
I genuinely believe the black (closed caption 3.4) 
sub is the perfect daily. (closed caption 5.2) 
And to understand why, (closed caption 6.0) 
we need to talk about what is (closed caption 7.4) 
a non negotiable when it (closed caption 8.8) 
comes to a daily watch. (closed caption 10.0) 
I can foresee a few people (closed caption 11.0) 
disagreeing, but number one, (closed caption 12.4) 
the watch needs to (closed caption 13.6) 
have a date complication. (closed caption 14.6) 
I don't care. And before you (15.8) 
oh, you can just check the (17.2) 
date on your phone, (18.2) 
well, you can do that with the (19.4) 
time as well. (20.0) 
So that's kind of an invalid (21.2) 
point. (22.0) 
So for those of you Explorer 1 (22.8) 
fans, (23.4) 
I'm sorry, but it's out. (24.4) 
Number two for me is gonna (25.4) 
be water resistance. (26.6) 
Now of course, you don't (27.6) 
need to have a diver in this (28.8) 
case, (29.2) 
anything like 100 meters or (30.8) 
above is definitely gonna be (32.2) 
completely adequate for a (33.2) 
day to day basis. (34.0) 
As long as you can wash your (35.0) 
hands with it, (36.0) 
it won't get messed up in the (36.8) 
rain, I think you're good to go. (38.0) 
Now number three is honestly just (39.6) 
purely aesthetic, (40.4) 
it's not really a functional (41.4) 
choice, but I feel like a good daily (42.8) 
watch",Raw UGC,Opinion,false,yes,,https://www.tiktok.com/@imawristocrat/video/7677498013203385608
patches,(not in thumbnail),2026-08-24,2026-10-01,cocoavanillabread,cocoa,9843,328,,17,#acnepatches #pimplepatches #skincare #treatment #CapCut,,,,,,no,possible off-topic,https://www.tiktok.com/@cocoavanillabread/video/7677484881764502802
watches,vintage watches,2026-08-24,2026-10-01,autocowboy,$1 Live Vintage,775,14,,,"$1 LIVE VINTAGE WATCH AUCTION 
Aug 24th 7pm CST
#watches #timex #seiko #bulova #fossil","A promotional TikTok video for a live vintage watch auction, featuring a massive spread of inventory from brands like Seiko and Timex starting at one dollar, accompanied by an enthusiastic voiceover and giveaway details.",VINTAGE WATCHES EVERYTHING STARTS AT $1; Purchase 1 through Purchase 7 on wheel graphic,Raw UGC,Promotion,true,yes,,https://www.tiktok.com/@autocowboy/video/7677426567420611854
coins,silver coins,2026-08-23,2026-10-01,coinszhistory,CoinszHistory,86700,1642,449,680,"🇮🇹🪙 Have this 1978 Italian silver coin? We’re interested in buying it! 💰
📩 Send us clear photos of your coins and we’ll take a look.
#WeBuyCoins #OldCoins #ItalianCoins #SilverCoins #CoinCollecto","A short promotional video from a coin buyer displaying an Italian 1978 coin with an exaggerated price tag of 180,000 euros, prompting users to submit photos of their own coins.","🇮🇹 Italian Classic 
 Silver Old Coin 1978 R 
 100 lires 🪙🪙 
 €180.000.00 
 🇮🇹🪙 Have this 1978 Italian silver coin? We’re interested in buying it! 💰 
 📩 Send us clear photos of your coins and we’ll take a look.",Raw UGC,Meme,true,yes,,https://www.tiktok.com/@coinszhistory/video/7677377857844448532
watches,luxury watches,2026-08-23,2026-10-01,timepiece_haven,horological_nest,184000,7442,321,914,"Immerse yourself in the appreciation of Jaeger-LeCoultre's minute repeater watch, a high-end, complex collectible model. Send a private message to obtain detailed specifications #jaegerlecoultre #minu","A silent video showcasing the mechanical beauty and chiming sound of a high-end Jaeger-LeCoultre minute repeater watch, encouraging interested viewers to send a private message for specifications.","JAEGER-LECOULTRE; SWISS MADE; WESTMINSTER; TUE; APR; 22, 24, 26, 28, 30, 1",Polished Creator,Aesthetic,true,yes,,https://www.tiktok.com/@timepiece_haven/video/7677243845775510805
coins,coin collecting,2026-08-23,2026-10-01,kevin123_508,Charles Kevin,43600,811,230,230,#germany #münzen #coinscollection #fypgermany🇩🇪 #goviral,"A coin collecting short featuring a macro presentation of a 1950 Germany 10 Pfennig coin paired with a bold 130,000 euro valuation hook and reference document background.","1950 Germany 10 Pfennig Coin; €130,000; Website: MA-S...; A: Berlin; B: Vienna; D: Munich; E: Muldenhuetten; F: Stuttgart; G: Karlsruhe; J: Hamburg",Raw UGC,Tutorial,false,yes,,https://www.tiktok.com/@kevin123_508/video/7677241829053435169
coins,(not in thumbnail),2026-08-23,2026-10-01,tydsfs222,tydsfs222,2616,54,1,2,Speed roll Hunt! 23 #coincollecting #coinrollhunting #numismatics #uscoins #usatiktok,,,,,,no,,https://www.tiktok.com/@tydsfs222/video/7677186557773712653
ducks,rubber duck,2026-08-23,2026-10-01,not_sami_,Sami,667900,104300,469,40700,World's largest rubber duck! #duck,"A short, humorous TikTok video capturing a scenic lakeside view featuring a giant inflatable rubber duck, accompanied by the iconic Jurassic Park theme song to create a playful cinematic joke.",WALKING PATH on a small white sign on the far left edge of the lawn,Raw UGC,Vlog,false,yes,,https://www.tiktok.com/@not_sami_/video/7677223236408577311
ducks,rubber duck,2026-08-23,2026-10-01,zeih878,zeih,647,17,2,1,#rubberduck #duckrace #race #fyp #foryou #oddl,"An informative explainer video detailing how the Chicago Ducky Derby and similar charity duck races operate, utilizing striking visual footage of tens of thousands of rubber ducks dumped into rivers to maintain high engagement.","Lass dich nicht täuschen, das hier ist kein Fischfutter, das in den Fluss geschüttet wird, Die gelben Punkte, die aus dem Lastwagen fallen, sind Gummienten, und zwar ganze 82.500 Stück, Sie nehmen alle an Chicagos jährlichem Entenrennen teil, Es gilt als eines der fairsten Rennen überhaupt, Und so funktioniert es, Für zwei Dollar kannst du eine kleine Ente adoptieren, Alle Enten werden zunächst in einen Lkw geladen, Dann werden sie gemeinsam in den Fluss gelassen und treiben mit der Strömung Richtung Ziel, Die erste Ente, die die Ziellinie überquert, bringt ihrem Besitzer einen Sportwagen, Der zweite Platz bekommt 2.500 Dollar, Das ist sogar aufregender als ein Lottoschein, Und das Ganze soll auch absolut fair bleiben, Aber wie verhindern sie Betrug?, Das gesamte Rennen wird überwacht, Jede Ente hat eine eigene Kennzeichnung, die mit ihrem Besitzer verbunden ist, Schummeln ist damit praktisch unmöglich, Und das Ganze dient nicht nur dem Wettbewerb, es geht vor allem um einen guten Zweck, Die Einnahmen werden für Projekte in der Gemeinde verwendet, Am Ufer stehen unzählige Zuschauer, Die meisten von ihnen haben ihre eigene Ente dabei, Die Teilnehmerzahl ist fast nicht begrenzt, Dadurch wird das Ufer zu einem bunten und lebhaften Spektakel, Kein Wunder, dass dieses Rennen als eines der fairsten Rennen bezeichnet wird, Tausende gelbe Enten gemeinsam Richtung Ziel treiben zu sehen ist einfach ein unglaublicher Anblick, TO BEW, YOBU-TOM, CHICAGO DUCKY DERBY, LEON MART",Polished Creator,Documentary,false,yes,,https://www.tiktok.com/@zeih878/video/7677167915749166358
coins,(not in thumbnail),2026-08-23,2026-10-01,azcoinhunters,azcoinhunters,1432,40,,2,"$2 roll, 25 chances! 🪙 Look, a 2022 ""A"" Commonwealth Games $2 coin! 🇦🇺
This one's part of a 3-coin set (A, U, S) released to celebrate the Aussie Team heading to the Birmingham 2022 Commonwealth Ga",,,,,,no,,https://www.tiktok.com/@azcoinhunters/video/7677165228685118728
coins,rare coins,2026-08-23,2026-10-01,rarecoins72,RARE COINS,299,14,3,,"Creator THESE 1/2 c 1c 2 c 5 c 10 c 20c 50c AND THE SILVER R1 COIN SETS WERE STRUCK AS PART OF THE SECOND DECIMAL ISSUE 1965-1990. IN 1962 IT WAS ANNOUNCED THAT A CHANGE IN SIZE, DESIGN AND METAL CONT","An educational short-form video featuring a numismatic creator discussing the history and high potential valuation of South African banknotes, prompting viewers to check their collections and visit the creator's bio.","SOUTH AFRICA NOTE VALUES; DO YOU HAVE ANY AWAY OF THESE NOTES?; 2 RAND NOTE (1986); R1,000,000; Depending on Condition; 5 RAND NOTE (1989); 10 RAND NOTE (1990); 20 RAND NOTE (1991); 50 RAND NOTE (1992); NOTES ARE WORTH A LOT OF MONEY!; CHECK IT - CHECK YOUR COLLECTION NOW!; CHECK MY BIO MESSAGE ME ON WHATSAPP",Polished Creator,Informational,true,yes,,https://www.tiktok.com/@rarecoins72/video/7677093906923654420
ducks,yellow rubber duck,2026-08-23,2026-10-01,izzy.lenarczyk,Izzy,1157,66,6,2,I love my rubber ducks #rubberducky #funny #relateable,"Creator Izzy humorously addresses gift-givers by showing her extensive collection of novelty rubber ducks won from an arcade claw machine, blending relatable humor with a lighthearted personal update.",I don't know what to get you; SMART MY LITTLE DUCKS TM; WINNER EVERY TIME; PLAY TILL YOU WIN; 1 PLAY PER $1.00,Raw UGC,Personal-update,false,yes,,https://www.tiktok.com/@izzy.lenarczyk/video/7677038399240424734
coins,silver coins,2026-08-23,2026-10-01,thecanadiancoinbroker,The Canadian Coin Broker,21200,485,24,107,"🥈 Check your old Canadian quarters before you spend them! 🇨🇦

Some contain a LOT more silver than others:

🪙 1870–1919: 92.5% silver
🪙 1920–1966: 80% silver
🪙 1967: 80% or 50% silver
🪙 1968: 50","A coin expert educates viewers on how to identify silver-containing Canadian quarters based on their mint years and magnetic properties, encouraging engagement by asking about their oldest finds.",@TheCanadianCoinBroker; How much Silver is in my change?; 1870-1919; 92.5%; 1920-1966; 80%; 1967; 80% or 50%; 1968; 50% possible; thanks FOR watching,Polished Creator,Tutorial,false,yes,,https://www.tiktok.com/@thecanadiancoinbroker/video/7677028257249643794
watches,vintage watches,2026-08-23,2026-10-01,tess__sullivan,tess__sullivan,1234,85,13,1,I love to know the story behind things. Most vintage Rolex’s have a story and I can’t find anything online about this vintage cocktail watch. Who has any info on this beauty??,"A creator shares a mysterious 1940s vintage Rolex cocktail watch purchased at a flea market, explaining its aesthetic appeal and lack of online documentation while asking watch enthusiasts in the comments for information.",calling all vintage watch nerds,Raw UGC,Storytime,false,yes,,https://www.tiktok.com/@tess__sullivan/video/7677025229310381325
watches,watch collection,2026-08-22,2026-10-01,vince_watches,Vince⏱️,27000,711,31,29,"These are my Top 5 daily watches for men under $1,000! These affordable watches have great specifications and look great for the price! #dailywatch #affordablewatch #menswatches #watchenthusiast","A watch enthusiast counts down his top five everyday GADA watches under $1,000, detailing pricing, movement specs, finishing quality, and personal ownership experiences for each piece.","Top 5 Daily Watches for men / To buy under $1,000; 5. Beaucroft Element - $695; 4. Tissot Gentlemen-38mm -$850; 3. Mido Commander Dato Day -$1090; 2. Henry Archer Vesterhav -$599; 1. Traska Commuter -$690",Polished Creator,Top-list; Review,false,yes,,https://www.tiktok.com/@vince_watches/video/7676973114915294495
coins,silver coins,2026-08-22,2026-10-01,mr.stassen.albert8,MR STASSEN ALBERTUS,8794,142,66,21,"THESE 1/2 c 1c 2 c 5 c 10 c 20c 50c AND THE SILVER R1 COIN SETS WERE STRUCK AS PART OF THE SECOND DECIMAL ISSUE 1965 - 1990. IN 1962 IT WAS ANNOUNCED THAT A CHANGE IN SIZE, DESIGN AND METAL CONTENT OF","A financial creator pitches an in-person coin buying service at ABSA Bank for South African second decimal issue coins minted between 1965 and 1990, promising zero fees and direct messaging engagement.","THESE 1/2 c 1c 2 c 5 c 10 c 20c 50c AND THE SILVER R1 COIN SETS WERE STRUCK AS PART OF THE SECOND DECIMAL ISSUE 1965 - 1990. IN 1962 IT WAS ANNOUNCED THAT A CHANGE IN SIZE, DESIGN AND METAL CONTENT OF COINS WAS BEING CONSIDERED. THIS WAS PRIMARILY DUE TO THE INCREASE IN THE PRICE OF SILVER. VARIOUS PATTERNS WERE STRUCK FOR CONSIDERATION BY THE PARLIMENTARY COMMITTEE INVESTIGATING THIS AS THE INCREASED USE OF COIN AUTOMATION MACHINES REQUIRED LONG TERM USE OF THE COIN TYPES CHOSEN; BRING YOUR COINS HERE AT ABSA BANK, FACE-TO-FACE DEAL AND NO FEE. MESSAGE ME NOW.",Polished Creator,Inform,true,yes,,https://www.tiktok.com/@mr.stassen.albert8/video/7676947713715391752
coins,rare coins,2026-08-22,2026-10-01,rarecoins72,RARE COINS,758,9,2,3,"THESE 1/2 c 1c 2 c 5 c 10 c 20c 50c AND THE SILVER R1 COIN SETS WERE STRUCK AS PART OF THE SECOND DECIMAL ISSUE 1965-1990. IN 1962 IT WAS ANNOUNCED THAT A CHANGE IN SIZE, DESIGN AND METAL CONTENT OF C",An educational video by a rare coin creator presenting estimated values for vintage South African coins while narrating the historical background of coinage and banknote evolution.,"SOUTH AFRICA COIN VALUE ESTIMATED 2026 VALUES • Do You Have Any of These Coins? MANDELA 5 RAND COIN 2018 Commemorative Coin VALUE R1,000,000 Depending on Condition KRUGER 1 RAND COIN 1967 Bronze Coin VALUE R1,000,000 Depending on Condition 1 RAND COIN 1966 Silver Coin VALUE R1,000,000 Depending on Condition 5c COIN 1963 Nickel Coin VALUE R1,000,000 Depending on Condition 20c COIN 1982 Bronze Coin VALUE R1,000,000 Depending on Condition 2c COIN 1961 Bronze Coin VALUE R1,000,000 Depending on Condition GOLD COIN 1961 Gold Coin VALUE R1,000,000 Depending on Condition SOUTH AFRICAN CROWNS OLD COINS ARE WORTH MILLIONS - DON'T SPEND THEM - CHECK THEIR VALUE! VALUE DEPENDS ON CONDITION, RARITY & DEMAND",Polished Creator,Informational,false,yes,,https://www.tiktok.com/@rarecoins72/video/7676945303936748821
coins,coin collecting,2026-08-22,2026-10-01,tydsfs222,tydsfs222,14300,323,7,17,Deep Dive Roll Hunt Quarters #coincollecting #coinrollhunting #numismatics #usatiktok,"A coin roll hunting creator walks viewers through a live search of a $10 roll of quarters, identifying notable dates, mint errors, and specific designs while offering numismatic valuations and educational tips.","FIRSTSTRIKE, PCGS MS64, Washington Signed 1st Patent, 2018 S, DISTRICT OF COLUMBIA, PUERTO RICO, GUAM, AMERICAN SAMOA, VIRGIN ISLANDS, NORTHERN MARIANA ISLANDS, $10 QUARTERS $10, COIN ROLL TREASURES, 2024-P Zitkala-Sa Mintage: 152M Common - not low mintage, Ebay Last Sold: $1-$3.5, 2024-P Zitkala-Sa, 2024-P, 1976-P Bicentennial Mintage: 809M Ebay Last Sold: Face Value, 2025-P Stacey Park Milbern Mint Mintage: 94.8M, Like and follow! Share what you enjoy collecting, Deep Dive Roll Hunt! Quarters #17",Polished Creator,Tutorial,false,yes,,https://www.tiktok.com/@tydsfs222/video/7676924427992435982
ducks,yellow rubber duck,2026-08-22,2026-10-01,yolandarose4,Yolanda Rose833,545,4,1,1,2026 rubber duck race. 2300 rubber ducks in the Tees Barage and I think mine is swimming in circles and didn’t even make it to the end.  Reflects my life 🐤🐥🐤😂 #rubberducky #yellowrubberduck #stock,"A personal TikTok post documenting the 2026 Stockton-on-Tees rubber duck race, featuring 2300 ducks released into the Tees Barrage, accompanied by witty text about the creator's duck failing to finish.",Please don't climb on me; Stockton-on-Tees Round Table; START; Duck Race | Colour Run | Santa Sleigh; DON MORE; CAMPER; For better mental health,Raw UGC,Vlog,false,yes,,https://www.tiktok.com/@yolandarose4/video/7676914275104984342
coins,silver coins,2026-08-22,2026-10-01,srqantiquesllc,SRQ ANTIQUES,68800,1487,52,26,"watch us chaotically try and open up an old coin bank we got out of a storage locker this week. Who would have though the coins would actually be old!

#antique #vintage #coins #silvercoins #storagewa","An antique reseller captures the chaotic process of opening a vintage mechanical coin bank found in a storage locker, surprising themselves and viewers with a massive haul of 1964-and-earlier silver coins.","NICKELS DIMES QUARTERS; AMOUNT DEPOSITED DOLLARS - CENTS; UNCLE SAM'S 3 COIN REGISTER BANK; READ DIRECTIONS ON BACK; TOY & NOVELTY CORPORATION 175 ESSEX STREET HACKENSACK NEW JERSEY; totals: 3 - half dollars, 54 - quarters, 9 - dimes, 7 - nickels, all 1964 and earlier",Raw UGC,Vlog,false,yes,,https://www.tiktok.com/@srqantiquesllc/video/7676639533575736607
patches,patches,2026-08-21,2026-10-01,staria_brantley,JA’STARIA,2600000,20300,71,689,Pimple patches are official retired! #acne #acnetreatment #pimplepatch #acneskincare #acnetips,"A creator shares a shocking skincare hack in her bathroom, arguing that using large sheets of medical tape instead of expensive small pimple patches extracts more debris and saves money.",STOP wasting money on overpriced pimple patches !!,Raw UGC,Tutorial,false,yes,possible off-topic,https://www.tiktok.com/@staria_brantley/video/7676534647169305887
coins,rare coins,2026-08-21,2026-10-01,malcolm.ashby,Malcolm Ashby,16800,715,28,130,Which 17 Rare & Valuable Coins Could Be Worth Thousands Of Dollars? #RareCoins #CoinCollecting #Numismatics #TreasureHunt #PocketChange,"An expert coin valuer outlines rare and valuable coins that could be found in everyday circulation, detailing specific mint marks and auction sale prices while promoting his comprehensive collectibles price guide.",17 Rare & Valuable Coins That Could Be Worth Thousands Of Dollars (Don't Spend Them); part 1; 17 rare coins you should never spend in 2026; Sotheby's; Ashby's Household & Collectibles Price Guide 2027; Scan Me; Get your guide at: www.MalcolmAshby.com; #17 2019-2020 W QUARTERS; 10M Tiny beside normal quarter mintages; $100s A 25-cent coin worth a hundred,Polished Creator,Tutorial,true,yes,,https://www.tiktok.com/@malcolm.ashby/video/7676470981556292895
watches,vintage watches,2026-08-21,2026-10-01,darioroia,Dario,17000,1887,30,164,"Vintage watch haul, which one is your favorite ???","A watch enthusiast presents a curated haul of rare vintage timepieces from brands like Audemars Piguet and Carl Bucherer, detailing their history and craftsmanship while inviting viewer engagement.",VINTAGE WATCH HAUL,Raw UGC,Haul,false,yes,,https://www.tiktok.com/@darioroia/video/7676468153215470881
coins,rare coins,2026-08-21,2026-10-01,mintvalues,Coin worth USA,44800,1137,261,149,"🔥 TOP 5 RARE USA COINS 🇺🇸🪙
3 Wheat Pennies and 2 Washington Quarters that could be worth serious money! 💰🔎 Check your old coins, pocket change, jars, and collections—you never know what hidden t","A fast-paced, high-energy TikTok video counting down five rare U.S. coins from everyday change that could theoretically be worth hundreds of thousands of dollars, designed to capture viewer attention through sensational financial valuations.","TOP 5 RARE USA COINS; CHECK YOUR CHANGE!; FESSIONAL AUTHENTICATION; CHECK BEFORE YOU SPEND IT; $430,000.00; $420,000.00; $400,000.00; THIRD RARE USA COIN; FORTH RARE USA COIN; FIFTH RARE USA COIN",Polished Creator,Tutorial,false,yes,,https://www.tiktok.com/@mintvalues/video/7676338310289132822
watches,watches,2026-08-21,2026-10-01,thegoldenmod,TheGoldenMods,307400,6773,35,568,Which one is your favourite? 👀 #affordablewatch #seikomods #menwatch #watches #seiko,"A fast-paced TikTok video by TheGoldenMods showcasing the second part of a top 5 affordable Seiko watch mods under 250 euros list, prompting viewers to choose their favorite design.","Top 5 SEIKO Watches Under 250€ 📷🇯🇵
Part 2
Nautiko | Chocolate 🏋️
Seikoak | Blue 🔹
Seitona | Ghost 👻
Seikomariner | Black 👔",Polished Creator,Tutorial,true,yes,,https://www.tiktok.com/@thegoldenmod/video/7676421681019112726
coins,silver coins,2026-08-21,2026-10-01,aliboy36216,pastor,21400,532,367,104,"THESE 1/2 c 1c 2 c 5 c 10 c 20c 50c AND

THE SILVER R1 COIN SETS WERE STRUCK AS PART OF THE SECOND DECIMAL ISSUE 1965 - 1990. IN 1962 IT WAS ANNOUNCED THAT A CHANGE IN SIZE, DESIGN AND METAL CONTENT O","An older creator delivers an urgent, trust-based request regarding coin purchases while showcasing a green-screen overlay of historical South African second decimal issue coins from 1965 to 1990.","THESE 1/2 c 1c 2 c 5 c 10 c 20c 50c AND THE SILVER R1 COIN SETS WERE STRUCK AS PART OF THE SECOND DECIMAL ISSUE 1965 - 1990. IN 1962 IT WAS ANNOUNCED THAT A CHANGE IN SIZE, DESIGN AND METAL CONTENT OF COINS WAS BEING CONSIDERED. THIS WAS PRIMARILY DUE TO THE INCREASE IN THE PRICE OF SILVER. VARIOUS PATTERNS WERE STRUCK FOR CONSIDERATION BY THE PARLIMENTARY COMMITTEE INVESTIGATING THIS AS THE INCREASED USE OF COIN AUTOMATION MACHINES REQUIRED LONG TERM USE OF THE COIN TYPES CHOSEN",Raw UGC,Opinion,false,yes,,https://www.tiktok.com/@aliboy36216/video/7676387027717213447
coins,silver coins,2026-08-21,2026-10-01,coinexpert1793,coinexpert1793,376,12,7,,"World coins collect part 6! All coins are silver, all coins are old! Old world coins!#numismatics #cointok #oldcoins #worldcoins #coin","A numismatist shares part 6 of an extraordinary world coin collection, highlighting rare and valuable silver coins from countries like Mexico, Netherlands, and Peru while sorting through double-row storage boxes.","World Coins Part 6; MEXICO 1928, 1935 1 PESO; MEXICO 1950, 1967 25 CENTAVOS; MEXICO 1898, 1909 1 PESO; NETHERLANDS 1756 1753 1757 1/2 GULDEN; NETHERLANDS 1739 1739A 1 DAALDER; NETHERLANDS 1597 1641 1 DAALDER; PERU 1791 1803 2 REALES; PERU 1871 1921 4 REALES; PERU 1890 1917 1/2 DINERO; PERU 1922 1935 1/4 SOL; PERU 1890 1847 8 REALES; PERU 1880 5 PESETAS; PHILIPPINES 1865 1868; P, W, N, S alphabetical index markers.",Raw UGC,Vlog,false,yes,,https://www.tiktok.com/@coinexpert1793/video/7676313493552860430
watches,vintage watches,2026-08-21,2026-10-01,chanelleemarie,Chanelle Marie,3309,154,6,1,My vintage watch collection! The start to an exciting new hobby. Patiently waiting for my first Cartier find… #vintagewatch #vintagegucci #watchcollection #vintagefinds,"Creator Chanelle Marie shares her vintage watch collection, highlighting specific pieces like a Gucci 1400l and items from Portobello Road Market, while expressing her passion for the hobby.",MY VINTAGE WATCH COLLECTION,Raw UGC,Collection,true,yes,,https://www.tiktok.com/@chanelleemarie/video/7676287454554410253
watches,watch collection,2026-08-21,2026-10-01,geminicollects,geminicollects,60400,1187,58,83,Anyone else in their jewelry hyper fixation era? This is part 1 of my series of hits and misses with jewelry from the 🇨🇳 boyfriend. Let me know which one you like in the comments! #luxuryfinds #jewe,"A lifestyle creator presents part one of her jewelry review series, focusing on luxury watch hits and misses sourced from overseas contacts, offering transparent quality assessments and styling tips.",JEWELRY FROM THE CHINESE BOYFRIEND Part 1 Watches; Part 1 Watches; Mr. Yang graphic logo,Raw UGC,Review,false,yes,,https://www.tiktok.com/@geminicollects/video/7676280160127126815
coins,coin collecting,2026-08-21,2026-10-01,mintvalues,Coin worth USA,21900,463,78,119,"💰1942 UK Half Penny – Rare World War II Coin Worth Checking! 🇬🇧🪙 Some 1942 Half Pennies can attract collector interest due to their age, condition, and historical significance during the Second Wo","A short-form numismatic video by Coin worth USA showcasing a 1942 UK half penny coin and claiming astronomical auction values of up to $339,000 to encourage viewers to inspect their own pocket change.","CHECK YOUR CHANGE!;
$339,000.00;
GEORGIUS VI D:G:BR:OMN:REX F:D:IND:IMP;
HALF PENNY;
1942;
collector's price pieces that retain visible design detail despite extensive wear and fine stories of everyday life encapsulated within each nick and rust spot furthermore auctions and collector forums elevate interest in 1942 half pennies that exhibit unusual aesthetic qualities or provenance often driving bidding activity during sales;
The appetite for classic British coins remains strong among international collectors and this sustained interest contributes to the ongoing market value for well preserved or historically significant examples;
The market value of a 1942 United Kingdom half penny varies widely based on condition grade and selling venue an average auction results a circulated example might fetch roughly around $339,000 with some records showing sales around that level at major auction houses;
This average reflects data collated from CoinMarket Archives and auction records where collectors bid on pieces similar to the 1942 half penny;
Historical sales show that more pristine coins graded by professional services have achieved higher prices with one certified specimen selling for $468,000 in earlier auctions",Raw UGC,Inform,false,yes,,https://www.tiktok.com/@mintvalues/video/7675987265121832214
watches,vintage watches,2026-08-20,2026-10-01,caitlynminimalist,Caitlyn Minimalist,704800,10700,44,376,click the link above to rsvp for our most timeless auction yet 🕰️✨ we’re LIVE tomorrow at 9am PST 👀 #tiktoklive #caitlynminimalist #vintagewatches #statementwatch #trendingjewelry,"A short, aesthetically polished promotional video by jewelry brand Caitlyn Minimalist featuring a dramatic reveal of six stacked vintage gold watches adorned with a lace bow, driving viewers to RSVP for an upcoming live auction.","vintage watch auction
tomorrow 8.21 ✨",Curated Aesthetic,Aesthetic,true,yes,,https://www.tiktok.com/@caitlynminimalist/video/7676262055426428173
coins,(not in thumbnail),2026-08-20,2026-10-01,diggindave_,Diggin Dave,15000,624,14,34,"What's in this Roll of Pennies?

#coinrollhunting #coincollecting #tiktokshop #coins #pennies",,,,,,no,,https://www.tiktok.com/@diggindave_/video/7676235681160498462
coins,coin collecting,2026-08-20,2026-10-01,kingofthecheapdat,KingOfTheCheapDate,5035,147,22,11,Always great to see coin enthusiasts proud of their collection. This clip is  from our coin show in Fort Lauderdale. I make a point to interview our guests coming and going. This Sunday we had a numbe,A short-form video from KingOfTheCheapDate spotlighting a young collector showing off his silver and coin acquisitions at a Fort Lauderdale coin show.,Spotlight on a Young Coin Collector; COIN SHOWS IN FLORIDA; 1934 LINCOLN CENT; $5.00; TROY OZ .999 SILVER; PROSPECTORS GOLD & GEMS; SOUTH FLORIDA COIN SHOWS; GOLD COAST COIN CLUB; FORT LAUDERDALE COIN CLUB; PALM BEACH COIN CLUB,Raw UGC,Vlog,false,yes,,https://www.tiktok.com/@kingofthecheapdat/video/7676159389039955230
coins,coin collecting,2026-08-20,2026-10-01,metaldetective.fla,Metaldetective Flanders,19800,1251,70,24,I found an extremely rare Roman coin in purchased coin collection 🤩💸🤑 #metaldetecting #metaldetector #minelab #romanempire #coincollecting,"A metal detectorist shares a story about purchasing a 240-piece Roman coin collection and discovering that one coin features a rare 'VAR' countermark associated with General Publius Quintilius Varus, making the single coin worth more than the entire collection.","I BOUGHT THIS; I BOUGHT THIS ROMAN COIN COLLECTION; BUT NOBODY REALISED THAT THERE WAS ONE; THAT IS WORTH MORE THAN WHAT I PAID FOR THE WHOLE COLLECTION; SO NOT TOO LONG AGO; A 240 PIECE ROMAN COIN COLLECTION; AS YOU SEE; IT DOES CONTAIN SOME AMAZING COINS; CAME FROM NORTH METAL DETECTORIST; WHO WANTED TO SELL EVERYTHING THAT HE EVER FOUND; AS I WAS GOING THROUGH THE COLLECTION PIECE BY PIECE; I WAS PRETTY HAPPY WITH MY PURCHASE; THEN I WAS EXAMINING THIS ONE; AT FIRST GLANCE; THIS LOOKS LIKE A REGULAR AS FROM EMPEROR AUGUSTUS; WITH THE ALTAR OF LUGDUNUM; WHEN I SUDDENLY NOTICED; THIS COUNTERMARK; IT SAYS VERY CLEARLY 'VAR'; THIS COIN COMES FROM NONE OTHER; LESS THAN THE FAMOUS GENERAL PUBLIUS QUINTILIUS VARUS; IT IS INDEED THE GUY; WHO WAS SLAUGHTERED AT TOTUSBURG FOREST BY THE CELTS; THERE ARE ONLY 1,000 OF THESE COINS IN THE WORLD; AND WHAT MAKES THIS ONE EVEN MORE; THIS ONE'S COUNTERMARK IS ON THE BACK; ONLY 50 LIKE THIS ONE ARE KNOWN TO EXIST; BY LOOKING AT SOME AUCTION RESULTS; IT IS CLEAR THAT THIS COIN IS WORTH; MINIMUM OF THOUSAND FIVE; SO SOMETIMES YOU JUST HAVE TO BE LUCKY; RIGHT?",Raw UGC,Storytime,false,yes,,https://www.tiktok.com/@metaldetective.fla/video/7676120111840824598
watches,watches,2026-08-20,2026-10-01,valerppp6s1,joker watch01,139300,2091,73,194,#watch #watchmegrow #watchcollector #watchlover #watches,"A silent, high-detail showcase of a limited edition Hublot luxury watch, emphasizing its mechanical complexity, rose gold construction, and clasp mechanism for watch collectors.","HUBLOT on clasp; MP-05, BIG BANG, LIMITED EDITION, NO.01/150 on case back; various small dial markings",Polished Creator,Haul,true,yes,,https://www.tiktok.com/@valerppp6s1/video/7676104065893289249
patches,patches,2026-08-20,2026-10-01,dangitalicia,dangitalicia,277800,1215,8,28,"OOTD pimple patches ⭐️ #StarPatch #OOTDBeauty #Kbeautypatch #AcnePatch
#Skintonepatch","A beauty creator reviews OOTD Beauty's new skin-toned star acne patches, demonstrating why they are superior to traditional transparent patches by matching them to her skin tone.",still using THIS in 2026??; it's not even the same colour as ur skin bestie; 5 new shades; Warm vanilla; Blush pink; Sand beige; Rich taupe; Soft cocoa; no popping; no scarring; gentle on skin; transparent patch; skin tone patch,Raw UGC,Tutorial,true,yes,possible off-topic,https://www.tiktok.com/@dangitalicia/video/7676038453938720008
coins,coin collecting,2026-08-20,2026-10-01,oldcoinexchange1,SouthAfrican old Coin Exchange,6994,123,146,10,#oldcoins Hello! Thank you for reaching out to [Gold Coin Treasure Exchange Company]. We buy old and collectible coins across South Africa. 🇿🇦 Dm on WhatsApp ‪+27 70 716 5944‬,A South African coin buying business uses a direct-to-camera video featuring a storefront and a promise of safe police station meetings to drive potential sellers to WhatsApp.,I buy coins face to face; SA COINS COOPERATION COMPANY THE BEST PLACE TO SELL YOUR COINS FACE TO FACE NOW; TikTok @andre.le.roux21; KERRIN PACKAGING,Raw UGC,Commercial,true,yes,,https://www.tiktok.com/@oldcoinexchange1/video/7676020839149505813
coins,(not in thumbnail),2026-08-20,2026-10-01,craigcollects,CraigCollects,7636,100,12,17,"It took 8 rolls to find the most common commemorative coin!
#coinhunt #commemorativecoin #treasure #Numismatics #AustralianCoins",,,,,,no,,https://www.tiktok.com/@craigcollects/video/7671901666844790036
patches,iron on patches,2026-08-20,2026-10-01,pani_xx,Stephanie⁷ ⊹ ࣪ ˖,7360,118,4,13,"Here is my highly requested video of how I removed my NIKE x BTS embroidered patches! I used my patches for my concert outfit, the DIY Killin’ It Girl jacket. 💜

Please do not use or alter these patc","Stephanie⁷ ⊹ ࣪ ˖ presents a comprehensive, transparent tutorial on how to safely remove Nike x BTS embroidered patches from customized apparel at home, complete with necessary tools, step-by-step instructions, and clear warnings about potential fabric damage.","HOW TO Remove Iron-on Patches; DISCLAIMER: This tutorial is only to remove, NOT ALTER, the exclusive NIKE X BTS patches...; WHERE DID I GET MY NIKE BTS PATCHES?; NIKE HOUSE OF INNOVATION (NYC); MY PRICE BREAKDOWN; Preview of my concert outfit; THE ANSWER IS NO.; REMOVE AT HOME; WHAT ARE IRON ON EMBROIDERED PATCHES?; 'IRON-ON'; HOW IT WORKS; IMPORTANT TO KNOW; EASY TO REMOVE, BUT-; 'MARK' COULD MEAN: Color fading, Color change, Sticky glue residue, Some scorch around the surrounding material; HIGHLY SUGGEST: Not placing your patches on any clothing you plan to re-wear because of the mark it will leave; WHAT TOOLS DO YOU NEED?; PREPARE: Iron, Ironing board, A thin cotton cloth; 1. PREP: Put the thin cotton cloth over the patch to protect the design.; 2. PRESS: Keep/Hold the hot iron firmly on top for about 30-45 SECONDS!; 3. COOL: Carefully set your hot iron to the side.; FOR EASIER REMOVAL, I RECOMMEND USING TWEEZERS; IF DONE CORRECTLY, THE PATCH SHOULD REMOVE SMOOTHLY!; STILL STUCK? No worries! PUT THE CLOTH AND IRON BACK!; 15-30 SECONDS MAX!; THERE GOI :) YOU DID IT! :D; UNFORTUNATELY, THERE IS GOING TO BE A MARK.; COMPLETELY NORMAL!; LET ME KNOW IF YOU HAVE ANY QUESTIONS! HAVE FUN :)",Raw UGC,Tutorial,false,yes,,https://www.tiktok.com/@pani_xx/video/7675954820590685471
watches,watch collection,2026-08-19,2026-10-01,wired,WIRED.COM,5100000,282800,7609,57300,"The replica watch industry is in its “super clone” era. Following tips from murky internet forums, we bought three budget fakes that were good enough to pass as real—but ultimately disposable.","A WIRED journalist investigates the 'super clone' watch industry by purchasing three counterfeit Rolexes for $500-$700, taking one into London's flagship Rolex store where staff adjust it free of charge without realizing it is fake, and consulting an expert who identifies inner flaws.",,High-Production,Investigative-journalism,false,yes,possible off-topic,https://www.tiktok.com/@wired/video/7675850623572593933
watches,vintage watches,2026-08-19,2026-10-01,wattsonwatches,wattsonwatches,531900,33500,139,725,"A 1977 Submariner with everything collectors look for.

This Rolex 5513 features a beautifully preserved pre-COMEX dial, matching creamy tritium across the hands and hour markers, and an excellent vin","A watch dealer showcases a rare 1977 Rolex Submariner 5513 with a pre-Comex dial, original box, and matching paperwork, highlighting its exceptional condition and collector appeal.",IF YOU WERE BORN IN 1977 YOU ARE TURNING 50 NEXT YEAR AND THIS IS YOUR BIRTH YEAR ROL-EX SO LET'S UNBOX IT IT IS A WONDERFUL SET THE ORIGINAL OYSTER YOU HAVE THE LITTLE ANCHOR THAT'S A LITTLE HINT AS TO WHAT THE WATCH IS PURCHASE HISTORY FROM WATCHFINDER COME IN HERE THE ORIGINAL TRANSLATION BOOKLET AND YOU HAVE THE ORIGINAL PAPERS THIS ONE WAS SOLD IN 1977 IN LEICESTER BUT MOST IMPORTANTLY THE WATCH THIS IS ONE OF MY FAVORITE ROL-EX REFERENCES A 5513 NO DATE SUBMARINER THE BOX MY FAVORITE LITTLE DETAILS AS YOU CAN SEE HERE 1976 WAS THE COMMEMORATIVE DATE 50 YEARS OF THE OYSTER AND THIS IS ONE OF THE VERY RARE COMMEMORATIVE BOXES BUT THE WATCH IS THE MOST IMPORTANT PART IT IS ABSOLUTELY SUPERB CASE CONDITION IS FANTASTIC FOR ITS AGE BUT ANYBODY WHO COLLECTS SUBMARINERS WILL KNOW THAT THE HANDS AND THE DIAL ARE THE MOST IMPORTANT COMPONENT THIS ONE HAS A PRE COMEX DIAL THE CONDITION I WOULD SAY IS 10 OUT OF 10 THE LOOM HAS DEVELOPED A WONDERFUL CREAMY TONE ALSO MATCHED BY THE HANDS AS WELL THESE EARLY MATTE DIALS GIVE THESE SUBMARINERS SO MUCH CHARACTER THE LENGTH AND THE CONDITION OF THE BRACELET IS GREAT AND THIS IS AVAILABLE NOW AT wattsonwatches.co.uk,Polished Creator,Review,true,yes,,https://www.tiktok.com/@wattsonwatches/video/7675813020626324758
watches,watch collection,2026-08-19,2026-10-01,anthonykruijverfashion,Anthony Kruijver Fashion,183500,6970,78,437,Mijn #AP x Swatch #collectie #ranken en #raten ‼️ #apxswatch,"A watch enthusiast evaluates and ranks his collection of Swatch x Audemars Piguet Bioceramic watches, discussing retail prices, resale values, color combinations, and personal favorites.","AP Swatch, Royal Pop, €385,-, €5,-, Nummer 5, 7.0, Nummer 4, 7.5, 8, Nummer 2, €2000,-, 9.0, 10.0",Raw UGC,Review,false,yes,,https://www.tiktok.com/@anthonykruijverfashion/video/7675809403605454102
coins,silver coins,2026-08-19,2026-10-01,well8802,Parisian Vintage Coins&Medals,7325,130,25,1,"Vintage French Silver Coins Found at a Paris Flea Market — For My Collection 🇫🇷🪙

#VintageCoins
#FrenchCoins
#SilverCoins
#ParisFleaMarket
#Numismatics

Vintage Coins
French Coins
Silver Coins
Pari","A silent, aesthetic showcase of vintage French and Moroccan silver coins found at a Paris flea market, presented through top-down overhead shots and macro coin rotations.",SUBSCRIBE 💕; 20 FRANCS 1933 LIBERTE EGALITE FRATERNITE; REPUBLIQUE FRANCAISE; 5 FRANCS 1875; MAROC 20 FRANCS EMPIRE CHERIFIEN; Vintage French Silver Coins 🇫🇷,Polished Creator,Aesthetic,false,yes,,https://www.tiktok.com/@well8802/video/7675804467048008993
patches,iron on patches,2026-08-19,2026-10-01,tay_southernshirtshack,Southern Shirt Shack,3045,135,10,6,The trendiest patches!! #fyp #sequinpatch #irononpatch #hatbar #tshirtmaker,"A boutique owner showcases her latest collection of trendy sequin and beaded patches, demonstrating how they apply to hats, t-shirts, and bags to drive traffic to her website and Etsy shop.",,Raw UGC,Tutorial,true,yes,,https://www.tiktok.com/@tay_southernshirtshack/video/7675789708634426638
ducks,yellow rubber duck,2026-08-19,2026-10-01,lostducky,QuackDuck,49000,357,72,63,"Now we have  to deal  with the yellows too , I found 4 😭🐣🐣#blowthisup #viral #duck #games #ducksoftiktok","A short interactive TikTok video by creator QuackDuck presenting a visual puzzle set against an outdoor pool background, challenging viewers to find five yellow ducks among a group of white ducks.",Find 5 yellow ducks,Lo-fi Authentic,Challenge,false,yes,,https://www.tiktok.com/@lostducky/video/7675738478843317536
coins,coin collecting,2026-08-19,2026-10-01,vithunan8,Victor,19200,481,155,56,Coins collection #numismatics #rarecoins #coincollecting #2euro #coin,"A minimalist numismatic showcase featuring a rotating 2002 German 2-euro coin from mint F, targeted at coin collecting enthusiasts on TikTok.",Germany; 2002/F; 2002; EURO,Raw UGC,Tutorial,false,yes,,https://www.tiktok.com/@vithunan8/video/7675713437854485782
watches,watch collection,2026-08-19,2026-10-01,kamiwatches,KaMi Watches,386600,11000,409,857,"The only 3 watches a man actually needs — one for every occasion, nothing more. Cover your whole life with three: the Longines Master Collection (~$2,000, the timeless dress watch for formal occasions","A concise, expert-led curation of the only three luxury watches a man needs, featuring the Longines Master Collection, Oris Aquis, and Omega Aqua Terra, designed to spark discussion and engagement among watch collectors.","THE ONLY 3 WATCHES A MAN ACTUALLY NEEDS; #1 MAKES THE OTHER TWO POINTLESS; @KAMIWATCHES; #3; LONGINES MASTER COLLECTION ~$2,000; #2; ORIS AQUIS ~$2,600; #1; OMEGA AQUA TERRA ~$6,300",Polished Creator,Review,false,yes,,https://www.tiktok.com/@kamiwatches/video/7675103236168240387
coins,rare coins,2026-08-19,2026-10-01,coinsxjmqs1,pastor John Henry,4074,60,22,10,"BUY OLD & RARE COINS

HOUSE TO HOUSE IN SOUTH AFRICA!

Are you in possession of valuable or old coins?

We're actively buving coins house to house across South Africa and neighboring countries!

Wheth","Pastor John Henry posts a promotional TikTok ad targeting South African residents who own old and rare coins, offering house-to-house buying services and safe meetups at police stations. The video features a scenic Cape Town opening, rapid b-roll of coin collections and sorting trays, and synchronized text overlays emphasizing security against online scams.","BUY OLD & RARE COINS 
 HOUSE TO HOUSE IN SOUTH AFRICA! 
 Are you in possession of valuable or old coins? 
 We're actively buying coins house to house across South Africa and neighboring countries! 
 Whether you're looking to sell gold coins, Krugerrands, old South African coins-or world coins - we come to YOU! 
 We're available in the following areas: 
 I NEED COINS 
 M6 Cape Town Sea Point 
 M62 Table Mountain Cape Town 
 Curious what your... 
 RARE COIN COLLECTION 
 $300 
 $4300 
 $32400 
 $9100 
 $1000 
 $8000 
 $50 
 $21000 
 $20 
 COINS FROM THE REPUBLIC OF SOUTH AFRICA 
 HOBBY OF KINGS",Raw UGC,Advertisement,true,yes,,https://www.tiktok.com/@coinsxjmqs1/video/7675618363002948885
patches,patches,2026-08-18,2026-10-01,xxpushinpretty,M A R L Y N N A E,347700,16900,56,48,Let’s patch together 🫧 #pimplepatches #skintok #acnejourney #fyp #satisfying,A creator shares a casual SkinTok vlog applying Hero Cosmetics pimple patches to emerging blemishes on her forehead and eyebrows.,Hero (on patch packaging),Raw UGC,Vlog,false,yes,possible off-topic,https://www.tiktok.com/@xxpushinpretty/video/7675421478258560286
coins,coin collecting,2026-08-18,2026-10-01,coinexpert1793,coinexpert1793,319,12,3,,This is part three of the most amazing world Coin collection I have ever handled. Every Coin in this collection is silver.#numismatics #cointok #coincollection #worldcoins #silvercoins,"A numismatist presents part three of their newly acquired world coin collection, systematically walking through silver coins from Denmark, France, Egypt, and other nations while discussing dates, denominations, and historical details.",World Coin Collection Part 3; DENMARK 1681 2 SKILLING; FRANCE 1565 1 TESTON; 1g = .0322 TROY OUNCE; 1 TROY OZ = 31.1035 GRAMS,Raw UGC,Vlog,false,yes,,https://www.tiktok.com/@coinexpert1793/video/7675494122534259982
watches,watch collection,2026-08-18,2026-10-01,thegoldenmod,TheGoldenMods,614700,37300,120,2141,Which one would you choose? 🤔 Let us know in comments! 😉. #Watches #MensStyle #wristwatch,"A creator playfully frames a collection of custom Seiko mod watches as their grandfather's luxury collection, showcasing four distinct models with close-up shots and prompting comment interaction.",Grandpa wanted to show me his watch collection...; Seikodate | Arabic Blue 🧊; Seikoak | Skeleton 💀; GMTeiko | Joker 🃏; Seikojust | Wimbledon 🎾,Polished Creator,Haul,false,yes,,https://www.tiktok.com/@thegoldenmod/video/7675413704883588374
ducks,rubber duck,2026-08-18,2026-10-01,travel.tings,Travel Tings,38900,1418,10,743,"🦆🇳🇱 THE DUCK SHOP IN AMSTERDAM!

One of Amsterdam’s quirkiest little shops 😂🦆 Wall-to-wall rubber ducks in every shape, size and theme — you genuinely could spend ages looking around!

📍 Amsterd","A fast-paced travel vlog showcasing the Amsterdam Duck Store, highlighting its massive and eccentric inventory of novelty rubber ducks through an energetic POV walkthrough.",THE RUBBER DUCK STORE; WILD; duck; travel; AMSTERDAM DUCK STORE; TRAVEL TINGS,Raw UGC,Vlog,false,yes,,https://www.tiktok.com/@travel.tings/video/7675411882043395350
patches,patch collection,2026-08-18,2026-10-01,yubinhuang984695,Pretty patches,363,8,6,1,Say hi get catalog #diy #patches #falgons,"A short, engaging TikTok product showcase featuring embroidered Atlanta Falcons patches arranged on a plush surface, designed to prompt viewers to request a catalog via direct message.",Falcons patches; Any favorite,Raw UGC,Haul,true,yes,,https://www.tiktok.com/@yubinhuang984695/video/7675385502710648078
patches,iron on patches,2026-08-18,2026-10-01,alphapatchesgo,Patches-Alpha🎀,492,7,,1,Halloween 🎃 patches #irononpatches #diy #patches#halloween #christmas,"A fast-paced TikTok product showcase highlighting new Halloween-themed iron-on patches with a pink and sparkly aesthetic, set to an upbeat trending track.",Halloween patches 👻🩷✨new arrivals !,Polished Creator,Haul,true,yes,,https://www.tiktok.com/@alphapatchesgo/video/7675340393688337677
coins,rare coins,2026-08-18,2026-10-01,mintvalues,Coin worth USA,19100,548,119,124,"1989-D BLACK WASHINGTON QUARTER! 🚨
Could this dark-colored quarter be worth far more than 25 cents? Some collectors search for unusual Washington Quarters with rare mint errors, while others turn out","An educational TikTok video examining a dark toned 1989-D Washington Quarter, contrasting extreme auction error valuations with normal circulated worth and advising collectors on authentication.","$380,000.00; STANDARD CIRCULATED EXAMPLE THE VALUE REMAINS CLOSELY CONNECTED TO ITS ORDINARY NUMISMATIC STATUS WHILE EXCEPTIONAL EXAMPLES WITH SIGNIFICANT AND AUTHENTICATED CHARACTERISTICS CAN COMMAND MUCH STRONGER PRICES WITH STANDOUT RARE ERROR OR HIGHLY COLLECTIBLE SPECIMENS POTENTIALLY REACHING ONE HUNDRED FIFTY THOUSANDS DOLLARS AND IN EXCEPTIONAL DOCUMENTED CASES EVEN THREE HUNDRED EIGHTY THOUSANDS DOLLARS THE IMPORTANT POINT IS THAT THE MARKET VALUE OF A PARTICULAR COIN MUST BE ESTABLISHED FROM ITS EXACT CHARACTERISTICS AND VERIFIED AUCTION OR SALES EVIDENCE SO COLLECTORS SHOULD FOCUS ON AUTHENTICATION CONDITION RARITY AND DOCUMENTED DEMAND RATHER THAN RELYING ONLY ON A DARK APPEARANCE OR AN ONLINE CLAIM THE BEST WAY TO BUILD KNOWLEDGE AS A WASHINGTON QUARTER COLLECTOR IS TO DEVELOP A HABIT OF CHECKING EVERY INTERESTING COIN CAREFULLY LEARN THE MAJOR MINT MARKS AND DESIGN DETAILS COME FAMILIAR WITH GENUINE MINT ERRORS AND RECOGNIZED VARIETIES STUDY PHOTOGRAPHS OF CERTIFIED EXAMPLES AND KEEP NOTES ABOUT COINS THAT APPEAR UNUSUAL A COIN DOES NOT HAVE TO LOOK PERFECT TO BE FASCINATING AND A CIRCULATED PIECE CAN STILL TELL AN IMPORTANT STORY ABOUT AMERICAN COMMERCE AND COLLECTING HISTORY; CHECK BEFORE YOU SPEND IT",Polished Creator,Tutorial,false,yes,,https://www.tiktok.com/@mintvalues/video/7675181014251015446
ducks,rubber duck,2026-08-18,2026-10-01,shuxinzhou5,shuxinzhou5,6268,161,27,125,"Dancing At The End Of The World
Rubber Ducks_RUBBER DUCKS Revolt","A high-energy dance compilation video set to an electronic track, combining professional studio choreography with live festival footage to deliver an immersive, euphoric viewing experience.",Dancing At The End Of The World; Rubber Ducks_RUBBER DUCKS Revolt; OTTO LINGER; AREA 54; Bilingual lyrics subtitles in English and Chinese,High-Production,Dance-cover,false,yes,,https://www.tiktok.com/@shuxinzhou5/video/7675228669584952590
watches,watch collection,2026-08-17,2026-10-01,cole.coppolino,cole.coppolino,493900,52300,382,990,"This is my full watch collection after 1 year

Ranking them from least expensive to most expensive 👇🏼

Absolutely love every watch in my collection:

@SEIKO ID SWR052
@Bulova 1980 Accutron Quartz
@t","A TikTok video by creator Cole Coppolino showcasing and ranking his watch collection amassed over one year, ranging from a $295 Seiko to a $9,200 Cartier Santos.","MY WATCH COLLECTION AFTER 1 YEAR; Seiko Tank SWR052 - $295; 1980 Bulova Accutron Quartz - ~$300; TAG Heuer 2000 Chronometer (WT5112) - $900; Tissot PRX Powermatic 80 - $950; Rolex Datejust 16233 - ~$7,500; Cartier Santos Large WSSA0062 - $9,200",Raw UGC,Collection-showcase,false,yes,,https://www.tiktok.com/@cole.coppolino/video/7675110096086600974
watches,luxury watches,2026-08-17,2026-10-01,osvaldoyuen7,MluxuryWatch,2800000,130300,1279,10300,"Unboxing the legend🖤
The Daytona of my dream⌚️✨
#watch #luxury #luxurywatches #watchcollector #watchoftheday","A first-person luxury unboxing video showcasing a rare Rolex Cosmograph Daytona with a meteorite dial inside a high-end car, targeted at watch collectors and enthusiasts.","ROLEX, OYSTER PERPETUAL, GMT-MASTER II, UNITES PER HOUR",Polished Creator,Haul,false,yes,,https://www.tiktok.com/@osvaldoyuen7/video/7675021563267124502
watches,watch collection,2026-08-17,2026-10-01,mrlucy.gallery,LUCY GALLERY,14900,841,2,43,"VACHERON BLUE DIAL - classic, respectful
#luxurywatch #watchescollections #timepieces #luxury","A polished luxury watch showcase featuring a Vacheron Constantin timepiece, utilizing ASMR-style tactile handling, macro shots of the movement, and a rhythmic edit to engage horology enthusiasts.",VACHERON CONSTANTIN GENEVE; SWISS MADE; 50M; 0826Z9; A5009; LUCY TIMEPIECES,Polished Creator,Review,true,yes,,https://www.tiktok.com/@mrlucy.gallery/video/7675003086741589268
coins,rare coins,2026-08-17,2026-10-01,usacoin09,USA Coin Reveal,5406,178,17,80,"Which 5 Ultra Rare Lincoln WheatPennies Are Worth $1,163,000? #CoinCollecting #WheatPenny #RareCoins #ValuableCoins #CoinTok","An educational short-form video by USA Coin Reveal instructing viewers on how to identify a rare 1944 Lincoln Wheat Penny worth hundreds of thousands of dollars, warning against cleaning or spending potential rare finds.","5 Ultra Rare Lincoln Wheat Pennies Worth $1,163,000! Do NOT Spend These Coins!; part 2; IN GOD WE TRUST; LIBERTY; 1944; E PLURIBUS UNUM; ONE CENT; UNITED STATES OF AMERICA",Raw UGC,Tutorial,false,yes,,https://www.tiktok.com/@usacoin09/video/7674984889778834701
watches,(not in thumbnail),2026-08-17,2026-10-01,jclyde_,jclyde,1300000,5182,29,402,vintage #vintagewatch #retrowatch #unisexwatch,,,,,,no,,https://www.tiktok.com/@jclyde_/video/7674965713198533909
patches,(not in thumbnail),2026-08-17,2026-10-01,keiyyzzhhh,keiyyzzhhh,1852,13,3,33,Embroidered Iron Patch for canvas bags with holes to hide✨🎀#embroiderypatch #ironpatch #patches #bagaccessories #cutedesign,,,,,,no,possible off-topic,https://www.tiktok.com/@keiyyzzhhh/video/7674917150909533461
watches,luxury watches,2026-08-17,2026-10-01,watchgalleryco,watchgalleryco,53500,734,20,58,✨Luxury Look Without Luxury Price!!! BussDown Rolex Day Date💎!!! www.WatchGalleryCo.Shop#luxurywatch #bussdown #rolex #icedoutwatch #luxury,"A promotional video by WatchGalleryCo showcasing an iced-out gold Rolex Day-Date style watch, emphasizing its luxury appearance and directing viewers to their online shop.",✨Luxury Look Without Luxury Price!!! BussDown Rolex Day Date💎!!!,Polished Creator,Haul,true,yes,,https://www.tiktok.com/@watchgalleryco/video/7674814661149101326
ducks,rubber duck,2026-08-17,2026-10-01,mochi.thefox,Mochi & Baby 🦊👶,3077,50,6,,"He got the duck. He also got soaked 🦆💦🦊 Save for a bad day 🥰

#MochiTheFox #rubberduck #cutebaby #pondlife #fyp","An AI-generated short video showing a cute toddler and a baby fox playing by a pond with a rubber duck, designed to provide emotional comfort and wholesome entertainment.",Mochi,High-Production,Meme,false,yes,,https://www.tiktok.com/@mochi.thefox/video/7674786076686372116
watches,watch collection,2026-08-16,2026-10-01,legit0072026,Legit007,2527,49,39,2,This is my favorite watch collection! #watch #watchaddict #fyp #viral #foryoupage,"A TikTok video by user Legit007 showcasing a personal collection of luxury-style watches, rings, and gold coins stored in a carbon-fiber display box. Set to energetic rap music with fast-paced cuts, the video serves as a visual flex of accessories.",My watch Collection,Raw UGC,Haul,false,yes,,https://www.tiktok.com/@legit0072026/video/7674774543809973534
coins,coin collecting,2026-08-16,2026-10-01,coinsgallerycollections1,Coinsgallerycollections,16200,309,87,20,"RM 50SEN 
RM7000
#BanknoteCollector #CoinCollecting #CoinCollector #4u #moneycollector","A coin collector posts a POV video showcasing three vintage Malaysian 50-sen coins and offers to buy each one for 4,000, urging viewers to message privately if they possess similar items.","Terjumpa sebis sejarah Malaysia 🇲🇾, RM 50SEN, RM7000",Raw UGC,Review,true,yes,,https://www.tiktok.com/@coinsgallerycollections1/video/7674773931198336264
watches,luxury watches,2026-08-16,2026-10-01,obaluxury_,AURA LUXE,166800,3034,395,52,"Built for speed. Designed to move. 
The RM 67-02 combines its iconic tonneau case, skeletonized dial and unmistakable Italian colorway with a surprisingly lightweight wrist presence.
Would you wear th","A luxury watch dealer showcases several rare Richard Mille RM 67-02 models in various colorways through fast-paced macro videography, prompting viewers to comment and message for purchase details.","BUILT FOR SPEED. 
 MEET THE RM 67-02. 
 AGGRESSIVE BY DESIGN. 
 COMPLEXITY WITHOUT THE WEIGHT 
 ITALY ON THE WRIST 
 LIGHTER THAN IT LOOKS. 
 WOULD YOU WEAR THIS COLORWAY? 
 DM '5968A' for details. 
 Comment · Follow · DM 'RM67' 
 Oba Luxury",Polished Creator,Review,true,yes,,https://www.tiktok.com/@obaluxury_/video/7674659567153761554
coins,(not in thumbnail),2026-08-16,2026-10-01,cad_roll_hunter,CAD Roll Hunter,92400,1557,35,354,"You've gotta look for the 2002 ""Dot in H"" Variety! Don't let this one slip past you! #coins #coinrollhunting #canada #toonie #coincollecting #coin #cadrollhunter",,,,,,no,,https://www.tiktok.com/@cad_roll_hunter/video/7674617573027302677
watches,watch collection,2026-08-16,2026-10-01,heyitsme_ciaya,heyitsme.ciaya,272500,47500,82,4902,Silver watch on top #silverwatch #futureboyfriend #watchaesthetic #silverwatcollection,"A lifestyle aesthetic video celebrating the visual appeal of men wearing traditional silver watches instead of smartwatches, targeted at fashion-conscious TikTok users through a rapid-fire visual montage.",When he wears silver watch instead of smart watch,Polished Creator,Aesthetic,false,yes,possible off-topic,https://www.tiktok.com/@heyitsme_ciaya/video/7674600049321594130
patches,iron on patches,2026-08-16,2026-10-01,sodarlingscreenprints,So Darling Transfers • Meghan,2897,69,8,7,We just dropped some of the cutest chenille iron on patches of the season! Shop all of our transfers at SoDarlingScreens #girly #spooky #fall #asmr #halloween,"A small business owner showcases new seasonal chenille iron-on patches using a satisfying ASMR POV format, targeting boutique and t-shirt shop owners ahead of the autumn and Halloween season.",POV: you're a t-shirt shop looking for the cutest spooky season patches; M UV 50; M UV 51; M UV 52; M UV 53,Raw UGC,Haul,true,yes,,https://www.tiktok.com/@sodarlingscreenprints/video/7674457870854802702
watches,watch collection,2026-08-16,2026-10-01,average.bro.aesthetic,AverageBroShop,186100,16200,102,188,"Adult male hobbies are basically:

""Join this awesome community!""
joins

""Sweet. Now spend an irresponsible amount of money!""

@ICYBOX has built a 👹 

#watches #mensfashion #rolex #omegaswatch #tisso","A male creator showcases his diverse wristwatch collection in a TikTok video, sharing personal acquisition stories, milestones tied to specific watches, and price points ranging from twenty-dollar Casios to luxury Rolexes.","My Watch Collection; Keep; Sell; Vacheron Constantin Historiques American 1921; $30,200",Raw UGC,Collection; Show-and-tell; Personal-update,true,yes,,https://www.tiktok.com/@average.bro.aesthetic/video/7674451309973556511
watches,luxury watches,2026-08-15,2026-10-01,souleywatches,SOULEY WATCHES ⌚️,339800,19100,90,3223,"pov: you can’t say no to her
#richardmille #couplegoal #watch #fyp #luxurylifestyle","A luxury watch account shares a humorous POV video of a woman bedazzling a $300,000 Richard Mille watch with cheap star and flower stickers while a dramatic saxophone track plays, blending ultra-luxury with absurd casual vandalism.","pov: you can't say no to her
the saxophone gets louder when she starts bedazzling my $300k watch",Raw UGC,Meme,true,yes,,https://www.tiktok.com/@souleywatches/video/7674281029070294293
watches,luxury watches,2026-08-15,2026-10-01,okkwatches10,OKK WATCHES,310200,4264,162,391,#Watch #menswatches #waterproofwatch #luxurywatches #wristwatch,"A silent, high-aesthetic product showcase of an Omega Constellation watch, emphasizing tactile details like the green leather strap and gold deployment clasp.",Certificate of Origin; NATIONAL WEATHER; JUMP; OMEGA; Constellation; SWISS MADE; IV; V; VI; VII; VIII; IX; X; XI; XII,Polished Creator,Haul,true,yes,,https://www.tiktok.com/@okkwatches10/video/7674277191856803105
ducks,rubber duck,2026-08-15,2026-10-01,renovatedmusic,Renovated Music,70800,4138,104,6587,"Rubber Duckie (Dark Country Metal)
Don't kill me for this one! 😂 I did this one just for laughs 🤣 

#Country #aimusic #foryoupage #fyp #metal","A comedic AI-generated heavy metal country parody of the classic 'Rubber Ducky' song featuring a gritty Sesame Street puppet album cover, designed for viral internet humor.",RUBBER DUCKIE DARK COUNTRY METAL; TIME IS OVER; NEIGHBORHOOD? NOT TODAY; DARK COUNTRY METAL; LIKE AND SUBSCRIBE; YOUTUBE SKYWALKER CR; RENOVATED MUSIC; FACEBOOK; INSTAGRAM; TIKTOK,Curated Aesthetic,Meme,true,yes,,https://www.tiktok.com/@renovatedmusic/video/7674121736044039455
ducks,rubber duck,2026-08-15,2026-10-01,ducky73634,starduck73,1810,22,2,1,Sesame Strret Ducks 🐤🐥🪿🦆#rubberduck #fyp #rubberducks #RubberDuck #sesamestreet,A playful and nostalgic short video featuring a collection of ten Sesame Street character rubber ducks singing the show's iconic theme song against an animated background.,Grok watermark in bottom right corner,Polished Creator,Meme,false,yes,,https://www.tiktok.com/@ducky73634/video/7674081582658964757
ducks,yellow rubber duck,2026-08-14,2026-10-01,littleyellowduck5,Little Yellow Duck,2500000,24400,1498,1145,"Part 1 || In the cozy courtyard, Gu Li, a little yellow duck, slowly simmers syrup, coating various fresh fruits to make candied hawthorn skewers. A bite reveals a crisp, sweet, and fruity flavor, soo",A charming 3D animated short featuring a little yellow duck named Gu Li who crafts candied fruit skewers in a sunny courtyard and later enjoys an avalanche of plush toys delivered by drones.,乐动画良引导模仿; BUSTRO; 2330; EDCHAL,High-Production,Vlog,false,yes,,https://www.tiktok.com/@littleyellowduck5/video/7673980983716187414
coins,silver coins,2026-08-14,2026-10-01,heribase,HeriBase,40100,474,58,63,💵 This 50¢ Coin Could Be Worth Much More! 😱#RareCoins #CoinCollecting #USCoins #coin #OldCoins #CoinValues #CoinValue #HeriBase #Numismatics #ValuableCoins #CoinCollector,"A coin expert demonstrates a rare overweight 1971 Kennedy half dollar coin error worth thousands of dollars, using the demonstration to promote the HeriBase coin scanning and valuation mobile app.","💵 This 50¢ Coin Could Be Worth Much More! 😱; fellas this 1971 Kennedy half dollar weighs wrong; a normal 1971 D Kennedy should be around 11.34 grams; this extra weight could mean one thing; it may have been struck on the wrong planchet; mistake could turn a 50 cent coin into a five figure discovery; download HeriBase; scan your coins; Normal; 11.34g; Silver; 12.5g; $13,000; $0.5; USA 1/2 dollar Kennedy Half Dollar 1971-MS silver; 1971-S Proof; MS 69; Category: My Set 1 / Date: 07/03/2026; Reference Price USD $630.00; Mintage 3,244,183 Scarce; Sell it; Market; Top; U.S. Coins; U.S. Banknotes; $30.00; 1943 USA 1/2 dollar Walking Liberty AU Silv...; $30.00; 1907-O USA 1/2 dollar Barber Half Dollar F Silv...; $35.00; 1902-O USA 1/2 dollar Barber Half Dollar F Silv...; $500.00; 1965 USA 25 c... Washington Quarter W...; SOLD; 1865 USA 2 cents Union Shield VF; $48.00; 1918 United Kingdom 1/2 penny AU; $100.00; 1916 USA 1 dime Mercury F Silver 0.900; $25.00; 2000 Canada 1 cent; NEW; HeriBase_app; HeriBase (Formerly HeriCoin) is your Al-powered coin collecting hub. Buy and sell easily! ↗ www.heribase.com?utm_source=instagram&...; Add banners; Professional dashboard; 1.7M views in the last 30 days.; Edit profile; Share profile; New; Free coin s...",Polished Creator,Tutorial,true,yes,,https://www.tiktok.com/@heribase/video/7673766793835580686
ducks,rubber duck,2026-08-14,2026-10-01,cruiseislandtravel,Cruise Island Travel,44200,395,17,126,"Came back to the cabin to find the absolute best kind of delivery... Duck Mail! 🦆📬 

Nothing brightens our day like a little rubber ducky waiting at the door.

#cruiseislandtravel #RegalPrincess #Cr","A quick first-person point-of-view video capturing the delightful moment of finding a rubber duck inside a mailbox attached to a decorated cruise cabin door, highlighting a popular travel community tradition.",8246; DAWN; KEEP AN EYE OUT FOR CRUISE DUCKS; Girls Trip 2026; DUCK MAIL; Take A Duck Leave A Duck,Raw UGC,Vlog,true,yes,,https://www.tiktok.com/@cruiseislandtravel/video/7673942990376684814
watches,luxury watches,2026-08-14,2026-10-01,vilster09,Vilster09⌚️,22700,447,24,63,Festina F20059 chrono #festina #swiss #watch #luxury #swissmade,"A short-form watch enthusiast TikTok featuring a wrist roll of the Festina F20059 chrono, introduced with a contrarian hook to spark engagement among watch collectors.",Not a fan of Festina but...,Polished Creator,Review,false,yes,,https://www.tiktok.com/@vilster09/video/7673823292385709315
watches,watches,2026-08-14,2026-10-01,halinshdal8,watches,18100,148,15,11,#watch #watches #watchmegrow #watchmymagic #rolexwatch,"A luxury watch showcase featuring a Rolex Cosmograph Daytona, accompanied by a voiceover pitching direct-order savings while maintaining boutique-level presentation.","UNITS PER HOUR, ROLEX, OYSTER PERPETUAL SUPERLATIVE CHRONOMETER OFFICIALLY CERTIFIED, COSMOGRAPH",Polished Creator,Review,true,yes,,https://www.tiktok.com/@halinshdal8/video/7673798026472819998
patches,iron on patches,2026-08-13,2026-10-01,daisypunchneedle,Daisy Punch Needle,25100,1285,70,129,Punch Needle Patch Tutorial! Make all your punch needle projects patches even Minnie Mouse 💝 #foryoupage #punchneedletutorial #minniemouse #punchneedleembroidery,"A concise, step-by-step DIY tutorial demonstrating how to turn a Minnie Mouse punch needle embroidery piece into an iron-on patch for denim clothing, created by Daisy Punch Needle.","Let's make a punch needle iron-on patch!; Daisy Punch Needle; Watch This!; This is an amazing punch needle tip!; Works on all fabric; Cut around leaving a half inch fabric exposed; No Hot Glue!; Fold the edges inward, then iron flat; Take a piece of iron-on adhesive paper; Trace; Cut slightly larger than the traced design; Place it on the back of the design, paper side up; Press a few seconds; Cut off the excess; Peel off the paper; Your patch!; Iron from the inside of the garment; Happy Patching!",Polished Creator,Tutorial,false,yes,,https://www.tiktok.com/@daisypunchneedle/video/7673547011412479263
watches,watches,2026-08-13,2026-10-01,mooddiaryclub,mooddiaryclub,167300,21200,,1929,Statement. follow the club for daily inspo 🪩 #watches #rolex #moodboard #luxury #richlife,"A stylish TikTok moodboard video celebrating the aesthetic of women wearing oversized luxury watches, compiled with fast cuts, a trending audio track, and consistent text overlays.",big watches on women,Curated Aesthetic,Aesthetic,false,yes,,https://www.tiktok.com/@mooddiaryclub/video/7673432905154153760
watches,watch collection,2026-08-12,2026-10-01,vince_watches,Vince⏱️,68300,1537,59,74,"These are my top 5 dress watches to buy for men under $1,000! They are all affordable watches that look expensive for their price point @JoMedTok #menswatches #affordablewatches #dresswatch #watchenth","Vince presents his top five men's dress watches under $1,000, combining expert horological commentary, macro product B-roll, and wrist shots to highlight affordable timepieces with luxury aesthetic appeal.","Top 5 Dress Watches To buy under $1,000; 5. Tissot Visodate -$950; 4. Jazzmaster Viewmatic -$945; 3. Sabbia Rosa -$725; 2. Seiko Presage -$475; 1. Baltic Mr. Classic -$625; @noturusualwatches; @WHAT",Polished Creator,Top-list,true,yes,,https://www.tiktok.com/@vince_watches/video/7673253318096882975
watches,watch collection,2026-08-12,2026-10-01,teddy.writes74,‼️𝐓𝐄𝐃𝐃𝐘_𝐖𝐫𝐢𝐭𝐞𝐬 ‼️,74400,3322,83,62,Kim's watch collection worth millions of dollars,"A young creator delivers an enthusiastic vlog-style tour of an extensive, multi-million dollar watch collection and his luxury-decorated room.",Kim's watch collection worth millions of dollars; #THANKYOUGOD; FAKE GRASS,Raw UGC,Vlog,false,yes,,https://www.tiktok.com/@teddy.writes74/video/7673212195924151566
watches,luxury watches,2026-08-12,2026-10-01,top5expensive,Top5expensive,62900,3466,37,378,The 5 most expensive watches in the world #top5 #expensive #watch,"A fast-paced, high-production countdown video detailing the five most expensive watches ever sold at auction, ranging from $9.7 million to $55 million, highlighting rare complications, historical provenance, and gemstone encrustations.",THE MOST WATCHES AREN'T INCREDIBLE AUCTION 5 GRANDMASTER CHIME 175 ans 5 17 000 PATEK PHILIPPE $31 PAUL DAYTONA LEGENDARY ACTOR $17.8 NO. 3 1 WORLD'S PERPETUAL CHRONOGRAPH SERIES $11.1 MILLION 5 RARE WORLD TIME AN IT $9.7 MILLION 1 GRAFF DIAMONDS HALLUCINATION IN COLORED VALUED AT $55 MILLION,High-Production,Top-list,false,yes,,https://www.tiktok.com/@top5expensive/video/7673173245784378654
patches,(not in thumbnail),2026-08-12,2026-10-01,ohana_shop03,Ohana Shop 🌻,15700,335,11,47,"Cherry blossom patch on bags
#cherryblossom  #patches #irononpatch #embroidery #fyp",,,,,,no,,https://www.tiktok.com/@ohana_shop03/video/7673116445198535956
watches,vintage watches,2026-08-11,2026-10-01,dresswithdani_,𝐃 | Realistic outfits,45900,1614,30,40,"My watch collection 🕰️✨ You can find all the links in my bio or check the details below 🥰

Someone asked if I could show all the watches that I constantly wear in one video, so I definitely wanted t","A fashion creator showcases her collection of eight affordable and vintage watches in response to a viewer request, detailing prices, purchase locations, and styling tips while monetizing through affiliate links.","My chic but inexpensive watch collection you want to see, so let's go through them. 1. Berny $64 (Amazon), 2. Sekonda $85 (Amazon), 3. Timver $26.99 (Amazon), 4. Carlien $27.99 (Amazon), 5. Nine West $29.40 (Amazon), 6. Vintage Gucci (Random NYC Shop), 7. Vintage (Vintage Shop in MI), 8. Porsamo Bleu (Nordstrom Rack), comment 'shop' for links",Polished Creator,Review,true,yes,,https://www.tiktok.com/@dresswithdani_/video/7672898250394914061
watches,luxury watches,2026-08-11,2026-10-01,swissmadeofficial,Vertigo1983,733400,39400,204,4211,"Some watches are inspired by cars. This one takes you straight back to 1965. 🇬🇧🏁

Just stepped out of the @Breitling boutique at Place des Bergues in Geneva after spending some time with the new To","A sophisticated luxury watch review showcasing the Breitling Top Time B01 Chronograph 41 Tribute to Aston Martin DB5 inside a Geneva boutique and outdoors on a wrist, emphasizing vintage automotive heritage, mechanical complexity, and refined design.",Some watches tell time. This one takes you back to 1965. 🇬🇧🏁; BREITLING 1884; ASTON MARTIN DB5; CHRONOMETER TOP TIME; SWISS MADE; 20-16 125,Polished Creator,Review,true,yes,,https://www.tiktok.com/@swissmadeofficial/video/7672882649958026529
patches,patch collection,2026-08-11,2026-10-01,nafardopatches,nafardopatches🚒,1513,86,12,5,Mail call✉️🚔🚒 #Leopatches #firedept #patches #patchcollecting #mailcall,A TikTok creator shares a mail call update showcasing new official uniform patches and letters received from multiple police and fire departments across the United States.,Mail call ✉️🚔🚒; Broomfield Police Colorado; Aspen Police Department; Arapahoe County Sheriff's Office Est. 1858; City of Kissimmee Fire Department Fire Courage Compassion Community Est. 1909; Gatlinburg Police Department The Heart of the Smokies,Raw UGC,Vlog,false,yes,,https://www.tiktok.com/@nafardopatches/video/7672840894931881246
patches,patches,2026-08-11,2026-10-01,postglam,aleena,55900,752,15,46,"guess I’ll just use them as cover ups 🤷🏻‍♀️🤣

#pimplepatch #pimplepatches #acneproneskin #deinfluencing #deinfluencingskincare","A beauty creator uses a humorous, non-verbal format set to dramatic music to deinfluence cute star-shaped pimple patches, showing that they look appealing but fail to perform effectively.",when the pimple patches are cute but barely work at all,Raw UGC,Review,false,yes,possible off-topic,https://www.tiktok.com/@postglam/video/7672836862024633620
coins,rare coins,2026-08-11,2026-10-01,samso.tiv,Samso tiv,38500,1077,63,270,"Rare 1976-S Washington Bicentennial Quarter Worth an Estimated $19,200! Don't Ignore This Valuable Collector Coin","A fast-paced numismatic tutorial explaining how a rare 1976-S Washington Bicentennial quarter can be worth up to $19,200, urging viewers to inspect their pocket change.","$19,200.00; UNITED STATES OF AMERICA; E PLURIBUS UNUM; QUARTER DOLLAR; LIBERTY; IN GOD WE TRUST; 1776-1976; S",Polished Creator,Tutorial,false,yes,,https://www.tiktok.com/@samso.tiv/video/7672829401419091231
coins,(not in thumbnail),2026-08-11,2026-10-01,coinstackin_nurse_la97,Southern*Nurse*Salleye,1592,24,11,16,"Don't miss out on this highly sought after roll hunting, matt that sells out within one or two weeks after coming back into stock. This roll hunting mat serves as a resource for searching coins for er",,,,,,no,,https://www.tiktok.com/@coinstackin_nurse_la97/video/7672754243375320350
patches,patch collection,2026-08-11,2026-10-01,patch_collector1,Military+policepatchcollector,3432,46,6,,New patches#patch #patchcollecting #collection #patchcollection,"A short, satisfying TikTok showcase featuring new military and tactical patch acquisitions laid out rhythmically on a wooden table to music.",New patches🔥,Raw UGC,Collection,false,yes,,https://www.tiktok.com/@patch_collector1/video/7672577668201696525
patches,(not in thumbnail),2026-08-10,2026-10-01,ryuuuji.xx5,𝓻𝔂𝓾𝓾𝓳𝓲.ᥫ᭡ྀིྀིྀིྀིྀི,2725,38,20,25,"Sharing what I learned using pimple patches as someone who have tried a lot

#pimplepatch #acnecare #pimplecare #posh #creatorsearchinsights",,,,,,no,possible off-topic,https://www.tiktok.com/@ryuuuji.xx5/video/7672551078663146770
ducks,rubber duck,2026-08-10,2026-10-01,dopedoutducks,dopedoutducks,992,79,1,3,"Taking a quick break from the chess piece series to show off this hand-painted Spider-Man duck 🕷️🕸️❤️💙

#jeepducking
#spiderman
#spider 
#rubberduck
#rubberducky","A craft creator takes a brief pause from their chess piece series to showcase a meticulously hand-painted Spider-Man rubber duck, pairing it with classic movie voiceover dialogue for comedic effect.",DOPEDOUT DUCK on logo sign in background,Raw UGC,Vlog,true,yes,,https://www.tiktok.com/@dopedoutducks/video/7672523086859734303
watches,vintage watches,2026-08-10,2026-10-01,whimsyjenny,Whimsyjenny,134600,12900,90,85,"Just please never ask me for the time, cause there’s no way I can read it from these small hands (Uhrzeiger) 😅 

#whimsyjenny #y2k #lostintranslation #vintagegucciwatch #smalleatch","Creator Whimsyjenny unpacks a vintage 2000s pink-dial Gucci watch bought on Vinted, expressing genuine delight over its petite fit while referencing Pinterest moodboards and the film Lost in Translation.",Unpacking my vintage Gucci watch of my dreams 🦢 💍 🫧 🪷 🐚 🩰,Raw UGC,Vlog,false,yes,,https://www.tiktok.com/@whimsyjenny/video/7672507753268612384
watches,vintage watches,2026-08-10,2026-10-01,warmdials,warmdials,9610,875,21,8,#audemarspiguet #audemars #vintagewatch #watches #watchesformen,"A watch creator shares the story of how he bought a rare, ultra-thin 1961 Audemars Piguet 5143 in white gold for $1,700 on a Japanese proxy site, breaking down its history, movement, and market value.","A rare AP for $1700; I paid $1,700; 5143; BUYING, SELLING, & COLLECTING The Far-Out Audemars Piguet Disco Volante; Ref. 5093 Ultra-thin $950; Ref. 5143 Ultra-thin $920; 665 Fifth Avenue New York 22, N. Y.; AUDEMARS PIGUET(オーデマピゲ) ディスコボランテ K18; 286,000 YEN; Listings Today",Raw UGC,Tutorial,false,yes,,https://www.tiktok.com/@warmdials/video/7672462743231794446
watches,vintage watches,2026-08-10,2026-10-01,vintagegoldwatches,Vintage Gold Watches London,36800,1310,20,39,"""Longines, what did you look like in the 1930s?"" ⌚
Like this. A gold single-button chronograph with a tachymetre and telemetre scale - built at a time when a wrist chronograph was considered a feat of","A cinematic macro showcase of a rare 1930s gold Longines chronograph, presented by Vintage Gold Watches London to highlight mid-century horological craftsmanship.",Longines what did you look like in the 1930s?,High-Production,Aesthetic,true,yes,,https://www.tiktok.com/@vintagegoldwatches/video/7672434720382258464
coins,coin collecting,2026-08-10,2026-10-01,behind.the.coin,behind the coin,316900,9764,1510,601,#Numismatics #behindthecoin #RareCoins #coincollecting #OldCoins,"A numismatics creator instructs viewers on how to check the value of old coins lying around their homes, using a 2014 UAE 1-dirham coin as a case study and evaluating its worth in Pakistani rupees.","Urdu text overlays in red boxes corresponding to speech; Arabic numerals 2014 and 1435 on coin; English and Arabic text on coin (UNITED ARAB EMIRATES, 1 DIRHAM)",Raw UGC,Tutorial,false,yes,,https://www.tiktok.com/@behind.the.coin/video/7672377814800190742
watches,watch collection,2026-08-10,2026-10-01,phiviphivi26,PHI VĨI,263100,3569,115,194,My watch collection. #daily,"A 27-year-old male creator showcases his top three watches—Rolex Submariner, Longines DolceVita, and Seiko Tank—explaining their versatility and pairing them with his personal style and tattoos.","Top 3 đồng hồ ở tuổi 27
1. Sub
2. Dolce vita
3. Seiko tank",Polished Creator,Review,false,yes,,https://www.tiktok.com/@phiviphivi26/video/7672358699318381845
watches,luxury watches,2026-08-10,2026-10-01,lucywatches.official,lucywatches.official,1100000,47000,243,3075,"Stealth in every detail — RM67-02 Full Black.

#lucytimepieces #luxurycollections #watches #timpieces #watch","A slick luxury watch showcase highlighting the Richard Mille RM67-02 Full Black through unboxing, wrist placement, and macro gear footage set to a rap beat.",RICHARD MILLE on case; RICHARD MILLE on dial; SWISS MADE on dial; LUCY TIMEPIECES watermark logo,Polished Creator,Review,true,yes,,https://www.tiktok.com/@lucywatches.official/video/7672345793575144724
patches,(not in thumbnail),2026-08-10,2026-10-01,jenaishereeeeee,⋆. 𐙚 ˚ gena,2651,8,1,13,No more boring clothes! Wag mo tatapon yan! Iron on patches lang need niyan! Affordable & low cost way to have cute & new clothes! Iron mo lang for a few seconds and my new design kana! Solid right? C,,,,,,no,,https://www.tiktok.com/@jenaishereeeeee/video/7672195549931769108
patches,iron on patches,2026-08-09,2026-10-01,thecharmedwholesa,TheCharmedWholesale,543,26,8,4,#patches #irononpatches #diysupplies #junkhats,"A short, aesthetic showcase of custom iron-on patches and beaded safety pins designed for DIY crafting and junk hats, aimed at makers and small business creators.","Custom Made, Coach, Boots On The Ground, Proverbs 31 Woman, God has a plan, Pray, Wait, Trust",Raw UGC,Haul,true,yes,,https://www.tiktok.com/@thecharmedwholesa/video/7672026401641450782
watches,watch collection,2026-08-09,2026-10-01,reallygoodwatches,Really Good Watches,81000,3708,48,156,Looking to start your own collection? Here are my top 5 picks. DM us if you need help sourcing your first watch (or your third 😉) #luxurywatches #rolex #tudor #iwc #grandseiko,"A watch expert presents a curated guide of five luxury starter watches under ten thousand pounds, combining technical specifications with aesthetic validation.","TOP 5 WATCHES under £10,000; TUDOR BLACK BAY 58; £3,000; - owned by Rolex; - same DNA; - METAS certified movement; IWC Pilot's Watch Mark XX; £4,000; Grand Seiko SBGR253; £2,500; - Embraces Swiss Watches; - Costs 3 - 4x less; Cartier Santos DE CARTIER; £5,500; - Oldest Mens Watch Still in Production; - Launched in 1904; Rolex EXPLORER 124270; £7,000; Let me know which one you choose in the comments below",Polished Creator,Tutorial,true,yes,,https://www.tiktok.com/@reallygoodwatches/video/7671985583702478112
ducks,yellow rubber duck,2026-08-09,2026-10-01,littleduck24,Animation Studio,3948,67,7,4,"Rubber Duck Fleet's Grand Offensive: The Wind is the True Commander! A little yellow duck led over thirty rubber ducks in a fleet, full of ambition and ready for battle. Unexpectedly, a gust of wind s","A humorous 3D animated short about a duckling trying to command a fleet of rubber ducks, only to be outdone by an organized hedgehog.",港口; Made in Ducklndan; 真正的将军，不是指挥别人，是成为队伍里最特别的那只。,High-Production,Comedy-skit,false,yes,,https://www.tiktok.com/@littleduck24/video/7671938483417664790
watches,watch collection,2026-08-09,2026-10-01,the.watch.larp.guy,The watch larp guy,41200,1995,142,15,Leaking my collection (RIP my seiko) #fyp #watches #collection,"A teenage creator shares his watch collection, humorously acknowledging his budget constraints, admitting that several pieces are replica watches from the Philippines, and using a hand-drawn paper sketch for his broken Seiko.",watch collection as a broke high school student; 1st. Emporio Armani dress watch; 2nd. nautica chronograph; 3rd. Rolex yacht master (polyester); 4th. Seiko 5 sport srpk29 (my daily favorite); seiko 5 sport srpk29; 5th. Omega seamaster 007 (fake); Fante BY PIERCING PAGODA; 9FIFTY NEW ERA,Raw UGC,Vlog,false,yes,possible off-topic,https://www.tiktok.com/@the.watch.larp.guy/video/7671867504490188045
watches,luxury watches,2026-08-08,2026-10-01,werger.foiles,TimeRhythm,2200000,213000,633,8539,"Rolex Day-Date 40

Model: M228238-0042
Collection: Day-Date

The white dial paired with classic Roman numeral markers exudes an understated sense of prestige. ✨

The 18K yellow gold case and iconic Pr","A polished POV unboxing and sizing video of a Rolex Day-Date 40 in yellow gold, targeting luxury watch enthusiasts with an ASMR aesthetic.","Rolex Day-Date 40
Model: M228238-0042
Collection: Day-Date
The white dial paired with classic Roman numeral markers exudes an understated sense of prestige. ✨
The 18K yellow gold case and iconic President bracelet complement each other beautifully, with the warm golden tones creating a striking contrast against the crisp white dial—elegant yet powerful.
With its classic 40mm size, it embodies a timeless sense of sophistication and refinement. ⌚✨",Polished Creator,Unbox,true,yes,,https://www.tiktok.com/@werger.foiles/video/7671663611126844704
coins,silver coins,2026-08-07,2026-10-01,jewelermaxwell,JewelerMaxwell,9458,249,42,25,"$20,000 worth of “junk” silver… but there’s nothing junk about it 🪙💰

These old U.S. coins may look like pocket change, but their silver content gives them real value.

Would you rather have $20,000","A creator explains the concept of junk silver inside a car, showing bags of pre-1965 US coins worth over $20,000 due to their silver content, encouraging viewers to check their own homes.","this is over $20,000 in coins, but not because of the coin, but because of the silver in them, this is called junk silver, pre-1965 dimes quarters, half dollars all of it is 90% silver, look at that dimes, dimes, a lot of half dollars, I don't even know what's in here, I think it's every coin there is look at that quarters everything, if you have coins at your house, you can look at them junk silver, it's worth a lot of money now",Raw UGC,Informative,false,yes,,https://www.tiktok.com/@jewelermaxwell/video/7671425898880519437
watches,watch collection,2026-08-07,2026-10-01,matty.mayhem,Matty Mayhem Style,84400,3629,388,37,"I have been on the hunt for a very specific example of this for a while. When I find it, it will enter the collection! #watchcollector #watchcollection #watchtok #watchesoftiktok #rolex","A watch enthusiast outlines his four criteria for an ideal one-watch collection—robustness, a GMT function, a date window, and versatility—and reveals his choice: a vintage Rolex Explorer II reference 16550 with a creamy white dial, inviting audience responses.",What the perfect one watch collection?,Polished Creator,Opinion,false,yes,,https://www.tiktok.com/@matty.mayhem/video/7671422013214297352
ducks,rubber duck,2026-08-07,2026-10-01,eth3_official,ETH,907,19,1,1,#rubberducks #newtoyreview #squishy #peekingduck #incredibleplaytoys,"An enthusiastic creator unboxes a brand new Peeking Duck squishy toy from a pink bamboo steamer container, showing off its translucent glitter-filled design and demonstrating its satisfying squishy texture.",,Raw UGC,Review,false,yes,,https://www.tiktok.com/@eth3_official/video/7671402768317369613
patches,patch collection,2026-08-07,2026-10-01,travelnaus,travelnaus,6739,536,18,81,"The start of our patch collection! 🗺️

We’ve collected just over 100 patches so far, from our travels around Vic, South Aus and Tassie! Can’t wait to add to the collection as we explore WA later this","A silent video showcasing a vehicle ceiling completely covered in over 100 travel souvenir patches collected from road trips across Victoria, South Australia, and Tasmania, soundtracked by upbeat music and captioned with excitement for future travels in Western Australia.","Various location names on patches including Bicheno, Torquay, Queenstown, Great Ocean Road, Bright, 12 Apostles, St Helens, Cradle Mountain, Wilsons Promontory, VB (Victoria Bitter logo patch), Flinders Ranges, Yorke Peninsula, Kangaroo Island, Port Arthur, Wineglass Bay, Hobart, Apollo Bay, Robe, Coffin Bay, Bairnsdale, Echuca, Canberra, Lake Bumbunga",Raw UGC,Vlog,false,yes,,https://www.tiktok.com/@travelnaus/video/7671399618105724181
ducks,yellow rubber duck,2026-08-07,2026-10-01,whatsroddersdoing,WhatsRoddersdoing,475,11,1,2,"🦆 

Today I will be hiding one of these ducks somewhere… 

keep an eye out on the video later for a clue as to where the duck may be…😉😉 

If you are lucky enough to find it, tag me in a photo and k","A creator posts a playful teaser video of a yellow rubber duck with a QR code card in an outdoor setting, inviting followers to join a local scavenger hunt by watching for clues in later videos and tagging them upon finding the duck.",,Raw UGC,Vlog,false,yes,,https://www.tiktok.com/@whatsroddersdoing/video/7671245165327109398
ducks,yellow rubber duck,2026-08-06,2026-10-01,nbcchicago,NBC Chicago,5200000,200100,2678,12200,"🐥 Watch as thousands of yellow rubber ducks make a splash in the Chicago River on Thursday as part of the annual Chicago Duck Derby.

The derby is best known for using the grand display to fundraise ","NBC Chicago shares engaging news footage of the annual Chicago Duck Derby, capturing the moment over 91,000 yellow rubber ducks are dumped from the Columbus Drive bridge into the Chicago River to raise funds for Special Olympics Illinois.","COLUMBUS DRIVE; DUCKY DERBY; NBC; 91,000+ rubber ducks dropped in Chicago River for Ducky Derby; Chicago Park District; Wendella Ltd.",News/documentary,News,false,yes,,https://www.tiktok.com/@nbcchicago/video/7671015191768812814
coins,(not in thumbnail),2026-08-06,2026-10-01,reecesidequest,Reece’s Sidequests,33900,2167,24,45,Coinroll hunting! Specific subreddits explained #coins #reddit #silver #crh #subreddit,,,,,,no,,https://www.tiktok.com/@reecesidequest/video/7670969590444330253
coins,rare coins,2026-08-06,2026-10-01,coinsmastertt,Coins Master,12900,471,150,73,"United Kingdom 10 New Pence 1971 Coin Value Today | Rare UK Coin Worth in Dollars

Discover the history, features, collector demand, and today's market value of the United Kingdom 10 New Pence 1971 co","A numismatic educational short exploring the history, background, and collector value of the 1971 United Kingdom 10 New Pence coin, utilizing professional close-up visuals and synchronized kinetic typography to retain viewer engagement.","WELCOME BACK TO THE CHANNEL TODAY WE ARE GOING TO EXPLORE ONE OF THE MOST HISTORIC COINS IN MODERN BRITISH COIN THE UNITED KINGDOM 10 NEW PENCE 1,971 COIN IF YOU HAVE THIS COIN IN VERY FINE CONDITION YOU MIGHT BE WONDERING WHETHER IT HAS ANY COLLECTOR VALUE AND HOW MUCH IT IS WORTH IN TODAY'S MARKET STAY WITH ME UNTIL THE END BECAUSE WE WILL DISCUSS THE COIN'S HISTORY IT'S CONDITION BACKGROUND AND COMPOSITION COLLECTOR DEMAND TODAY'S MARKET VALUE IN DOLLARS USEFUL COLLECTING TIPS AND WHY THIS FASCINATING COIN CONTINUES TO ATTRACT COLLECTORS FROM AROUND THE WORLD THE UNITED KINGDOM 10 NEW PENCE COIN WAS FIRST INTRODUCED IN 1,968 AS PART OF BRITAIN'S PREPARATION FOR DECIMAL DAY WHICH OFFICIALLY TOOK PLACE ON 15 FEBRUARY 1971 BEFORE DECIMALISATION BRITAIN USED POUNDS SHILLINGS AND PENCE A SYSTEM THAT HAD EXISTED FOR CENTURIES THE INTRODUCTION OF THE 10 NEW PENCE COIN MARKED A MAJOR CHANGE IN THE COUNTRY'S MONETARY HISTORY",Polished Creator,Tutorial,false,yes,,https://www.tiktok.com/@coinsmastertt/video/7670929904963276054
watches,watch collection,2026-08-06,2026-10-01,swisswatchexpo,SwissWatchExpo,45600,1134,69,67,How would you build the ultimate three-watch collection by choosing just one heavy-hitter from each price tier? Mix and match absolute legends like the vibrant blue dial of a steel Vacheron Constantin,"SwissWatchExpo presents a watch collection curation challenge, inviting viewers to select one timepiece from each of three price tiers, backed by clear text overlays and detailed product identifications.",BUILD THE PERFECT 3 WATCH COLLECTION; <$30K; <$20K; <$10K; VACHERON CONSTANTIN OVERSEAS; OMEGA SPEEDMASTER ROSE GOLD; REX LAND-DWELLER; IWC INGENIEUR BOUTIQUE EDITION; CARTIER TANK LOUIS; OMEGA SEAMASTER AQUA TERRA; ROLEX EXPLORER 40; OMEGA SPEEDMASTER MOONWATCH; IWC PILOT MARK XX,Polished Creator,Tutorial,true,yes,,https://www.tiktok.com/@swisswatchexpo/video/7670099002573999391
ducks,rubber duck,2026-08-05,2026-10-01,bybrigg,bybrigg,6565,207,1,8,"PSA: Tomorrow at 1 PM, 80,000 rubber ducks are taking over the Chicago River!!! 🐥 
 #fyp #chicago #duckyderby #thingstodochicago","A creator shares an unexpected encounter with the annual Chicago Ducky Derby, using a relatable POV hook to showcase 80,000 rubber ducks being dumped into the Chicago River before an ecstatic crowd.","pov you're just running errands and walk into 80,000 rubber ducks being dumped in the chicago river, SPECIAL OLYMPICS ILLINOIS, COLUMBUS, DUCKY DERBY, CHICAGO WATER TAXI, 76",Raw UGC,Vlog,false,yes,,https://www.tiktok.com/@bybrigg/video/7670687716492807455
patches,patch collection,2026-08-05,2026-10-01,patch_collection,Patch Collection,148,6,3,,"All these amazing patches! ✨ 

Which ones would you choose?

#irononpatches #TikTokMadeMeBuyIt","A small business account showcases a curated collection of colorful, embroidered iron-on patches in a fast-paced video set to music, inviting viewers to select their favorites in the comments.",patches i have collected,Raw UGC,Haul,true,yes,,https://www.tiktok.com/@patch_collection/video/7670641219587804429
watches,watch collection,2026-08-05,2026-10-01,amir.kadiev,amir.kadiev,8800000,283700,4276,13400,"Top 10 Men's Watches⌚️

What's your favorite watch? Let us know in the comments⤵️

#watch #realestate #uae","A luxury watch expert delivers a rapid, authoritative top-10 countdown of men's watches ranging from Rolex and Omega to Patek Philippe, utilizing clean graphic cutaways and inviting audience engagement in the comments.",TOP 10 MEN 'S WATCHES; 1 through 10 numbered list; ROLEX; BASIC; LAST; CO; JEWELLERY; WATCH; CARTIER; SEVEN; CONSTANTIN; RICHARD; MIL; AND; SENSE; HUBLOT; AVAILABLE; NO; JAEGER; LECOULTRE; WATCHMAKER'S; PHILIPPE; ALWAYS; THEM,Polished Creator,Top-10 List; Opinion,false,yes,,https://www.tiktok.com/@amir.kadiev/video/7670614630003150100
patches,iron on patches,2026-08-05,2026-10-01,samcampp,Sam,81000,3167,31,775,"spice, spice, baby!! 🍂☕️🎃

Your next girls night craft- grab some cute pouches and add these fun iron-on patches!! 

Send this to someone you want to make these with next girls night!! 

#fallcraft ","A short-form DIY tutorial demonstrates how to customize gingham pouches with fall-themed chenille patches using a mini heat press, targeted at friend groups looking for seasonal craft night inspiration.",your next girls night craft,Polished Creator,Tutorial,false,yes,,https://www.tiktok.com/@samcampp/video/7670609724642987278
watches,watches,2026-08-05,2026-10-01,okkwatches10,OKK WATCHES,6000000,101500,3591,7012,#Watch #menswatches #waterproofwatch #luxurywatches #wristwatch,"A silent, high-definition product showcase of an orange-strapped luxury wristwatch, highlighting its mechanical clasp, tactile operation, and detailed dial design for watch enthusiasts.",OMEGA Seamaster PROFESSIONAL 600m / 2000ft Master Co-Axial Chronometer (on dial); GIN... (on packaging box),Raw UGC,Review,true,yes,,https://www.tiktok.com/@okkwatches10/video/7670566244755557654
watches,luxury watches,2026-08-05,2026-10-01,werger.foiles,TimeRhythm,474100,57200,121,3067,"Audemars Piguet Royal Oak Openworked Double Balance Wheel
Model: 15407ST.OO.1220ST.01
Collection: Royal Oak 
A true expression of mechanical artistry. ✨
#RoyalOak #LuxuryWatch #MechanicalWatch #watcho","A high-end ASMR unboxing and wrist placement of an Audemars Piguet Royal Oak Openworked watch, set to dramatic orchestral music.","AUDEMARS PIGUET LE BRASSUS, INTERNATIONAL WARRANTY CARD, Royal Oak, N° 18600, J16407, 1220",Polished Creator,Unboxing,false,yes,,https://www.tiktok.com/@werger.foiles/video/7670537046271823137
watches,vintage watches,2026-08-05,2026-10-01,thearchiverevival,Archive Revival,150800,20900,204,772,I def should have asked for more pictures of the other two watches lol good thing they accept returns! #tomfordgucci #vintagegucci #ebayfinds #ebayroulette #vintagewatches,"A fashion creator plays eBay roulette by ordering multiple Tom Ford-era Gucci watches and a bag, discovering two watches are counterfeit, but scoring a win with a discounted designer handbag.","EBAY ROULETTE; Visual Inspection; There is some wear from use & storage, but overall it is still in good condition. The strap needs replaced. The top of the strap came separated and the foam inside is coming out. If the strap was replaced it would look great! I don't have any of the box/bags, original owner didn't keep them since it was an often used bag.",Raw UGC,Vlog,false,yes,,https://www.tiktok.com/@thearchiverevival/video/7670332830341238047
patches,patch collection,2026-08-04,2026-10-01,reelnomads,ReelNomad,396200,18300,25,1314,"Replying to @Hannah 🖤 

Turning our roof into a map of everywhere we’ve been 🧵🚐

📍 Every patch = a place we’ve actually been

🧷 Sticky-back Velcro (spiky side!) from Bunnings — holds on the roof ","A quick, satisfying TikTok DIY tutorial demonstrating how to attach travel souvenir patches to a camper van headliner using sticky-back Velcro from Bunnings, responding directly to a follower's comment.","Replying to Hannah @- - - -'s comment 
What do you use to attach them 
GREAT BARRIER REEF 
AIRLIE BEACH AUSTRALIA 
BUNNINGS 
NOOSA 
THE BIG BANANA 
BALLINA 
KURANDA RAINFOREST 
JVC 
PAVB",Raw UGC,Tutorial,false,yes,,https://www.tiktok.com/@reelnomads/video/7670310711238593814
watches,luxury watches,2026-08-04,2026-10-01,okkwatches10,OKK WATCHES,46500,787,40,91,#Watch #menswatches #waterproofwatch #luxurywatches #wristwatch,"A silent, high-definition macro video showcasing the tactile features and mechanical complexity of a gold and black luxury wristwatch against a parchment backdrop, published by OKK WATCHES on TikTok.",HUBLOT (engraved on clasp and dial); SWISS MADE (on dial); 5 DAYS POWER RESERVE (on dial); ...N CONGRESS. July... ...States... (visible on parchment background),Polished Creator,Review,true,yes,,https://www.tiktok.com/@okkwatches10/video/7670253655513140502
patches,patch collection,2026-08-04,2026-10-01,omni.punch,Omni Punch,10900,237,3,30,"🇺🇸 Every stitch matters. From digitizing to the final cut, we craft premium custom US flag patches built for military, law enforcement, first responders, outdoor brands, and tactical gear. Message u","A behind-the-scenes manufacturing clip showing custom US flag patches being machine-embroidered in a workshop, accompanied by a patriotic song and a direct-response caption offering free physical samples for tactical and professional gear.",GREAT Design the Future logo branding on the embroidery machine head,Raw UGC,Behind-the-scenes,true,yes,,https://www.tiktok.com/@omni.punch/video/7670250268231077128
coins,rare coins,2026-08-04,2026-10-01,coincollectingwizard,Coin Collecting Wizard,170500,4031,822,823,Do you have this coin? #necklasecoin #queenelizabeth #rarecoins #getrich,"A coin collecting creator debunks viral social media rumors claiming that UK coins featuring Queen Elizabeth II wearing a necklace are rare and worth thousands of pounds, explaining that the portrait by Rafael Maklouf was minted by the millions between 1985 and 1997.","QUEEN ELIZABETH COIN WITH A NECKLACE; £7,000 ARE YOU NOW RICH?; THERE HAS BEEN; TALK ONLINE ABOUT; UK COINS FEATURING QUEEN; ELIZABETH THE 2ND; WEARING A NECKLACE; WITH MANY PEOPLE; BELIEVING THESE COINS; ARE RARE AND; WORTH A LOT OF MONEY; THIS IS SIMPLY; NOT TRUE; THE PORTRAIT IN; QUESTION IS THE; QUEEN'S THIRD OFFICIAL; COIN PORTRAIT; INTRODUCED IN 1985; AND USED UNTIL; 1997; DESIGNED BY SCULPTOR; RAFAEL MAKLOUF; IN THIS DESIGN; THE QUEEN IS SHOWN; WEARING THE; GEORGE 4 STATE; DIADEM AND A; NECKLACE; WHICH SOME PEOPLE; HAVE MISTAKEN AS; A SPECIAL OR; RARE FEATURE; IN REALITY; MILLIONS OF COINS; WITH THIS PORTRAIT; WERE MINTED ACROSS; ALL DENOMINATIONS; FROM 1P TO 2 POUND; MAKING THEM; VERY COMMON; DESPITE THE RUMOURS; THESE COINS HOLD; NO EXTRA VALUE; AND ARE WORTH; ONLY THEIR FACE; VALUE; THE STORY LIKELY; STARTED FROM; MISUNDERSTANDINGS; ON SOCIAL MEDIA; OR ONLINE MARKETPLACES; BUT THERE IS; NO RARITY; ATTACHED TO; THIS DESIGN; IT IS SIMPLY; A STANDARD PART OF; UK COIN HISTORY",Polished Creator,Tutorial,false,yes,,https://www.tiktok.com/@coincollectingwizard/video/7670214799799618838
watches,watch collection,2026-08-04,2026-10-01,jacobandco,Jacob & Co.,4300000,313600,2530,13600,"Astronomia international. Iconic monuments from around the world inside an iconic watch. 

#JacobAndCo #inspiredbytheimpossible","A polished luxury brand post by Jacob & Co. presenting a macro-cinematographic zoom of the Astronomia International watch on a wearer's wrist, emphasizing its intricate architectural dial architecture and ultra-luxury status.",The world on your wrist:,Polished Creator,Aesthetic,true,yes,,https://www.tiktok.com/@jacobandco/video/7670152780413226270
watches,vintage watches,2026-08-04,2026-10-01,agirlgonemia,Mia𝜗𝜚˚⋆,39700,447,7,76,"ah i adore my vintage two-tone (gold&silver) Seiko oval quartz watch so much ‧₊ ᵎᵎ

i’ve been searching for a vintage watch that fits my slim wrist perfectly & this does because of it’s dainty design~","A creator shares an unboxing and styling video for a vintage two-tone Seiko oval quartz watch, emphasizing its dainty design and suitability for slim wrists.",gifted myself a ✧ Vintage ✧ Seiko ✧ Watch ✧; 337 SR416SW; ‧₊˚‧ how i styled it!; ✧⋅◦ i love the duo-tone detail!; CHARLES & KEITH,Raw UGC,Haul,false,yes,,https://www.tiktok.com/@agirlgonemia/video/7670123123282398485
patches,iron on patches,2026-08-04,2026-10-01,_leenaalikhan,Leena,4731,71,9,10,"Just another DIY mom 💁🏽‍♀️ just kidding, customizing my preschooler’s backpack thankfully wasn’t as hard as I thought it would be!

I grabbed some iron on patches from hobby lobby and Amazon. I’m ju","A relatable mom shares a quick, aesthetic tutorial on customizing her preschooler's backpack using affordable iron-on patches from Hobby Lobby and Amazon, targeting the MomTok and back-to-school community.",PERSONALIZING MY PRESCHOOLER'S BACKPACK; 1.99; DESIGN IRON ON STICKER; 2.49; DESIGN IRON ON EMBROIDERY; M,Raw UGC,Tutorial,false,yes,,https://www.tiktok.com/@_leenaalikhan/video/7670037665760300301
patches,patches,2026-08-04,2026-10-01,code3gr,Code3GrandRapids,2640,75,10,6,"Patch Wall 🥹😍

Update (8/3/26)
No new patches to update yet, but I don’t think I’ve posted the wall before so here we are
-
#firedept #firefighter #patches #patchcollection #fyp","A short, satisfying video showcasing a vast wall collection of fire department and EMS patches from Michigan and surrounding areas, shared by Code3GrandRapids on TikTok.","Patch Wall 🥺😍

Update (8/3/26)
No new patches to update yet, but I don't think I've posted the wall before so here we are
-
#firedept #firefighter #patches #patchcollection #fyp",Raw UGC,Aesthetic,false,yes,,https://www.tiktok.com/@code3gr/video/7669991987809963294
coins,coin collecting,2026-08-03,2026-10-01,diggindave_,Diggin Dave,21800,938,205,127,"RARE 1996 W DIME FOUND!
#coinrollhunting #dimes #coincollecting #coins #valuablecoins","A coin collecting creator shares his exciting find of a rare 1996-W Roosevelt dime, explaining its history, mint mark significance, and estimated value to an audience of hobbyists.","LIBERTY, IN GOD WE TRUST, 1996, W, UNITED STATES OF AMERICA, E PLURIBUS UNUM, ONE DIME, JS",Raw UGC,Tutorial,false,yes,,https://www.tiktok.com/@diggindave_/video/7669924247690644767
patches,iron on patches,2026-08-03,2026-10-01,mrsleading,savvvvvv,75700,5952,64,388,"letting yall know that you can make your own BTS Arirang sweat set with iron-on patches + rhinestones for a fraction of the price 😛 hoodie and sweatpants were super cheap at rue 21

So ready for Arli",A creator demonstrates how to make affordable custom BTS concert merchandise using inexpensive blank clothing from Rue21 and iron-on patches.,"Before:, sweatpants, hoodie, After:",Raw UGC,Tutorial,false,yes,,https://www.tiktok.com/@mrsleading/video/7669878222632373534
coins,(not in thumbnail),2026-08-03,2026-10-01,dashthangnay5ka,WatchBros,1027,21,2,1,I spent $750 On Coin Rolls To Test If Silver Hunting Still Works In 2026 #coinhunter #silver #coincollecting #rarecoins,,,,,,no,,https://www.tiktok.com/@dashthangnay5ka/video/7669830625402096927
ducks,rubber duck,2026-08-03,2026-10-01,thecountdownkids,The Countdown Kids,10100,85,6,32,"POV toddlers fishing for rubber duckie in the bath 🎣 

#countdownkids #kidssongs #summerfun #toddlerlife #parentinghumor",An animated nursery rhyme video by The Countdown Kids teaching children how to count from one to ten through a story about catching and releasing a toy fish.,"One, two, three, four, five; Once I caught a fish alive; Six, seven, eight, nine, ten; Then I threw it back again; Why did it let go; Because it bit my finger; So which finger did it bite; This little finger on my right",Polished Creator,Tutorial,false,yes,,https://www.tiktok.com/@thecountdownkids/video/7669787645475654945
coins,(not in thumbnail),2026-08-03,2026-10-01,islandgcoincollector,IslandGCoinCollector,33500,232,20,19,"🚨 I Don’t Buy Rare Coins… I Find Them at the Bank! 😱💰

Ever wonder how coin roll hunting works? Here’s my entire process from start to finish:

🏦 Pick up boxes of coins from the bank
🔍 Search eve",,,,,,no,,https://www.tiktok.com/@islandgcoincollector/video/7669727377160817950
patches,patch collection,2026-08-02,2026-10-01,saturdaystitchclub,Saturday Stitch Club,14300,1137,5,26,"Welcome back to It’s 5 O’clock Somewhere! Today’s adventure was adding some vintage travel patches to my @BAGGU bag, inspired by @moon woman vintage! I’ll likely add some more in the future, but I lov","A creator shares a relaxing after-work DIY project customizing a burgundy Baggu bag with vintage travel patches purchased from eBay, offering viewers creative inspiration and a cozy aesthetic escape.","Welcome back to It's 5 O'clock Somewhere, where I take you along for the projects and crafts I'm doing when the workday ends. Today's adventure is adding patches to my Baggu bag. I started collecting different vintage patches from places I've been, just by buying them off of eBay, and I was inspired by another creator who I saw was adding a whole bunch of patches to her Baggu bag. I started with securing the patches to double-sided sewing paper, just so they'd be a little bit easier to stick onto the bag and decide the placement I like. I thought I was going to add a whole bunch more patches, but I ultimately just ended up deciding to do a little cluster in the corner. I'll likely end up doing some more patches on the back side, but I'm super excited with how the bag turned out so far. It was an easy end-of-day project, and I love making my Baggu a little more unique. Thanks for watching! DIFFICULTY RATING: 2/10",Raw UGC,Tutorial,false,yes,,https://www.tiktok.com/@saturdaystitchclub/video/7669559039495261471
watches,vintage watches,2026-08-02,2026-10-01,chloebenyamin,chloebenyamin,125400,13700,202,1528,My iconic skeleton vacheron Constantine watch🤩 #watchcollector #vintagewatch #vacheronconstantinwatch #watch #watches,"A luxury watch creator delivers an enthusiastic, in-depth review of her vintage skeleton Vacheron Constantin watch, highlighting its unique woven gold strap, ruby accents, and diamond bezel while sharing her passion for vintage horology.",,Polished Creator,Review,false,yes,,https://www.tiktok.com/@chloebenyamin/video/7669514876661861645
watches,watches,2026-08-02,2026-10-01,vinzvz,Vinz,300700,48700,85,2783,Watches/characters of culture. #jamesbond #patekphilippe #niche #tagheuer #oldmoney,"A stylistic TikTok edit by creator Vinz linking legendary film characters to luxury watch brands, appealing to watch enthusiasts and the old money aesthetic community.",OMEGA; PATEK PHILIPPE GENEVE; BREITLING 1884; Vinz,Curated Aesthetic,Meme,false,yes,,https://www.tiktok.com/@vinzvz/video/7669510509791546646
watches,luxury watches,2026-08-02,2026-10-01,eizen.egm,EGM Luxury Watches,39500,1088,41,110,"Some watches tell time.

Others tell a story.
The Rolex Submariner Date 41 in two tone yellow gold, needs no introduction, an icon that has stood the test of time. Quiet confidence. Timeless design. B","A silent, elegant showcase of a Rolex Submariner Date 41 in two-tone yellow gold, filmed from a close-up POV perspective to highlight its craftsmanship for watch enthusiasts.",@eizen.egm watermark overlay,Polished Creator,Review,true,yes,,https://www.tiktok.com/@eizen.egm/video/7669481122664877333
watches,watch collection,2026-08-02,2026-10-01,ronny.review,ronny.review,32900,1362,16,50,My insane watch Collection- 3 best pieces I own‼️🔥 #oldmoney #jacobandco #rolex #watchcollection,"A creator reviews his top three favorite luxury watches from an eight-piece collection, revealing that they are actually budget replicas costing between $40 and $130, and directs viewers to his spreadsheet on Kakobuy.",Top3 watches That I own!!; 40$ btw; 60$; 130$,Raw UGC,Review,true,yes,possible off-topic,https://www.tiktok.com/@ronny.review/video/7669463975637142806
coins,(not in thumbnail),2026-08-02,2026-10-01,dashthangnay5ka,WatchBros,18000,274,6,3,I HIT THE MEGA JACKPOT!!! COIN ROLL HUNTING NICKEL #coinhunter #silver #coincollecting #rarecoins,,,,,,no,,https://www.tiktok.com/@dashthangnay5ka/video/7669455292014415117
coins,coin collecting,2026-08-02,2026-10-01,tarra.lets.go,Tara Let's Go,148400,2825,80,1598,"$84,099 coin 
#hobby #didyouknow #coincollecting #coins","A short educational video breaking down a rare 2014-D Sacajawea mule error coin valued at $84,000, encouraging viewers to save the post for reference.","$84,000; LIBERTY; IN GOD WE TRUST; UNITED STATES OF AMERICA; $1; This coin is worth $84,000.; This is a 2014 D Sacajawea dollar that has the rare mule mint error.; The back of the coin has the reverse of a presidential dollar.; It sold on April 24, 2021.; Save this for reference.; And thank you all for watching.",Polished Creator,Tutorial,false,yes,,https://www.tiktok.com/@tarra.lets.go/video/7669402509332466965
watches,vintage watches,2026-08-02,2026-10-01,julientoretto,Julien Toretto,9841,513,14,20,"Vintage Piaget might be the perfect summer watch. 

#watchtok #nichetok #watches #vintage","A short-form WatchTok video by creator Julien Toretto showcasing a vintage gold Piaget watch on a tattooed wrist, accompanied by a witty text overlay and hip-hop audio.",99 problems but vintage gold watches ain't one.,Raw UGC,Vlog,false,yes,,https://www.tiktok.com/@julientoretto/video/7669401507858517281
watches,vintage watches,2026-08-02,2026-10-01,watchesandscratches,Alejandro’s Watches&Scratches,298,32,10,17,"​There is nothing quite like the charm of a true vintage timepiece. ⏳ From the perfect patina on a classic dial to the history behind every detail, these are the finds that make the hunt completely wo","A watch enthusiast and creator named Alejandro shares the historical origin of Caravelle watches launched by Bulova in 1962 to combat low-quality disposable watches, highlighting iconic models like the Devil Diver and encouraging community engagement.",The best kept secret in vintage watches?; 1962: Bulova's answer.; ONLY $24.75 PLUS TAX; NEW BULOVA SVP; LADIES Exquisitely Styled 17 Jewels Unbreakable Mainspring; MENS 17 Precision Jewels Certified Waterproof Unbreakable Mainspring Stainless Steel Case Padded Leather Strap; The famous Devil Diver; 666 FT; SEA HUNTER; CARAVELLE by Bulova; El Segundero PR FUNDADO POR EL OTRO; WATCHES AND SCRATCHES,Polished Creator,Tutorial,false,yes,,https://www.tiktok.com/@watchesandscratches/video/7669395470107610382
patches,iron on patches,2026-08-02,2026-10-01,lilemandthings,lil em and things,45300,970,19,523,A fun diy!!! I think this is new at Michaels (could be just new to my store) This “patch bar” was so cute! It’d be fun for a craft night. #michaels #craftidea #patches #diy #fypシ゚viral,"A short creator video documenting a new patch bar display at Michaels craft store, complete with a product panning shot and a follow-up image of a discounted canvas bag paired with customized patches.","Choose your base, Pick your patches, Peel and stick or iron-on, Attach two ways: adhesive or iron-on, The patch bar at Michaels, Easy diy idea!!!, Got this bag for 60% off!, WELL BEHAVED WOMEN rarely MAKE HISTORY, CRAZY Cat Lady CLUB, IT IS WHAT IT IS, UNUSUALLY THINKING ABOUT GOING HOME, I came, I saw, I had anxiety, I left...",Raw UGC,Vlog,false,yes,,https://www.tiktok.com/@lilemandthings/video/7669394793058929934
patches,iron on patches,2026-08-02,2026-10-01,jackieg47,Jackie Garcia,7276,37,1,2,Literally AMAZON! Iron on patches and some basic tees I have sooo manyyy so it always looks like im wearing the same shirt but its not lol! #fyp #irononpatches #miniiron #amazon #workshirt,"A quick, satisfying TikTok tutorial by creator Jackie Garcia demonstrating how she customizes cheap t-shirts from Five Below using iron-on patches and an Amazon mini iron, appealing to DIY and budget fashion communities.",How I customize my Five Below shirts; LIVE BEGO (mirrored text on shirt),Raw UGC,Tutorial,true,yes,,https://www.tiktok.com/@jackieg47/video/7669258161156574478
patches,patch collection,2026-08-01,2026-10-01,leslyshuarachess,leslyshuaraches 🎀,8128,423,2,88,"Lesly’s Pink booth is for the girlsss🩷 we have now added a new section to our stand were you’ll find a bunch of coquette, faith based, humorous patches & can customize your own canvas tote bag to you","A promotional TikTok video by a small business owner showcasing 'Lesly's Pink Booth' at a market, highlighting a new customization station where customers can buy a $25 canvas tote bag and select patches and accessories to personalize it with friends.",,Raw UGC,Vlog,true,yes,,https://www.tiktok.com/@leslyshuarachess/video/7669204233266253086
watches,luxury watches,2026-08-01,2026-10-01,kirakirbyy,KiraKirby,8200000,1100000,1103,36800,Can someone help me girl math this #ladieswatches,"A fashion creator in a luxury jewelry boutique humorously justifies wearing an expensive Bvlgari Serpenti watch, utilizing the girl math trend to engage her audience.",Sorry I'm late I was putting on my 160k Bvlgari Serpenti watch,Raw UGC,Vlog,false,yes,,https://www.tiktok.com/@kirakirbyy/video/7669198625418923295
watches,luxury watches,2026-08-01,2026-10-01,3mostexpensive,3mostexpensive,8291,222,8,75,"top 3 most expensive watches in the world!😱
#expensive #graffdiamonds #patekphilippe #luxury #top3","A fast-paced TikTok countdown counting down the top three most expensive watches in the world, featuring the Patek Philippe Grandmaster Chime, Graff Diamonds Fascination, and Graff Diamonds Hallucination, designed to shock and engage viewers with multi-million dollar price tags.",Top 3 Most Expensive Watches in the World; number 1 costs more than a private jet; THE; Patek; GRANDMASTER; CHIME; INSANE; WATCH; SOLD; FOR; A; JAW; DROPPING; $31 MILLION; IS; THE; MOST; COMPLICATED; WATCH; THEY; EVER; MADE; WITH; 20; DIFFERENT; INCREDIBLE; FEATURES; HAS; TWO; DIFFERENT; FACES; YOU; CAN; FLIP; AROUND; FASCINATION; GRAFF; DIAMONDS; MASTERPIECE; COSTS; STAGGERING; $40 MILLION; COVERED; OVER; 150; CARATS; WHITE; DIAMONDS; FEATURE; GIANT; PEAR-SHAPED; DIAMOND; CENTER; THAT; TAKE; OUT; WEAR; AS; RING; NOW; FOR; RIDICULOUS; HISTORY; HALLUCINATION; ABSOLUTE; UNIT; MIND-BLOWING; $55 MILLION; PACKED; 110; RAREST; COLORED; EARTH; BUY; IT; OR; COMPLETE; SCAM,Curated Aesthetic,Top-list; Review; Luxury showcase,false,yes,,https://www.tiktok.com/@3mostexpensive/video/7669122770151689485
patches,patch collection,2026-08-01,2026-10-01,patch_collection,Patch Collection,412,6,,1,"Your jacket deserves a little personality. ❤️✨

Houston pride, tiny details, and patches that make every outfit one of a kind. Mix, match, and customize your own denim jacket with embroidered patches ","A short-form DIY tutorial and product showcase by Patch Collection demonstrating how to customize a denim jacket with Houston-themed embroidered patches, combining tactile craft visuals with local identity.","OLD NAVY; MOM; houston; CHAMPIONS; BE SOMEONE; Limited Edition; www.PatchCollection.com; 11718 N Garden St, Building C, Houston, TX 77071; Disney - Sports Leagues - Anime - Pop Culture; QUALITY IN EVERY STITCH; HECHO EN HOUSTON; HOUSTON VS EVERYBODY",Raw UGC,Tutorial,true,yes,,https://www.tiktok.com/@patch_collection/video/7668746861552979214
watches,luxury watches,2026-08-01,2026-10-01,relojesmoissanite_,relojesmoissanite,55400,1149,133,64,Hora de 😴😴 #luxurywatches #moissanitejewelry #relojes,"A short promotional video featuring a first-person POV shot of a dazzling iced-out moissanite watch on a bed, paired with a humorous text exchange answering 'what time is it' with a 900 euro price tag, set to a trendy reggaeton track.","🤔 ¿Qué hora es? 
 👦 Yo: Las 900€ en punto",Raw UGC,Flex,true,yes,,https://www.tiktok.com/@relojesmoissanite_/video/7669120691022695702
patches,iron on patches,2026-08-01,2026-10-01,daniellechambers0,Patches alpha - Penny,1176,23,4,9,#irononpatches #diy #fyp #hatpatches #cowboys,"A short, beat-synchronized showcase of custom DIY sports patches arranged neatly in a sorting box, targeting crafters and football fans.",Sports patches 🔥🔥,Raw UGC,Haul,true,yes,,https://www.tiktok.com/@daniellechambers0/video/7668853341945941262
watches,vintage watches,2026-07-31,2026-10-01,tomatocrazyworld,tomatocrazy,6281,265,9,3,"all gold and it has her initials on the side 🥹 it’s so gorgeous and actually also fit my tiny wrist finally !!! 

#vintage #watch #vintagewatch #jewelrytiktok","A creator shares a sentimental post showcasing a 1950s gold watch from Argentina that belonged to her grandmother, highlighting its emotional value and perfect fit for a small wrist.","my grandmas watch from the 50's in Argentina, her dad bought it for her 15th bday",Raw UGC,Vlog,false,yes,,https://www.tiktok.com/@tomatocrazyworld/video/7668775709745155359
watches,luxury watches,2026-07-31,2026-10-01,top.watches25,Top watches,2800000,60300,829,2490,#watch #luxury #luxurylifestyle,"A silent, aesthetic point-of-view video showing a pair of hands unboxing and putting on a two-tone Rolex Submariner watch, targeting luxury watch enthusiasts and status-driven viewers.",ROLEX OYSTER (on box sleeve),Polished Creator,Haul,true,yes,,https://www.tiktok.com/@top.watches25/video/7668756202674752800
patches,patch collection,2026-07-31,2026-10-01,patch_collection,Patch Collection,482,10,,,"Houston style, stitched to perfection. 🤎🌇

These black cuffed shorts featuring our Houston skyline patch are the perfect way to add local pride to your everyday look.

✨ Customize yours with your fa","A brand account showcases a quick, satisfying DIY tutorial on ironing a Houston skyline patch onto black denim shorts, highlighting custom fashion and local pride.","SO, 10REG, HOUSTON",Polished Creator,Tutorial,true,yes,,https://www.tiktok.com/@patch_collection/video/7668746142418521358
ducks,yellow rubber duck,2026-07-31,2026-10-01,user5033393005585,AutoDecor,26,0,,,How healing can 6 little yellow ducks be? Watch till the end 🐥 #rubberduck #unboxing #satisfying #cutetoys #bathtoys,"A polished aesthetic product showcase featuring six miniature yellow duck figurines placed in various cute settings, designed to inspire viewers and drive commercial interest through wholesome visual storytelling.",6 Cute Ducks; Mini Size; Easy to Fix; Car/Desk/Garden; Cute Gift Idea,Polished Creator,Haul,true,yes,,https://www.tiktok.com/@user5033393005585/video/7668680168197704991
watches,vintage watches,2026-07-31,2026-10-01,dialarchive,Nolan | The Dial Archive,3361,77,6,4,"5 vintage-inspired watches under $1,000 that look way more expensive than they are: Orient Bambino V1 – Iconic entry-level automatic dress watch with a sweeping domed mineral crystal.
Lorier Roosevelt","A polished top-five watch recommendation video by The Dial Archive showcasing affordable vintage-inspired timepieces under $1,000, combining expert horological commentary with professional product photography and active engagement prompts.",DA logo in top-left; 5 Vintage-Inspired Watches You Need To Buy; Orient Bambino $260 FAC00005W0; Lorier Roosevelt $799; Casio Vintage Digi-Dial $70 AQ800E-3AVT; Brew Retrograph Espresso $375; Baltic HMS 002 $425; The Dial Archive Watches Worth Knowing. dialarchive.com. Show me your favorite watch in the comments!,Polished Creator,Top-list,false,yes,,https://www.tiktok.com/@dialarchive/video/7668511733811760397
watches,watch collection,2026-07-30,2026-10-01,frahman524,Farhana Rahman,115300,7165,284,968,Vintage prices are BONKERS rn. Should I start posting watches again? It’s been a while! #vintagewatch #watchcollector #watches #watchcollection #luxurywatches,"Creator Farhana Rahman showcases her and her husband's extensive, high-end luxury vintage watch collection while commenting on rising market prices and asking viewers to identify a mystery watch.","Entire Watch Collection
Vintage Vacheron, Piaget, Patel Philippe, Audemars Piguet, Cartier, Boucheron, Rolex
1970s Vacheron Constantin Lapis Dial
1970s Vacheron Constantin Tigers eye dial
Vacheron Patrimony Skeleton
1960s Piaget Emperador Jade Dial
1970s Piaget Onyx Dial
Cartier Cristallor Jumbo
AP Royal Oak
1970s Patek Philippe Gondolo
1990s Cartier Baignoire
1960s Boucheron Reflet
1970s Cartier Ceinture Jordanian Crest
1990s Cartier Cloche
MBF?????? No clue lmaooo
1980s Cartier Santos Burgundy Dial
1980s Cartier Santos Octagon, onyx
Cartier Vendome lapis dial
Rolex 31mm
Rolex tuxedo dial Early 2000s
Cartier Santos
Rolex submariner",Raw UGC,Vlog,false,yes,,https://www.tiktok.com/@frahman524/video/7668450281079753997
patches,patch collection,2026-07-30,2026-10-01,gandejiushitk0004,Ambercreation patches1,3728,227,37,26,#patches #ironon #raiders #lasvegas #raidersnation awe so cute new patches,"A short promotional TikTok video by Ambercreation patches1 showcasing a new haul of Las Vegas Raiders embroidered patches through an overhead POV style, directing viewers to join a live shopping event.","Welcome to Amber's patches club
Live 7-11pm PT time
Go
Raiders!
pick up your pretty patches",Raw UGC,Haul,true,yes,,https://www.tiktok.com/@gandejiushitk0004/video/7668374921873034509
patches,iron on patches,2026-07-30,2026-10-01,jeannakary,Jeanna,61300,2487,53,374,"Don't toss those yarn scraps! 🧶 Turn
them into adorable iron-on crochet patches and give your handmade projects a fun, personalized touch. 

This quick DIY is perfect for decorating tote bags, jacket","Jeanna shares a quick, satisfying craft tutorial demonstrating how to turn leftover yarn scraps into iron-on crochet patches using fusible web, a mini iron, and scissors. Set to upbeat, cheerful music with vibrant overhead visuals, the post engages the crochet community by offering a practical upcycling idea and inviting viewer comments on project applications.",IRON-ON CROCHET PATCHES; HeatnBond ULTRAHOLD,Polished Creator,Tutorial,false,yes,,https://www.tiktok.com/@jeannakary/video/7668349461164215565
coins,rare coins,2026-07-30,2026-10-01,investingmax,investingmax,47600,2271,151,891,These are the most expensive pennies to sell at auction so far this year! #CoinCollecting #CoinHunting #RareCoins #ErrorCoin #CoinCollection,"A fast-paced, engaging countdown video by creator investingmax detailing the six most expensive rare pennies sold at auction in 2026, highlighting specific mint errors, grading scores, and extraordinary auction values up to $456,000.","MOST EXPENSIVE PENNIES SOLD IN 2026!; SOLD $24,000; 1983 Lincoln Cent. Struck on a Copper Planchet. MS-62 BN (PCGS).; SPRING 2026 SHOWCASE AUCTION; SOLD $26,000; 1969-S Lincoln Cent. FS-101. Doubled Die Obverse. MS-63 BN (PCGS). CAC.; SOLD $52,800; 1909-S Lincoln Cent. V.D.B. MS-66+ RD (PCGS). CAC. CMQ.; SOLD $63,000; 1914-S Lincoln Cent. MS-66 RD (PCGS).; SOLD $72,000; 1926-S Lincoln Cent. MS-64+ RD (PCGS).; SOLD $456,000; 1943-S Lincoln Cent. Struck on a Bronze Planchet. AU-55 (PCGS). Gold CAC. CMQ.",Polished Creator,Top-list,false,yes,,https://www.tiktok.com/@investingmax/video/7668118339037760799
ducks,rubber duck,2026-07-29,2026-10-01,inventionontt,Invention,2400000,17300,173,192,"Original Video Credit: IG/villagertrud

Hundreds of rubber ducks are released into Denmark's largest pump-sluice facility in Kolding as enormous Archimedes screw pumps begin turning. Instead of being ","A short educational video demonstrating how giant Archimedes screw pumps at a pump-sluice facility in Kolding, Denmark, safely transport water and floating objects using slow-moving spiral designs.",Invention; Archimedes screw pumps lift massive volumes of floodwater while their slow rotating design allows fish to pass through safely; Scana Steel; Scan-Shipping,Raw UGC,Documentary,false,yes,,https://www.tiktok.com/@inventionontt/video/7668074553368661261
patches,patch collection,2026-07-29,2026-10-01,usa250gear,USA 250 GEAR,105,1,,,"LIMITED EDITION EMBROIDERED COLLECTOR PATCHES
💯% USA Made patches that commemorate the 250th Anniversary of our great country and the foundation of our armed forces. Collect them all!
#MadeInUSA #ame","A promotional TikTok video by USA 250 GEAR showcasing limited edition, 100 percent US-made embroidered patches commemorating the 250th anniversary of the United States and its armed forces.",USA250GEAR.COM. Limited Edition Collector's Patches; 100% USA Made patches that commemorate the 250th Anniversary of our great country and the foundation of our armed forces. Collect them all!; UNITED STATES ARMY 1775 250 YEARS 2025; UNITED STATES MARINE CORPS 1775 250 YEARS 2025; USA 250 YEARS OF FREEDOM; 250 YEARS OF FREEDOM DON'T TREAD ON ME COME AND TAKE IT; USA 1776 2026 250; UNITED STATES OF AMERICA USA 250 1776-2026; USA * 250 *; USA 250TH 1776-2026,Polished Creator,Haul,true,yes,,https://www.tiktok.com/@usa250gear/video/7668025893872274718
watches,watch collection,2026-07-29,2026-10-01,sampaguitagirly,Sampaguita⌚️💎✨,75400,4597,204,177,"Finding joy in my new obsession: #watch collecting! 
1. @tagheuer Aquaracer 34mm (my absolute favorite)
2. Vintage 1989 #Rolex CPO Lady Datejust 28mm  two tone gold 
3. @Cartier santos de Cartier smal","A lifestyle creator and product designer shares her foundational six-watch luxury collection, detailing the sentimental stories, travel memories, and career milestones attached to each timepiece while teasing a second part featuring her future wishlist.","Sharing my Watch Collection (As a newbie); 1. @tagheuer Aquaracer 34mm (my absolute favorite); 2. Vintage 1989 #Rolex CPO Lady Datejust 28mm two tone gold; 3. @Cartier santos de Cartier small; 4. Rolex Datejust 31mm black dial with Roman Numerals in Oystersteel, fluted bezel, Jubilee strap, crown clasp; 5. #Seiko day date Leather strap; 5. Cartier Panthere Medium two-tone gold; Crying bec i think i still want her. Adding to my next six wishlist!; Was cute but i think a tank Seiko will scratch this itch; This size is a new release in their collection (2025 W&W); part 2 for my wishlist for the next six",Raw UGC,Vlog,false,yes,,https://www.tiktok.com/@sampaguitagirly/video/7668021442843331870
patches,patch collection,2026-07-29,2026-10-01,patch_collection,Patch Collection,94,5,,,"Faith that stays with you, wherever life takes you. ✨🕊️ 

Our embroidered patches are made to inspire every day. 

#jesuschrist #christiantiktok","A short, aesthetic product showcase video by Patch Collection displaying three detailed Christian embroidered patches through tactile hand reveals, accompanied by gentle music and devotional messaging.",GOD IS GOOD ALL THE TIME; THEY HATED JESUS TOO,Polished Creator,Haul,true,yes,,https://www.tiktok.com/@patch_collection/video/7668017782415559949
coins,coin collecting,2026-07-29,2026-10-01,thecoinchannel,Eric Miller,428000,12600,429,2127,"Valuable drummer quarter found THIS MORNING!!! #collecting #quarter #coin #coins 

Found by @Kory C","Coin expert Eric Miller breaks down a rare 1976 D-mint doubled die Bicentennial quarter found by a follower, demonstrating the exact error markers to look for and quoting circulated and mint state values.","Valuable drummer quarter found THIS MORNING!, TOMLOV, 1776, 1976, IN GOD WE TRUST, LIBERTY, 1976D DDO Doubled, $150.00, SALE PRICE $810.00",Polished Creator,Tutorial,false,yes,,https://www.tiktok.com/@thecoinchannel/video/7667985109332528415
ducks,rubber duck,2026-07-29,2026-10-01,landbompo,BompoLand,123700,833,63,33,Funny 'QUACK'! 🦆 Watch Bompo get squished next to a giant rubber duck! ✨ Satisfying ASMR Toy Smash! 🧸🎨 #bompoland #squeak  #quack  #kidsvideo  #oddlysatisfying,"A short satisfying loop animation where a hydraulic press squashes a rubber duck while a cute plush creature watches and celebrates, designed to entertain fans of oddlysatisfying content.",,High-Production,Meme,false,yes,,https://www.tiktok.com/@landbompo/video/7667966828899011847
ducks,yellow rubber duck,2026-07-29,2026-10-01,patty_93901,patty_93901,209,23,1,1,#yellowrubberduckie #ernieandburt #watercolor #waterballoons,"A creator shares a heartwarming, whimsical video of a toddler playing with a rubber duck in a kitchen sink bowl of soapy water, set to the Rubber Duckie song with playful voiceover dialogue.",Rubber Duckie; Lil Brother; Big Sister,Raw UGC,Vlog,false,yes,,https://www.tiktok.com/@patty_93901/video/7667811002494323981
ducks,rubber duck,2026-07-28,2026-10-01,fellman85,Erik Fellman,448000,69300,816,17500,Morning swim #rubberduck #sweden #icecream #happyguy #swim,"A middle-aged creator named Erik Fellman films a humorous and wholesome morning swim in a Swedish lake while holding a yellow rubber duck and eating a popsicle, contrasted against aggressive rap lyrics.",,Raw UGC,Vlog,false,yes,,https://www.tiktok.com/@fellman85/video/7667649209306238230
watches,watches,2026-07-28,2026-10-01,riwaazun,Riwaaz By UN,398100,11700,287,2594,"Luxury Korean Watches for Girlies 🌺🌺🌺High Quality kitten 🐈 style watch 
Order on watsap now ...
03019614248...
#watches #luxury #viral #korean #girlies","A short product showcase featuring a luxury-style pink smartwatch with decorative charms and a Hello Kitty face, directed at female shoppers with a call to order via WhatsApp.",18:14; 18:12; 18:16,Raw UGC,Haul,true,yes,possible off-topic,https://www.tiktok.com/@riwaazun/video/7667628868416703762
watches,vintage watches,2026-07-28,2026-10-01,alwaysvintagewatches,alwaysvintagewatches,928,24,,,"A rare vintage Vacheron with the kind of presence collectors immediately understand.

In the early 1950s, most dress watches measured around 30–33mm. This one comes in at 36mm, making it a true “jumbo","A vintage watch dealer showcases a rare 1950s Vacheron Constantin 4600 Jumbo dress watch in 18k gold, highlighting its oversized dimensions for the era and natural spider patina to attract collectors.",SOME WATCHES DO NOT NEED TO SHOUT THEY ARE EXTRAORDINARY THIS IS VACHERON CONSTANTIN 4600 JUMBO FROM THE 1950S A 36 MILLIMETER IT WAS CONSIDERED OVERSIZED FOR THE TIME A TRUE JUMBO DRESS WATCH IN AN ERA WHERE ELEGANCE WAS USUALLY MUCH SMALLER BUT WHAT MAKES THIS PIECE TRULY SPECIAL IS NOT ONLY THE SIZE IS THE WAY IT HAS AGED THE DIAL HAS DEVELOPED DEEP FADE CHAMPAGNE TONE WITH A NATURAL SPIDER LIKE PATINA THE KIND OF CHARACTER THAT ONLY TIME CAN CREATE; Relojes Vacheron Constantin; 4600; 136 visitas en 48 horas; Vacheron Constantin Jubilee Jumbo Calatrava 1950s 18k gold Free SHIPPING INCLUDED ANYWHERE in the world; Usado (Muy bueno); Ano de fabricacion 1950; Sin estuche original; Sin documentos originales; 6895 €; chrono24.es; Always Watch Collectors; SHOP ONLINE; Chrono24,Polished Creator,Review,true,yes,,https://www.tiktok.com/@alwaysvintagewatches/video/7667506737662004482
watches,vintage watches,2026-07-28,2026-10-01,goldammervintagewatches,GOLDAMMER®,31400,1556,33,79,"Golden perfection. 
1966 Omega Constellation Date Ref. 168.005 in 35.5mm solid 18k yellow gold. A beautifully brushed gold dial, rare black onyx hour markers and one of Omega's finest chronometer dres","A cinematic macro product showcase by vintage watch dealer Goldammer highlighting a 1966 Omega Constellation in solid 18k yellow gold, emphasizing its dial, movement, and wrist presence ahead of a Thursday release.","You already know it's an Omega..., OMEGA, AUTOMATIC, CHRONOMETER, OFFICIALLY CERTIFIED, Constellation, SWISS MADE, HANDCRAFTED IN GERMANY, 18, 561, 24 JEWELS, ADJUSTED FIVE (5) POSITIONS AND TEMPERATURE, 24449356, OMEGA WATCH CO SWISS",High-Production,Review,true,yes,,https://www.tiktok.com/@goldammervintagewatches/video/7667491409611509025
coins,silver coins,2026-07-28,2026-10-01,coin_cowboy,Coin Cowboy,5732,24,6,6,We started 50oz of silver at $1 & took an over $1000 loss on our live stream!!!! Good grabs all night & we ALWAYS start at $1!!! #coins #numismatics #liveauction #live,"A live-stream coin seller vents to his audience about taking a $1000 loss after auctioning off a 50oz silver bar starting at $1, using the moment to prove his commitment to customer value.","ON/OFF, UNIT, ZERO, HOLD, 50.0 T.O., 999 FINE, SILVER, Guschimayerts, U.S. EAGLE 1/4 DOLLAR GOLD LIBERTY HEAD, MS 62, POLO 1904, SILVER EAGLE",Raw UGC,Personal-update,true,yes,,https://www.tiktok.com/@coin_cowboy/video/7667463203957394701
patches,iron on patches,2026-07-28,2026-10-01,lanielately,lanie !!,6692,605,13,67,"make tank tops with me for universal!! i used iron on patches from amazon! quick and easy way to make cute merch for the parks!! 🌎🪄⚡️🎢

#universalstudios #harrypotter #harrypottertiktok #universalo","A creator shares a quick DIY tutorial on how to make custom Harry Potter tank tops using Amazon iron-on patches for an upcoming trip to Universal Orlando, blending fandom enthusiasm with accessible crafting.","make harry potter tanks with, for universal orlando, HAPPEE BIRTHDAE HARRY, HUFFLEPUFF",Raw UGC,Tutorial,false,yes,,https://www.tiktok.com/@lanielately/video/7667369207193029902
ducks,yellow rubber duck,2026-07-27,2026-10-01,littleyellowduck5,Little Yellow Duck,178000,2083,113,122,"The little yellow duck slid across the ice rink, pushing its shovel with its wings, sending ice chunks flying everywhere. The little hedgehog, clutching a jar of jam, tried to drizzle some syrup onto ","A viral-style 3D animated comedy sketch depicting a yellow duck and a hedgehog causing colorful chaos with shaved ice and syrups on an ice rink, ultimately serving a giant dessert to a seal.",,High-Production,Animation,false,yes,,https://www.tiktok.com/@littleyellowduck5/video/7667290610138729750
watches,watches,2026-07-27,2026-10-01,watchedit.dh1,Watch Edit1,53,0,,,Luxury Watches That Elevate Your Presence 🔥 #LuxuryWatch #PresenceStyle #MensFashion #LuxuryTrend #WatchLovers,A fast-paced visual compilation of premium and luxury watches designed to inspire men's fashion choices and captivate horology enthusiasts on TikTok.,Your outfit was missing this one watch to level up the fit,Polished Creator,Haul,true,yes,,https://www.tiktok.com/@watchedit.dh1/video/7667289437662874894
watches,vintage watches,2026-07-27,2026-10-01,dearrosier,Dear.Rosier,1126,66,5,2,POV: you got to unbox one of the most beautiful vintage watches collections… which one is your favorite #vintage #vintagestyle #watches #vintagewatch #womenswatch,"A visually striking and aesthetically pleasing unboxing video where a creator reveals an entire collection of vintage Citizen women's watches, laying them out on a retro magazine spread and inviting viewers to choose their favorite.",POV: you bought someone's entire collection of vintage citizen watches; Make this a time to remember; A gift to cherish--now is more perfect; SWITZERLAND; The Watchmakers Of Switzerland--October 10th to 24th,Curated Aesthetic,Haul,false,yes,,https://www.tiktok.com/@dearrosier/video/7667269725524725006
patches,embroidered patches,2026-07-27,2026-10-01,patchmeup_byrachel,patchmeup_byrachel,3474,108,1,2,"Here’s how to apply your personalised embroidered patch, order your own from my new Etsy shop PatchMeUpByRachel ✨ What name should I embroider next?

#embroidery #embroiderymachine #howto #smallbusine","A small business owner demonstrates how to apply an iron-on embroidered patch in a quick, clear tutorial video designed to drive engagement and Etsy sales.",Place patch wherever you like; Iron for 60 seconds; Wait 1-2 mins; Perfectly secure; Enjoy,Raw UGC,Tutorial,true,yes,,https://www.tiktok.com/@patchmeup_byrachel/video/7667255725592251670
watches,vintage watches,2026-07-27,2026-10-01,soniaasper,sonia asper,434100,37700,637,5065,It’s truly the most beautiful thing own #vintagewatch #audemarspiguet #apcobra #watchtok,"Creator Sonia Asper shares her prized vintage Audemars Piguet Cobra watch bought in Japan, detailing its features, low-profile bracelet, and appreciation in value while offering to curate a list of similar vintage pieces for interested viewers.",It’s truly the most beautiful thing own #vintagewatch #audemarspiguet #apcobra #watchtok,Raw UGC,Vlog,false,yes,,https://www.tiktok.com/@soniaasper/video/7667229374273309960
watches,vintage watches,2026-07-27,2026-10-01,watchtimetraveler,watch_time_traveler,52600,1184,35,191,"The SICURA Safari Knife Watch is one of the most unusual and controversial vintage watches ever created. At first glance, it looks like an ordinary timepiece. But with a clever hidden mechanism, a tin","A short-form video showcasing the rare and eccentric 1970s Sicura Safari Knife Watch as its hidden blade springs open on the creator's wrist, framed by dramatic music and playful text.","WHO DARES MESS WITH ME NOW? accompanied by devil, envelope, and knife emojis",Raw UGC,Meme,false,yes,,https://www.tiktok.com/@watchtimetraveler/video/7667228617394359574
coins,rare coins,2026-07-27,2026-10-01,articleoneco,ArticleOneCo,113200,2305,153,476,"💰 Sometimes a single coin can change a life.

These are five of the most famous U.S. coins that have sold for incredible amounts at auction, proving that rare coins can be worth far more than their f","An educational and engaging infographic post by ArticleOneCo detailing five of the most expensive rare U.S. coins sold at auction, designed to spark curiosity and engagement among coin collectors and treasure hunters.","5 COINS THAT MADE ORDINARY PEOPLE RICH 
 1 
 1943 COPPER PENNY 
 ONLY 35-40 KNOWN TO EXIST 
 $1,700,000 
 2 
 1893-S MORGAN DOLLAR 
 LOW MINTAGE KEY DATE 
 RARE IN HIGH GRADE 
 $2,115,000 
 3 
 1804 SILVER DOLLAR 
 THE 'KING OF 
 AMERICAN COINS' 
 $4,140,000 
 4 
 1894-S BARBER DIME 
 ONLY 24 MINTED 
 9 KNOWN TO EXIST 
 $1,997,500 
 5 
 1913 LIBERTY HEAD QUARTER EAGLE 
 ONLY 5 KNOWN TO EXIST 
 $8,400,000 
 1933 DOUBLE EAGLE 
 $18,872,250 
 SOLD AT AUCTION IN 2021",Polished Creator,Informatics; Infographic; Educational,false,yes,,https://www.tiktok.com/@articleoneco/video/7667198446746570015
watches,watch collection,2026-07-27,2026-10-01,luxurygallery1.here,Luxury Gallery,543,4,,,#PatekPhilippe #LuxuryWatch #AIVideo #LuxuryAI #Cinematic #LuxuryLifestyle #Horology #WatchCollector #SwissWatch #FYP,"A visually stunning AI-generated short showcasing the intricate mechanics, diamond-set bezel, and finished presentation of an ultra-luxury gold timepiece, designed to evoke awe and cater to horology enthusiasts.","Chinese characters indicating AI generation watermark in the top left and bottom right corners (e.g., 豆包AI生成).",High-Production,Aesthetic,true,yes,,https://www.tiktok.com/@luxurygallery1.here/video/7667183553792281887
coins,(not in thumbnail),2026-07-27,2026-10-01,azcoinhunters,azcoinhunters,3169,82,2,4,"Colour coin found! 🪙 2026 Bluey $1 Sleepytime (Bingo) coin! 🐾
Today we were on the hunt through the 2026 Bluey coin rolls, and found a beauty! Who else is still chasing a coloured set?
#australianco",,,,,,no,,https://www.tiktok.com/@azcoinhunters/video/7667115284943162632
coins,rare coins,2026-07-27,2026-10-01,rarecoins72,RARE COINS,1022,13,3,4,"Creator THESE 1/2 c 1c 2 c 5 c 10 c 20c 50c AND THE SILVER R1 COIN SETS WERE STRUCK AS PART OF THE SECOND DECIMAL ISSUE 1965-1990. IN 1962 IT WAS ANNOUNCED THAT A CHANGE IN SIZE, DESIGN AND METAL CONT","A coin expert uses macro video and white gloves to educate viewers on a rare 1961 South African 1-cent coin worth up to 40,000 rand, contrasting it with the extremely common standard version.","South Africa, 1961 1-Cent (Issued by Republic of South Africa) +27 74 429 8458; Do you know that there's a special 1-cent coin from 1961 that could be worth over 40,000 rand? Now the normal one is not really worth anything with over a 150 million of them made, even in a perfect condition they're not even worth 20 rand. But the one that is worth something, with only 80 made and only 20 of them known.",Raw UGC,Tutorial,true,yes,,https://www.tiktok.com/@rarecoins72/video/7667088183800122645
patches,patch collection,2026-07-27,2026-10-01,patchpursuit4,patchpursuit4,5739,224,53,8,All emails! Okay question. If anyone of my viewers collects coins aswell-will departments give you free ones? I would like to start collecting them. Thanks!#police #patchcollecter #policepatch #collec,"A patch collector showcases recent mail from multiple police departments across the US, featuring official letters and embroidered patches, while asking viewers if police departments also send free challenge coins for new collectors.","Mail call!; Moab Police Department; City of Moab; Austin Police Department; Minnesota State Patrol; Washington State Patrol; Kentucky State Police; Chief, Sergeant insignia",Raw UGC,Vlog,false,yes,,https://www.tiktok.com/@patchpursuit4/video/7667082538208283917
watches,watches,2026-07-27,2026-10-01,okkwatches10,OKK WATCHES,440500,8178,198,645,#watch #watchformen #luxury #fyp #watches,"A silent, high-aesthetic product showcase of a luxury-style chronograph watch being unboxed and fastened onto a wrist, optimized for TikTok watch enthusiasts.",HUBLOT GENEVE visible on clasp and dial,Polished Creator,Haul,true,yes,,https://www.tiktok.com/@okkwatches10/video/7667043764707331350
watches,vintage watches,2026-07-27,2026-10-01,thailinekolb,Thailine Kolb,22600,444,4,81,"Three more vintage watch brands worth knowing: Elgin, Gruen, and Wittnauer. ⌚️ Always check the name before you leave a vintage watch behind—some models can be surprisingly collectible.

#vintagewatch","A short educational post by creator Thailine Kolb highlighting three collectible vintage watch brands—Elgin, Gruen, and Wittnauer—using close-up product shots and clean text overlays.",Vintage watch brands worth looking for (Part 2); Elgin; Gruen; Wittnauer; Want part 3?,Raw UGC,Tutorial,false,yes,,https://www.tiktok.com/@thailinekolb/video/7667022367482236191
patches,patch collection,2026-07-27,2026-10-01,jenniferrivas1997,PrayingwifeJen,792,33,13,4,"Just a reminder of the amazing Texas Tech patches we have available! ❤️🖤🤍

Football season is right around the corner, and I have a camo jacket ready to create! Whether you’re headed to Lubbock, tai","A short product showcase video displaying custom Texas Tech University themed embroidered patches, designed to drive direct message orders for football gameday jackets and hats.","Don't forget about the amazing patches we have! PUMPJACK MENTALITY, RAIDER POWER, choosin Texas, WRECK everyone, wreck em, TEXAS RED-RAIDERS, SATURDAYS IN LUBBOCK",Raw UGC,Haul,true,yes,,https://www.tiktok.com/@jenniferrivas1997/video/7666991262557375775
patches,patches,2026-07-26,2026-10-01,laynemess,layne!,17100,2962,28,96,"Patches 

#fyp #fashion #outfitinspo","A fashion creator showcases a Y2K-inspired outfit featuring distressed patch flare jeans on a suburban front porch, utilizing a simple POV rotation format to highlight the clothing.",Patches,Raw UGC,Aesthetic,false,yes,,https://www.tiktok.com/@laynemess/video/7666918555509722382
watches,vintage watches,2026-07-26,2026-10-01,westhartfordwatches,West Hartford Watches,50300,655,17,9,#WatchTok #vintagewatches #rolex #vintage #antique,"A TikTok video by West Hartford Watches uses a popular POV meme format to showcase an obviously counterfeit Rolex quartz watch found at a flea market, entertaining the WatchTok community with horological humor.",POV: your buddy thinks he struck flea market gold but you have to break the news to him.....; ROLEX OYSTER PERPETUAL; QUARTZ; SWISS; JAPAN; MOVT,Raw UGC,Meme,false,yes,,https://www.tiktok.com/@westhartfordwatches/video/7666796014652706078
watches,luxury watches,2026-07-26,2026-10-01,lvnhuyn44,WatchHush,179,4,,,Ultimate Luxury ✨  #LuxuryWatches #WatchCollection #LuxurySeries,"A rapid-fire aesthetic showcase of high-end Rolex watches, produced with pristine macro cinematography and a moody audio hook to captivate luxury watch enthusiasts.",ROLEX OYSTER PERPETUAL DATE SUBMARINER 1000ft = 300m SUPERLATIVE CHRONOMETER OFFICIALLY CERTIFIED SWISS MADE ROLEX OYSTER PERPETUAL GMT-MASTER II SUPERLATIVE CHRONOMETER OFFICIALLY CERTIFIED SWISS MADE ROLEX OYSTER PERPETUAL LAND-DWELLER SUPERLATIVE CHRONOMETER OFFICIALLY CERTIFIED SWISS MADE ROLEX OYSTER PERPETUAL DATEJUST,Polished Creator,Haul,true,yes,,https://www.tiktok.com/@lvnhuyn44/video/7666789494091271454
watches,watches,2026-07-26,2026-10-01,ucdaitukv6,smart factory 1,152200,526,12,151,"2026 Large Screen Smart Watch for Men, Wireless Calling, Step Counter, Music Player, Digital Display, Touchscreen, Gift Idea, Sports Smartwatches","An energetic creator unboxes and reviews a men's smartwatch, highlighting its touchscreen, calling capabilities, and step counter as the ultimate gift.",Smart watch; Shop Now,Polished Creator,Review,true,yes,possible off-topic,https://www.tiktok.com/@ucdaitukv6/video/7666657252958326038
coins,(not in thumbnail),2026-07-25,2026-10-01,pepsiglasses,Pepsi Glasses ❌,404,22,6,1,"Coin roll hunting! Not supposed to be circulating in U.S. quarter rolls!
#CoinFamily 
#CoinFam 
#TreasureHunting 
#CoinRollHunting 
#Coins",,,,,,no,,https://www.tiktok.com/@pepsiglasses/video/7666619150223117599
coins,(not in thumbnail),2026-07-25,2026-10-01,ashlandoregonauctions,ASHLAND OREGON AUCTIONS,49000,426,34,113,"Found the Rarest Bill in 30,000 and It's Worth Big #jackpot #shorts#MONEY #coinrollhunt",,,,,,no,,https://www.tiktok.com/@ashlandoregonauctions/video/7666613090166770975
ducks,yellow rubber duck,2026-07-25,2026-10-01,surprise.party.bo,Plush pop toys,722,22,1,3,"Cute little yellow duck plush keychain, full of energy#plush ornament#Pop Culture Blind Boxes","A polished TikTok product showcase video featuring the unboxing of a Samuel mini animal series blind box plush keychain, highlighting its cute yellow duck design and soft texture for collector audiences.",三小毛 Samuel mini小动物 (San Xiao Mao Samuel Mini Animals); 二代 (Second Generation); 三代 (Third Generation); 迷你小动物 (Mini Little Animals); 小黄鸭 (Little Yellow Duck); Yellow Duck; Lovely; SAMUEL; skullpanda,Polished Creator,Haul,true,yes,,https://www.tiktok.com/@surprise.party.bo/video/7666288413028453650
watches,watch collection,2026-07-25,2026-10-01,dylanhaasegolf,Dylan Haase,265700,18700,410,136,My watch collection a little over a year into collecting (caddie watch collection),"A young creator delivers an authentic, unpretentious breakdown of his five-watch collection accumulated over one year, highlighting affordability, personal milestones, and specific mechanical details of each piece.",My current watch collection (~1 year of collecting); SEIKO CHRONOGRAPH 100M SEC; ORIENT Automatic Water Resistant; SEIKO AUTOMATIC 21 JEWELS; VIE 27; OMEGA AUTOMATIC Seamaster COSMIC; SWISS MADE; Sanhart PREVENTOR AUTOMATIC,Raw UGC,Vlog,false,yes,,https://www.tiktok.com/@dylanhaasegolf/video/7666580814699695390
coins,rare coins,2026-07-25,2026-10-01,maxxtiktokshop,maxwithdeals,235600,5753,99,1185,This is how I collect copper pennies #coinhunting #copperpennies #copper #coins  #rarecoins,"Creator maxwithdeals demonstrates how to sort through bulk penny rolls to separate 95% copper pennies from zinc pennies using date checks and a digital scale, turning $17.52 in face value into $71.25 in copper value.","Face Value: $17.52; Copper Value: $71.25; P.F. STRING & SON, INC. HARRISBURG, PA. 17105; PENNIES; QUICK START GUIDE; UNIVEIGH; Capacity: 200g Graduation: 0.01g; TARE MODE ON OFF; MADE IN CHINA; 1971 DDR; 1972 DDR; 1976 S SILVER DDO; 1990 S DMD; 2005 EXTRA LEAVES; 2021 CROSSING DELAW; DIE CHIP ON NAIL; 2012 WIMANA KILLER RETAINED DIE BREAK",Raw UGC,Tutorial,true,yes,,https://www.tiktok.com/@maxxtiktokshop/video/7666513593931697438
patches,patches,2026-07-25,2026-10-01,amirrahluvsmatcha,Amirrah أميرة,90900,4096,7,74,Obessed with these star patches ⋆✴︎ @#OOTD BEAUTY #starpatches #ootdbeauty #acnepatch #illit,"A beauty creator reviews OOTD BEAUTY Star Spot Patches, demonstrating how their 10 different colors can be matched to daily outfits while providing blemish care with niacinamide and ceramide.",PIMPLE PATCHES; That match the OOTD; STAR SPOT PATCHES; Comes in 10 different colors; Nude beige for subtle look; Neon colors for brighter look; Niacinamide and Ceramide; BLACK AND YELLOW; PERFECT TO ADD A LITTLE FUN TO YOUR LOOK <3,Polished Creator,Review,true,yes,possible off-topic,https://www.tiktok.com/@amirrahluvsmatcha/video/7666510639245905166
coins,rare coins,2026-07-25,2026-10-01,davidcoincollector2,davidcoincollector2,45800,571,111,152,"Rare Switzerland 5 Rappen Coin
#rappen #switzerland #coincollection #fypviral #fypforyourpagetiktok","A short-form video showcasing a Swiss 5 Rappen coin paired with a prominent 41,000 euro valuation overlay, targeting coin collectors on TikTok.","Rare Switzerland + 5 Rappen Coin; 41,000 €",Raw UGC,Collection,false,yes,,https://www.tiktok.com/@davidcoincollector2/video/7666509147529137440
coins,silver coins,2026-07-25,2026-10-01,articleoneco,ArticleOneCo,74000,752,41,101,"TOP 5 SILVER COINS EVERY COLLECTOR SHOULD OWN 🪙

Every collection has a starting point—but these five silver coins have stood the test of time. Whether you’re a beginner or a seasoned collector, they","A polished educational infographic ranking the top five silver coins for collectors, detailing average prices and acquisition difficulty for each piece while driving community engagement through a concluding question.",TOP 5 SILVER COINS; EVERY COLLECTOR SHOULD OWN; 1 AMERICAN SILVER EAGLE; AVERAGE COLLECTOR PRICE: $38-$45; DIFFICULTY: EASY; 2 MORGAN SILVER DOLLAR; AVERAGE COLLECTOR PRICE: $60-$90; DIFFICULTY: EASY; 3 PEACE SILVER DOLLAR; AVERAGE COLLECTOR PRICE: $55-$85; DIFFICULTY: MEDIUM; 4 1946-S ROOSEVELT DIME; AVERAGE COLLECTOR PRICE: $100-$160; DIFFICULTY: HARD; 5 STANDING LIBERTY QUARTER; AVERAGE COLLECTOR PRICE: $75-$125; DIFFICULTY: MEDIUM; * PRICES VARY BASED ON CONDITION AND MARKET TRENDS **,Polished Creator,Tutorial,true,yes,,https://www.tiktok.com/@articleoneco/video/7666454723909799199
coins,coin collecting,2026-07-24,2026-10-01,jacklocker18,Jack Chestnut,32700,263,4,6,"So MUCH CASH had to go to the BANK! ~ Cashing in HUGE coin collection from HOARDER HOUSE!
#storagewars #storagebox #storageunitfinds #storage","Creator Jack Chestnut sorts through a massive collection of coins salvaged from a hoarder house, categorizing pennies, quarters, half-dollars, and dollar coins while bantering with an off-camera partner and counting his total finds.","So MUCH CASH had to go to the BANK! Cashing in HUGE coin collection from HOARDER HOUSE!; BEST IDEA; I DON'T; OH WHY; IT'S MORE; WAY; MONEY; WE'RE GONNA; SEE BASICALLY; WE'LL TAKE; NICKELS AND; DIMES IN; BUT ALL THE; COIN; DOLLAR COINS; IT WON'T; HARD IN THE MEANTIME; THERE MIGHT BE SILVER; PUT IN; THERE COULD; DEFINITELY HALF; LIKE BOOM; JFK'S; THERE'S SUSAN; B ANTHONY'S; WAS THERE MORE CASH; OR THERE; MORE; COINS; WHAT DOESN'T IN THE COMMENTS WHAT YOU; CHACHI WHAT; THINK; DON'T EVEN; WELL IF; YOU GUESSED RIGHT; IT ALL; BUT SINCE; CHACHI GUESSED WRONG; HA HA HA; NOT IN THERE; MAN; OF DOLLAR; DOLLAR COIN; HALF DOLLARS; OTHER HALF; THESE COINS; WILL SELL; OR GIVE THEM AWAY; PEOPLE CALL ME ALL; ALL THESE; GOLD COINS; 86; HALF DOLLAR; THERE'S ALWAYS; FALL THROUGH THE CRACKS; THIS IS; EMPTY; IT JUST; KEEPS GOING; AND GOING; SO I REMEMBER GOING THROUGH TO FIND; FEW SILVER; AND THAT'S NOT EVEN US; A PARLOR COIN; THAT TO; SACAGAWEANA; STICKING; SUSAN B; 1969; SILVER COIN; 12, 13; LET'S GO BACK ON THAT SIDE JACK; OK WE'RE GONNA; DEFINITELY HAVE $100; DOLLARS AND; DOLLAR COINS; LET'S KEEP ON FINDING THEM; WOW; IT'S A GUARDIAN ANGEL; GOT MY GUARDIAN ANGEL; LOOKING OUT OF ME; SIDES MAN; THERE'S FOUR SUSAN B ANTHONY'S; 1974; THIS IS A; WHOLE JOB; YOU KNOW WHAT I'M SAYING; ANOTHER BIG ONE; $1, $2, $3, $4, $5; IT'S GOT THE; BACK THERE; JFK HALF; THESE ARE SILVER; OUR EISENHOWER; THESE ARE SOME QUARTERS AND THINGS I LIKE IN THE; SMILEY FACE THING AND A; PARLOR COIN; PRESIDENTIAL; SACKS YOU; ",Raw UGC,Vlog,false,yes,,https://www.tiktok.com/@jacklocker18/video/7666125253097098509
patches,embroidered patches,2026-07-24,2026-10-01,acr.accessories.2,Sherwood patches,8597,764,20,45,Betty Boop embroidered patch#patch #bettyboop #diy #perfect,"A short, aesthetic TikTok video by Sherwood patches showcasing a variety of large, detailed Betty Boop and pop culture embroidered patches on retail shelves, accompanied by upbeat background music.",Dr Pepper logo on soda bottle patch; NICEL text on star patch,Raw UGC,Haul,true,yes,,https://www.tiktok.com/@acr.accessories.2/video/7665886381218024734
patches,embroidered patches,2026-07-23,2026-10-01,alejandramezadiy,Alejandra Meza,3430,85,3,4,"✨ Turning my designs into professional embroidered patches has never been easier! The link to Ninja Transfers is in my bio if you want to make your own. 

I simply uploaded my design, picked the shape","An indie creator demonstrates how she easily orders custom embroidered patches of her artwork from Ninja Patches, highlighting the high embroidery detail, fast shipping, and simple online design interface.",Order #4080390356; NINJA TRANSFERS; NINJA BLANKS; NINJA PATCHES; Simply apply with a Heatpress; Embroidered; Full Color; POWERED BY AI; Remove Background; Crop; Edit with AI; Add a note for our designers; Select Your Patch Size; Width (inches); Height (inches); Price; Qty; 10-24 pcs; PATCH 25 PCS,Polished Creator,Tutorial,true,yes,,https://www.tiktok.com/@alejandramezadiy/video/7665761919252352269
coins,(not in thumbnail),2026-07-23,2026-10-01,bigwillewill,BigWilleWill,58400,935,14,20,Ridiculously rare find inside of this coin roll! Found while hunting for rare Australian coins! #rarecoins #coinhunt #unboxing #noodling #fyp,,,,,,no,,https://www.tiktok.com/@bigwillewill/video/7665734445969804565
watches,luxury watches,2026-07-23,2026-10-01,preowned_schaapcitroen,Schaap en Citroen Pre-Owned,193300,23100,107,1949,"WIMBLEDON 🎾 

Rolex Datejust 41 reference 126331 in steel and rose gold, featuring the legendary Wimbledon dial 👏

One of the most recognizable Rolex configurations ever made 💚 

#rolex #rolexdatej","A short-form luxury watch showcase featuring a Rolex Datejust 41 Wimbledon dial, presented by pre-owned watch dealer Schaap en Citroen to appeal to collectors and enthusiasts.","WIMBLEDON 🎾 

Rolex Datejust 41 reference 126331 in steel and rose gold, featuring the legendary Wimbledon dial 👏

One of the most recognizable Rolex configurations ever made 💚 

#rolex #rolexdatejust #goldwatch #menswatch #luxurywatch",Polished Creator,Review,true,yes,,https://www.tiktok.com/@preowned_schaapcitroen/video/7665657938840735008
patches,(not in thumbnail),2026-07-22,2026-10-01,heytheredeleiraaa,heytheredeleiraaa,4139,4,,,#Patches #Bear #Fashion #ClothingPatch #fyp,,,,,,no,,https://www.tiktok.com/@heytheredeleiraaa/video/7665479257316936980
patches,patch collection,2026-07-22,2026-10-01,patch_collection,Patch Collection,146,3,,,"The perfect embroidered patches to customize jackets, hats, backpacks, bags, and accessories. Add a unique finishing touch to any outfit with high-quality iron-on patches.

#irononpatches #Personalize","A fast-paced, visually satisfying product showcase by Patch Collection demonstrating how various embroidered patches can be used to customize a checkered cosmetic bag, driving traffic to their TikTok shop.",iron-on; chenille; sublimation; satin; puff; visit our tiktok shop,Polished Creator,Tutorial,true,yes,,https://www.tiktok.com/@patch_collection/video/7665383437959826701
coins,rare coins,2026-07-22,2026-10-01,rarecoins72,RARE COINS,44700,593,300,322,"Creator THESE 1/2 c 1c 2 c 5 c 10 c 20c 50c AND THE SILVER R1 COIN SETS WERE STRUCK AS PART OF THE SECOND DECIMAL ISSUE 1965-1990. IN 1962 IT WAS ANNOUNCED THAT A CHANGE IN SIZE, DESIGN AND METAL CONT","An informational slideshow detailing the history and estimated 2026 market values of rare South African decimal and pre-decimal coins, prompting viewers to check their homes and contact the creator via WhatsApp.","MESSAGE ME NOW ON WHATSAPP +27 74 429 8458 SOUTH AFRICA COIN VALUE ESTIMATED 2026 VALUES Do You Have Any Of These Coin At Home? 1965 - 1989 - 5 Cent Sells for 4,850 Rands Depending on Condition 1961 DO NOT CLEAN YOUR COINS CLEANING THEM CAN REDUCE THEIR VALUE! 2018 - 5 RAND (Mandela 1918) Sold for 6,750 Rands 1975 - 50 Cent Sells for [Updated Value] Rands 1898 - Single 9 Pond Sells for 18,750 Rands 1965 - 1 Rand (Afrikaans) Sells for 6,950 Rands 1967 - Krugerrand (first year) Sells for 4,850 Rands 1965 - 50 Cent (English) Sells for 5,350 Rands 2008 - 5 Rand (Mandela) Sells for 6,750 Rands 1C - ONE CENT (19,05mm / 3gr) 1965 Afrikaans R 500 - R 5,000 50c - FIFTY CENTS (27,85mm / 9,5gr) 1965 English R 12,500 - R 40,000 R1 - ONE RAND (32,7mm / 15gr) 1965 Afrikaans 1966 to 1976 R 3,000 - R 8,000 R 50 SUID-AFRIKAANSE RESERWEBANK EEN RAND ONE RAND Old 1 Rand Banknote Sells for 3,560 Rands 1965 - 20 Cent Sells for 5,750 Rands 2002 to 2012 - 10 CENT Sells for 2,550 Rands 1965 to 1969 - 10 CENT Sells for 4,750 Rands 20 Cent - 1965 R5,500 R1 - 1966 (Afrikaans) R9,200 10 Cent - 1985 R6,200 2 Cent - 1971 R7,800 1/2 Cent - 1963 R7,800",Polished Creator,Tutorial,true,yes,,https://www.tiktok.com/@rarecoins72/video/7665239456110120212
watches,vintage watches,2026-07-22,2026-10-01,notjvlianna,Julie’s Evil Twin ⏰,270800,15900,349,225,Replying to @b ♡ excuse the rambling and I might be slightly off on some mechanical details but I’ve been frying my brain at work all day. Also there are TONS of affordable brands these are just 2-3 I,"A WatchTok creator gives structured, beginner-friendly advice on affordable, credible watch brands like Seiko and Tissot, shopping platforms like eBay and Jomashop, and movement types.",Replying to b's comment: what are some relatively affordable watches women can wear (maybe even vintage / used) that would lend some kind of credibility? love your video 🥰,Raw UGC,Response,false,yes,,https://www.tiktok.com/@notjvlianna/video/7665170580366216479
watches,luxury watches,2026-07-21,2026-10-01,dripnation.1,dripnation.1,57300,1862,44,160,datejust is the cleanest watch #dripnation #rolexdatejust #luxurywatch #menstyle #rolex,"A short, aesthetic-driven POV video showcasing a Rolex Datejust watch on wrist, accompanied by a hip-hop beat and targeted hashtags celebrating luxury men's style.","Rolex Oyster Perpetual Datejust, Superlative Chronometer Officially Certified, Swiss Made",Raw UGC,Aesthetic,false,yes,,https://www.tiktok.com/@dripnation.1/video/7665116412133838102
patches,patch collection,2026-07-21,2026-10-01,patch_collection,Patch Collection,115,4,,,"A little patch details makes a big statement ✨🔥

Add yours to hats, jackets, bags and more to make every piece uniquely yours. 

#footballtiktok #irononpatches #houston","A slick, fast-paced product showcase emphasizing the premium embroidery and craftsmanship of a custom city patch on a trucker hat, targeted at streetwear and custom fashion enthusiasts.",,High-Production,Aesthetic,true,yes,,https://www.tiktok.com/@patch_collection/video/7665083201022479630
ducks,rubber duck,2026-07-21,2026-10-01,jennapryhurt,Jenna Pry-Hurt,837700,115900,142,565,Seth is going to be finding mini rubber ducks for a while 😅🐥 #jennaandseth #siblings #prank,"A female creator executes a harmless prank on her sleeping brother by secretly hiding hundreds of mini yellow rubber ducks all over his bedroom and personal belongings, building on a previous year's Lego figurine prank.",Text overlay in caption: Seth is going to be finding mini rubber ducks for a while 😅🐥 #jennaandseth #siblings #prank,Raw UGC,Prank,false,yes,,https://www.tiktok.com/@jennapryhurt/video/7665023431007554829
coins,rare coins,2026-07-21,2026-10-01,thelastpenny,The Last Penny,145600,6181,79,3038,10 Rare & Valuable Coins are Look For! #thelastpenny #coincollector #rarecoins #valueforyourmoney #Coins,A coin collecting creator demonstrates how to identify rare 2019 and 2020 West Point mint quarters in everyday pocket change and shows verified eBay sold prices ranging from twenty to hundreds of dollars.,"10 RARE QUARTERS; SAN ANTONIO MISSIONS; SALT RIVER BAY; LOWELL; AMERICAN MEMORIAL PARK; WEIR FARM; WAR IN THE PACIFIC; AMERICAN SAMOA; TALLGRASS PRAIRIE; IN GOD WE TRUST; QUARTER DOLLAR; V75; PCGS MS66; Sold Sep 9, 202; Buy It Now; How Many Have You Found?",Raw UGC,Tutorial,false,yes,,https://www.tiktok.com/@thelastpenny/video/7664972812326571277
ducks,rubber duck,2026-07-21,2026-10-01,rubberduck_radar,Seena 🌻,60800,2480,18,1278,Tag someone you need to go to @Five Below with for the new Disney Duckalooz Rubber Ducks! #rubberducks #duckalooz #rubberducky #ducks #disney,"A short-form retail haul video showcasing new Disney Duckalooz rubber ducks at Five Below, designed to drive peer tagging and store visits.","New Disney Rubber Ducks Ducks AT FIVE BELOW; DISNEY (various character names on tags including NEMO, HEI HEI, TRAMP, LADY, STITCH, DORY, EEYORE)",Raw UGC,Haul,true,yes,,https://www.tiktok.com/@rubberduck_radar/video/7664948486852431118
coins,(not in thumbnail),2026-07-21,2026-10-01,digger_max_,Digger_Max,16200,200,22,,"🪙 Roll Hunt Time!
Opening coin rolls and searching for rare varieties, mint errors, and valuable coins! 👀 Will we find a hidden treasure today? Stay until the end to see what turns up!

💬 Which coi",,,,,,no,,https://www.tiktok.com/@digger_max_/video/7664837162914893077
watches,watches,2026-07-20,2026-10-01,xander.beseiso,The Jacked Horologist 💪🏼⌚️,3600000,174300,1657,4339,"Save this before you buy your first watch 
#watches #watchtok #watchcollector #luxurywatch #rolex","A watch content creator delivers a rapid-fire list of the top five starter watches inside a car, combining spoken audio, hand gestures, and sequential text overlays to provide high-retention educational value for watch collectors.","Top 5 starter watches
1. Seiko 5
2. Tissot PRX
3. Tudor Black Bay
4. Omega Seamaster
5. Rolex Oyster Perpetual",Raw UGC,Tutorial,false,yes,,https://www.tiktok.com/@xander.beseiso/video/7664763570697014559
patches,embroidered patches,2026-07-20,2026-10-01,sydneeyyboydd,Sydney Boyd,4494,210,11,21,Patches on hats for a company🤠🤩 #fyp #foryoupage #patches #hats #embroidery,A short-form behind-the-scenes video by Sydney Boyd showcasing the process of embroidering custom branded patches for 'Four Corners Cabinetry' on a commercial machine and applying them to snapback hats.,"Four Corners Cabinetry, Smartstitch Amazing Stitch, Warning Keep Away from Electronic Devices, and Credit Cards, Pinch Hoop, 8.5 Mighty Hoop, Made in USA",Raw UGC,Behind-the-scenes,true,yes,,https://www.tiktok.com/@sydneeyyboydd/video/7664744488434224397
patches,iron on patches,2026-07-20,2026-10-01,alexakat1,Alexakat,173100,6646,41,2445,Tried the mock neck trend with my mom! It has been a crafty summer over here 🩷🧵☀️ #hobbylobby #mockneck #ironon #summercraft #hobbylobbycraft,"A creator documents a mother-daughter craft day making trendy customized mock neck sweatshirts with iron-on patches purchased from Hobby Lobby, presented as a cozy, aesthetic DIY tutorial.","On our way to the viral mock neck sweatshirt patch trend; Looking for the mock necks; Found them! Cream or black color options; So many patches to choose from; Patches & pouches; visit hobbylobby.com; HOBBY LOBBY Super Savings, Super Selection!; 3800 SUITE A; FRAMING CRAFTS; DO NOT REMOVE FROM HOBBY LOBBY PROPERTY; DESIGN IMPORTS IRON-ON & STICKER; Be Kind; Lining them up; Had to try them on and adjust placement; Began gluing using fabric glue; Time to dry! Ironing them on tomorrow!; Finished product!",Raw UGC,Tutorial,false,yes,,https://www.tiktok.com/@alexakat1/video/7664705087004019998
coins,silver coins,2026-07-20,2026-10-01,treasurenick,Treasure Nick,278500,19900,336,543,"These are not just coins... they're surviving examples from the golden age of piracy! Each one is Unique and tells its own story.

If you are interested in purchasing one of these pieces of history, s","Creator Treasure Nick presents authentic 300-year-old silver cob coins from the golden age of piracy, explaining their origins, irregular minting, and coin-clipping history before inviting interested buyers to send a direct message.","'Cabo de Barra', '1679', '1670'",Polished Creator,Tutorial,true,yes,,https://www.tiktok.com/@treasurenick/video/7664700387605089549
watches,vintage watches,2026-07-20,2026-10-01,dearrosier,Dear.Rosier,1155,69,2,2,If these vintage watches are your vibe… you’ve come to the right place! #vintage #watches #vintagestyle #womenswatch #watch,"A short, aesthetically polished showcase of vintage women's watches presented by curator Dear.Rosier, using a repeating framed display and satisfying jump cuts to appeal to vintage fashion and watch communities on TikTok.",If this is your vibe... (0:00-0:02); Or this... (0:03-0:04); Or this... (0:05-0:06); Then you're in the right place (0:07-0:09).,Curated Aesthetic,Haul,true,yes,,https://www.tiktok.com/@dearrosier/video/7664699945835924749
watches,watches,2026-07-20,2026-10-01,wrist_elagace,Modern Watch Wholesaler,556300,9146,218,1101,"#creatorsearchinsights 
Looking for a premium look without the premium price tag? We got you! 🔥✨
Check out this absolute stunner—a sleek men’s watch featuring a bold magenta strap that completely red","A watch wholesaler in Pakistan pitches an affordable men's wristwatch line priced at a flat Rs. 500, demonstrating various silicone strap colors and magnetic clasps while directing viewers to order via WhatsApp or visit Modernwatch.fun.",Modernwatch.fun; Urdu automated captions across lower third and center frame,Raw UGC,Tutorial,true,yes,,https://www.tiktok.com/@wrist_elagace/video/7664652790660156694
patches,embroidered patches,2026-07-20,2026-10-01,patchstyle,✨patch up style🧢,1053,15,5,1,"Boss said I gotta finish 500 of these today... my eyes are cross-eyed already 😵🐅
But NGL, this sparkly tiger patch turned out so pretty! ✨
Anyone else obsessed with patches like this?#custompatches ","A small business creator shares a behind-the-scenes look at producing 500 sequined tiger patches, highlighting the detailed craftsmanship against an industrial workshop background.",POV: My boss told me to make 500 of these today.,Raw UGC,Behind-the-scenes,true,yes,,https://www.tiktok.com/@patchstyle/video/7664524516797844767
patches,patch collection,2026-07-20,2026-10-01,_ratangel,RatAngel,9969,1764,35,25,NOT DONE YET LMAO not all patches on yet so not all bands on lol chill guys #patchhoodie #alt #crusthoodie #patches #crustpunk,"A creator showcases the work-in-progress customisation of a punk crust hoodie featuring political slogans and band patches, using a casual caption to fend off impatient commenters.",,Raw UGC,Tutorial,false,yes,,https://www.tiktok.com/@_ratangel/video/7664459934175726879
watches,luxury watches,2026-07-19,2026-10-01,lvnhuyn44,WatchHush,286,6,,,Ultimate Luxury ✨  #LuxuryWatches #WatchCollection #LuxurySeries,"A fast-paced, highly polished aesthetic showcase of various Rolex luxury watches set to dramatic music, targeting watch enthusiasts and luxury consumers.","ROLEX OYSTER PERPETUAL, DATEJUST, SUBMARINER, SUPERLATIVE CHRONOMETER OFFICIALLY CERTIFIED, SWISS MADE",High-Production,Aesthetic,true,yes,,https://www.tiktok.com/@lvnhuyn44/video/7664228151463054623
watches,luxury watches,2026-07-19,2026-10-01,vnhthyvn541,WatchLull,48,0,,,Ultimate Luxury ✨  #LuxuryWatches #WatchCollection #LuxurySeries,"A fast-paced, highly aesthetic showcase of luxury Omega watches targeted at horology enthusiasts, utilizing ASMR-style visual handling and rhythmic editing to drive engagement.","OMEGA, SPEEDMASTER, Professional, Tachymetre",Polished Creator,Haul,true,yes,,https://www.tiktok.com/@vnhthyvn541/video/7664210023039372574
watches,luxury watches,2026-07-19,2026-10-01,tfeftvkoi.yiijhgr,Watchinnshow,33800,633,42,61,Effortlessly elevated.#watches #luxury #luxurywatches #watchesformen #watchtok,"A silent, high-aesthetic showcase of an IWC luxury chronograph watch, emphasizing mechanical movement, precision finishing, and wrist presence for watch enthusiasts.","Engraved text on watch caseback including 'IWC SCHAFFHAUSEN', '7030588', '10 BAR', 'INTERNATIONAL WATCH CO.', 'PILOT'S WATCH CHRONOGRAPH EDITION AMG PETRONAS FORMULA ONE TEAM', and 'SWISS MADE' on the strap.",Polished Creator,Review,true,yes,,https://www.tiktok.com/@tfeftvkoi.yiijhgr/video/7664146696070319363
watches,watches,2026-07-18,2026-10-01,swisswatchsexpo,swisswatchsexpo,117,1,,,#creatorsearchinsights #elegantstyle #luxurywatches #watchenthusiast #watchcollection,"A fast-paced luxury watch showcase featuring multiple Rolex models, designed to capture the attention of collectors and drive shopping intent.","Looking for a quality wristwatch? We've got stylish designs, reliable performance, and unbeatable value. Shop now!",Polished Creator,Showcase,true,yes,,https://www.tiktok.com/@swisswatchsexpo/video/7663987283674025247
coins,rare coins,2026-07-18,2026-10-01,the.coin.aura,The Coin Aura,57100,1490,191,301,"2000 Sacagawea Dollar No Mint Mark Value | Rare $1 Coin Worth Thousands?
#2000DSacagaweaDollar #SacagaweaDollar #DollarCoin #RareCoins #CoinValue","A numismatic educational short on TikTok by The Coin Aura explaining the history, specifications, and potential high value of rare 2000-D Sacagawea dollar mint errors, designed to drive subscriber engagement and coin-checking behavior.",2000 ONE DOLLAR 2000-D COIN IS THAN DOLLAR? BEFORE SPEND IT A CLOSER LOOK BECAUSE SOME 2000-D SACAGAWEA GOLDEN DOLLAR COINS WITH RARE MINT ERRORS HAVE SOLD FOR HUNDREDS OR THOUSANDS DOLLARS THIS IN YEAR NEW FEATURES CARRYING HER INFANT SON JEAN BAPTISTE NATIVE AMERICAN WOMAN WHO PLAYED VITAL ROLE GUIDING FAMOUS LEWIS CLARK EXPEDITION ACROSS WESTERN STATES MAKING BOTH HISTORICALLY IMPORTANT HIGHLY COLLECTIBLE D MARK MEANS STRUCK AT DENVER IN COLORADO PRODUCED MILLIONS THESE FOR CIRCULATION WEIGHS 8.1 GRAMS MEASURES 26.5 MILLIMETERS DIAMETER MADE MANGANESE BRASS CLAD COMPOSITION OVER PURE COPPER CORE GIVING ITS DISTINCTIVE APPEARANCE OBVERSE DESIGNED BY GLENNA GOODACRE WHILE REVERSE FEATURING SOARING EAGLE SURROUNDED BY 17 STARS CREATED THOMAS D ROGERS SENIOR MOST CIRCULATED ARE WORTH ABOUT 1 5 BRIGHT UNCIRCULATED EXAMPLES TYPICALLY SELL 10 50 HIGH GRADE CERTIFIED SUCH AS MS68 SEVERAL HUNDRED EVEN REAL VALUE COMES FROM COLLECTORS ACTIVELY SEARCH OFF CENTER STRIKES BROADSTRIKES DOUBLE DIE CRACKS CLIPPED PLANCHETS OTHER UNUSUAL MINTING MISTAKES DEPENDING RARITY CONDITION CAN MAJOR AUCTIONS EXAMINE CAREFULLY UNDER GOOD LIGHTING MAGNIFYING GLASS TINY COULD TURN ORDINARY LOOKING VALUABLE ITEM ENJOY DISCOVERING DON'T FORGET SUBSCRIBE MORE HUNTING VIDEOS LIKE COMMENT BELOW SHARE YOUR FRIENDS NEXT HIDDEN TREASURE ALREADY COLLECTION THE COIN AURA RARE ERROR VALUE COLLECT & SELL THANKS FOR WATCHING,Polished Creator,Tutorial,false,yes,,https://www.tiktok.com/@the.coin.aura/video/7663909706435661063
coins,coin collecting,2026-07-18,2026-10-01,unclebrian_wilson52,unclebrian_wilson52,502,23,1,5,#coinhunt #coincollector #coincollecting #coins @AA71NDY @UkCoinHunt @porters_coins @dB coins uk @coin collector @balltoucher29 @Coin World UK,"A TikTok video showcasing a collection of specialty commemorative coins, including Beatrix Potter, Disney, and historical themes, filmed in close-up over a dark desk mat with a blues song playing throughout.",Few kion club token,Raw UGC,Vlog,false,yes,,https://www.tiktok.com/@unclebrian_wilson52/video/7663762898765860118
watches,watch collection,2026-07-18,2026-10-01,daozalt,daoz,30500,532,13,31,"Upgrading my Chinese watch collection with Taobao Part 1! 
#watches #taobao #daoz #hipobuy #finds","A fashion creator showcases the latest addition to his budget watch collection from Taobao, unboxing a Cartier skeleton watch, swapping it into his rotation box, and directing viewers to his updated spreadsheet.",Upgrading my Chinese watch collection part one; LIKE THE VID; Cortiez; https://www.zpl.ae; various spreadsheet pricing and link rows,Polished Creator,Vlog,true,yes,,https://www.tiktok.com/@daozalt/video/7663690234625903892
coins,silver coins,2026-07-17,2026-10-01,coins_and_currency,Coins_and_currency,42700,461,16,18,#silver #silvereagles #coin #investing #puresilver,"A coin stacker showcases three different rolls of silver American eagles from 2011, 1987, and 2024 on TikTok, listing the price at $1000 each.",Rolls of silver eagles on deck $1000 each; Coins_and_currency; Struck at West Point Mint 2011 (W) EAGLE S$1 ROLL (20) GEM UNCIRCULATED 3554813-(361-380) NGC; 1987; APMEX MintDirect PREMIER (20) 2024 1 oz SILVER AMERICAN EAGLE ID#: 284445 FIRSTSTRIKE. PCGS FirstStrike Eligible; 55734; GELHARD,Raw UGC,Review,true,yes,,https://www.tiktok.com/@coins_and_currency/video/7663647689971649800
patches,embroidered patches,2026-07-17,2026-10-01,ali_jades_and_ada_linns,Ali Jades & Ada Linns,3710,129,17,8,Patches all day everyday 🤣😍#embroidery #yeticamino #patches #velcropatches #yeti,"A short crafting showcase by small business creators Ali Jades and Ada Linns, displaying an array of custom embroidered velcro patches with monograms and decorative patterns set to uplifting music.","Monograms visible on patches: KML, EBG, JPW, HGB, AOC, and phrase 'Jesus Saves' on one patch",Raw UGC,Behind-the-scenes,true,yes,,https://www.tiktok.com/@ali_jades_and_ada_linns/video/7663627376701525279
watches,vintage watches,2026-07-17,2026-10-01,frahman524,Farhana Rahman,16600,679,30,59,The most insane Piaget stone dial collection I’ve seen in one sitting!! Shopping vlogggg. #vintagewatch  #watchtok #spendthedaywithme #luxurywatches #browngirl,"Farhana Rahman takes viewers on a luxury shopping vlog in London, highlighting rare vintage Piaget, Rolex, and Patek Philippe watches, dining at Dishoom, visiting a perfumery, and ending the day relaxing.",,Raw UGC,Vlog,false,yes,,https://www.tiktok.com/@frahman524/video/7663579526588419342
coins,coin collecting,2026-07-17,2026-10-01,thecoinchannel,Eric Miller,44400,2361,177,258,"Extremely mirrored Penny found!!! #coinlist #coin #coins #collecting 

Found by @Aaaaahhh😳","Creator Eric Miller explains why certain coins look exceptionally mirrored and shiny, identifying them as proof coins, and lists specific years and missing mint mark errors that command massive sums at auction, such as a 1975 'No S' dime selling for $456,000.","Extremely mirrored Penny found!!! #coinlist #coin #coins #collecting; Can someone please tell me why this penny is so shiny; WHAT YOU JUST FOUND; PROOF COIN; THAT'S WHY IT LOOKS SO CRAZY; IN GOD WE TRUST; LIBERTY; 1989 S; UNITED STATES OF AMERICA; E PLURIBUS UNUM; ONE CENT; 1990; 1983; 1975; PCGS PR68 No S; SOLD US $1,813.00; US $615.00; US $456,000; US $769.95; $45,600.00; US $3,120.00",Polished Creator,Tutorial,false,yes,,https://www.tiktok.com/@thecoinchannel/video/7663503824123907359
patches,iron on patches,2026-07-17,2026-10-01,imjust_jd,imjust_jd,3805,67,,25,"Took a pair of my old @BIRKENSTOCK USA and went a little crazy with some iron on patches. 

What do you guys think? New trend or 🗑️🚮?

I love em and might need to grab a few new pairs to go crazy on","A creator showcases their custom-patched Birkenstock clogs from a first-person POV, framing the craft process as a therapeutic creative outlet and asking followers for their verdict.",POV: my kind of therapy,Raw UGC,Tutorial,false,yes,,https://www.tiktok.com/@imjust_jd/video/7663371580793310494
watches,vintage watches,2026-07-16,2026-10-01,dearrosier,Dear.Rosier,1205,64,,3,I just found the largest collection of vintage watches in all of Houston.. and it will be back this Saturday! @resilientflea #fleamarket #vintage #watches #vintagestyle #womenswatch,"A creator shares a breathtaking visual showcase of a massive vintage watch collection found at a Houston flea market, utilizing top-down POV videography and bold text to generate hype for the upcoming Saturday market event.",I THINK I FOUND VINTAGE WATCH HEAVEN..,Raw UGC,Haul,true,yes,,https://www.tiktok.com/@dearrosier/video/7663161134635158798
watches,luxury watches,2026-07-16,2026-10-01,okkwatches10,OKK WATCHES,1600000,28100,939,2030,#watch #watchformen #luxury #fyp #watches,"A silent, high-aesthetic showcase of an Omega Seamaster watch on an orange strap, targeting watch enthusiasts with satisfying tactile close-ups and vibrant luxury branding.",OMEGA / SEAMASTER / PROFESSIONAL / CO-AXIAL / MASTER CHRONOMETER / 600m / 2000ft / 12 / 9 / 6 / SWISS MADE,Polished Creator,Review,true,yes,,https://www.tiktok.com/@okkwatches10/video/7663093566662544662
patches,patch collection,2026-07-16,2026-10-01,halalpozole,halalpozole,6441,685,24,41,"These aren’t all my patches, just a few I wanted to share. After 10 years I am now rearranging my vest this is one of my personal interests. Saying goodbye to the slayer patch & now adding a morbid an","A Muslim creator showcases her 10-year collection of heavy metal battle vest patches, highlighting bands like Slayer, Sepultura, and Death while engaging the metalhead and Muslim creator communities.","Showing my collection of patches
From my 10 year old battle vest
(Early 5th grade - present); Angel witch back patch; Sepultura back patch; House of 1000 corpses patch; Kreator border patch; My first back patch
I got this in early 5th grade
This was the first patch on
My now 10 year old battle vest; Venom + cannibal corpse
Old patches; Carcass & morbid saint; Death & deicide; Judas Priest & life lover; Obituary + testament; Midnight + possessed; Napalm death; Sadistic intent +
blasphemy; At the gates + mercyful fate; Accept +
Hell hammer; Pentagram + Sodom; Classic, Black Sabbath; Anthrax
Suffocation
Mortician
Sarcófago
Trans metal
Sabbath
Municipal waste
Death; Death
Obituary
Brujería
Sepultura; Suffocation +
Brujería; AC/DC; That's all for today,
Thank you for watching",Raw UGC,Vlog,false,yes,,https://www.tiktok.com/@halalpozole/video/7663047720810089742
ducks,yellow rubber duck,2026-07-16,2026-10-01,sr.in.sync,SR In Sync❤️,7699,352,40,54,"Who else has seen the giant yellow duck 🐤?
#rubberduck #riverside #windsor #jeep #detroit","A brief, unedited TikTok video capturing a massive inflatable rubber duck sitting along a hazy riverfront park, accompanied by an on-screen question inviting viewers to share if they have spotted it too.",Who else has seen the giant yellow duck 🐤?,Raw UGC,Vlog,false,yes,,https://www.tiktok.com/@sr.in.sync/video/7662964146379607317
ducks,yellow rubber duck,2026-07-15,2026-10-01,kiddokingdom,Kiddo Kingdom,26300,249,13,16,"A cute cartoon baby jumps onto a giant yellow rubber duck floating on a lake. The duck suddenly starts moving like a speedboat, splashing water everywhere. The baby laughs loudly, raises both hands, a","A high-quality 3D animated short featuring a baby taking an exhilarating ride on a motorized rubber duck across a scenic lake, designed to deliver pure wholesome entertainment.",,High-Production,Meme,false,yes,,https://www.tiktok.com/@kiddokingdom/video/7662818215210405142
coins,silver coins,2026-07-15,2026-10-01,coin.buyerlimited,coin buyer#limited,38800,470,84,137,"THESE ½c 2c 5c 10c 20c 50c AND THE SILVER R1 COIN SET WERE STRUCK AS PART OF THE SECOND DECIMAL ISSUE 1965 - 1990. IN 1962 IT WAS ANNOUNCED THAT A CHANGE IN SIZE, DESIGN AND METAL CONTACT OF COINS WAS","A coin expert showcases the 2021 South African 5 Rand commemorative coin, detailing its design and historical significance while using prominent value claims to capture viewer attention.",THE VALUE OF THE 2021/2022 R5; EACH WORTH R1.5 MILLION; SOUTH AFRICAN RESERVE BANK - 100 YEARS; 5 RAND; 2021; SARB; UMSANTSI AFRIKA; SUID-AFRIKA,Polished Creator,Review,false,yes,,https://www.tiktok.com/@coin.buyerlimited/video/7662829932468309268
watches,vintage watches,2026-07-14,2026-10-01,ryngrg88,Ryan George,402800,7118,230,672,"thrift find of the century 😳

#thrifting #thriftfinds #rolex #vintagewatch #fypシ","A creator shares a viral-style thrift store success story of purchasing a 1969 Rolex Oyster Perpetual Date for $250 at Value Village, servicing the authentic movement, and wearing the verified vintage timepiece.",I bought a ROLEX from Value Village; gambled on $250; and hit the jackpot!; was running but had never been serviced; got it serviced + authenticated; 1969 Rolex Oyster Perpetual Date Ref. 1500; $249.99; No Exchange Jewelry; Montres Rolex S.A. Geneva Switzerland; Stainless Steel; 1500; IV69; 557; 26 Jewels; Swiss,Raw UGC,Vlog,false,yes,,https://www.tiktok.com/@ryngrg88/video/7662503620037938439
coins,silver coins,2026-07-14,2026-10-01,coins.buyers9,MR. JACOB ✪,478100,20500,4252,4175,"THESE 1/2 c 102 c 5c10 c 20c 50c AND
THE SILVER R1 COIN SETS WERE STRUCK AS
PART OF THE SECOND DECIMAL ISSUE 1965 -
1990. IN 1962 IT WAS ANNOUNCED THAT A
CHANGE IN SIZE, DESIGN AND METAL
CONTENT OF CO",A coin buyer in South Africa uses a direct-to-camera pitch to encourage viewers to sell their old household coins for cash by messaging him on WhatsApp.,"THESE 1/2 c 102 c 5c10 c 20c 50c AND THE SILVER R1 COIN SETS WERE STRUCK AS PART OF THE SECOND DECIMAL ISSUE 1965 - 1990. IN 1962 IT WAS ANNOUNCED THAT A CHANGE IN SIZE, DESIGN AND METAL CONTENT OF COINS WAS BEINGK CONSIDERED. THIS WAS PRIMARILY DUE TO THE INCREASE IN THE PRICE OF SILVER. VARIOUS PATTERNS WERE STRUCK FOR CONSIDERATION BY THE PARLIMENTARY COMMITTEE INVESTIGATING THIS AS THE INCREASED USE OF COIN AUTOMATION MACHINES REQUIRED LONG TERM USE OF THE COIN TYPES CHOSEN; COINS BUYER SOUTH AFRICA; OUR MISSION To be the most trusted Coins Buyer in South Africa. Honesty, Integrity, Trust.; COINS BUYER; MANDELA PACK; LYONDELA",Polished Creator,Tutorial,true,yes,,https://www.tiktok.com/@coins.buyers9/video/7662377742545046791
coins,coin collecting,2026-07-14,2026-10-01,.gloomyguineveree,🍂⊹˙∘: 𝄞ᥙіᥒᥱ᥎ᥱrᥱ┄𝟏.𝟒𝒌「s⍴2」,4301,59,14,,"BYEEE I LIKE COLLEFTINGNCOIND
#fyp #viral #piso #coincollector #collector","A short TikTok video capturing a creator excitedly showing off a commemorative 5-peso coin they found, utilizing upbeat background music and a rapid close-up visual reveal.",BYE WHAT DID I JST FOUND; 2018; 5 PISO; BAGONG BAYANI; REPUBLIKA NG PILIPINAS,Raw UGC,Vlog,false,yes,,https://www.tiktok.com/@.gloomyguineveree/video/7662349470616522002
ducks,yellow rubber duck,2026-07-14,2026-10-01,q1z76v5yb,Ling,4377,44,1,2,"Press-type yellow duck pullback car
#Rubber duck toy#Children's Toys#Internet-famous toys#Toy sharing","A fast-paced visual demonstration of press-action pullback toys shaped like cartoon animals, highlighting their vibrant colors, variety, and synchronized movement across different outdoor settings.",Press-type return force car,Raw UGC,Tutorial,true,yes,,https://www.tiktok.com/@q1z76v5yb/video/7662302005603437845
patches,patch collection,2026-07-13,2026-10-01,tiffanyinitaly,Tiffany:Teaching in Italy🇮🇹,631,26,6,8,Here's your sign to start collecting patches as souvenirs instead of keychains. Future you will thank you when your denim jacket tells your whole travel story. #traveltiktok #souvenirs #patches #denim,"A travel creator shares a creative souvenir idea by showcasing her denim jacket covered in embroidered patches from various international destinations, inspiring viewers to swap traditional keychains for wearable travel storytelling.","Here's your sign to start collecting patches to document your travels; LISBOA; VENEZIA; PARIS; CROATIA HRVATSKA; CELTIC NATION IRELAND; MADRID; BARCELONA; WORLD WAR II THE NATIONAL WWII MUSEUM; COPENHAGEN; MOROCCO; LAMBERT'S CAFE SIKESTON, MO OZARK, MO; MORGAN WALLEN'S THIS BAR NASHVILLE TENNESSEE; FLORA-B",Raw UGC,Travel,false,yes,,https://www.tiktok.com/@tiffanyinitaly/video/7662153510707793183
patches,patches,2026-07-13,2026-10-01,dr.skinkaren,dr.skinkaren,1700000,4533,42,390,"Pimple patches aren’t just satisfying to peel off…

Here’s why I actually recommend them:

✔️ They help prevent picking (which means less irritation and a lower chance of scarring)
✔️ They protect the","A dermatologist creator uses a satisfying macro peeling visual of a pimple patch on a forehead to hook viewers, setting up an educational breakdown of acne patch benefits in the caption.",Do pimple patches actually work? 🤔; Here's what a dermatologist says 👇,Raw UGC,Tutorial,false,yes,possible off-topic,https://www.tiktok.com/@dr.skinkaren/video/7662140647821905166
coins,silver coins,2026-07-13,2026-10-01,coins_and_currency,Coins_and_currency,37800,292,11,5,#silver #coin #coincollection #junksilver #constitutionalsilver,"A satisfying ASMR video of a collector sorting thousands of dollars worth of vintage US constitutional silver coins through a Cummins automated counter, accompanied by on-screen text and rapid counter milestones.","Sorting some junk...; Coins_and_currency; CUMMINS; TOTAL; UNIT; HELP; MENU; BATCH; BAG; DRY; 1C; 5C; 10C; 25C; 50C; $1; running dollar amounts from 424.00 to 1,078.62",Raw UGC,Vlog,false,yes,,https://www.tiktok.com/@coins_and_currency/video/7662135602757881106
watches,watches,2026-07-13,2026-10-01,andiotwatche,ANDIOT WATCHES,305,10,,1,#luxurywatch #watches #watches #luxury #fyp,"A silent, polished unboxing video showcasing a 1:1 replica Omega chronograph watch from Guangzhou, emphasizing packaging quality, mechanical details, and wrist fit.",Guangzhou China Super Clone 1:1; OMEGA; Tachymetre; Co-Axial Master Chronometer,Polished Creator,Unboxing,true,yes,possible off-topic,https://www.tiktok.com/@andiotwatche/video/7662035369269005581
watches,watch collection,2026-07-12,2026-10-01,braddotwatch,brad.watch,928200,91900,665,15000,I love @Mr Jones Watches. The design approach is fun. It’s affordable. And they’re arty. Wanted to highlight some of the other brands taking a similar approach to watches. @BENLYWATCH Asterisk Watches,"A watch creator reviews artistic and unique alternatives to Mr Jones Watches, showcasing specific models from Benlywatch, Asterisk Watches, and Anicorn.",We make unforgettable watches; A perfectly useful afternoon; $295.00; BENLYWATCH; ASTERISK; Charley Harper Limb Ju; Olympic Sunset Jump Hour Automatic; $350.00; Gates of the Arctic Day Night; Out of Stock or Sold Out; $300.00; Arches Day Night; $275.00; Happiness is Fleeting Jump Ho Automatic; Hawaii Volcanoes Jump Hour; Charley Harper Puffins Passing Day & Night; OLIVER JEFFERS x ANICORN Watch; $980.00; TIME AND SPACE; M/M Paris x Anicorn - Timepiece '2LAZY'; $930.00; 100pcs worldwide,Raw UGC,Review,false,yes,,https://www.tiktok.com/@braddotwatch/video/7661786088310082829
ducks,rubber duck,2026-07-12,2026-10-01,ducktheater,୨୧ 🦆 : 𝐃𝐔𝐂𝐊 𝐃𝐑𝐀𝐌𝐀〃🫧,1413,29,,1,"🦆 DUCK DRAMA PT. 1〃🧸💛

A new duck arrives at the pond… but not everyone is excited. 👀🫧 Will the new friendship last, or is this just the beginning of the drama? Stay tuned for Part 2! 
#rubberduc","A creator uses novelty rubber ducks in a dramatic roleplay skit about pond drama and hidden secrets, ending on a cliffhanger to promote a Part 2 video.",,Raw UGC,Comedy-skit,false,yes,,https://www.tiktok.com/@ducktheater/video/7661712823239626014
ducks,yellow rubber duck,2026-07-12,2026-10-01,user6695773401757,AutoDecor,272,0,,,"Sunny or rainy, this little duck stays with you. Durable rubber, heat-resistant, cute and long-lasting – great as a gift too! #LittleYellowDuck / #RubberDuck
#CarDecor / #DashboardDecor
#caraccessorie","A short promotional video displaying a set of six uniquely dressed miniature duck figurines on a car dashboard during a rainy day, accompanied by upbeat instrumental music and targeted hashtags.",Cadillac APP 進行; GLOVE BOX; Phone,Polished Creator,Aesthetic,true,yes,,https://www.tiktok.com/@user6695773401757/video/7661633630938205454
watches,luxury watches,2026-07-12,2026-10-01,imperial_time,Imperial Time UK Ltd,364800,8781,106,2988,"The colour of the summer. 🤍☀️
The Huit Blanc from the AP x Swatch Royal Pop collection is one of those timepieces that just works with everything...
Fresh, clean and easy to wear 🤩
We're also one of","Imperial Time UK Ltd showcases the Huit Blanc watch from the AP x Swatch Royal Pop collection in their Kensington showroom, highlighting its summer-ready versatility and rare stock availability.",,Polished Creator,Haul,true,yes,,https://www.tiktok.com/@imperial_time/video/7661623272747896097
ducks,yellow rubber duck,2026-07-11,2026-10-01,putinbay.fun,Put-in-Bay fun,2065,18,1,,"I guess we'll see it later 🐤🫣""The World’s Largest Yellow Rubber Duck lands on Put-in-Bay, Ohio. This massive, inflatable work of art measures 61′ tall, 64′ wide and 74′ long – taller than a six stor","A humorous TikTok video by Put-in-Bay fun showing the famous giant yellow rubber duck completely deflated on a grassy field upon its arrival, poking fun at the anti-climactic timing.",Where's the 🐥,Raw UGC,Vlog,true,yes,,https://www.tiktok.com/@putinbay.fun/video/7661321088730795294
coins,silver coins,2026-07-11,2026-10-01,khadijah12389,Christian willem,207800,3852,932,808,"THESE 1/2 c 1c 2 c 5 c 10 c 20c 50c AND THE SILVER R1 COIN SETS WERE STRUCK AS PART OF THE SECOND DECIMAL ISSUE 1965 - 1990. IN 1962 IT WAS ANNOUNCED THAT A CHANGE IN SIZE, DESIGN AND METAL CONTENT OF","A TikTok video combining historical facts about South African second decimal issue coins (1965-1990) with metalworking B-roll footage, serving as an advertisement for a buyer purchasing old coins face-to-face in Johannesburg.","THESE 1/2 c 1c 2 c 5 c 10 c 20c 50c AND THE SILVER R1 COIN SETS WERE STRUCK AS PART OF THE SECOND DECIMAL ISSUE 1965 - 1990. IN 1962 IT WAS ANNOUNCED THAT A CHANGE IN SIZE, DESIGN AND METAL CONTENT OF COINS WAS BEING CONSIDERED. THIS WAS PRIMARILY DUE TO THE INCREASE IN THE PRICE OF SILVER. VARIOUS PATTERNS WERE STRUCK FOR CONSIDERATION BY THE PARLIMENTARY COMMITTEE INVESTIGATING THIS AS THE INCREASED USE OF COIN AUTOMATION MACHINES REQUIRED LONG TERM USE OF THE COIN TYPES CHOSEN; Johannesburg; +27686517751",Raw UGC,Tutorial,true,yes,,https://www.tiktok.com/@khadijah12389/video/7661307558539316488
coins,coin collecting,2026-07-11,2026-10-01,usa.coin.discover,USA Coin Discovery,15800,587,44,73,"The coin worth it $10000000
#PocketChange #RareCoins #CoinCollecting #ValuableCoin #foryou","A cinematic TikTok video by USA Coin Discovery exploring the historical significance and ten-million-dollar valuation of the 1794 Flowing Hair silver dollar, utilizing macro cinematography and dramatic voiceover narration.","PCL-02; 3817; S Flowing Silver; Grili, 6XR; MGD999/35G; 1994; 1794; $10,000,000",Cinematic,Documentary,false,yes,,https://www.tiktok.com/@usa.coin.discover/video/7661270520607853846
watches,watches,2026-07-11,2026-10-01,okkwatches10,OKK WATCHES,1800000,27000,682,1782,#watch #watchformen #luxury #fyp #watches,"A silent, aesthetic POV showcase of a luxury diamond-encrusted Hublot watch being unboxed and fastened onto a wrist, targeting watch enthusiasts with high-end visual appeal.",HUBLOT; 5 DAYS POWER RESERVE,Polished Creator,Haul,true,yes,,https://www.tiktok.com/@okkwatches10/video/7661230470549572886
patches,patch collection,2026-07-10,2026-10-01,mi.huh,redhatcreative,82600,9210,71,422,"My fabric scrap patches 🍅 possibilities are endless!

#appliqué #patchwork #fypシ","A crafty DIY creator delivers a clear, aesthetically pleasing tutorial on making custom fabric scrap patches using fusible web, showcasing the process from raw scraps to sewing machine stitching and finishing with a statement jacket reveal.","here's how i make fabric scrap patches; Steam-A-Seam as my interfacing (very important); Cut out a pattern to trace onto your fabric or freehand your design; The Tomato Vine Pattern; Cut out your shapes; There are multiple methods to this part, both I have explained on my page!; Peel back the paper on your interfacing (one side will be sticky); Take your cut out pieces and place them on the sticky side; Place the paper back on top and iron; Now that your fabric is fused, you want to cut out the shapes from the paper; You can also take the top paper off before doing so; Find a thick fabric to sew onto (this is an old pant leg); At this part it's also an option to sew the patches directly onto your clothing; Peel the back paper off of your cut out designs; Stick in place; Iron (10 sec); Repeat; Sew using a blanket stitch, tight zig zag, or going over it a few times with a straight stitch; At corners, put your needle down, lift your presser foot up, rotate your fabric and continue; Here's what it should look like; Now cut closely around the edges, being careful not to cut your stitches (very important!); Now you can add this to anything; Because I promise you, patches makes things 1000x cooler",Raw UGC,Tutorial,false,yes,,https://www.tiktok.com/@mi.huh/video/7660966918072978701
ducks,yellow rubber duck,2026-07-10,2026-10-01,littleyellowduck5,Little Yellow Duck,4300000,37600,2225,1900,"Little yellow duck Delicious Food: ""Watermelon You Can Suck On"" Little yellow duck ate a delicious watermelon and suddenly had a brilliant idea for a new way to eat it.Fun for kids 😀 Funny videos 🤣 ","A delightful 3D-animated short following a cute yellow duckling who eats watermelon slices, rides a stroller to find a whole watermelon, drills a hole into it with a hand blender, and relaxes in a rocking chair drinking from it with a straw.",,High-Production,Animation,false,yes,,https://www.tiktok.com/@littleyellowduck5/video/7660684868669541654
patches,iron on patches,2026-07-09,2026-10-01,hndsome475,Hndsome,10900,666,29,44,#patches #ironon #chicago #bears #fypシ゚viral enjoy diy project so many pretty patches🧡🖤,"A short-form promotional video by a small business owner showcasing a large collection of Chicago Bears DIY patches, custom bags, and accessories to drive traffic to a live selling event.","Friends: where do we can Chicago bears stuff 
Me: join my live now🧡🖤",Raw UGC,Haul,true,yes,,https://www.tiktok.com/@hndsome475/video/7660576880373927181
coins,silver coins,2026-07-09,2026-10-01,avexcoin,AvexCoin,2856,62,5,5,"Limited edition 5oz Silver Coin from 🇦🇺 dedicated to Native Bees 🐝. Only 2500 pieces worldwide! 
Would you add this to your collection? 
#cointok #silver #numismatics #bee #coincollecting","A polished POV unboxing video showcases a rare 5oz silver coin dedicated to Australian Native Bees, highlighting its holographic details, limited mintage of 250 pieces worldwide, and official Niue coinage specifications while prompting viewer interaction.",Limited edition 🤫; Australian Native Bees 🐝; Let's open it together!; Stunning Silver Coin 🪙; Incredible design 😍; 5 ounces of Pure Silver!; AUSTRALIAN NATIVE BEES; 5oz 999 PURE SILVER; CHARLES III NIUE TEN DOLLARS 2026; JC; CERTIFICATE OF AUTHENTICITY; COIN SPECIFICATIONS; METAL Silver; MINTAGE 250; PURITY 999; DENOMINATION $10; SIZE 70mm; YEAR OF ISSUE 2026; WEIGHT 5oz; ISSUING AUTHORITY Niue; COIN NUMBER 214; THE COIN COMPANY; www.thecoincompany.com.au; Only 250 pieces 😲; Rate 1-10 🐝; Would you buy?,Polished Creator,Unboxing,true,yes,,https://www.tiktok.com/@avexcoin/video/7660490687497915670
coins,(not in thumbnail),2026-07-09,2026-10-01,cyber.age.emporiu,cyber age emporium,134,1,,,Roll #1 Half Dollar coin roll hunting / coin collecting,,,,,,no,,https://www.tiktok.com/@cyber.age.emporiu/video/7660416313562631455
coins,coin roll hunting,2026-07-09,2026-10-01,nursetiff8500,Nurse Tiff,617,47,21,2,1st roll of dimes silver!! #silver #collection #coinrollhunt #neworleans,"A TikTok post by user Nurse Tiff sharing a coin roll hunting milestone of finding a silver dime, paired with a personal motivational quote and community hashtags.",Staying focused on the path (first image); LIBERTY (both images); IN GOD WE TRUST (both images); 1952 (first image); UNITED STATES OF AMERICA (second image); QUARTER DOLLAR (second image); W (second image),Raw UGC,Carousel,false,yes,,https://www.tiktok.com/@nursetiff8500/video/7660380868321529102
watches,luxury watches,2026-07-08,2026-10-01,timeless_fit1,TIMELESS FIT | WristWatch⌚️,37700,1491,35,271,"POV: You still think looking expensive has to be expensive. ⌚🔥

10 premium watches. One box. Endless style.

✨ Luxury designs  
🎁 Perfect for gifts  
📦 Nationwide delivery  
💯 Quality you can trus","A promotional TikTok video by TIMELESS FIT displaying a box of ten diverse watches, leveraging a budget-luxury POV hook to drive engagement and direct message orders.","POV: You still think looking expensive has to be expensive. ⌚🔥

10 premium watches. One box. Endless style.

✨ Luxury designs  
🎁 Perfect for gifts  
📦 Nationwide delivery  
💯 Quality you can trust

Which one are you choosing? Comment the number 👇

📩 DM to order before your favorite sells out.",Raw UGC,Haul,true,yes,,https://www.tiktok.com/@timeless_fit1/video/7660183043985919240
patches,iron on patches,2026-07-08,2026-10-01,catemadeblanks,catemadeblanks,1700000,121400,600,12200,Turning my sister’s JanSport into a cherry blossom back-to-school bag 🌸#jansport #cherryblossoms #irononpatch #backtoschoolshopping #embroidery,"A DIY tutorial demonstrating how to customize a standard pink JanSport backpack with iron-on cherry blossom embroidery patches, ending with a modeled showcase of the finished bag.",JanSport logo visible on backpack patch; embroidered BX initials on keychain tag,Raw UGC,Tutorial,false,yes,,https://www.tiktok.com/@catemadeblanks/video/7660181825565773070
coins,silver coins,2026-07-08,2026-10-01,hannes.tony.botha02,HANNES TONY BOTHA*,7924,158,46,19,"THESE 1/2 c 1c 2 c 5 c 10 c 20c 50c AND THE SILVER R1 COIN SETS WERE STRUCK AS PART OF THE SECOND DECIMAL ISSUE 1965 - 1990. IN 1962 IT WAS ANNOUNCED THAT A CHANGE IN SIZE, DESIGN AND METAL CONTENT OF","A numismatic guide on TikTok presenting rare South African coin types, mint years, and estimated values ranging up to 180,000 Rands, designed to inspire viewers to check their own coin collections.","Do You Have Any Of These Coin At Home?; 1965 - 1989 - 5 Cent; Sells for 4,850 Rands; Depending on Condition; 1965 to 1990 - 20 Cent; Sells for 5,750 Rands; ESTIMATED 2026 VALUES; 20 Cent - 1965 R5,500 Depending on Condition; R1 - 1966 (Afrikaans) R9,200 Depending on Condition; 10 Cent - 1985 R6,200 Depending on Condition; 2-Cent - 1971 R7,800 Depending on Condition; 1/2 Cent - 1963; 1961 - 20 Cent; Sells for 40,500 Rands; 1998 - 5c Coin Series; Sells for R250-R1200; 20 Cent - 1978 R18,500 Depending on Condition; Special Notes for 1978: Check for distinct die variations, Look for Proof-like quality; 1961 - 1 Eent; 5 Rands - 1921 R180,000 Depending on Condition; Special Notes for 1921: First year of new security features, Features a detailed commemorative design; 1992 - 5 CENT, 1992 - OBVERSE, 1992 - REVERSE",Polished Creator,Tutorial,false,yes,,https://www.tiktok.com/@hannes.tony.botha02/video/7660093688218930454
coins,silver coins,2026-07-08,2026-10-01,oldcoinscompanybackup,OLD COINS COLLECTOR,21900,605,407,87,"THESE 1/2 c 1c 2 c 5 c 10 c 20c 50c AND THE SILVER R1 COIN SETS WERE STRUCK AS PART OF THE SECOND DECIMAL ISSUE 1965 - 1990. IN 1962 IT WAS ANNOUNCED THAT A CHANGE IN SIZE, DESIGN AND METAL CONTENT OF","A South African coin expert films a talking-head video inside a coin shop, claiming to pay three million for specific vintage coin sets and offering safe, face-to-face transactions at local police stations with no fees.","THESE 1/2 c 1c 2 c 5 c 10 c 20c 50c AND THE SILVER R1 COIN SETS WERE STRUCK AS PART OF THE SECOND DECIMAL ISSUE 1965 - 1990. IN 1962 IT WAS ANNOUNCED THAT A CHANGE IN SIZE, DESIGN AND METAL CONTENT OF COINS WAS BEING CONSIDERED. THIS WAS PRIMARILY DUE TO THE INCREASE IN THE PRICE OF SILVER. VARIOUS PATTERNS WERE STRUCK FOR CONSIDERATION BY THE PARLIMENTARY COMMITTEE INVESTIGATING THIS AS THE INCREASED USE OF COIN AUTOMATION MACHINES REQUIRED LONG TERM USE OF THE COIN TYPES CHOSEN; no fee free delivery; AND 2 RAND; SUZA; AFRICK; COINS; 1 RAND; 1965",Polished Creator,Tutorial,true,yes,,https://www.tiktok.com/@oldcoinscompanybackup/video/7660075149081021716
watches,luxury watches,2026-07-08,2026-10-01,vswatches3gogo,VS watches,1600000,24300,760,1113,#watches #rolex #luxury #daytona #submarine,"A silent, close-up product showcase of a luxury Rolex Daytona watch being unbagged, inspected, and placed on the wrist, targeting watch enthusiasts through high-detail aesthetic visuals.","White label on plastic bag with printed text '4131机'; engraved clasp text 'STEELINOX', 'ROLEXSA', '72200'",Raw UGC,Haul,true,yes,,https://www.tiktok.com/@vswatches3gogo/video/7660074601476623648
coins,(not in thumbnail),2026-07-08,2026-10-01,coincollecting_detecting,Michael,3300000,186400,527,3014,"It’s a Bit Dirty but We’ll Still See if we Can Find Something in This Roll - Follow Along
#dirty #coins #coinrollsearch #funactivity #goodtimes",,,,,,no,,https://www.tiktok.com/@coincollecting_detecting/video/7660044208757148949
patches,embroidered patches,2026-07-08,2026-10-01,joyfullyembroidery,Joyfully Embroidery,22100,417,4,41,"This was an order for a senior backpack🎒🥰 Everything I used to make this is linked in bio and I also have custom patches available in my Etsy shop also linked in bio🪡🧵🫶

#machineembroidery #embro","A craft creator demonstrates in a POV tutorial how to turn a machine-embroidered patch into an iron-on patch, showing the entire process from stabilizer removal to heat-press application, accompanied by caption text and a bio-link call to action.",Angelina Ballerina (embroidered on patch); Do you know how easy it is to turn your embroidery designs into iron on patches? So I stitched this out onto my stabilizer and I'm going to remove it and cut off the cutaway stabilizer. You can also use water soluble stabilizer for this so that you don't have to worry about cutting around the edges. Identify where the clear film is on the iron on sheet and trace your patch on top of it. Then cut it out. And you want the part with the film touching the patch. You iron on the wax paper but don't slide it. Just press it. Once it cools you can remove the wax paper and iron it on.,Raw UGC,Tutorial,true,yes,,https://www.tiktok.com/@joyfullyembroidery/video/7660019995895680270
ducks,yellow rubber duck,2026-07-08,2026-10-01,lemonmann48,LemonMann,1167,39,9,1,"Tried customizing a duck today for the first time. If you have any name suggestions, you can put in the comments! Hope you have an awesome day! #rubberducky #rubberduck #rubberducks","A creator shares a short DIY process video showing their first attempt at customizing a rubber duck by painting it black with red and green details. Set to upbeat pop music with sequential text overlays, the video concludes by asking viewers to suggest names in the comments.",Painting a rubber duck today; Our duck for today; New progress; Finished painting; Any name suggestions?; That's all for today!; Thanks for watching!!!,Raw UGC,DIY-craft; Process; Personal-update,false,yes,,https://www.tiktok.com/@lemonmann48/video/7659966804567149838
watches,watches,2026-07-08,2026-10-01,watchedit.dh1,Watch Edit1,71,3,,,Choose Wristwatches That Truly Represent Your Elegant Aesthetic #fashionjewelry #blingbling #jewels #watches #fashionaccessories,"A polished aesthetic showcase of two distinct wristwatches, transitioning from a classic steel Seiko to an iced-out diamond luxury piece, accompanied by atmospheric music and minimalist text overlays.",SEIKO 5 AUTOMATIC 21 JEWELS; Precision you can see.; CHRONO; XXIV; XI; IX; X,High-Production,Aesthetic,true,yes,,https://www.tiktok.com/@watchedit.dh1/video/7659940240659909902
coins,(not in thumbnail),2026-07-07,2026-10-01,halfdollamakeyouholla,HalfDollaMakeYouHolla,29000,572,10,24,125 year-old nickel found coin roll hunting! #coin #nickel #victory #silver #hunting,,,,,,no,,https://www.tiktok.com/@halfdollamakeyouholla/video/7659875558695718175
patches,iron on patches,2026-07-07,2026-10-01,cobrenxoxo,cobrenxoxo,738600,82600,887,7638,It’s so cutie! @Hobby Lobby  #hobbylobbymockneck #mockneck #irononpatches #viral #hobbylobbycraft,"A creator shares a quick DIY tutorial on how to personalize a viral mock-neck sweatshirt from Hobby Lobby using iron-on letter and flag patches, culminating in an aesthetic mirror fit check.","This is your sign to get the viral hobby lobby mock neck (and put your name on it!), FREEZE, PAYNE, Tip: For synthetic fabrics...",Raw UGC,DIY,true,yes,,https://www.tiktok.com/@cobrenxoxo/video/7659805143113731342
watches,watch collection,2026-07-06,2026-10-01,timegamble,Timegamble,86300,2508,21,64,"I buy vintage watch collections from flea markets, restore them, and give them a second life.

Every day I list restored watches on eBay, and every auction starts at just $1.

⌚ You never know which r","A watch restoration creator shares their unique business model of buying broken flea market watches, restoring them by hand, and auctioning them on eBay starting at $1, driving traffic via social media.",PROBABLY WEIRDEST WORLD I BUY DIRTY BROKEN VINTAGE WATCHES SPEND HOURS BRINGING THEM BACK TO LIFE THEN I LIST THEM ON EBAY STARTING AT JUST ONE DOLLAR IT DOESN'T MAKE MUCH SENSE BUT IT'S A LOT OF FUN MORE VINTAGE WATCHES ARE COMING TO AUCTION SOON THE LINK IS IN THE DESCRIPTION Active Orders Inactive Views 95 8 14 Bid actions watches tracking Vintage Casio Quartz Blue Dial Men's Watch 50M Date Stainless... 1.00 $US Current bid or Best Offer + shipping (buyer pays 18.00 $US) Placed yesterday Remaining 9 days 5h 27 views 4 tracking 1 bid Vintage Tissot PR 50 Swiss Made Quartz Watch White Dial Date Me... 4.25 $US Current bid or Best Offer + shipping (buyer pays 18.00 $US) Placed 3 days ago Remaining 7 days 6h 220 views 12 tracking 21 bids ORIENT Vintage Japan Watch!! SERVICED!! 24.50 $US Current bid or Best Offer + shipping (buyer pays 18.00 $US) Placed 3 days ago remaining 7 days 4h 160 views 16 tracking 10 bids,Raw UGC,Vlog,true,yes,,https://www.tiktok.com/@timegamble/video/7659455811458010388
watches,watch collection,2026-07-05,2026-10-01,anticks_np88,Anticks.np,55000,1975,8,265,"A delicate rectangle dial wrapped in a golden bracelet — Its petite shape sits gracefully on the wrist, making it perfect for both everyday wear and special moments

A Classic timepiece from Casio wat",A short product showcase video by a Nepali accessories account displaying a restocked gold Casio watch styled with an old money aesthetic.,Restocked your fav Casio,Curated Aesthetic,Haul,true,yes,,https://www.tiktok.com/@anticks_np88/video/7658849356719607061
coins,rare coins,2026-07-04,2026-10-01,articleoneco,ArticleOneCo,6529,180,23,23,"🪙 Treasure might already be in your pocket…

Most people spend these coins without ever taking a second look.

A few dates, mint marks, and errors can turn ordinary pocket change into collector treas","An educational TikTok video infographic by Article One Co highlighting five valuable U.S. pocket change coins with specific error and date markers, designed to drive engagement and comments from coin collectors.",DON'T IGNORE YOUR CHANGE; 5 COINS WORTH CHECKING TODAY; 1 1964 QUARTER 90% SILVER WORTH $5-$15+ LOOK FOR THE DATE!; 2 1943 STEEL PENNY MADE OF STEEL TICKS TO A MAGNET! WORTH $1-$20+ LOOK FOR THE DATE!; 3 1972 DOUBLED DIE PENNY DOUBLE DIE ERROR WORTH $100-$500+ CHECK THE DATE AND LETTERS!; 4 1982 SMALL DATE COPPER PENNY RARE VARIETY WORTH $500+ LOOK FOR THE SMALL DATE!; 5 2004 WISCONSIN EXTRA LEAF QUARTER EXTRA LEAF ERROR WORTH $100-$400+ CHECK THE CORN LEAF!; TREASURE COULD BE HIDING IN YOUR POCKET.; CHECK DATES Old dates can mean big value.; LOOK FOR ERRORS Mistakes can be worth hundreds!; KNOW THE METAL Silver & copper coins are valuable.; USE GOOD LIGHT Details can be easy to miss.; YOUR NEXT FIND COULD PAY FOR DINNER!; HAPPY HUNTING!,High-Production,Tutorial,true,yes,,https://www.tiktok.com/@articleoneco/video/7658665069068176671
patches,embroidered patches,2026-07-04,2026-10-01,pbpatch,pb-patch,26,0,,,"Your artwork.
Our embroidery.
Your brand.
Custom embroidered patches manufactured for creative brands worldwide.
MOQ 300.
Which design would you launch?
#custommerch #customproducts #manufacturer #emb","A B2B manufacturer of custom embroidered patches demonstrates their production capabilities and design flexibility, targeting independent brand owners with a clear minimum order quantity hook.","Custom Embroidered Patches 
MOQ:300; TAJIMA; COFFEE CLUB VAN 1882",High-Production,Behind-the-scenes,true,yes,,https://www.tiktok.com/@pbpatch/video/7658470388380273950
coins,(not in thumbnail),2026-07-03,2026-10-01,cad_roll_hunter,CAD Roll Hunter,6310,107,2,5,Silver Coins are what Coin Roll Hunting is all about! 1968 50% Silver Quarter! #coin #coins #coinrollhunting #coincollecting #cadrollhunter #silver #quarter #canada,,,,,,no,,https://www.tiktok.com/@cad_roll_hunter/video/7658408581217144065
coins,(not in thumbnail),2026-07-03,2026-10-01,coinexpert1793,coinexpert1793,2961,55,25,9,"Coin roll hunting for the new quarter with July 4th Privy mark. While only 250,000 were made, this is a coin hunt that can really payoff! #coinrollhunting #cointok #coincollecting #numismatics #fyp",,,,,,no,,https://www.tiktok.com/@coinexpert1793/video/7658370856225131789
coins,coin roll hunting,2026-07-03,2026-10-01,sailings19,sailings19,6103,79,,,#coin #roller #finding #collection,"A coin roll hunting creator unrolls a roll of quarters, discovers a 2000 Canadian 'Health' commemorative commemorative quarter, examines its details, and places it into the corresponding slot in a blue Uni-Safe coin folder album.",WILD! MYSTERY COIN FOUND IN HAND ROLLED QUARTER ROLLS!; Part 4; Canadian: varies; 90% Silver: 6.25g; Old 90% Silver: 6.25g; Clad (No Silver): 11.3; ELIZABETH II D G REGINA; 25 CENTS; 2000; HEALTH; CANADA; CANADA 25 CENTS 2000 - DATE; COIN FOLDER ALBUM DES PIECES DE MONNAIE; UNI-SAFE; PAGE 1; PAGE 2; PAGE 3; PAGE 4,Raw UGC,Tutorial,false,yes,,https://www.tiktok.com/@sailings19/video/7658323948488166687
patches,patch collection,2026-07-03,2026-10-01,diaryofaus_,DiaryofAus,3037,98,6,6,"And it begins
#patches #4x4 #travel #camping","A creator documents the very first step of starting a souvenir patch collection inside his 4x4 canopy, showcasing a satisfying DIY process that appeals to the camping and overlanding community.",The patch collection has started; Broome Western Australia; Carbon; Yeti,Raw UGC,Vlog,false,yes,,https://www.tiktok.com/@diaryofaus_/video/7658216229982702855
watches,vintage watches,2026-07-02,2026-10-01,saritasbookshelf,sarita 🧸🍧,4277,562,3,12,I’m obsessed 🌷#vintage #vintagewatch #watchcollection #womenswatches #watches,"Creator sarita 🧸🍧 shares a short, aesthetic showcase of four unique vintage gold watches styled together on her arm and laid out flat, accompanied by dreamy music and romantic overlay text.",pov you found the most gorgeous vintage watches,Curated Aesthetic,Haul,false,yes,,https://www.tiktok.com/@saritasbookshelf/video/7658070519341698334
watches,luxury watches,2026-07-02,2026-10-01,itsjamie_1,itsjamie_1,103300,648,4,114,"Alternative options to luxury watches ⏱️

#mensstyle #mensstyleguide #mensfashiontips","A concise and stylish fashion creator guide presenting five affordable alternatives to iconic luxury watches, pairing high-end horology with accessible everyday options through rapid-fire visual comparisons.","ROLEX, SEIKO, RRP: £9,850, RRP: £420, PATEK PHILIPPE, MAEN, RRP: £35,380, RRP: £887, CASIO MTP-1302PD-3AVEF, RRP: £49.90, RICHARD MILLE, WISHDOIT, RRP: £90,000, RRP: £351, AP AUDEMARS PIGUET, RRP: £27,600, RRP: £101.64",Polished Creator,Tutorial,false,yes,,https://www.tiktok.com/@itsjamie_1/video/7657960954621136150
watches,watch collection,2026-07-02,2026-10-01,doshsznnn,doshsznnn,287400,19400,211,568,"All in the “watch” spreadsheet 
Stay tuned for more hauls 
#fashion #haul #richardmille #watch #haultok","A creator unboxes and reviews replica luxury watches purchased from Taobao, specifically featuring a white Richard Mille and a rose gold Rolex, offering candid quality impressions and asking viewers for watch model identifications.",Upgrading my Taobao Watch Collection; RICHARD MILLE; ROLEX,Raw UGC,Haul,true,yes,possible off-topic,https://www.tiktok.com/@doshsznnn/video/7657774852354460949
watches,watch collection,2026-07-01,2026-10-01,chad.alexander,CHAD,70700,5362,46,459,Harry Kane’s Watch Collection 🏴󠁧󠁢󠁥󠁮󠁧󠁿            #harrykane #england,"A watch enthusiast breaks down twelve luxury timepieces worn by English footballer Harry Kane, detailing specific Patek Philippe and Rolex models alongside their secondary market valuations.","Harry Kane’s Watch Collection 🏴󠁧󠁢󠁥󠁮󠁧󠁿, $160,000 MARKET VALUE, $290,000 MARKET VALUE, $420,000 MARKET VALUE, $440,000 MARKET VALUE, $55,000 MARKET VALUE, *5271, $350,000 MARKET VALUE, $180,000 MARKET VALUE, $225,000 MARKET VALUE, $475,000 MARKET VALUE, $140,000 MARKET VALUE, $150,000 MARKET VALUE, $190,000 MARKET VALUE, $550,000 MARKET VALUE",Polished Creator,Review,false,yes,,https://www.tiktok.com/@chad.alexander/video/7657679040396004622
watches,vintage watches,2026-07-01,2026-10-01,generationalvintage,Generational Vintage,1700000,60600,300,244,Listen I’m all for standing your ground and knowing what your stuff is worth… but these 1) don’t have batteries 2) are dirty and need to be cleaned 3) some need repairs 4) are not guaranteed to work. ,"A vintage reseller shares a frustrating encounter with an inflexible flea market vendor who refuses to negotiate on unpriced, non-working watches, sparking a debate on second-hand pricing etiquette.",She was unwilling to negotiate at the flea market on watches that weren't working. What would you have done? MYRTLE BEACH,Raw UGC,Vlog,false,yes,,https://www.tiktok.com/@generationalvintage/video/7657367702054489375
patches,patch collection,2026-06-30,2026-10-01,atticus_apparel,Atticus Apparel,5176,186,73,29,"How do y'all organize you're patches!? I'm always at vendor events so mine just stay in these trays I got from Amazon!
I have bins upon bins of filler patches and kids/sport/inspired patches that I ke","A small business patch vendor gives a humorous, exasperated tour of her massive, overwhelming patch inventory stored in acrylic trays across her spare bedroom, asking followers for organization advice.",,Raw UGC,Vlog,true,yes,,https://www.tiktok.com/@atticus_apparel/video/7657284376861887757
patches,embroidered patches,2026-06-30,2026-10-01,patchesexperts,Patches Experts,4,0,,,"Turn your ideas into premium custom embroidery patches iron on—crafted with precision stitching, vibrant threads, and durable heat-seal backing for easy application. Perfect for brands, uniforms, and ","A polished B2B product showcase displaying high-detail custom embroidered patches for racing, fightwear, baseball, and engine series brands, emphasizing stitch quality and professional craftsmanship.","PE logo in shield, LE MANS RACING, MEDUSA FIGHTWEAR, SOUTH BRUNSWICK POST 401 BASEBALL, torra ENGINE SERIES V1, Embroidery Patch",Polished Creator,Haul,true,yes,,https://www.tiktok.com/@patchesexperts/video/7656843645353594126
ducks,rubber duck,2026-06-29,2026-10-01,rubberduck_radar,Seena 🌻,109100,4443,53,1182,Best friend flew 1000 miles to visit and ended up spending an evening organizing my rubber duck collection 🥹 🦆#rubberducky #rubbeduck #collection #fyp #rubberducks,"A creator shares a wholesome timelapse of her best friend visiting from 1,000 miles away and spending an evening helping her organize an extensive rubber duck collection, emphasizing true friendship through quirky shared activities.",A real friend doesn't question the rubber ducks. They help organize them.,Raw UGC,Vlog,false,yes,,https://www.tiktok.com/@rubberduck_radar/video/7656945398371699982
patches,iron on patches,2026-06-29,2026-10-01,uniquejackyartandcraft,Unique Jacky Art and Craft,22200,188,3,16,"Patch picked (how could I resist the black cat), now to iron it in place before sewing.
.
.
.
Video description: A patch of a glittery black cat in a witch's hat is ironed onto the back pocket of a pa","A quick, practical sewing tutorial demonstrating how to use aluminum foil-wrapped cardboard inside a denim pocket to heat both sides of an iron-on patch simultaneously.","A tip for when using iron on transfers,; Use cardboard wrapped in alfoil; To reflect the heat on to both sides of the transfer.",Raw UGC,Tutorial,false,yes,,https://www.tiktok.com/@uniquejackyartandcraft/video/7656747810498383125
patches,iron on patches,2026-06-28,2026-10-01,dancingladycyndi,Dancing Lady Cyndi,86200,298,81,127,@PatchAid #ironpatch  #ironpatches #iron #irondefiency #dealsforyoudays,"A creator demonstrates how to use PatchAid Simply Iron Patches, highlighting their plant-based formula, vitamin C content, and ease of application as an alternative to traditional iron supplements.","Iron patches; PatchAid; Contains 30 Patches; Simply Iron Patch; Bioavailable, plant-based iron from an organic source; Antioxidant vitamin C; Supplemental iron, risk free of gastrointestinal discomfort; May help maintain normal iron levels in the body; May support the production of healthy red blood cells; May promote a normal immune response in the body; May reduce cellular damage from harmful free radicals",Raw UGC,Review,true,yes,possible off-topic,https://www.tiktok.com/@dancingladycyndi/video/7656534307451817246
patches,(not in thumbnail),2026-06-28,2026-10-01,bluestripeohio,bluestripeohio,40100,2854,197,11,#patchcollection #fyp #police #lawenforment #viral,,,,,,no,,https://www.tiktok.com/@bluestripeohio/video/7656488851124276510
patches,iron on patches,2026-06-28,2026-10-01,andreagio102,Andrea Giordano,4441,79,2,15,this came out so cute @Phillies ❤️⚾️ #lifehack #irononpatches #straightenerhack #ironon #baseballgame,A creator demonstrates how to use a hair straightener instead of an iron to apply an embroidered patch onto a t-shirt for a baseball game.,,Raw UGC,Tutorial,false,yes,,https://www.tiktok.com/@andreagio102/video/7656473595945766175
patches,patch collection,2026-06-28,2026-10-01,alphadiecast,Alpha Diecast,1747,63,3,1,My Florida Highway Patrol Patch Collection #policeinterceptor #police #fhp #sheriff #florida,"A creator showcases an extensive, highly organized collection of Florida Highway Patrol embroidered patches by flipping through a large binder to the tune of a remixed reggae track.",My Florida Highway Patrol Patch Collection #policeinterceptor #police #fhp #sheriff #florida,Raw UGC,Collection showcase,false,yes,,https://www.tiktok.com/@alphadiecast/video/7656471237002005773
coins,rare coins,2026-06-28,2026-10-01,usa.coin.discover,USA Coin Discovery,161500,4815,578,1372,"This $0.10 Coin Is Worth $930,000!
#coincollecting #rarecoins #numismatics #valuablecoins #coincollection","A fast-paced, high-engagement short-form video by USA Coin Discovery detailing the historical significance and $930,000 auction value of a rare San Francisco Mint Barber dime, designed to capture numismatic enthusiasts and curious casual viewers alike.","$930,000; TINY; SILVER; VALUABLE; UNITED STATES; HISTORY; LOOKS; 10; CENT; PIECE; IS; ACTUALLY; LEGENDARY; RARITY; WORTH; AN; ASTONISHING; IN; TODAY'S; AUCTION; MARKET; FEATURING; THE; CLASSIC; INSCRIPTIONS; ONE; DIME; AND; AMERICA; ITS; VALUE; COMES; ENTIRELY; FROM; EXTREME; SCARCITY; FLAWLESS; CONDITION; ONLY; A; HANDFUL; OF; THESE; HISTORICAL; MASTERPIECES; EXIST; WORLD; TODAY; COLLECTORS; WILL; SPEND; MILLIONS; TO; OWN; CHECK; YOUR; OLD; COIN; COLLECTIONS; TIGHTLY; BECAUSE; HIDDEN; TREASURES; LIKE; THIS; ARE; WAITING; BE; FOUND; RARE; BARBER; VIDEO; COVERS; REAL; EVALUATION; CONTEXT; FROM; SAN; FRANCISCO; MINT",Polished Creator,Informational,false,yes,,https://www.tiktok.com/@usa.coin.discover/video/7656463238959238422
coins,rare coins,2026-06-28,2026-10-01,articleoneco,ArticleOneCo,333800,7638,321,4345,"Pennies may be disappearing from everyday use…

But they are far from worthless. 🪙

Some old pennies are worth hundreds…
Some are worth thousands…
And a few have sold for over $1 million.

Before you","An educational TikTok infographic by ArticleOneCo identifying five rare and valuable US pennies to look for in pocket change, paired with a comment prompt about viewers' oldest coin discoveries.","PENNIES ARE GONE BUT STILL HAVE VALUE! YOUR GUIDE TO PENNY VALUE. 5 PENNIES TO SEARCH FOR IN YOUR POCKET CHANGE! 1. 1943 COPPER OBVERSE, WORTH $100,000+ EXTREMELY RARE! 2. 1955 DOUBLE DIE OBVERSE, WORTH $10,000-$15,000 LOOK FOR DOUBLING! 3. 1909-S V.D.B. LINCOLN CENT, WORTH $600-$2,000 KEY DATE! 4. 1944 STEEL PENNY, WORTH $75-$500 MOST WERE DATES! 5. 1969-S DOUBLE DIE OBVERSE, WORTH $500-$3,000+ LOOK FOR DOUBLING! PENNY VALUE QUICK GUIDE: COMMON DATES 16-54, WHEAT PENNIES (1909-1958) 56-50C, COPPER PENNIES (PRE-1982) 26-20c, KEY DATES / ERRORS $100+ DON'T OVERLOOK YOUR CHANGE! A TINY PENNY COULD BE YOUR BIGGEST FIND! TIPS FOR PENNY HUNTING: CHECK DATES Focus on key years and mint marks. LOOK FOR ERRORS Doubling, off-center strikes, and clips. CHECK CONDITION Cleaner, sharper pennies are worth more. KNOW YOUR COINS A coin book or app can help you identify valuable finds. SEARCH YOUR PENNIES. YOUR NEXT TREASURE COULD BE WORTH A FORTUNE! What's the oldest penny you've ever found?",High-Production,Inform,true,yes,,https://www.tiktok.com/@articleoneco/video/7656461575645072670
ducks,yellow rubber duck,2026-06-28,2026-10-01,trng.review55,Ducky & Spike,148800,1077,68,49,"Ep 4 | A sudden strong wind blew the roof off, the duckling and the little fox started repairing it, the crooked ending had me dying of laughter #duckling #yellowduck #ages0to3 #earlychildhoodeducatio","An episode four animation of a duckling and a fox repairing their storm-damaged roof, combining slapstick comedy, cute character design, and wholesome humor.",Ep 4,High-Production,Comedy-skit,false,yes,,https://www.tiktok.com/@trng.review55/video/7656436599726640402
ducks,rubber duck,2026-06-27,2026-10-01,kylaaaaaugh,Kyla,2346,79,4,15,"New Jumbo Ducks @Five Below! 🦆✨

Which one is your favorite?! 🤔

#duck #ducks #rubberducks #jeepducking #fivebelow","A short retail haul video showcasing a variety of five-dollar jumbo novelty rubber ducks at Five Below, designed to engage the Jeep ducking and toy-collecting community with a call-to-action to pick a favorite.",Jumbo Ducks at Five Below!; $5; Quackzies Ducks in Costumes; SO CUTE!; Fun Collectibles!; 3+; WARNING: CHOKING HAZARD,Raw UGC,Haul,false,yes,,https://www.tiktok.com/@kylaaaaaugh/video/7656056558043942174
watches,luxury watches,2026-06-26,2026-10-01,vemoralaluxury_g,Vemoralaluxury_g,23800,468,3,10,Quality Check#luxurywatches #watch #luxury,"A short, silent technical demonstration showcasing the quality check of a silver Cartier Santos watch using a professional Weishi timegrapher machine, establishing brand trust and mechanical precision for luxury watch enthusiasts.","Weishi No. 1000, MULTIFUNCTION TIMEGRAPHER, Patent No. ZL201430044196.5, Vemoralaluxury, Beat Rate Auto Detect, +5s/d 300 deg 0.0ms 52.0 deg, +4 +5, 28800",Raw UGC,Review,true,yes,,https://www.tiktok.com/@vemoralaluxury_g/video/7655701864033406222
watches,vintage watches,2026-06-25,2026-10-01,shopwithbrookie,shopwithbrookie,9432,70,5,9,small wrist approved ! #vintagewatch #goldwatch #goldjewelry #goldjewelryaesthetic #bredawatch @BREDA Watch,"A fashion influencer reviews a Breda vintage slim gold watch in her car, praising its aesthetic appeal and highlighting its fully adjustable mesh band as ideal for small wrists.","dainty gold watch 
*small wrist approved*",Raw UGC,Review,true,yes,,https://www.tiktok.com/@shopwithbrookie/video/7655449330232462623
watches,watch collection,2026-06-25,2026-10-01,radwatchman,Rad Watch Man,1400000,123500,1041,1111,"My watch collection so far. @Andy’s Watches I mean it, you don’t have permission to rate this. | #watchcollection #movado #seiko #hamiltonwatch #christopherward","A creator shares his four-watch beginner collection from his car while playfully forbidding a well-known watch TikToker from rating it, blending personal sentimental history with watch enthusiast culture.","A beginner's watch collection one min in. 
 ROTHWELL 
 MOVADO 
 SWISS 
 SEIKO 
 Seiko Sportsmatic 
 30 PROOF 
 21 JEWELS 
 WATER RESISTANT 
 Hamilton 
 KHAKI AUTOMATIC 
 SWISS MADE 
 Andy's Watches 
 Rating Collections Continued #fyp viral #andyswatches #trending",Raw UGC,Vlog,false,yes,,https://www.tiktok.com/@radwatchman/video/7655449244286946574
patches,patch collection,2026-06-25,2026-10-01,micro.patches,MicroPatches,54300,1977,57,268,"100+ agencies and counting. Don't see yours? Request a custom order and let's get it. Fun fact: our one-time $25 design fee is waived for every future order after that, for anyone. Your agency gets ad","A small business showcases its extensive collection of over one hundred custom law enforcement patch keychains on a pegboard display wall, promoting custom orders with a waived design fee incentive.","100+ agencies and counting. Don't see yours? Request a custom order and let's get it. Fun fact: our one-time $25 design fee is waived for every future order after that, for anyone. Your agency gets added to the collection for good.",Polished Creator,Haul,true,yes,,https://www.tiktok.com/@micro.patches/video/7655181227313384735
ducks,(not in thumbnail),2026-06-25,2026-10-01,vietnamstreets,Vietnam Streets,121,0,,,Yellow rubber duck #duck #toy,,,,,,no,,https://www.tiktok.com/@vietnamstreets/video/7655139172612689170
ducks,rubber duck,2026-06-24,2026-10-01,theduckshelfs,morgie 🦆💛🌈🤟🏼🫧,4404,406,6,41,happiness #rubberduck #ducktok #collector #fyp #collecting,"A TikTok video featuring a witty text overlay addressing gift-givers, followed by a dramatic pan revealing an extensive, neatly organized rubber duck collection in a cozy bedroom.",i don't know what to get you,Raw UGC,Vlog,false,yes,,https://www.tiktok.com/@theduckshelfs/video/7655096449725631775
coins,coin collecting,2026-06-24,2026-10-01,articleoneco,ArticleOneCo,2276,43,1,2,"Thinking about starting a coin collection?

Here’s the secret…

Start before you’re ready. 🪙

You don’t need rare coins.
You don’t need expensive coins.
You don’t need to know everything.

Most colle","An informative and encouraging infographic outlining a six-step guide for beginner coin collectors, published by ArticleOneCo on TikTok to drive engagement and save actions.","HOW TO START COLLECTING COINS; A SIMPLE GUIDE FOR BEGINNERS; 1. LEARN THE BASICS: Understand coins, grading, metals, and values.; 2. SET A BUDGET: Start small and buy what you can afford.; 3. CHOOSE A FOCUS: Pick a series, type, or theme that interests you.; 4. BUY SMART: Buy from reputable dealers and avoid deals that seem too good to be true.; 5. STORE & PROTECT: Use proper holders and safe storage to protect your coins.; 6. KEEP LEARNING: Read, ask questions, join the community, and enjoy the journey!; BE PATIENT. HAVE FUN. GREAT COLLECTIONS TAKE TIME!",Polished Creator,Tutorial,false,yes,,https://www.tiktok.com/@articleoneco/video/7654976133351378206
coins,rare coins,2026-06-24,2026-10-01,justinebe.us,arsonpoqw1o,554900,15600,1749,1128,HE FOUND A ＂RARE＂ COIN IN HAWAII 😭,"A short-form storytelling video recounts a viral TikTok mystery about a coin found in Hawaii that internet commenters falsely claimed was worth millions, revealing it to be a 20-peso coin worth only 33 cents.","Group 'Game Indo' and Like the game f; Throwback to when this video went viral on TikTok after this guy found an unknown coin in Hawaii, USA. What is this?; At first, he thought the coin could be worth thousands of dollars.; And the comments were making it even crazier.; One person claimed: 5 Jay, thats rare coin in the Philippines that cost 20million, 2023-1-13 Reply, View 38 replies; So bro started thinking he had just found a fortune.; The 'rare coin' was actually just a 20-peso coin from the Philippines.; 20 PISO REPUBLIKA NG PILIPINAS; And if you convert it to U.S. dollars...; 20 Philippine peso equals 0.33 United States Dollar, Jun 17, 6:53 AM UTC",Raw UGC,Storytime,false,yes,,https://www.tiktok.com/@justinebe.us/video/7654905543525551391
watches,luxury watches,2026-06-24,2026-10-01,werger.foiles,TimeRhythm,818900,77400,245,4506,"Rolex Datejust

Black / dark grey sunburst dial

Baton hour markers + date magnifier (Cyclops lens)

Fluted bezel

Low-key, but you can tell it’s not ordinary at first glance.

The sunburst black dial","A silent, high-aesthetic unboxing video of a Rolex luxury watch, emphasizing craftsmanship, tactile interaction, and status.","ROLEX, Rolex Oyster Perpetual, Day-Date, SUNDAY, words on guarantee card holder",Polished Creator,Unbox,true,yes,,https://www.tiktok.com/@werger.foiles/video/7654889040193293601
watches,watches,2026-06-24,2026-10-01,kenneekksjz,Joker watch,32000,836,56,66,#watch #watches #watchmymagic #watchmegrow #fyp,"A silent, high-detail unboxing and wrist demonstration of a limited-edition rose gold Hublot Big Bang watch, targeting luxury collectors and horology enthusiasts.","Text visible on warranty card and watch case back including 'HUBLOT', 'BIG BANG', 'MP-09', 'LIMITED EDITION', '071/150', and multilungual warranty text in French, German, and Japanese",Polished Creator,Haul,true,yes,,https://www.tiktok.com/@kenneekksjz/video/7654879806475095318
ducks,rubber duck,2026-06-23,2026-10-01,ohana_trav,Ohana Trav,14700,609,3,272,Found a few new rubber ducks that were added at @Five Below #rubberduck #disney #duckduckjeep,"A quick retail product discovery video showcasing newly arrived licensed character rubber ducks at Five Below, targeted at collectors and Jeep ducking participants.","Rubber Ducks @ Five Below, HELLO KITTY AND FRIENDS, SPONGEBOB SQUAREPANTS, DISNEY MOANA, STAR WARS, TRANSFORMERS, OPTIMUS PRIME, TUBBZ, 1, 3, 5, COLLECT THEM ALL",Raw UGC,Haul,false,yes,,https://www.tiktok.com/@ohana_trav/video/7654660211055054094
patches,embroidered patches,2026-06-23,2026-10-01,jccreationsbynita,JCCREATIONSBYNITA,2681,92,3,4,"Let make an embroidered patch of the Mexican team logo. What team should we do next? 🥅 ⚽️ 

#worldcup2026 #embroidery #mexico #machineembroidery #embroideredpatches","A creator demonstrates the process of embroidering a custom Mexican national football team patch on an industrial machine, set to an energetic Spanish track and inviting viewers to suggest the next team.",Let's embroider a patch as we follow the World Cup! ⚽️; SKU NO: MH5505; Inside Dimension (130x130mm/5.1x5.1); A WARNING,Polished Creator,Tutorial,true,yes,,https://www.tiktok.com/@jccreationsbynita/video/7654408004753771789
watches,vintage watches,2026-06-22,2026-10-01,marahuberman,Mara,72100,4220,14,1548,Such a special souvenir for our wedding anniversary. World Vintage had an amazing selection of watches — even some that were 100 years old. If you’re looking for vintage watches in Osaka this is a mus,"A travel creator documents purchasing matching vintage Seiko watches as a wedding anniversary souvenir at World Vintage in Osaka, combining personal milestone sharing with an actionable local recommendation.","this is your sign to get matching vintage seiko watches in osaka 🤪; fairly priced & incredibly helpful; we went with 1980s seikos for their japanese heritage & sleek unique looks; happy shopping; FREE MARKET WORLD VINTAGE; 2-chōme-8-29 澤井マンション, Osaka; WATCH ACCESSORY ZIPPO POSTER SOUVENIR; TOY FIGURE SANRIO CLOTHES OLD LAMP etc.; OSAKA JAPAN WORLD VINTAGE COAT & BAG; STOP; 大阪帝国ホテル",Raw UGC,Vlog,false,yes,,https://www.tiktok.com/@marahuberman/video/7654291252690619662
watches,luxury watches,2026-06-22,2026-10-01,nicovanderhorst,Nico Leonard,2100000,102500,240,544,"J Balvin’s RM! 

#watches #Luxury #fyp","Watch expert Nico Leonard analyzes J Balvin's rare blue Richard Mille watch, debunking the rumored $7,000,000 valuation while estimating its true market worth between $3,000,000 and $5,000,000 and its original purchase price between $1,000,000 and $1,500,000.","J Balvin's RM!; $7,000,000.00; Watch expert exposes the true value of J Balvin's RM",Polished Creator,Review,false,yes,,https://www.tiktok.com/@nicovanderhorst/video/7651679409790897430
watches,vintage watches,2026-06-21,2026-10-01,whisperingseconds,whisperingseconds,241400,47800,131,3291,POV: You just discovered a beautiful vintage peek-a-boo watch #vintagewatches #jamtanganvintage #vintagewatch,"A silent, aesthetic POV video showcasing the mechanical reveal of a vintage cameo peek-a-boo watch, appealing to collectors and lovers of vintage accessories.",POV: You just discovered a beautiful vintage peek-a-boo watch,Curated Aesthetic,Aesthetic,false,yes,,https://www.tiktok.com/@whisperingseconds/video/7653753091266825492
coins,(not in thumbnail),2026-06-21,2026-10-01,coincollecting_detecting,Michael,440900,12300,95,137,"BURSTING with Value - One Dollar Coin Roll Search - Follow for More
#bursting #coincollecting #onedollarcoins #asmr #funactivity",,,,,,no,,https://www.tiktok.com/@coincollecting_detecting/video/7653649161035812117
watches,luxury watches,2026-06-20,2026-10-01,laliejewelz,LalieJewelz,57700,6035,105,215,"Dear Bruce 

#moissanite #luxurywatches #laliejewels #customwatch","A custom iced-out watch is showcased on a wrist while a dramatic voiceover delivers a breakup letter to Bruce Wayne in favor of Harvey Dent, combining luxury product marketing with internet meme culture.",,Raw UGC,Meme,true,yes,,https://www.tiktok.com/@laliejewelz/video/7653614124735139086
ducks,yellow rubber duck,2026-06-20,2026-10-01,boddainjo,bb 🙋🏻‍♂️,23100,161,3,257,Voice actor Red Coffey provided the incredibly distinct audio for the debut of the beloved yellow duckling in the classic animated short Tom and Jerry Little Quacker. The talented performer actually b,A nostalgic and humorous TikTok meme utilizing classic Tom and Jerry animation to poke fun at everyday friend dynamics through a relatable text overlay.,That one person who always listens to your stories,Raw UGC,Meme,false,yes,,https://www.tiktok.com/@boddainjo/video/7653590736117583111
coins,rare coins,2026-06-20,2026-10-01,okochieli,SA coins corporation company,41900,1147,539,257,"WE BUY OLD & RARE COINS

HOUSE TO HOUSE IN SOUTH AFRICA!

Are you in possession of valuable or old coins?

We're actively buving coins house to house across South Africa and nelghboring countries!

Wh","A South African coin buying business owner posts a TikTok video in front of his physical storefront, offering safe, face-to-face transactions for old and rare coins with zero fees and optional police station meetups.","WE BUY COIN BANKNOTES MEDALS GOLD SILVER COLLECTIBLES, SA COINS COOPERATION COMPANY, THE BEST PLACE TO SELL YOUR COINS FACE TO FACE NOW, SA COINS COOPERATION COMPANY circular logos on tie and lapel",Polished Creator,Vlog,true,yes,,https://www.tiktok.com/@okochieli/video/7653351010504625426
watches,vintage watches,2026-06-20,2026-10-01,gienbustamante,Gien Bustamante,1700000,31400,487,9286,come vintage watch shopping with me!!! 20k php budget! let me know if you want a haul of my final picks hehe @@clockworkvintage on ig #vintageshopping #watchshopping #vintagewatch #budgetshopping #vlo,"Creator Gien Bustamante takes viewers on a vintage watch shopping trip in Makati with a strict 20,000 PHP budget, showcasing various watch styles, trying them on her wrist, and calculating totals in real time.","Come Vintage Watch Shopping With Me on a 20,000 PHP budget; clockwork.vintage; 839 posts; 106K followers; 365 following; Jewelry & Watches Store; Makati Executive Tower 3, Unit G-14; Curated timepieces from Japan, US & Paris; WARNING PROTECTED BY CCTV 24-Hour Video Surveillance; OPEN; WATCH REPAIR; GLASS BUFFING; REPLATING RESTORATION; BATTERY",Raw UGC,Vlog,false,yes,,https://www.tiktok.com/@gienbustamante/video/7653344483915910420
ducks,rubber duck,2026-06-19,2026-10-01,woahbros.us,WoahBros,547400,5400,71,413,RUBBER DUCK FR OUT NOW #woahbros,"The creator of Woah Bros responds to a fan comment about a popular rubber duck shirt, announcing its release time alongside other new items like a Lando FR shirt and a duck-camo welding hood.",Can you tell me how to order the rubber duck shirt,Raw UGC,Vlog,true,yes,,https://www.tiktok.com/@woahbros.us/video/7653245119038016782
coins,rare coins,2026-06-19,2026-10-01,oldcoin.secrets,OldCoin Secrets,132100,3447,235,948,"1944 Copper Wheat Cent – Estimated Sold Value $25,000! Rare Coin Hidden Treasure Revealed

#1944CopperWheatCent #LincolnWheatPenny #RareCoins #goal #TiktokGrowthChallenge","A short-form educational video by OldCoin Secrets explaining the history, identifying features, and immense potential value of the rare 1944 copper wheat cent, urging viewers to inspect their own loose change.","$25,000.00; IMAGINE HOLDING A SIMPLE PENNY IN YOUR HAND; ONE CENT; UNITED STATES OF AMERICA; IN GOD WE TRUST; LIBERTY; 1944; AUTHENTIC 1944 WHEAT PENNY; ESTIMATED AT $25,000",Polished Creator,Tutorial,false,yes,,https://www.tiktok.com/@oldcoin.secrets/video/7653156837935631647
ducks,(not in thumbnail),2026-06-19,2026-10-01,findsbyjbb,JEYBI,1221,3,2,1,Yellow Rubber Duck #duck #rubberduck #toy,,,,,,no,,https://www.tiktok.com/@findsbyjbb/video/7652716651070131477
watches,watch collection,2026-06-18,2026-10-01,timemasterwatch,TimeMasterWatch,236,10,,,Here we go! 🔥 Let me show you my watch collection. I really love these timepieces—does anyone else share this passion? Come and have a chat with me！#Watches #Rolex #WatchCollection,A luxury watch collector showcases an impressive assortment of high-end timepieces—primarily Rolex and Audemars Piguet models—housed in a polished wooden box. The post uses clean macro cinematography and an inviting caption to prompt engagement from fellow watch enthusiasts.,ROLEX OYSTER PERPETUAL DAY-DATE; ROLEX OYSTER PERPETUAL COSMOGRAPH DAYTONA; AUDEMARS PIGUET,Polished Creator,Haul,false,yes,,https://www.tiktok.com/@timemasterwatch/video/7652804516173122830
coins,coin collecting,2026-06-18,2026-10-01,well8802,Parisian Vintage Coins&Medals,66700,953,,38,"Searching Through Hundreds of Vintage Coins at a Paris Flea Market for My Collection

paris flea market, coin collecting, vintage coins, world coins, numismatics

#parisfleamarket #coincollecting #vin","A silent TikTok vlog capturing a vintage coin collector searching through a massive box of international currency at a Paris flea market, showcasing detailed macro shots of diverse global coins.",Subscribe; Carré amande 280g x6; EPP B.D.; COT x12; 22.05.2026; 2; NUZILATAN; UNITED STATES; KAZAKHSTAN-UNITED STATES STRATEGIC PARTNERSHIP; TWO PENCE; ELIZABETH II DEI GRA REG FID DEF 2015; REPUBLIQUE FRANCAISE; 10 FRANCS; 1982; 1985; VICTOR HUGO; 1885; 1985; BANK OF UGANDA; ONE HUNDRED SHILLINGS; 2022; BOLIVAR LIBERTADOR; REPUBLICA DE VENEZUELA; 1880,Raw UGC,Vlog,false,yes,,https://www.tiktok.com/@well8802/video/7652789341240003872
watches,watch collection,2026-06-18,2026-10-01,valcourwatches,Valcour Watches,190900,9845,48,427,Sylvester Stallone Mac Daddy's watch collection,"Sylvester Stallone reviews a rare diamond-bezel Patek Philippe Nautilus 5711 from his personal collection in a Sotheby's-branded video, highlighting its historic significance and value for serious watch collectors.","5711, This, daddy, started, The, Nautilus, this is, faced, valuable, time, diamonds, steel, it makes, a statement, serious, collector, one, whisper",Polished Creator,Review,true,yes,,https://www.tiktok.com/@valcourwatches/video/7652747263617322261
watches,vintage watches,2026-06-18,2026-10-01,wwiiiillllllll,Will Phillips,13700,544,24,33,"Replying to @user9465207004138 one of my favorite purchases from japan last year

seiko dolce is a beautiful watch model and the vintage one’s are even better

#menswatch #vintagewatch #seiko #vintage","Creator Will Phillips replies to a follower's comment by reviewing his 1990s Seiko Dolce vintage watch purchased in Japan, detailing its slim aesthetic, rarity in Western markets, and Italian-inspired name.",Replying to @user9465207004138 what model is the Seiko watch?; A Great Vintage Watch; #menswatch #vintagewatch #seiko #vintage #watchesformen,Polished Creator,Review,false,yes,,https://www.tiktok.com/@wwiiiillllllll/video/7652708783373749518
coins,silver coins,2026-06-18,2026-10-01,onyenashiablessing,onyenashiablessing,434100,8875,4152,1352,"THESE 1/2 c 1c 2 c 5 c 10 c 20c 50c AND THE SILVER R1 COIN SETS WERE STRUCK AS PART OF THE SECOND DECIMAL ISSUE 1965 - 1990. IN 1962 IT WAS ANNOUNCED THAT A CHANGE IN SIZE, DESIGN AND METAL CONTENT OF","A TikTok video combining historical text about South African silver and decimal coins with mismatched footage of law enforcement officers endorsing a coin-buying company, functioning as a commercial solicitation.","THESE 1/2 c 1c 2 c 5 c 10 c 20c 50c AND THE SILVER R1 COIN SETS WERE STRUCK AS PART OF THE SECOND DECIMAL ISSUE 1965 - 1990. IN 1962 IT WAS ANNOUNCED THAT A CHANGE IN SIZE, DESIGN AND METAL CONTENT OF COINS WAS BEING CONSIDERED. THIS WAS PRIMARILY DUE TO THE INCREASE IN THE PRICE OF SILVER. VARIOUS PATTERNS WERE STRUCK FOR CONSIDERATION BY THE PARLIMENTARY COMMITTEE INVESTIGATING THIS AS THE INCREASED USE OF COIN AUTOMATION MACHINES REQUIRED LONG TERM USE OF THE COIN TYPES CHOSEN #fypvira#southmandelacolouge#southafric#fypviral",Raw UGC,Opinion,true,yes,,https://www.tiktok.com/@onyenashiablessing/video/7652696157033876756
watches,watch collection,2026-06-17,2026-10-01,chaus.jn,Chaus.jn,83600,7665,330,46,"An overview of my watch collection. @Andy’s Watches 🙅🏾‍♂️

#watchtok #watchcollection #rolex #tudor #gshock","A watch enthusiast walks viewers through his seven-watch collection, sharing the backstory, purchase location, and personal significance of each timepiece, ranging from vintage G-Shocks to Rolex and Tudor.",My Watch Collection 7 Watches,Raw UGC,Vlog,false,yes,,https://www.tiktok.com/@chaus.jn/video/7652470716423589150
watches,watches,2026-06-17,2026-10-01,jinfashionsupplychain,Jin_Fashion_Supplychain,192200,13700,106,128,"Huawan Watch Factory is a professional OEM/ODM watch manufacturer based in Shenzhen, China, with over 20 years of expertise in precision watch design, development, and mass production.
 
We specialize","A Shenzhen watch factory representative named Jin showcases mass inventory, quartz and mechanical watch models, and order fulfillment logistics for international B2B wholesale buyers.",Hello this is Jin; So today we; this is the quote watch; mechanical watch; Huawan Watch; AIMANA; A8634 0105 = 30pcs; A8641 305 = 20pcs; A8600 = 500pcs; 货拉拉; 粤B·DT7652; 保安部: 136602,Raw UGC,Behind-the-scenes,true,yes,,https://www.tiktok.com/@jinfashionsupplychain/video/7652259658513566994
coins,silver coins,2026-06-17,2026-10-01,william.john6780,William John,69300,2119,678,379,"THESE 1/2 c 1c 2 c 5 c 10 c 20c 50c AND THE SILVER R1 COIN SETS WERE STRUCK AS PART OF THE SECOND DECIMAL ISSUE 1965 - 1990. IN 1962 IT WAS ANNOUNCED THAT A CHANGE IN SIZE, DESIGN AND METAL CONTENT OF","A financial creator dressed in corporate attire speaks directly to the camera from a bank-branded setting, inviting viewers to bring their vintage South African coins for face-to-face purchases.","absa; Welcome to Absa Your story matters; GOOD MORNING, WE ARE HERE AT ABSA BANK BUYING ALL TYPES OF COINS AND NOTES. WE DEAL FACE TO FACE ONLY. BRING YOUR COINS TO ABSA BANK RIGHT NOW.",Polished Creator,Tutorial,true,yes,,https://www.tiktok.com/@william.john6780/video/7652223140566879508
patches,iron on patches,2026-06-16,2026-10-01,couturecustomsbygina,Couture Customs by Gina,3551,109,44,17,🔥New patches arrived today and they are beautiful. ☺️ We are shipping from the state of Missouri ✅so you will get your order within 3 to 4 business days. ##stlouis##irononpatches##patches##embroidere,"A small business owner showcases a new shipment of exclusive designer-inspired chenille patches on TikTok, prompting followers to claim them in the comments before they sell out.","COACH NEW YORK, CHANEL, GUCCI, LOUIS VUITTON, a lil bougie, GOD FIGHTS FOR ME, GOD Don't Play About ME, Custom Made, SHE'S FEARLESS, STANDING ON BUSINESS, COUTURE CUSTOMS BY GINA",Raw UGC,Haul,true,yes,,https://www.tiktok.com/@couturecustomsbygina/video/7652113650525818125
coins,rare coins,2026-06-16,2026-10-01,samso.tiv,Samso tiv,20900,642,203,216,"1965 Washington Quarter Estimated Sold for $38,400! Could This Rare Quarter Be Worth a Fortune? 😱

#1965WashingtonQuarter #WashingtonQuarter #RareQuarter #QuarterDollar #USCoins","An engaging numismatic explainer video by creator Samso tiv on TikTok explores the historical significance and potential high value of 1965 Washington Quarters, leveraging high-end macro visuals and a financial shock hook.","$38,400.00; what if a simple 1965; Washington Quarter in your pocket; was worth more than a; luxury vacation; most people wouldn't; think twice about this coin; but collectors know that; some rare examples can be; worth an astonishing; amount of money; the 1965 Washington; Quarter is one of the; most interesting coins in modern; American coin history it; was the first year the US; Mint transitioned; away from the traditional 90; percent silver composition; used in quarters for; circulation; because of this major change; the 1965 Quarter has; become a favorite among collectors; while millions were produced; certain examples stand out; due to their condition; rarity and unique minting characteristics; over the decades most 1965; quarters were heavily circulated; leaving them with scratches; wear and faded details; that's why collectors search; for coins with sharp designs; clean surfaces and strong luster; some rare varieties; and minting errors have attracted; significant attention; in the numismatic community; high grade certified examples are; especially desirable; because they are much; harder to find an ordinary; circulated coins; what makes this coin; fascinating; is that two quarters from; the same year can have dramatically; different values depending; on condition and rarity; exceptional examples with; outstanding preservation; have achieved remarkable; results in the collector market; some exceptional 1965; Washington quarters have sold for as much as $38,400; that's ",Polished Creator,Tutorial,false,yes,,https://www.tiktok.com/@samso.tiv/video/7652040152625335566
watches,vintage watches,2026-06-15,2026-10-01,watchsparecollection,WatchSpareCollection,1182,77,,1,A true vintage piece 🍷 - Excelsior Park Vintage Chronograph from the 1940 in great condition🦚. The dial aged like wine! Check it out now on our website #watch #watchaddict #fyp #vintagewatch #vintag,"A visually polished showcase of a 1940s Excelsior Park vintage chronograph watch, highlighting its aged dial and tactile suede strap for watch enthusiasts.",Excelsior Park (on watch dial); TELEMETRE; WATCH SPARE (at end),Curated Aesthetic,Aesthetic,true,yes,,https://www.tiktok.com/@watchsparecollection/video/7651631007359192342
ducks,rubber duck,2026-06-15,2026-10-01,axelscy,axelscythe,5866,132,3,5,"I’m officially a Rubber Duck Janitor 🦆 

Game Name: Project P.I.T.T. 
#gaming #GamingOnTikTok #simulatorgames #satisfyingvideo #projectpitt @Project P.I.T.T.","Streamer axelscythe plays the simulator game Project P.I.T.T., humorously reacting to the absurd mechanic of sweeping rubber ducks into a hole and managing a duck workbench until the demo abruptly ends.","axels.mov, File, THIS GAME YOU SWEEP RUBBER DUCKS INTO A HOLE, BROOM, [E] Unequip, [F] Sweep, MANUAL DUCK WORKBENCH, [LMB] Craft, COMBO, TOTAL BONUS, MAXIMUM THROUGHPUT ACHIEVED, EMERGENCY PROTOCOLS ACTIVATED, DEMO COMPLETED, PROJECT P.I.T.T - PROFIT INTEGRATION THROUGH TESTING, REVENUE GENERATED, PROJECT DURATION, PEAK COMBO AC, TOTAL COMBOS, SAFETY VIOLATIONS, RETURN ON INVESTMENT, CORPORATE EFFICIENCY RATING, A, CORPORATION EFFICIENCY RATING, ECTION ON STEAM, CONTINUE, TERMINATE, The man is satisfied, but you can continue your internship. Thank you for testing Project P.I.T.T. DEMO. Your feedback helps share corporate efficiency protocols.",Polished Creator,Gameplay,false,yes,,https://www.tiktok.com/@axelscy/video/7651625492038143245
watches,luxury watches,2026-06-15,2026-10-01,the_truth_table,Follow Me,768700,4679,1806,1956,The Hidden Status Symbols of Popular Watch Brands #watchlifestyle #watchcollector #rolex #luxurywatches #watchbrands,"A watch enthusiast uses a printed physical list and a red pen to humorously categorize major watch brands into personality stereotypes, ending with a call-to-action for comment engagement.","Watch Brand = Your Status
Watch / Trait / Meaning
Rolex / Fake rich
No watch / Minimalist
Apple Watch / Geek
G-Shock / Tough
Decathlon / Broke
Omega / Discreet
Audemars Piguet / Millionaire
Richard Mille / Billionaire
Seiko / Elegant
Cartier / Bourgeois
Hublot / Show-off
Patek Philippe / Elite
Garmin / Athletic
Rolex Submariner / Diver
Casio / Adventurer
Tissot / Nostalgic
You / ???",Raw UGC,Listicle,false,yes,possible off-topic,https://www.tiktok.com/@the_truth_table/video/7651471534736919830
coins,silver coins,2026-06-14,2026-10-01,cayleependerass,Caylee Harper,29700,1213,34,19,Pure Silver Sucks To Machine,"A creator documents the step-by-step process of melting, shaping, machining, and engraving a 128-gram bar of pure silver into a custom novelty coin stamped with humorous text and imagery.",Pure Silver Sucks To Machine; Making a Giant Silver Coin; 5 Caylee Bucks (Aka Cucks); Illegal Tender; I need more TORQUE; 128g; BARTLESVILLE BRUINS,Raw UGC,Tutorial,false,yes,,https://www.tiktok.com/@cayleependerass/video/7651386844554300702
watches,luxury watches,2026-06-14,2026-10-01,viral.mosaic,Viral Mosaic,8517,115,1,2,"🔥 @rihanna FLEXES $42K Custom Rolex King Midas Gifted By Ambani 💎⌚

When luxury meets history.

After receiving a special gift from Anant Ambani, Rihanna was spotted showing off a truly unique piece","A viral news clip highlighting Rihanna showing off a custom $42,000 Rolex King Midas gifted by Anant Ambani, combining celebrity footage with price and specification overlays.","RIHANNA AMBANI'S GIFTS; $42,000 ROLER KING MIDAS; SUBSCRIBE TO WATCH MORE; VM logo",Raw UGC,News,true,yes,,https://www.tiktok.com/@viral.mosaic/video/7651329913164746005
coins,rare coins,2026-06-14,2026-10-01,gold_and_coin,Gold and Coin,798,32,4,,Silver Rare Coins #Rarities #coincollecting #RareCoins #Rare,"A coin shop owner opens with commentary on precious metal spot prices and geopolitical news before showcasing four vintage British trade dollars from 1902 to 1912, asking his TikTok audience for valuation advice and price predictions.","Spot Price, Gold - Silver, 4218 - 67.90, 6/14/26, GoldandCoin, AMERICA, One Dollar, 1902, 1911, 1912",Raw UGC,Vlog,true,yes,,https://www.tiktok.com/@gold_and_coin/video/7651241131472080158
ducks,rubber duck,2026-06-13,2026-10-01,quackers.duck.shop,Quackers Duck Shop,78400,1458,39,1352,"Welcome to Quackers Duck Shop! Find us in the Old Village in Shanklin, Isle of Wight🐥

#ducks #duckshop #rubberduck #tubbz #isleofwight","A short, engaging retail showcase for Quackers Duck Shop on the Isle of Wight, utilizing 'The Duck Song' audio and a sweeping visual pan across hundreds of themed rubber ducks to attract tourists and novelty enthusiasts.","6 each or 2 for 10; Welcome to Quackers Duck Shop! Find us in the Old Village in Shanklin, Isle of Wight",Raw UGC,Vlog,true,yes,,https://www.tiktok.com/@quackers.duck.shop/video/7650974745957272834
ducks,rubber duck,2026-06-13,2026-10-01,duckquestuk,duckquestuk,108400,2836,126,3078,"Look at this awesome duck filled section in Morrisons from large rubber ducks for £15 to duck games to duck building blocks they’ve got it all!! 

What will you be picking up on you’re next trip?! 

#","A creator excitedly films an unexpectedly massive and diverse display of duck merchandise in a Morrisons supermarket, driving engagement by inviting viewers to comment on their favorite items.",STAR BUYS; HUGE NEW DUCK SECTION IN MORRISONS!!; DUCK MORNI; SQUEEZY DUCK; SHIMMERING DUCK; FUNKY DUCKEES; BLOCK BRICKS; 1.50; 5.00; I NEED IT ALL!!; COMMENT WHAT YOULL BE PICKING UP!!,Raw UGC,Vlog,false,yes,,https://www.tiktok.com/@duckquestuk/video/7650859147084287265
watches,luxury watches,2026-06-13,2026-10-01,timemarkett,Time Market,30400,104,10,17,"Check my profile for more watches 😉

#rolex #luxurywatch #menswatches #superclone #vsf","A slick, POV-style product showcase video unboxing a luxury-style black watch from a green Rolex presentation box, designed to drive traffic to a TikTok shop and creator profile.",Now available in our TikTok shop 🛍️🤫; ROLEX; OYSTER PERPETUAL; YACHT-MASTER; SUPERLATIVE CHRONOMETER OFFICIALLY CERTIFIED; SWISS MADE,Polished Creator,Review,true,yes,possible off-topic,https://www.tiktok.com/@timemarkett/video/7650788848263351582
patches,embroidered patches,2026-06-13,2026-10-01,sh.embroidery.patch,sh.embroidery.patch,2485,62,,1,"Custom security patches in production.

Designed for security companies,
uniform suppliers, and facility management teams.

Clean embroidery, durable construction,
and consistent bulk production.

Bui","A B2B manufacturer showcases its industrial embroidery production line making security patches, emphasizing consistency in bulk orders for uniform suppliers.",Embroidered shoulder patches; Easy to sample; Hard to produce consistently; Especially in bulk orders; Consistency matters more; CBL; Segurança,Raw UGC,Behind-the-scenes,true,yes,,https://www.tiktok.com/@sh.embroidery.patch/video/7650761954251820308
ducks,rubber duck,2026-06-12,2026-10-01,andreagemma69,🅰️ndrea🐻Gemm🅰️,18000,228,12,49,My rubber duck … 🥰,A lighthearted vacation video showing a bearded man relaxing on a sunny terrace who playfully reveals a giant inflatable rubber duck.,,Raw UGC,Vlog,false,yes,,https://www.tiktok.com/@andreagemma69/video/7650523113490451735
coins,(not in thumbnail),2026-06-11,2026-10-01,user8485827284904,RobFindsTreasure,6456,28,,,"""HUNTING THROUGH BANK ROLLS! 🏦

WILL WE FIND ANYTHING GOOD? 🤞

#coinrollhunting #bankrolls #treasure #searching #luck""",,,,,,no,,https://www.tiktok.com/@user8485827284904/video/7650256855062596877
watches,vintage watches,2026-06-11,2026-10-01,mayufine,Mayu Fine,133400,23000,117,1769,"Finally sourced this super rare Yves Saint Laurent Reverso from the ’90s for @Lorinaté 

Love what I do😩✨🫶

#vintagewatch #yslwatch #reversowatch #vintageysl","Mayu Fine showcases a newly sourced 1990s Yves Saint Laurent Reverso watch in a quiet restaurant setting, highlighting professional success and access to rare vintage luxury pieces through a polished POV video.",Finally sourced this super rare YSL reverso watch from the ’90s,Curated Aesthetic,Vlog,true,yes,,https://www.tiktok.com/@mayufine/video/7650249830236769550
ducks,rubber duck,2026-06-11,2026-10-01,mainstreetorlando,Josi,11200,515,5,97,All of the Disney Rubber Ducks!! 🐤✨🫧 📍World of Disney at Disney Springs #rubberducky #disneymerch #disney #disneysprings #fyp,"A creator records a quick-paced walkthrough of the Disney character rubber ducks available at World of Disney in Disney Springs, highlighting fourteen different character designs priced at $5 each.",All of the Disney Rubber Ducks!! 🐤✨🫧 📍World of Disney at Disney Springs #rubberducky #disneymerch #disney #disneysprings #fyp,Raw UGC,Haul,false,yes,,https://www.tiktok.com/@mainstreetorlando/video/7650176170834595086
patches,patches,2026-06-11,2026-10-01,alphapatchesgo,Patches-Alpha🎀,307,3,1,,#characterpatches #p#patchesd#diyf#fypi#irononpatches,"A 14-slide visual showcase of embroidered pop culture patches organized by franchise in transparent storage boxes, targeting DIY enthusiasts and fans of Snoopy, Hello Kitty, Disney, Harry Potter, Stitch, One Piece, and Demon Slayer.",Characters patches,Raw UGC,Haul,true,yes,,https://www.tiktok.com/@alphapatchesgo/video/7650104992325455118
ducks,rubber duck,2026-06-11,2026-10-01,the.worldai,the.worldai,282600,2554,53,141,"Driver barely escapes… and the truck hits the river — then the water turns into a SEA of rubber ducks 🦆

From panic to comedy in one splash.

#wtf #rubberducks #viral #accident #reels","A dramatic TikTok video capturing a real semi-truck accident where a driver narrowly escapes before the truck falls off a bridge, only for the cargo to explode into a massive sea of rubber ducks.",,Raw UGC,Meme,false,yes,,https://www.tiktok.com/@the.worldai/video/7650007820464590087
watches,watch collection,2026-06-10,2026-10-01,watchcash,Watchcash,132500,5264,43,38,"From Cartier to AP, Miami’s finest wrist game on display. 🔥⌚ 

Which watch are you picking?

#Rolex #Cartier #AudemarsPiguet #LuxuryWatches #WatchCollection #MiamiWatches #WatchFam #WatchCollector #M","A fast-paced street interview video in Miami where various individuals showcase their luxury watches—including Cartier, Audemars Piguet, Rolex, and Bell & Ross—and discuss their market values, capped with an engagement prompt for viewers.","Watchcash logo on mic flag, green text overlays naming watch models and prices (Cartier, AP, Rolex TwoTone Submariner, Bell & Ross BR-03, Rolex Datejust 41, $20,000, $32,000, 55, $18k)",Raw UGC,Interviews,true,yes,,https://www.tiktok.com/@watchcash/video/7649898438900960519
patches,patch collection,2026-06-10,2026-10-01,patches_across_america,Patches Across America,6554,329,111,7,Putting patches on the wall day 1. United States Capitol Police  #foryoupage #trending #police #policepatch #collection,"A TikTok creator documents day 1 of adding patches to their collection wall, specifically highlighting the acquisition of an official patch and letter from the United States Capitol Police, while engaging the audience for future department suggestions.","Putting Patches On The Wall Day 1. / Today We Got The United States Capitol Police / May 26, 2026 / UNITED STATES CAPITOL POLICE WASHINGTON, DC 20510-7218 / Phone: 202-224-8191 / Thank you for contacting the United States Capitol Police (USCP), and for your interest in our Department. Enclosed please find a USCP patch for your collection. The USCP has proudly protected the U.S. Capitol since 1828. Our Mission: Protect the Congress - its Members, employees, visitors, and facilities - so it can fulfill its constitutional and legislative responsibilities in a safe, secure and open environment. Best wishes, United States Capitol Police / What Department Should I Email Next? / Put Your Suggestions In The Comment / Follow For Day 2!",Raw UGC,Vlog,false,yes,,https://www.tiktok.com/@patches_across_america/video/7649866155355639071
watches,luxury watches,2026-06-10,2026-10-01,nicovanderhorst,Nico Leonard,254000,12000,40,121,"Best watch for under $15K

#watches #fyp #Luxury","Luxury watch expert Nico Leonard outlines his top recommendations for timepieces under fifteen thousand dollars, highlighting models like the Omega Speedmaster, Tudor Black Bay Pro, and pre-owned Chopard while emphasizing second-hand value.","1700 PACIFIC AVENUE, $15,000, FOUR, SPEEDMASTER, HAS TO BE, A GMT WATCH, THE TUDOR, BLACK BAY PRO, AFFORDABLE, WELL, RELATIVE TERM, AS A DRESS, I WOULD SAY, A PRE-OWNED, CHOPARD, THE ONLY BIG, THAT MAKES, PICK THEM UP, 60%, RETAIL PRICE, $5,000",Polished Creator,Review,false,yes,,https://www.tiktok.com/@nicovanderhorst/video/7649022111096343830
coins,coin collecting,2026-06-10,2026-10-01,thecoinchannel,Eric Miller,125800,7589,426,975,THE FIRST ONE EVER HAS BEEN FOUND!!! #coin ##coins #treasurehunt #collecting,"Creator Eric Miller announces and proves the discovery of the first ever certified 1966 silver Washington quarter error coin, currently valued at over $21,000 in an active auction, establishing high authority in the coin collecting niche.","THE FIRST ONE EVER HAS BEEN FOUND!!!; Mint Error PCGS AU53 Struck on Silver 25C Planchet E5879.53/61276986; Current Bid $21,000; Unique 1966 Washington Quarter Struck on 90% Silver Planchet",Polished Creator,Tutorial,false,yes,,https://www.tiktok.com/@thecoinchannel/video/7649771206664588574
coins,silver coins,2026-06-10,2026-10-01,goldknoxjewelryandcoin,goldknoxjewelryandcoin,133200,4040,912,272,"A 1964 coin could buy you a decent lunch back then… and believe it or not, it still can today.

That’s the difference between real silver and regular change. Pre-1965 dimes, quarters, and half dollars","A coin shop owner in Pasadena explains how pre-1965 silver quarters retain significant melt value exceeding their face value, using a 1964 quarter as an educational hook.","THIS QUARTER COULD BUY YOU A DECENT LUNCH, REAL MONEY, THIS COIN, 1964 SILVER QUARTER, WOULD BUY YOU A DECENT LUNCH BACK THEN, AND TODAY THIS COIN WILL BUY YOU A DECENT LUNCH, 1964 90% SILVER QUARTER $15 MELT VALUE, GOLD KNOX JEWELRY & COIN EXCHANGE PASADENA",Polished Creator,Tutorial,true,yes,,https://www.tiktok.com/@goldknoxjewelryandcoin/video/7649672183739927822
ducks,yellow rubber duck,2026-06-09,2026-10-01,millionairemamacita,millionairemamacita,1119,24,,6,"Italy has Duck Boutiques
#Italy #duckstore #rubberduck #italytravel","A short travel vlog clip showcasing the interior of a specialty rubber duck boutique in Italy, highlighting rows of creatively themed novelty ducks on illuminated shelves while playing an upbeat cover of Blink-182's All The Small Things.",DUCK BOUTIQUE; LOUR QUACK; STAR; CAMEL SACKS,Raw UGC,Vlog,false,yes,,https://www.tiktok.com/@millionairemamacita/video/7649419624961920270
patches,iron on patches,2026-06-09,2026-10-01,crafternoondelights,Crafternoon Delights,935,29,,8,Patch my tote bag with me! 🌈 I’ll be patching things all summer long… #patchedtotebag #irononpatches #patchedbag #diytotebags #craftworkshopsuk,"A lifestyle creator shares a relaxing, aesthetic DIY tutorial on customizing a canvas tote bag with embroidered iron-on patches, aimed at craft and summer lifestyle enthusiasts.",DIY CUSTOM TOTE BAG; FRANCE; LEAVE IT BETTER THAN YOU FOUND IT; HAPPY CAMPER; GAME DAY; MAY YOUR COFFEE KICK IN BEFORE REALITY DOES; RAISING HELL HIPPIES AND THE COWBOYS; IF CRABBY Return to the Beach,Raw UGC,Tutorial,true,yes,,https://www.tiktok.com/@crafternoondelights/video/7649386315141680406
watches,vintage watches,2026-06-07,2026-10-01,bunbunoclock,🌻bunbunoclock🌻,16900,1321,9,73,"I’m right here you guys! Link in bio or www.bunbunoclock.com

#vintagejewelry #watchcollection #jewelryinspo #summer #whimsical","An aesthetically pleasing showcase of rare vintage floral watches and jewelry targeted at the vintage community on TikTok, directing viewers to the creator's shop.",Posting this so all the vintage girlies can find my account this summer 98° ˚ ༘♡ ⋆｡˚; 170 FIFTY-FOUR FORTY ... the shoe which was left on the other one-and found nothing in it! ... granted this one...,Curated Aesthetic,Aesthetic,true,yes,,https://www.tiktok.com/@bunbunoclock/video/7648714032953789709
coins,rare coins,2026-06-07,2026-10-01,oldcoin.secrets,OldCoin Secrets,29900,762,162,141,"This 1989 Lincoln Penny Could Be Worth $7,100! Rare Coin Hidden Treasure Revealed

#1989LincolnPenny #numismatics #tiktokusa #finance  #RareCoins","A numismatic short-form video by OldCoin Secrets explains how a pristine 1989 Lincoln penny can be worth up to $7,100, encouraging viewers to check their everyday spare change for rare, high-grade specimens.","$7,100.00; UNITED STATES OF AMERICA; E PLURIBUS UNUM; ONE CENT; IN GOD WE TRUST; LIBERTY; 1989; NUMISMATIC GRADED",Polished Creator,Tutorial,false,yes,,https://www.tiktok.com/@oldcoin.secrets/video/7648695318778842399
watches,watch collection,2026-06-07,2026-10-01,streamingextras,streamingextras,8170,82,5,8,#n3on #tomholland #watchcollection #expensivewatch #fyp,"A short-form video clip capturing a celebrity showing a 20-million-dollar Jacob and Co. yellow diamond watch to content creator N3on, emphasizing extreme luxury and celebrity proximity.",Tom holland shows N3on the most expensive watch in the world 😳,Raw UGC,Vlog,false,yes,,https://www.tiktok.com/@streamingextras/video/7648633046689729823
coins,(not in thumbnail),2026-06-07,2026-10-01,bigwillewill,BigWilleWill,8501,234,9,5,7 coins in 1 roll while hunting for rare coins! You don’t see that everyday! #coins #rarecoins #australiancoins #unboxing #coincollecting,,,,,,no,,https://www.tiktok.com/@bigwillewill/video/7648576655023295765
coins,coin collecting,2026-06-07,2026-10-01,heribase,HeriBase,5860,120,9,20,"Scan Your Old Coins On Heribase To Sell For Cash.
#oldcoins #treasurefinds #rarecoins #treasurehunt #coincollecting #penny #coins #bills #coinvalue #numismatics #coin #dime #Washington #Lincoln #gold ","A fast-paced promotional video for the HeriBase coin-scanning app, demonstrating how users can scan vintage US coins like nickels and dimes to instantly appraise their value and sell them for cash, highlighted by eye-catching six-figure valuation claims.","Scan Your Old Coins On Heribase To Sell For Cash; USA, 5 cents Jefferson Nickel; ESTIMATED PRICE $2,164.00; Country: USA; Denomination: 5 cents; Years of Minting: 1942; Period: 1942-1970; USA, 1937-D Buffalo Nickel; ESTIMATED PRICE $2,150.00; Years of Minting: 1937; Period: 1937-1960; USA, 1916-D Mercury Dime; ESTIMATED PRICE $207,000; Denomination: 10 cents; Years of Minting: 1916; Period: 1916-1950; Sell it; Sold; Reference Price; USD $253.26; Heribase @heribase; 279 Following; 160.7K Followers; 1.2M Likes; USA 253 cents Washington Quarter 1974; 1996-W Roosevelt Dime",Polished Creator,Tutorial,true,yes,,https://www.tiktok.com/@heribase/video/7647849657128815885
ducks,rubber duck,2026-06-05,2026-10-01,mrwizard789,MrWizard,91600,699,34,33,"Little Girl’s Rubber Duck Falls Into the Fountain, Then a Golden Retriever Jumps In and Brings It Back to Her#dog","A heartwarming viral clip capturing a golden retriever jumping into a public fountain to retrieve a little girl's fallen rubber duck, sparking pure joy and applause from bystanders.","Little Girl's Rubber Duck Falls Into the Fountain, Then a Golden Retriever Jumps In and Brings It Back to Her",Raw UGC,Meme,false,yes,,https://www.tiktok.com/@mrwizard789/video/7647786358538390815
patches,iron on patches,2026-06-04,2026-10-01,kimberlyj_king,Kimberly / mom + lifestyle,424700,21200,77,7728,Girls night craft - DIY tote bags ✨🛥️👜 everything I used is in my Amazon under “crafts” #easycrafts #diy #girlsnight #summer #craftideas girls night summer craft ideas cute easy iron on patch tote b,"A lifestyle creator shares a step-by-step tutorial for customizing a canvas tote bag with embroidered patches and handmade beaded bag charms, targeting moms and crafters with an Amazon affiliate call-to-action.",👜✨🧺 your next girls night craft; I say idk a lot but trust me I knowin; BRING ME Alani AND TELL ME I'M PRETTY; treat people with kindness; Today's good mood sponsored by Jesus; you can do hard things; touchland power mist,Polished Creator,Tutorial,true,yes,,https://www.tiktok.com/@kimberlyj_king/video/7647569413641686285
coins,rare coins,2026-06-03,2026-10-01,oldcoin.secrets,OldCoin Secrets,46400,1198,132,348,"This 1943-D Steel Wheat Cent Could Be Worth $8,500! Rare Wartime Coin Hidden Treasure Revealed

#1943DSteelCent #SteelWheatCent #LincolnPenny #RareCoins #WheatPenny","A numismatic short-form video by OldCoin Secrets explaining the history and potential value of the 1943-D steel wheat cent, utilizing extreme macro videography and high-value valuation claims to engage coin collectors.","$500,000.00; IT LOOKS LIKE; STEEL PENNIES; BUT THIS; TINY COIN; COULD QUIETLY BE WORTH; ENOUGH TO BUY A; LUXURY HOUSE; MOST PEOPLE OVERLOOK IT; UNAWARE; THAT RARE; COINS FROM; WARTIME; AMERICA HAVE; TURNED EVERYDAY; CHANGE INTO; HIDDEN TREASURES; COULD THIS; UNASSUMING PENNY BE; THE ONE THAT CHANGES; SOMEONE'S LIFE; AND THEIR DREAM HOME; THIS IS THE; 1943 D; STEEL WHEAT CENT; ON THE FRONT; YOU'LL SEE THE; ICONIC; PORTRAIT OF; ABRAHAM; LINCOLN; WHILE ON THE; BACK; THE CLASSIC; WHEAT EARS; DESIGN; PROUDLY; DISPLAYS THE WORDS; ONE CENT; ONE OF THE MOST FAMOUS; DESIGNS IN; US COIN; HISTORY; BUT HERE'S WHERE; THINGS GET; INTERESTING; DURING WORLD; WAR 2; COPPER WAS; NEEDED FOR THE; WAR EFFORT; SO THE; US MINT; PRODUCED; PENNIES USING; STEEL COATED; WITH ZINC; INSTEAD OF; COPPER; THAT'S WHAT; MAKES THE; 1943; STEEL CENT SO; UNIQUE; AND HISTORICALLY; IMPORTANT; THE D; MINT MARK; SHOWS; IT WAS; STRUCK IN; DENVER; AND WHILE; MILLIONS WERE; PRODUCED; MOST OF THEM BECAME; SCRATCHED; RUSTED OR; LOST THEIR; ORIGINAL SHINE; OVER TIME; HOWEVER; A SMALL NUMBER; SURVIVED IN; EXCELLENT; CONDITION; STILL SHOWING; STRONG DETAILS AND; ORIGINAL; LUSTER; THESE WELL; PRESERVED; EXAMPLES ARE; THE ONES; COLLECTORS; SEARCH FOR; TODAY; EXPERTS; CAREFULLY; EXAMINE; EVERY DETAIL; FROM LINCOLN'S; PORTRAIT; TO THE WHEAT STALKS; AND THE COIN; SURFACE QUALITY; EVEN SMALL; DIFFERENCES IN; CONDITION; OR RARE; MINT ERRORS; CAN AFFECT; ITS VALUE; THAT'S WHY; HIGH GRADE; EXAMPLES; OF THE; 1943 D; STEEL WHEAT; CENT",Polished Creator,Documentary,false,yes,,https://www.tiktok.com/@oldcoin.secrets/video/7647214746210405663
watches,watch collection,2026-06-02,2026-10-01,rexilexi_2,Alexis Cylena,1400000,138600,4299,5418,He is their #1 fan 🤣 #WatchCollection #BeNice #invicta #lol @treilain1 @INVICTA ORIGINAL @Invicta Racing,"A TikTok video featuring a woman opening a yellow Invicta protective tool case to reveal her fiancé's diverse watch collection, while he narrates the details and history of each piece with playful enthusiasm.",My fiancé's watch collection 🤣🤣,Raw UGC,Vlog,false,yes,,https://www.tiktok.com/@rexilexi_2/video/7646951489616809230
watches,watch collection,2026-06-02,2026-10-01,plutojjosh,Wrist Check Josh,455600,44500,203,3810,Beat the game 👀 #wristcheckjosh #watchesoftikok #viraltiktok #collection #fyp,"A high-impact luxury watch flex video by creator 'Wrist Check Josh', showcasing a massive collection of fifteen elite timepieces housed in a custom designer travel case.",,Polished Creator,Flex,false,yes,,https://www.tiktok.com/@plutojjosh/video/7646866956988992799
watches,vintage watches,2026-06-01,2026-10-01,megankothari,Megan | Founder @ AARYAH,8937,152,7,12,I love love my Piaget polo vintage watch. She’s so pretty and took almost half a year to service!,"A fashion founder and watch enthusiast casually shares her favorite vintage gold Piaget Polo watch, explaining how long it took to service and how she styles it with her brand's bracelets for the summer.",,Raw UGC,Vlog,true,yes,,https://www.tiktok.com/@megankothari/video/7646575523535031565
watches,luxury watches,2026-06-01,2026-10-01,lucywatches.official,lucywatches.official,1700000,85300,381,4305,"""A series of beautiful watches every day - Today, I invite you to join me in unboxing a very famous Submariner """"HULK"""" on the market.....""

#lucytimepieces #collections #timpieces #watch #luxurycolle","A polished silent unboxing video showcasing the iconic Rolex Submariner 'Hulk' watch, designed to appeal to luxury watch collectors and enthusiasts through tactile ASMR-style presentation.","ROLEX on box and dial, SUBMARINER, OYSTER PERPETUAL, SUPERLATIVE CHRONOMETER OFFICIALLY CERTIFIED",Polished Creator,Unboxing,true,yes,,https://www.tiktok.com/@lucywatches.official/video/7646374769255795988
coins,rare coins,2026-05-31,2026-10-01,coinhunteruk_usa,Coin Hunter UK & USA,21000,1120,64,282,"The 4 Ultra-Rare USA Coins From 1960 to 1971 You Should Never Spend! 🚨
Check your pocket change immediately for these four legendary USA coins! In this ultimate coin hunt breakdown, we are unmasking ","A coin collecting creator uses a macro POV video to highlight four specific US Lincoln Memorial penny years (1960-D, 1964, 1968-D, 1971-S) that feature valuable mint errors, encouraging viewers to check their pocket change and follow for more tips.",LOOK CLOSELY AT THESE FOUR ORDINARY LOOKING PENNIES ON MY SCREEN ONE OF THESE COULD ACTUALLY PAY FOR YOUR NEXT VACATION AND NOBODY IS TALKING ABOUT IT IF YOU WANT TO KNOW WHICH POCKET CHANGE CAN MAKE YOU RICH FOLLOW 1960 D LINCOLN MEMORIAL PENNY IN THIS EXACT YEAR THE US MINT MADE A MASSIVE MISTAKE WITH THE DATE SIZE THERE ARE LARGE DATE AND SMALL DATE VARIETIES BUT HERE IS THE REAL SECRET LOOK FOR A D OVER D RPM ERROR WHERE THE MINT MARK WAS STAMPED TWICE AN UNCIRCULATED 1960 PENNY WITH A MAJOR REPUNCHED MINT MARK CAN SHOOT UP FROM A FEW CENTS TO HUNDREDS OF DOLLARS AT AUCTION NEXT WE HAVE THE 1964 PENNY THIS WAS A MASSIVE TRANSITION YEAR FOR US CURRENCY AND BILLIONS WERE MINTED BECAUSE PRODUCTION WAS RUSHED INCREDIBLE ERRORS SLIPPED THROUGH CHECK THE WORD LIBERTY AND THE DATE VERY CLOSELY UNDER A MAGNIFIER IF YOU FIND A DOUBLE DIE OVERSE DDO WHERE THE LETTERS LOOK DOUBLED YOU ARE NOT LOOKING AT ONE CENT ANYMORE YOU ARE LOOKING AT A COLLECTOR'S JACKPOT MOVING ON TO THE 1968 D PENNY THIS COIN IS OVER 50 YEARS OLD WHILE NORMAL ONES ARE COMMON ERROR COLLECTORS HUNT DOWN THE 1968 D DOUBLE MINT MARK AND DRAMATIC REPUNCH DS ALSO KEEP AN EYE OUT FOR A FLOATING ROOF ERROR ON THE BACK WHERE THE DESIGN FADED OUT A HIGH GRADE ERROR FROM 1968 IS AN ABSOULTE PRIZE FOR ANY COIN HUNTER FINALLY LOOK AT THE BOTTOM COIN THE 1971 WITH AN S MINT MARK FROM SAN FRANCISCO S MINT PENNIES FROM THIS ERA ARE HIGHLY SOUGHT AFTER BUT WAIT CHECK THE FRONT FOR THE FAMOUS 1971 S DOUBLE DIE ERROR IF THE INS,Polished Creator,Tutorial,false,yes,,https://www.tiktok.com/@coinhunteruk_usa/video/7645909956025257238
coins,(not in thumbnail),2026-05-31,2026-10-01,user8485827284904,RobFindsTreasure,980,17,,,"""Opening The Bank Rolls
What Will We Find In These Rolls? 🔍
#coinrollhunting #bankrolls #money #rarecoins #treasurehunt""",,,,,,no,,https://www.tiktok.com/@user8485827284904/video/7646177393652059405
patches,patch collection,2026-05-28,2026-10-01,glamchasyn,GlamChasyn Boutique,5276,151,14,9,I get asked often do I sell patches or where I get them from….well you can definitely get yours from me. I have a private FB group (link in bio) and they will be available on my website. www.GlamChasy,A TikTok post by GlamChasyn Boutique addressing customer inquiries about patch sourcing by showcasing a large inventory of custom patches and directing viewers to a private Facebook group and website.,Y'all: where do you get your patches?? Me....ME 😜 (join my fb group); HOME DEALER; BOOK LOVER; Rooting for myself; STILL TRUST GOD I DON'T PLAY ABOUT ME; I MAKE A DIFFERENCE,Raw UGC,Haul,true,yes,,https://www.tiktok.com/@glamchasyn/video/7645073534351428894
coins,silver coins,2026-05-28,2026-10-01,buccaneerblake,BuccaneerBlake,412300,25100,260,487,"I’ve told you guys a million times how special these things are.

From the moment they were minted over 400 years ago, then sinking in a shipwreck in 1622, then being found by Mel Fishers Crew in 2026","Creator BuccaneerBlake shares an excited update from a boat off Key West, showing off a 400-year-old silver coin recovered from the Atocha shipwreck.",Four hundred years ago a Spanish galleon called the Atocha was sailing through these seas off Key West to return to Spain with thousands and thousands of these silver bars untold amounts of gold and we just found this one today It spent the last almost 404 years on the bottom of the ocean This is history right here I can't wait to see what this looks like cleaned up This is a silver coin they always look like this when we find them Silver coins get encrusted under time underwater and these have been underwater for over 400 years We're gonna get these cleaned up and I can't wait to show you guys what this looks like Let's go today is the day,Raw UGC,Vlog,false,yes,,https://www.tiktok.com/@buccaneerblake/video/7645070399650368799
watches,vintage watches,2026-05-28,2026-10-01,fashionbytamar,FashionByTamar,31000,692,16,86,my dreammmm watch ✨ #vintagewatch #cartierwatch #vintagecartierwatch #cartiersantos #fyp,"A short, aesthetic TikTok POV video by creator FashionByTamar showcasing a coveted vintage gold Cartier watch with diamond details, accompanied by a breathless whispered reaction expressing awe and perfection.",pov you finally found your dream vintage watch,Curated Aesthetic,Aesthetic,false,yes,,https://www.tiktok.com/@fashionbytamar/video/7645038139072957709
patches,patch collection,2026-05-28,2026-10-01,juliayuro,julia___faith,6000000,298900,1110,13000,Patches from @PeaceOutSkincare #ocd #skinpickingdisorder #dermatillomania #accutanejourney #pimplepatchremoval,"Creator Julia Faith films a quiet, whispered vlog removing pimple patches from her face while discussing her skin healing process and struggles with dermatillomania, building deep authenticity and community connection.",remove my pimple patches,Raw UGC,Vlog,true,yes,possible off-topic,https://www.tiktok.com/@juliayuro/video/7644915818765012254
coins,silver coins,2026-05-27,2026-10-01,user8485827284904,RobFindsTreasure,771,16,,,"""How To Spot Silver! 🪙

Mastering The Coin Hunt Technique! 🔍

#silverhunting #tips #coins #learning #skills""","A creator demonstrates coin roll hunting techniques for half-dollar coins, explaining specific year ranges and silver percentages for beginners.","How To Spot Silver! 🪙 
Mastering The Coin Hunt Technique! 🔍 
$10 HALF HALVES 
IN GOD WE TRUST 
LIBERTY 
2023",Polished Creator,Tutorial,false,yes,,https://www.tiktok.com/@user8485827284904/video/7644711556244049166
watches,watches,2026-05-27,2026-10-01,connorxmc,Connorxmc,347300,12400,44,412,"8 watches you need to have in your summer rotation ♻️ ⌚️ 
.
.
#menswatches #watches #mensfashion #mensaccessories #mensjewellery","A visually polished TikTok video by creator Connorxmc showcasing eight affordable summer watches, featuring popular accessible models like the Tissot PRX and Timex x Margiela presented through clean POV wrist shots and an organized watch box.",8 AFFORDABLE WATCHES TO OWN; TISSOT PRX Powermatic 80; About Vintage 86 1904 Chronograph; Timex x Margiela T80 34mm,Curated Aesthetic,Tutorial,false,yes,,https://www.tiktok.com/@connorxmc/video/7644646679072886038
coins,silver coins,2026-05-26,2026-10-01,365_days_of_silver,365 Days of Silver,13600,179,6,9,"Gloves on or off? It's a personal preference for handling silver. Some coins need protection, but enjoying the feel of real wealth in hand is unbeatable. #SilverCollecting #StackingSilver #CoinCollect","A silver stacking creator discusses the debate around wearing gloves when handling precious metals, arguing that while proof coins need protection, ordinary bullion is best enjoyed bare-handed for the tactile experience of real wealth.","365 DAYS OF SILVER, CANADA 9999 ARGENT PUR 1 OZ, 5 DOLLARS, ELIZABETH II D G REGINA, THE CORONATION OF KING CHARLES III, ROYAL DRAGON 2026",Raw UGC,Opinion,false,yes,,https://www.tiktok.com/@365_days_of_silver/video/7644212416498257185
coins,silver coins,2026-05-26,2026-10-01,marengjennjewelry,MARENG JENN,113100,2356,492,395,Liberty coins coins #silvercoins 1969,"A jewelry and coin shop creator demonstrates specific vintage US silver coins minted in 1964 and earlier, explaining their 90% silver content and inviting viewers to sell similar pieces to her shop.",GANITO URI NG COINS NA MAY VALUE!!; 1969; LIBERTY; IN GOD WE TRUST; 1944; 1940; 1949; UNITED STATES OF AMERICA; HALF DOLLAR; QUARTER DOLLAR; DIME; E PLURIBUS UNUM,Raw UGC,Tutorial,true,yes,,https://www.tiktok.com/@marengjennjewelry/video/7644040013746851079
coins,rare coins,2026-05-25,2026-10-01,thecoinchannel888,Thecoinchannel,235400,7942,215,1901,That old quarter could be worth big money 🪙 #quarter #learnontiktok #coinerrors #rarecoins,"A coin collecting creator explains how to identify a rare doubled-die 1776-1976 D Bicentennial quarter worth $1,500 to $1,800, using macro footage of a follower's certified coin and comparison graphics.","a $1500 Bicentennial quarter was just found; also known as the Drummer Boy Quarter; this is one that everyone holds on to; NORMAL QUARTER DESIGN; 1976-D, QUARTER CONECA DDO-010 FS-101 VERY SLIGHT DOUBLING ON MOTTO; 1776-1976 D DDO 25C FS-101 MS 64 6925704-001 NUMISMATIC GUARANTY COMPANY NGC",Polished Creator,Tutorial,false,yes,,https://www.tiktok.com/@thecoinchannel888/video/7643834282347187469
watches,vintage watches,2026-05-25,2026-10-01,vicalsx,vicalsx,2615,46,4,4,This Tuesday 5/26 at 7 pm est huge women’s vintage watch showwww eeee I am so excited! Whatnot : @ vicals #whatnot #whatnotseller #vintagewatch,A small business vintage watch reseller uses smooth overhead aesthetic B-roll and an enthusiastic voiceover to announce a major live shopping event on Whatnot featuring over 50 curated women's vintage watches.,"If you are a lover of vintage watches, especially gold, dainty women's vintage watches, this is your sign, stop scrolling. Follow me on whatnot. This Tuesday, May 26th at seven PM Eastern, I'm doing a huge women's vintage watch show with over 50 watches. Link in bio.",Curated Aesthetic,Haul,true,yes,,https://www.tiktok.com/@vicalsx/video/7643638213206215950
coins,silver coins,2026-05-23,2026-10-01,coinbucket,Audrey | Coinbucket,56400,246,26,18,I had fun with this one :) #makeup #silvereagle #silver #coincollection #coins,"A coin creator named Audrey posts a quick transformation transition video on TikTok, moving from a casual home look to a glamorous, sparkly outfit while showing off a silver coin.",,Raw UGC,Meme,false,yes,,https://www.tiktok.com/@coinbucket/video/7642881060640017695
patches,iron on patches,2026-05-23,2026-10-01,patchesgoalpha,PatchesGoAlpha-Jade,1942,14,2,1,Big patches for bags ❤️#patches #irononpatches #stitch #sanrio #kuromi,"A short, upbeat product showcase featuring oversized sequin and chenille patches of popular characters like Stitch, Bluey, and Kuromi, targeted at DIY crafters and bag customizers.",Big size of character patches,Raw UGC,Haul,true,yes,,https://www.tiktok.com/@patchesgoalpha/video/7642877463109848350
ducks,rubber duck,2026-05-22,2026-10-01,bobbaxstyle,-ˋˏ🫧𝐁𝐔𝐁𝐁𝐋𝐄🫧˚⊹ ˎˊ-,1200000,191100,7824,6286,NO BUT FR…#adoptme #adoptmeroblox #adoptmenewupdate #adoptmenewpet #rubberducky,"A Roblox Adopt Me content creator posts a short comparison video arguing that the newly released ducky pet variants are cuter than the original designs, backed by upbeat music and fast-paced visual cuts.",Why are the ducky versions WAY CUTER THAN THE ORIGINALS,Raw UGC,Meme,false,yes,possible off-topic,https://www.tiktok.com/@bobbaxstyle/video/7642763548468235553
ducks,rubber duck,2026-05-22,2026-10-01,bobbaxstyle,-ˋˏ🫧𝐁𝐔𝐁𝐁𝐋𝐄🫧˚⊹ ˎˊ-,295600,43300,1145,1430,They are soo cute🥺#adoptme #adoptmeroblox #adoptmenewupdate #adoptmenewpet #rubberducky,"A short Roblox Adopt Me gameplay clip showcasing different color variations for the newly released rubber duck pet, set to catchy background music and paired with descriptive on-screen text.",Colouring ideas for your rubber duck!; 0X2A1J; OBOC1J; OSOZ1J; OJ2E1J,Raw UGC,Vlog,false,yes,possible off-topic,https://www.tiktok.com/@bobbaxstyle/video/7642746983190433056
patches,iron on patches,2026-05-22,2026-10-01,gift_heaven0,GiftHeaven,26100,2754,13,303,Together Together  prep but make it DIY 💋🪩#togethertogether #kattdo #harrystylesconcert #concertoutfit #irononpatches,"A quick DIY crafting tutorial demonstrating how to customize satin neckties with iron-on rhinestone and chenille patches for concert outfits, set to upbeat music.",KISS ALL THE TIME. DISCO CASIONALLY. RESPECT YOUR MOTHER; HOT SURFACES,Raw UGC,Tutorial,true,yes,,https://www.tiktok.com/@gift_heaven0/video/7642744785366699286
ducks,rubber duck,2026-05-22,2026-10-01,playadoptme,Adopt Me!,2400000,293700,7834,29800,"Everything you need to know about 🦆 Stormy Ducky Drama! 🦆
🎁 Open a Rubber Ducky Box!
🦄 Adopt one of 4 pet-themed Duckies!
💸 Find ducks to earn Bucks! #robloxadoptme","An official Roblox Adopt Me tutorial video explaining the Stormy Ducky Drama update, detailing how to find scared rubber duckies using quacking alarms, return them to Chad Brad's duck truck for Bucks, buy Ducky Boxes for 500 Bucks, and review pet adoption probabilities alongside the premium 99 Robux Shadow Dragon Ducky.",Everything you need to know about 🦆 Stormy Ducky Drama! 🦆; 🎁 Open a Rubber Ducky Box!; 🦄 Adopt one of 4 pet-themed Duckies!; 💸 Find ducks to earn Bucks!; RUBBER DUCKIES HAVE TAKEN OVER ADOPTION ISLAND; BUT THE CONSTANT THUNDER AND LIGHTNING KEEPS SCARING THEM; QUACK QUACK! SOUND THE ALARMS!; THEY'LL BE ATTRACTED TO ONE OF THE BIG QUACKING ALARMS; 2/3 ANIMALS FOUND!; AND SEND THEM BACK HOME TO CHAD BRAD'S DUCK TRUCK FOR BUCKS; THEN YOU CAN BUY THE RUBBER DUCKY BOX FOR 500 BUCKS; YOU'LL HAVE AN 82.5% CHANCE TO ADOPT THE COMMON RUBBER DUCKY; A 12% CHANCE TO ADOPT THE RARE GLYPTODON DUCKY; A 5% CHANCE TO ADOPT THE ULTRA RARE UNICORN DUCKY; AND A 0.5% CHANCE TO ADOPT THE LEGENDARY SHORTCAKE DUCKY; AND THERE'S ONE MORE ULTRA RARE DUCKY FOR YOU TO ADOPT; THAT'S THE SHADOW DRAGON DUCKY FOR 99 ROBUX; Rubber Ducky: 82.5%; Glyptodon Ducky: 12%; Unicorn Ducky: 5%; Strawberry Shortcake Ducky: 0.5%; AM!,Polished Creator,Tutorial,true,yes,possible off-topic,https://www.tiktok.com/@playadoptme/video/7642733118218128673
patches,patches,2026-05-22,2026-10-01,mmair.bear,mmair.bear,3872,422,1,4,"Making patches!😼with transfer paper 📄  
For a more detailed tutorial check out my other patches making videos!🤗

#patches #diy #crafting #fypシ゚viral #fyppppppppppppppppppppppp","A short, aesthetically pleasing DIY tutorial demonstrating how to make custom horror-themed fabric patches using transfer paper and an iron, created by user mmair.bear for TikTok.",Let's make patches; Using transfer sheets; Done,Raw UGC,Tutorial,false,yes,,https://www.tiktok.com/@mmair.bear/video/7642588207195917599
watches,watch collection,2026-05-22,2026-10-01,the.watch.chronic,Andy’s Watches,527000,52700,844,1009,My Current Watch Collection #fypシ゚viral #andyswatches #trending #watchesoftikok #watchcollection,"A watch creator delivers an extensive, detailed walkthrough of his entire watch collection, split between gifted pieces from followers and brands, and watches he purchased himself.",My Current Watch Collection,Raw UGC,Collection,false,yes,,https://www.tiktok.com/@the.watch.chronic/video/7642581183699619086
watches,vintage watches,2026-05-21,2026-10-01,watchmebabe_,watchmebabe,2947,172,1,11,The kind of collection you dream about #vintagewatch #fashioninspo #daintywatch #musthaves #thrift,"A visually hypnotic TikTok showcasing an extensive, impeccably organized collection of vintage women's watches housed in a white velvet display case, designed to inspire fashion enthusiasts and vintage collectors.",The kind of collection you dream about #vintagewatch #fashioninspo #daintywatch #musthaves #thrift,Curated Aesthetic,Aesthetic,false,yes,,https://www.tiktok.com/@watchmebabe_/video/7642460696382377246
patches,patch collection,2026-05-21,2026-10-01,patchcollection,Patch Collection,27300,8300,22,179,"Eid dinner starts and the patches start speaking for you InshaAllah-ing, Bismillah-ing, and Astaghfirullah-ing our way through every family function. ✨😭

#eid #muslimhumor #eidfit IslamicPatches Hija",A small business video utilizing relatable Muslim family holiday humor to promote novelty embroidered patches designed for Eid gift-giving and social defense against intrusive relatives.,NEW EID PATCHES; MA SHA ALLAH; IN SHA ALLAH; ASTAGHFIRULLAH; TOO HERE FOR MY TIKTOK IT AND TOO HARAM FOR MY HALAL FRIENDS; PATCHCOLLECTION.COM,Raw UGC,Tutorial,true,yes,,https://www.tiktok.com/@patchcollection/video/7642431257669946638
watches,vintage watches,2026-05-21,2026-10-01,tdbjewellery,TDBJewellery,89900,1238,22,293,"Just me and my vintage Rolex against the world 🤩🌍✨

This lovely little 1979 vintage DateJust 26mm is available now 

#ladiesrolex #womensrolex #goldrolex #rolexwatches #rolexwatch","A short, aesthetically polished TikTok video by a jewelry account showcasing a 1979 vintage gold Rolex DateJust 26mm being modeled on the wrist and unboxed from a green velvet pouch, accompanied by dreamy instrumental music and luxury hashtags.",Just me and my vintage Rolex against the world; ROLÉX,Polished Creator,Haul,true,yes,,https://www.tiktok.com/@tdbjewellery/video/7642322608972680470
coins,rare coins,2026-05-21,2026-10-01,c0inbuyer6,Coin buyer,285000,2700,343,843,#germany #euro #2 #rare #coins,"A short TikTok video showcasing a German 2002 2 Euro coin with a D mint mark, claiming an exorbitant value of 2500 euros to drive viewer curiosity and engagement.",Germany 2002 2 Euro; Letter D; 2500 €,Raw UGC,Inform,true,yes,,https://www.tiktok.com/@c0inbuyer6/video/7642317299273272597
watches,vintage watches,2026-05-21,2026-10-01,krios.vintagewatch,Krios Vintage Watch 🇸🇬,73600,3481,25,305,"POV: you didn’t fall for the AP × Swatch hype.

If you’re a fan of Royal Oak-like designs, dodge the plastic Swatch and get this instead.
SEIKO KING QUARTZ 5856-8080 Snowflake Dial — integrated bracel","A vintage watch dealer showcases a Seiko King Quartz 5856-8080 as a superior alternative to plastic hype watches, utilizing macro product cinematography and anti-hype messaging to engage watch collectors.",pov: you didnt fall for the ap swatch hype; KRIOS VINTAGE WATCH; SEIKO KING QUARTZ; 水13; JAPAN 5856 - 8080 R,Curated Aesthetic,Review,true,yes,,https://www.tiktok.com/@krios.vintagewatch/video/7642283761194896647
watches,watches,2026-05-21,2026-10-01,official.sette,Sette | Watches in bio,1800000,13800,79,1386,#fyp #supplier #reselling #vendor #watches,"A short-form promotional review showcasing affordable moissanite watches from shinyvendors.com, highlighting their low price and high-shine quality to drive profile link clicks.","Shop All Watches; Shop all; Watches; View all; Moissanite Watch; $49.99; Moissanite Thorn Watch; Moissanite Skeleton Watch; Moissanite Arabic Watch; Moissanite Gold Watch; Rated 4.8/5 reviews; shinyvendors.com; See what our customers are saying about our products; David, 17; Verified Buyer; These watches are fire. I wore this to prom and shipping was quick.; Decided to get this; Only 50 bucks; Order summary; Express checkout; shop; PayPal; Pay; Google Pay; Show more options; Contact; Sign in; Email; Email me with news and offers; Payment; All transactions are secure and encrypted; Credit card; VISA; Mastercard; AMEX; +5; Card number; Expiration date (MM / YY); Security code; Name on card; Shop Pay; Pay in full or in installments; Billing address; Country/Region; United States; First name (optional); Last name; 4 days later; This quality is crazy; Look at that shine; The site is on my profile",Raw UGC,Review,true,yes,,https://www.tiktok.com/@official.sette/video/7642199374834978061
patches,embroidered patches,2026-05-20,2026-10-01,lewisembroidery,Lewis-Embroidery,11700,405,21,94,Word patches are HOT right now 🔥 Here’s a mini tutorial on how to turn any of our free standing puff fonts into those word and name patches that everyone is going crazy for! #smallbusinessowner #cust,"An embroidery small business owner delivers a quick, high-value mini-tutorial demonstrating how to apply iron-on adhesive to free-standing 3D puff embroidery fonts to transform them into ready-to-use apparel patches, culminating in a prompt to visit their Etsy shop.",Free-Standing FONT!; Stitches in Layers; Stabilizer Washes Away!; Voilà!; Spring font; Lewis Embroidery On Etsy; Tutorial Coming soon!; HeatnBond ULTRAHOLD; Iron-On Adhesive; Adhésif Thermocollant; Adhesivo Con Plancha,Polished Creator,Tutorial,true,yes,,https://www.tiktok.com/@lewisembroidery/video/7642100799027285262
ducks,yellow rubber duck,2026-05-20,2026-10-01,sanina19,BEM,5400000,59800,1546,3002,The little yellow duck and the bubble blower. The little yellow duck was playing with his bubble blower toy in the yard when suddenly the bubble blower stopped working. The little duck quickly ran to ,"An endearing 3D animated short featuring a yellow duckling going on miniature adventures, riding a scooter to a toy store, clearing a fallen tree with an excavator, and taking a cable car ride in the mountains.","TOYS, 01-21-02, 02-31-01, 314159, WARNING, 51000, 支付成功, 天下第一",High-Production,Animation,false,yes,,https://www.tiktok.com/@sanina19/video/7641936989473934594
watches,watches,2026-05-20,2026-10-01,watches2117,Watches,116,1,,,#watches #luxurywatch,"A high-production-value aesthetic showcase of a Richard Mille luxury carbon watch, utilizing macro videography and a creative thermal opening hook to captivate watch enthusiasts.","RICHARD MILLE, 12, 9, 3, 6, SWISS MADE, W, D, H, OFF, ON, SMALL",Polished Creator,Aesthetic,true,yes,,https://www.tiktok.com/@watches2117/video/7641798785298992397
coins,silver coins,2026-05-19,2026-10-01,gold.and.silvertraders,gold.and.silvertraders,707,20,6,,#silver #coins #houston #texas,"A quiet, visual showcase of Mexican silver commemorative coins displayed on black velvet by a Houston-based precious metals trader.","Text visible on coin faces including '$10', '$5', '2006', 'ESTADO DE JALISCO', 'HOSPICIO CABANAS', 'ESTADOS UNIDOS MEXICANOS', '1 ONZA DE PLATA LEY 0.999'.",Raw UGC,Collection showcase,true,yes,,https://www.tiktok.com/@gold.and.silvertraders/video/7641638750023372062
watches,vintage watches,2026-05-19,2026-10-01,wontuanxsoup_fits,Tuan,33000,1725,97,20,"Seiko Dolce has to be my absolute favorite line from Seiko. Which watch are yall rockin with? Also open to recommendations on vintage watches to look out for 👀

Most watches sourced by the homie @Joe","A TikTok creator shares his beginner vintage watch collection, heavily featuring Seiko Dolce models, while disclaiming any technical watch knowledge and focusing purely on outfit aesthetics and styling.",My Vintage Watch Collection; Vintage Seiko 7431 6090 (1984); Vintage Seiko Dolce 8J41-6130 (1997); Vintage Seiko Dolce 8J41 0A10 (2001); Vintage Seiko Spirit Tank 7N01-5A50 (1991); Pascal Oval Bubble Diamond Watch (not vintage); Seiko Essentials Tank (2023) Not vintage; Tissot PRX 40mm (not vintage); BONE RUCKLES ELECTRIC,Raw UGC,Vlog,false,yes,,https://www.tiktok.com/@wontuanxsoup_fits/video/7641625370470403358
coins,silver coins,2026-05-18,2026-10-01,well8802,Parisian Vintage Coins&Medals,38500,525,,12,"Rare Silver Coins Found at a Paris Flea Market for My Collection #silvercoins #coinhunting #numismatics #parisfleamarket #rarecoins silver coins, rare coins, paris flea market, coin hunting, numismati","A numismatic collector showcases a diverse haul of rare silver and vintage coins found at a Paris flea market, presented through a tactile POV video featuring close-up examinations of historical currency.",Rare Silver Coins; Subscribe; Flea Market Paris; PAUL DESCHANEL 1922-1950; REPUBLIQUE FRANCAISE; LIBERTÉ ÉGALITÉ FRATERNITÉ; 1.F.; 200 YEARS UNITED STATES OF AMERICA; DECLARATION OF INDEPENDENCE JULY 4 1776; 20 КОПЕЕКЪ 1906 С.П.Б.; DEUTSCHES REICH 1939; ONE PENNY 1917; GEORGIVS V D.G.BRITT:OMN:REX F.D.IND:IMP:; LEO XIII PONT: MAX: AN: XVII,Raw UGC,Vlog,false,yes,,https://www.tiktok.com/@well8802/video/7641299307525688609
coins,silver coins,2026-05-18,2026-10-01,vintagee.vault,VintageVault,801600,11000,100,66,"These Pawn Shop Moments Changed Lives 😳 

#pawnshop #coins #reseller #fyp #usa🇺🇸","A pawn shop owner evaluates a collection of silver coins brought in by a customer wanting to trade them for a chainsaw, resulting in a transparent cash transaction.","SMOLTZ 29, ATARI, Wii, HUK FISHING, $3664, $3364, $1682",Raw UGC,Storytime,false,yes,,https://www.tiktok.com/@vintagee.vault/video/7641282950163746062
coins,coin collecting,2026-05-17,2026-10-01,quinscoins,Quin’s Coins,308600,14000,116,159,"I bought $1,750 worth of coins at the bank! #coincollecting","A coin-collecting creator showcases $1,750 worth of coin boxes recently purchased from the bank, inspecting the roll ends of dimes, half dollars, and dollar coins for silver and rare dates while prompting audience engagement for upcoming videos.",$250 DIMES; $500 HALVES; $1000 DOLLARS; Quin's Coins Est. 2015,Raw UGC,Vlog,false,yes,,https://www.tiktok.com/@quinscoins/video/7641008781341576479
patches,iron on patches,2026-05-17,2026-10-01,kreativekreationsbykia,Kreativekreationsbykia,6966,495,86,24,"Order yours today! 

#irononpatches #irononpatch #smallbusiness #fashioninspo","A fast-paced small business product showcase featuring embroidered luxury-themed iron-on patches, edited to an upbeat rap track to inspire custom fashion purchases.","Iron on patches, COACH, BLESSED, HERMES PARIS, PARIS",Raw UGC,Haul,true,yes,,https://www.tiktok.com/@kreativekreationsbykia/video/7640965927604915470
coins,silver coins,2026-05-17,2026-10-01,stanhole_gd,Stanhole_gd😮‍💨🇪🇸,84400,805,37,20,Free silver coins.   #gd #stanhole,A Geometry Dash creator shares a screen recording of completing their custom blue-themed level in two attempts to demonstrate how players can obtain free silver coins.,My level for free silver coins ; ATTEMPT 1 ; 9% ; 4% ; 15% ; 21% ; 26% ; 32% ; 35% ; 43% ; 49% ; 54% ; 60% ; 65% ; 71% ; 76% ; 52% ; 57% ; 93% ; 95% ; 100% ; LEVEL COMPLETE! ; ATTEMPTS: 2 ; JUMPS: 56 ; TIME: 00:23 ; LEVEL AND COINS VERIFIED! ; LOADING... ; BUILD ; EDIT ; DELETE,Screen Recording,Gameplay,false,yes,possible off-topic,https://www.tiktok.com/@stanhole_gd/video/7640913447839960327
ducks,yellow rubber duck,2026-05-17,2026-10-01,brainssss06,brainssss,166300,1610,86,379,“😱The Chicago River Just Turned Yellow—But It’s Not Pollution!,"A fast-paced, highly engaging explainer video detailing the mechanics, scale, and charity purpose of annual rubber duck races, specifically highlighting Chicago's event.","DON'T BE FOOLED; THOSE LITTLE YELLOW PELLETS; POURING OUT OF TRUCKS; AREN'T FISH FOOD; THEY'RE PART OF CHICAGO'S; ANNUAL RUBBER DUCK RACE; ONE OF THE CITY'S MOST; EXCITING; AND COLORFUL EVENTS; THIS YEAR 82,500 DUCKS ARE RACING; EACH WITH ITS OWN ADOPTER; FOR JUST $2; YOU CAN ADOPT A DUCK; AND WATCH IT; FLOAT DOWN THE RIVER; COMPETING AGAINST; THOUSANDS OF OTHERS; AND THIS ISN'T JUST FOR FUN; IT'S A CHARITY EVENT; THE RULES; ARE SIMPLE AND EXCITING; THE FIRST DUCK TO CROSS THE FINISH LINE; WINS ITS OWNER; A CHEVROLET; TRAILBLAZER SUV; AND THE SECOND PLACE; DUCK EARNS $2,500 IN CASH; EACH DUCK HAS A UNIQUE NUMBER; AND THE RACE IS FULLY MONITORED; FROM START TO FINISH; MAKING CHEATING IMPOSSIBLE; CROWDS LINE THE RIVER BANKS; EYES GLUED TO; THEIR FAVORITE DUCKS; AS THOUSANDS OF TINY; YELLOW RACERS; DRIFT WITH THE CURRENT; THE SITE IS BOTH SPECTACULAR; AND ODDLY SOOTHING; ALMOST LIKE WATCHING; A LIVING; FLOWING ARTWORK; IF YOU WERE THERE; WOULDN'T YOU BE TEMPTED; TO ADOPT ONE TOO; TELL ME IN THE COMMENTS; WHICH DUCK WOULD YOU PICK",High-Production,Documentary,false,yes,,https://www.tiktok.com/@brainssss06/video/7640838887048252686
ducks,rubber duck,2026-05-16,2026-10-01,getrubbaducks,Rubba Ducks,72,3,,,"6th of 6 videos; 34 of the 200+ Rubba Ducks flipping out to their theme song! Since 1997, Rubba Ducks is proud to be labeled ""the world's premier rubber duck collectible"" find them all @ store.rubbadu","A fast-paced promotional product showcase video featuring 34 different collectible rubber duck characters from Rubba Ducks, set to an upbeat brand theme song and highlighting the brand's heritage since 1997.",Rubba Reel #6; Duckosaurus / Mr. Quack Craft; The world's first rubber duck collectable brand est. 1997; Rubba Ducks; 'they're a lot like U and a lot like me'; Puffer; Merduck; Aqua Duck; Puddle; Soapduck; ducknaked; duckuzzi; sitting; Lucky; Ducky; Daisy; Sir Shallow; Bobble D; Gaudy; Aunt Dugly; Duckeracker; Golducks; D. Goose; ducksauce; Duxpert; MISS DUCKVERSE; amphi duck; Mrs. Quack Craft; rubbaducks.net,Polished Creator,Collection,true,yes,,https://www.tiktok.com/@getrubbaducks/video/7640547734440774943
ducks,rubber duck,2026-05-16,2026-10-01,getrubbaducks,Rubba Ducks,72,1,,,"1st of 6 videos; 34 of the 200+ Rubba Ducks flipping out to their theme song! Since 1997, Rubba Ducks is proud to be labeled ""the world's premier rubber duck collectible"" find them all @ store.rubbadu",The official Rubba Ducks brand account shares the first installment of a six-part series showcasing 34 of their 200+ collectible rubber duck characters set to their theme song.,Rubba Reel #1; Rubba Ducks; they're a lot like U and a lot like me; The world's first rubber duck collectable brand est. 1997; P. King; Chester; Duckies; Duckhorn; Duckstar; Crystal; Roman; DUCKANDERTHAL; Duckcoo; E.D.; Robo DUCK; Doodle Dandy; TROOPER; P.D.; HERO; SURGE; Quack; +RN; Duckstein; Duckoisseur; Ducktain; DUCKRONAUT; SPECIAL D; Conductor; rubbaducks.net,Polished Creator,Meme,true,yes,,https://www.tiktok.com/@getrubbaducks/video/7640547051234807070
patches,embroidered patches,2026-05-16,2026-10-01,lewisembroidery,Lewis-Embroidery,31100,1165,25,247,Have you seen those trending name patches?! Here is a brand new font that will make it fun and easy to expand your clientele 😎 find this font and many more in our Etsy shop LewisEmbroidery.etsy.com #,"An embroidery shop owner demonstrates how their new free-standing 3D puff font is stitched, weeded, and washed in water to create trending custom name patches.","Free-Standing FONT!, Stitches in Layers, Stabilizer Washes Away!, Voilà!, Lewis Embroidery On Etsy, Tutorial Coming soon!",Raw UGC,Tutorial,true,yes,,https://www.tiktok.com/@lewisembroidery/video/7640530545784409358
patches,iron on patches,2026-05-16,2026-10-01,sassykreations1,Sassy Kreations,2782,103,25,3,🤎BROWN BUNDLE AVAILABLE 🤎#DIY #irononpatches #custom ##fyp,"A short promotional video by Sassy Kreations showcasing a newly available brown bundle of custom luxury-themed iron-on patches, set to a smooth instrumental track.",Louis Vuitton; LIMITED EDITION; Boss Lady; Custom Made; Faith is not believing that God Can it is knowing that God Will.; Sassy Kreations,Polished Creator,Haul,true,yes,,https://www.tiktok.com/@sassykreations1/video/7640276522984590606
watches,vintage watches,2026-05-15,2026-10-01,nazjaa,nazjaa,41500,4335,18,46,"it’s hard to pick a favorite 🫣 HUGE VINTAGE WATCH SHOW 5/16 🪽 on @Whatnot @whatnotfashion at 4 pm EST, username: @nazjaa",Creator @nazjaa showcases her curated collection of vintage watches in a haul-style video to promote her upcoming live selling show on Whatnot on May 16th.,"Vintage Watch Haul; 5/16, 4:00 PM; THE VINTAGE WATCH SHOW PT. 2!; Women's Jewelry • Vintage, W...",Polished Creator,Haul,true,yes,,https://www.tiktok.com/@nazjaa/video/7640195456068373791
watches,watches,2026-05-15,2026-10-01,oddhourwatches,oddhourwatches,56400,1435,30,388,Retro Digi watches😮‍💨 #watch #2000s #digitalwatch #y2k,"A short product showcase by oddhourwatches featuring five retro Y2K digital watches with colorful faces, styled on an open palm and a white tabletop to appeal to vintage watch collectors and aesthetic enthusiasts.",Retro Digi watches😮‍💨,Raw UGC,Haul,true,yes,,https://www.tiktok.com/@oddhourwatches/video/7640176174081019158
watches,watches,2026-05-15,2026-10-01,beaucoupbeaumont,ც,31600,2202,1,161,#targetaudience #luxury #watches #ap #fyp,"A stylish TikTok montage showcasing various Audemars Piguet luxury watches in different settings, punctuated by an ironic shot of watches on penguin plushies, targeting the watch enthusiast and luxury lifestyle community.",audemars piguet.; AUDEMARS PIGUET,Polished Creator,Meme,false,yes,,https://www.tiktok.com/@beaucoupbeaumont/video/7639973862167366933
watches,watch collection,2026-05-15,2026-10-01,brianwolfcreative,Brian Wolf,159500,12100,256,260,My watch collection. #watchtok #rolex #tudor,"Watch collector Brian Wolf walks viewers through the current state of his luxury timepiece collection, sharing detailed storytelling anecdotes about where and how he impulsively acquired each watch during international travels.",LONDON ENGLAND N 51 30 W 00 07 20 on the creator's t-shirt,Raw UGC,Vlog,false,yes,,https://www.tiktok.com/@brianwolfcreative/video/7639906418446896414
ducks,yellow rubber duck,2026-05-14,2026-10-01,jollyzatoys,Jollyza Toys,64800,461,25,9,"Quack up your little one’s playtime with this adorable dancing yellow duck 🐥🎶
It sings, walks, dances, and keeps kids entertained for hours with 158 fun songs! Soft, cuddly, and full of energy — the","A retail representative demonstrates a singing and dancing interactive yellow duck toy inside a toy store, highlighting its features, USB rechargeable battery, and price of 1900 dirhams with delivery across the UAE.","Jollyza www.jollyza.com, THE GUARDIAN OF THE STARS, MAKE UP DESK, SUPER MARKET, 3+ AGES, 158 Repertoire",Raw UGC,Review,true,yes,,https://www.tiktok.com/@jollyzatoys/video/7639766301250014484
ducks,yellow rubber duck,2026-05-13,2026-10-01,zooski69_1,Handy Andy,7160,35,2,7,#summervibe #rubberducky #ducky #ducks #yellowducks,"A creator enthusiastically showcases a large collection of summer-themed rubber ducks lined up on a hardwood floor, suggesting multiple uses before directing viewers to purchase via a link.",,Raw UGC,Tutorial,true,yes,,https://www.tiktok.com/@zooski69_1/video/7639378321574284574
watches,luxury watches,2026-05-13,2026-10-01,davidwatkins2516,jack watches,62800,811,144,139,#watch #watches #watchtillend #watchmegrow #luxury,"A promotional video showcasing a two-tone Rolex Sea-Dweller watch with packaging and guarantee card, highlighting factory outlet pricing and worldwide shipping while directing potential buyers to WhatsApp.","ROLEX, OYSTER PERPETUAL DATE, SEA-DWELLER, 4000ft = 1220m, SUPERLATIVE CHRONOMETER OFFICIALLY CERTIFIED, SWISS MADE, Model M126603, Serial 005P119338",Raw UGC,Review,true,yes,,https://www.tiktok.com/@davidwatkins2516/video/7639269128276020511
patches,patch collection,2026-05-13,2026-10-01,the_lifeguard_vap29,🌊🛟Vaporeon enjoyer🛟🌊,4215,82,13,2,Is this tuff? #fyp #foxtactical #patch #velcropatch #tacticalbookbag,"A short, text-driven TikTok video showcasing a customized tan tactical backpack covered in an eclectic mix of military, anime, and gaming morale patches, designed to engage viewers through aesthetic curiosity.",Check out my new patches; PUERTO RICO; AIRBORNE; N.C.; FIRST IN FLIGHT 156th AIRLIFT SQUADRON; killromi; GLOCK; U.S. ARMY,Raw UGC,Showcase,false,yes,,https://www.tiktok.com/@the_lifeguard_vap29/video/7639161575886146846
watches,watches,2026-05-12,2026-10-01,adamreelz,￴￴,227700,7695,73,638,I’m boutta be iced out 🤣 #audemarspiguet #ap #watches,"A viral-style flex video featuring a heavily tattooed creator showing off custom supercars, stacks of cash on the driveway, and massive diamond jewelry while boasting about luxury watch purchases.",How I'm finna flex all my new $300 ap's when they drop 🤯🙌; TikTok @6ix9inee.vx,Raw UGC,Flex,false,yes,,https://www.tiktok.com/@adamreelz/video/7639103203795045662
patches,iron on patches,2026-05-12,2026-10-01,vane_35nf,hanru-shop,196,0,,,"Iron on Patches: our iron on transfers includes 30 iron on stickers with coffee pattern and an instruction sheet, ranging from 6 inches to 9 inches in length and width depending on the pattern, they a","A quick and engaging tutorial video demonstrating how to apply coffee-themed iron-on transfers to basic clothing items in under two minutes, created by an e-commerce brand to drive product sales.","Tired of boring clothes?; Fun 2-minute DIY! Iron & Peel; BUT FIRST, COFFEE; Shop Now!",Raw UGC,Tutorial,true,yes,,https://www.tiktok.com/@vane_35nf/video/7639054951553010957
ducks,rubber duck,2026-05-12,2026-10-01,yodertoter40,Eli Yoder,50900,3077,101,587,"This Jeep was spotted at Walmart, completely covered with rubber duckies","Creator Eli Yoder encounters a Jeep Patriot completely covered in rubber ducks at a Walmart parking lot in Lima, expressing disbelief and amusement before unexpectedly spotting and filming one of his followers in a nearby vehicle.","Walmart, Home & Pharmacy, Vision, Stop, 8 (pole sign), DUCK!, DUCK TAPE, 4X4 TAYLOR, PATRIOT, Get Moe Ducks",Raw UGC,Vlog,false,yes,,https://www.tiktok.com/@yodertoter40/video/7639029905849715981
ducks,rubber duck,2026-05-12,2026-10-01,ohana_trav,Ohana Trav,4114,197,4,26,"Disney now has the Disney character rubber ducks, but for $5! 😅 Walmart, Target, Dollar Store and Five Below also carry the same ones as well as additional designs for $1-2 a piece 🔥 #rubberduck #di","A UGC shopping guide video revealing that Disney parks sell character rubber ducks for $4.99, while pointing out that discount retailers like Walmart, Target, Dollar Store, and Five Below sell similar designs for $1 to $2.","Disney now has rubber ducks!, 4.99, DISNEY, AMEE",Raw UGC,Review,false,yes,,https://www.tiktok.com/@ohana_trav/video/7639011140592225549
watches,watches,2026-05-10,2026-10-01,top.watches25,Top watches,2800000,59100,478,2645,#watches #luxurywatch #frankfurtVIbes,A silent POV video showing the unboxing and wrist placement of a luxury two-tone watch surrounded by branded green packaging and paperwork.,YOUR ROLEX OYSTER printed on gold inner box lid; ROLEX printed on green card holder; numbers visible on blue invoice document,Raw UGC,Haul,true,yes,,https://www.tiktok.com/@top.watches25/video/7638327711533894944
watches,watch collection,2026-05-09,2026-10-01,rygotwt,Appreciated Treasures,50800,3369,105,55,This is one of the three watch boxes I have. Hope you like my collection and I’ll make a video for the other two soon 🔥 #watchtok #watchcollector #watchcollection #watchenthusiast #watchcollectors,"A watch enthusiast presents part one of his watch collection, showcasing ten distinct timepieces from his watch box while sharing personal stories about each piece.","My watch collection!!































































































































































































































































































































































cher",Raw UGC,Collection showcase,false,yes,,https://www.tiktok.com/@rygotwt/video/7637961012876004638
coins,coin collecting,2026-05-09,2026-10-01,well8802,Parisian Vintage Coins&Medals,61100,887,135,30,"Paris Flea Market Hunt for Rare Collectible Coins #parisfleamarket #coincollecting #numismatics #rarecoins #vintagefinds paris flea market, rare coins, numismatics, coin hunting, collectible coins","A quick point-of-view video capturing a coin collector browsing rare historical coins at a Paris flea market, showcasing detailed close-ups of 19th-century currency against a bright pink background.",Flea Market Paris; Subscribe; UNITED STATES OF AMERICA; 420 GRAINS 900 FINE TRADE DOLLAR; 1885; IMPERATORE; NAPOLEON III; 10 FRANCS 1968; LIBERTE EGALITE FRATERNITE; DEUTSCHES REICH 1907 FUNE MARK; KING GEORGE THE SIXTH; NEW ZEALAND CROWN 1949,Raw UGC,Vlog,false,yes,,https://www.tiktok.com/@well8802/video/7637954729632435478
patches,iron on patches,2026-05-06,2026-10-01,bon_nappetit,@bon_nappetit,22400,1005,8,162,Iron on patches for $6? 😳 So many philly sports ones ♥️ Red Gravy Goods in East Passyunk! #phillytok #shopsmall,"A fast-paced, highly visual TikTok video highlighting an affordable assortment of Philadelphia-themed embroidered iron-on patches at Red Gravy Goods in East Passyunk, successfully leveraging hyper-local pride and incredible value to engage regional audiences.",psa for all the patch girlies in philly,Raw UGC,Vlog,false,yes,,https://www.tiktok.com/@bon_nappetit/video/7636883544018570526
coins,rare coins,2026-05-06,2026-10-01,oldcoin.secrets,OldCoin Secrets,185700,4974,161,1252,"Don’t Ignore This Small Penny! 1952-D Lincoln Wheat Penny Hidden Value Explained – Rare Wheat Cent That Could Be Worth Thousands in High Condition!

#1952DPenny #WheatPenny #LincolnPenny #RareCoins","An educational numismatic video instructing viewers on how to identify valuable 1952-D Lincoln Wheat pennies based on condition, mint mark, and color grade, highlighting potential values up to $11,300.","$11,300.00; IMAGINE THIS YOU\'RE; HANDFUL OF OLD PENNIES; ONE CENT; UNITED STATES OF AMERICA; E PLURIBUS UNUM; IN GOD WE TRUST; LIBERTY; 1952 D",Polished Creator,Tutorial,false,yes,,https://www.tiktok.com/@oldcoin.secrets/video/7636760023422618910
patches,iron on patches,2026-05-05,2026-10-01,user79760921493028,Ambercreation patches,3003,50,24,11,#patches #ironon #sanantoniospurs #truckerhat #patchbaru,"A short-form retail showcase highlighting new San Antonio Spurs custom rhinestone and embroidered patches against a backdrop of diverse sports merchandise, inviting viewer engagement through an on-screen question.",New arrivals which one u like,Raw UGC,Haul,true,yes,,https://www.tiktok.com/@user79760921493028/video/7636424158376725790
coins,silver coins,2026-05-05,2026-10-01,thecoinchannel,Eric Miller,43900,1798,46,120,Silver found in coin roll! #coinroll #silver #coins #collecting,"Creator Eric Miller demonstrates how coin roll hunters can spot 90% silver dimes by checking their rims, and explains that rare 1965 error dimes struck on silver planchets can be worth thousands of dollars.","YOU ALWAYS WANNA LOOK THROUGH COINS; I SAW THIS UNDER IT LOOKED SHINY; AND THAT IS A 90% SILVER DIME; HE FOUND THAT SILVER DIME JUST BY CHECKING THE RIM; AND IT IS SO CLEAR IF YOU LOOK AT ALL OF THESE THAT OBVIOUSLY THAT ONE IS SILVER; BUT ONE OF THE MOST VALUABLE DIME ERRORS YOU CAN FIND THE EXACT SAME WAY; 1964 AND OLDER IS ALL 90% SILVER; BUT THAT'S SUPPOSED TO BE THE LAST YEAR; THE MOMENT IT HIT 1965 THEY TOOK THE SILVER OUT; BUT THE MINT ACCIDENTALLY MADE SOME OF THE 1960 FIVES IN SILVER; LOOK AT ALL THESE IT'S NOT EVEN JUST ONE OR TWO IT'S A BUNCH OF THEM; HERE'S EVEN MORE RECENT ONES LOOK IT SAYS 90% SILVER 1965 OVER $14,000; ANOTHER ONE OVER 12,000; ANOTHER ONE 9 GRAND; SO JUST LIKE FINDING THE FREE SILVER IN THIS ROLE CHECK THE RIMS OF THE 1960 FIVES; $21,600 or more; 1965 10C Roosevelt Dime -- Struck on a 90% Silver Planchet -- MS62 PCGS; Auction 1299 | Lot: 4712 | Sep 6, 2019; Sold For: $14,400.00; Make Offer to Owner; 1965 10C Roosevelt Dime -- Struck on a Silver Planchet -- AU55 PCGS; Auction 1373 | Lot: 3068 | Mar 3, 2024; Sold For: $12,600.00; 1965 10C Roosevelt Dime -- Struck on Silver 10C Planchet - 2.45 grams -- AU58 PCGS; Auction 60398 | Lot: 52376 | Sep 6, 2024; Sold For: $9,000.00; All of TheCoinChannel real account names: TikTok TheCoinChannel, Instagram TheCoinChannel, Facebook TheCoinChannel, YouTube TheCoinChannelTube. Any other account, with numbers, underscores, or anything different from what I have listed here is a fake account that steals my cont",Raw UGC,Tutorial,false,yes,,https://www.tiktok.com/@thecoinchannel/video/7636420382605593886
watches,vintage watches,2026-05-04,2026-10-01,gemstone.jamboree,JL Jewelers,11700,1422,60,48,"Today’s feature: A 14k rose gold 1950s peekaboo watch with diamonds and rubies. Where would you wear this if you owned it? 

#jljewelers #retrofashion #1950s #vintagejewelry #rosegold","JL Jewelers presents a detailed spotlight on a rare 1950s 14k rose gold Bulova peekaboo watch featuring diamonds and rubies, combining expert craftsmanship education with store promotion.",JL Jewelers logo on display pad; Bold on-screen caption text transcribing spoken dialogue word-by-word.,Polished Creator,Tutorial,true,yes,,https://www.tiktok.com/@gemstone.jamboree/video/7636122749592685838
patches,patch collection,2026-05-03,2026-10-01,gc.patchcollection,GC Patch Collection,4476,246,40,14,You can never have too many right?👀#policepatches#lawenforcement#policepatchcollection#lawenforcementpatches#backtheblue,"A short-form video showcasing an extensive, densely packed collection of embroidered law enforcement and game warden patches displayed on a corkboard wall, aimed at hobbyists and supporters.","You can never have too many right? If you are seeing this, it is a sign that you need to go collect more patches",Raw UGC,Vlog,true,yes,,https://www.tiktok.com/@gc.patchcollection/video/7635727188809108749
coins,rare coins,2026-05-31,2026-10-01,oldcoin.secrets,OldCoin Secrets,19000,735,53,85,"Collectors Pay Huge Money For These Rare Lincoln Pennies!

 #rarecoins #lincolnpenny #wheatpenny #coinsworthmoney #coincollecting

🪙 1940-D Lincoln Wheat Penny
🪙 1955 Lincoln Wheat Penny
🪙 1983-D L","An educational breakdown of three rare Lincoln penny issues (1940-D, 1955, and 1983-D), detailing historical background, minting errors, and potential collector values.","Collectors Pay Huge Money For These Rare Lincoln Pennies! #rarecoins #lincolnpenny #wheatpenny #coinsworthmoney #coincollecting 🪙 1940-D Lincoln Wheat Penny 🪙 1955 Lincoln Wheat Penny 🪙 1983-D Lincoln Penny WHAT IF I TOLD YOU A SINGLE PENNY HIDING IN AN OLD JAR TODAY COULD BE WORTH THE KIND OF MONEY PEOPLE ASSOCIATE WITH LUXURY CARS, DREAM VACATIONS AND UNBELIEVABLE TREASURE DISCOVERIES MOST PEOPLE SPEND PENNIES WITHOUT A SECOND THOUGHT BUT COLLECTORS KNOW THAT CERTAIN DATES MINT MARKS AND RARE VARIETIES CAN TURN AN ORDINARY COIN INTO A VALUABLE COLLECTOR PRIZE AND IN TODAY'S VIDEO WE'RE REVEALING THREE FASCINATING LINCOLN CENTS THAT CONTINUE TO ATTRACT ATTENTION FROM COLLECTORS 1940 D LINCOLN WHEAT PENNY 1955 LINCOLN WHEAT PENNY 1983 D LINCOLN PENNY INCLUDING ONE LEGENDARY PENNY CONNECTED TO ONE OF THE MOST FAMOUS COIN ERRORS IN AMERICAN HISTORY SO BEFORE YOU IGNORE YOUR NEXT OLD PENNY TAKE A CLOSER LOOK BECAUSE THE SMALLEST COIN IN YOUR COLLECTION MIGHT SECRETLY BE THE BIGGEST TREASURE WELCOME BACK COIN NO. 1 1940 D LINCOLN WHEAT PENNY A PRE WAR WHEAT PENNY WITH HIDDEN COLLECTOR APPEAL IMAGINE HOLDING A SMALL COPPER PENNY THAT WAS MINTED BEFORE AMERICA ENTERED WORLD WAR 2 A COIN THAT WITNESSED ONE OF THE MOST IMPORTANT PERIODS IN MODERN HISTORY AND SOMEHOW SURVIVED DECADES OF CIRCULATION TO REACH THE PRESENT DAY THAT'S THE FASCINATING STORY BEHIND THE 1940 D LINCOLN WHEAT PENNY TO MOST PEOPLE IT LOOKS LIKE AN ORDINARY OLD CENT BUT COLLECTORS KNOW THAT CERTAIN WHEAT PENNIES ",Polished Creator,Tutorial,false,yes,,https://www.tiktok.com/@oldcoin.secrets/video/7646111770918145310
watches,watches,2026-05-31,2026-10-01,valerppp6s1,joker watch01,1200000,12900,349,977,#watch #watches #watchmymagic #watchmegrow #fyp,"A silent, high-detail POV product showcase of a luxury sports watch being unclasped, inspected, and put on the wrist, accompanied by watch-related hashtags.",ROLEX; GENEVA; SWISS MADE; 750; ROLEXSA; OYSTERFLEX; YACHT-MASTER; SUPERLATIVE CHRONOMETER OFFICIALLY CERTIFIED,Polished Creator,Review,true,yes,,https://www.tiktok.com/@valerppp6s1/video/7645934294040382753
watches,watches,2026-05-30,2026-10-01,coltsorlinx7q326,Mara Makes Monsters,5381,1249,394,12,Would you buy my watches? #goth #handmade #gothgirl,"An independent goth creator responds to alleged online hate by showcasing her intricate, handmade gothic wristwatches and asking her audience for honest feedback on whether they are ugly, successfully driving high engagement through vulnerability and product display.","NOBODY will ever buy your stupid Gothic watch, just giveup 💔 😭; I've been making these For 2 years now.. 🥺; But allllget ishate comments; Please be honest, Do you Think they'reugly? ❤️",Raw UGC,Personal-update,true,yes,,https://www.tiktok.com/@coltsorlinx7q326/video/7645691039495261453
watches,watch collection,2026-05-30,2026-10-01,swisswatchexpo,SwissWatchExpo,13300,579,4,10,"Every collector has a distinct role for every piece, from the daily reliability of your most-worn Rose Gold olive green dial Rolex Day-Date to the raw technical intrigue of a Titanium skeleton dial Ze","SwissWatchExpo showcases five premium pre-owned luxury watches—Vacheron Constantin, Tudor, Rolex, Zenith, and Patek Philippe—categorized by collector roles through sleek POV wrist shots and clean typography.","THESE ARE THE WATCHES IN YOUR COLLECTION, YOUR FAVORITE WATCH, YOUR LATEST WATCH, YOUR MOST WORN WATCH, YOUR MOST INTERESTING WATCH, YOUR MOST EXPENSIVE WATCH",Polished Creator,Review,true,yes,,https://www.tiktok.com/@swisswatchexpo/video/7644458557462564126
ducks,yellow rubber duck,2026-05-30,2026-10-01,sanina19,BEM,11700000,158000,5341,7023,"The little yellow duck built itself a little tent. It was raining, and the little duck made itself a little tent. Do you like it? #FunnyCartoon #LittleYellowDuck #HealingCartoon #educationalcartoon #f","A highly polished 3D animated video featuring a cute yellow duck building tents and swimming pools in a suburban backyard to the tune of If You're Happy and You Know It, before taking a school bus to kindergarten with other animal children.",Chinese characters visible on a bus stop sign reading 幼儿园 (Kindergarten) and 花花幼儿园 (Huahua Kindergarten) on the school building.,High-Production,Tutorial,false,yes,,https://www.tiktok.com/@sanina19/video/7645579614521265430
coins,rare coins,2026-05-29,2026-10-01,treasure4deals,Treasure Deals,81600,1522,378,22,"Rare 485 years B.C Coin
#pawn #collection #pawnshop #rarefinds #collector","A fast-paced narrative video recounting a dramatic pawn shop appraisal of a rare 400 BC coin, ending on a cliffhanger that demands comments for part two.","400 BC COIN SECRET; FROM NOTHING TO EVERYTHING...; $20,000",Polished Creator,Storytime,false,yes,,https://www.tiktok.com/@treasure4deals/video/7645463187457953046
