topic,search_term,post_date,pulled_date,handle,account_name,views,likes,comments,shares,caption,ai_summary,onscreen_text,production_style,content_type,is_commercial,has_adology_analysis,flag,url
patches,morale patches,2025-10-02,2026-10-02,beerguttactical,BeerGutTactical,351,2,,,#patches #moralpatch #velcropatch #military #usmc,"A short behind-the-scenes TikTok by BeerGutTactical showing the assembly and application of velcro backing to new morale patches, teasing upcoming satirical tactical designs.","new products, new velcro backing, all new Moral Patches!, a lot of new designs coming soon!, Walmart, BACK THE BLAST, UNITED STATES BLUEBERRY PICKING LICENSE, VETERAN THICK BUT TACTICALLY SEXY, HAZING WILL CONTINUE UNTIL MORALE IMPROVES, MORE LIKE GENEVA-SUGGESTIONS",Raw UGC,Behind-the-scenes,true,yes,,https://www.tiktok.com/@beerguttactical/video/7556602680106437943
patches,chenille patches,2025-10-02,2026-10-02,designedbykid,Chicago PLAYGRND Varsity,12800,243,14,67,"🧵Custom Varsity Jacket 
Another classic design varsity jacket. 
Made of premium quality chenille patches and details. 
👇🏾Deop your interest below if you are looking to start your next custom varsit","A promotional showcase of a bespoke blue and white varsity jacket featuring premium chenille patches and custom basketball embroidery, created by Chicago PLAYGRND Varsity.","Devin, DR Basketball, 1, 2026, ALL MT. BALDY 24 25 LEAGUE BASKETBALL, CIF-SS 20 25 FINALISTS, CALIFORNIA Basketball STATE Championships 2025, CALIFORNIA Basketball STATE Championships 2026",Raw UGC,Showcase,true,yes,,https://www.tiktok.com/@designedbykid/video/7556737654180678942
patches,police patches,2025-10-02,2026-10-02,socalpatchcollector,socalpatchcollector,3436,131,16,1,More patches to add to the California only patch album! And also the pins! #policepatches #police #lawenforcementpatches #lawenforcementcommunity #policepatchcollection,"A creator showcases new additions to their California-only law enforcement patch and pin collection, presenting detailed embroidered patches from Fountain Valley and Costa Mesa.",New patches! FOUNTAIN VALLEY INCORPORATED 1957 POLICE; COSTA MESA TOGETHER WE FIGHT TOGETHER WE WIN POLICE,Raw UGC,Haul,false,yes,,https://www.tiktok.com/@socalpatchcollector/video/7556765902788758798
patches,police patches,2025-10-05,2026-10-02,socalpatchcollector,socalpatchcollector,3651,154,10,4,"Got so many new patches this week. Also thank you @Jason for the OCSD patch 🙏
#policepatches #police #lawenforcementpatches #lawenforcementcommunity #policepatchcollection","A creator shares a weekly update of their police patch collection, thanking a contributor for a specific Orange County Sheriff Department patch.","POLICE, VILLAGE OF WINFIELD ILLINOIS, WHEATLAND CITY OF WHEATLAND INCORPORATED 1874 POLICE, 150 YEARS OF SERVICE, CITY OF CONCORD POLICE, ORANGE COUNTY SHERIFF, MILLBURY MA, TOWN OF MILLBURY MASSACHUSETTS INCORPORATED 1813, CHEYENNE WYOMING POLICE, POLICE OREM UTAH 1919, PRINCETON POLICE 1886 KNOWLEDGE HONOR INTEGRITY EST 2013 NJ, City of Lancaster WI, LAKE HAVASU CITY HOME OF THE LONDON BRIDGE 1978 POLICE, AVONDALE ARIZONA EST 1947, APACHE JUNCTION ARIZONA",Raw UGC,Collection; Personal-update; Hobby,false,yes,,https://www.tiktok.com/@socalpatchcollector/video/7557575492799368478
patches,patch collector,2025-10-05,2026-10-02,azrilzaimaziz,Azril Zaim Aziz,67800,5550,14,192,"OKAY, ENOUGH FOR THIS YEAR. (MAYBE) 
#patchtentera #patches #patchtudm #patchcollection #fypmalaysia",A TikTok post by Azril Zaim Aziz showcasing an enormous wall display of military and aviation morale patches accompanied by an upbeat spoken hook asserting their rarity and exclusivity.,"Various text on individual patches including PAO, U.S. ARMY, LIMA '25, TUDM, GLOCK, AIRBUS, and various unit mottos",Raw UGC,Aesthetic,false,yes,,https://www.tiktok.com/@azrilzaimaziz/video/7557666158262996241
patches,police patches,2025-10-06,2026-10-02,swagantiques,SWAG Antiques,395,13,4,,"$14 Buy It Now @swagantiqueslv EBay Store

AS-IS Worn OBSOLETE Vintage Tribal Indian Police Patch SHOSHONE BANNOCK IDAHO ID. Fair Condition! Great Graphic Patch!

#swagantiqueslv #policepatch #policep","A short promotional product video by SWAG Antiques showcasing a vintage, obsolete Shoshone-Bannock tribal police patch available for purchase on eBay.",SHOSHONE-BANNOCK; POLICE; Welcome to IDAHO; Obsolete Shoshone-Bannock Police Patch! For Sale!,Polished Creator,Review,true,yes,,https://www.tiktok.com/@swagantiques/video/7557941407709728055
patches,patch collector,2025-10-06,2026-10-02,artpatches.co,Artpatches.co,1390,74,2,1,"The ArtPatches Collector Box 🔥
Every patch tells a story.
Handcrafted. Unique. Legendary.

#artpatches
#militarypatches
#collectorsbox
#tacticalgear
#unboxing","A visually striking, ASMR-style unboxing video showcases 'The ArtPatches Collector Box' featuring custom morale patches and everyday carry gear, filmed from a clean top-down perspective with rhythmic editing.",ArtPatches.co logo on business card and box lid interior; patch text reading 'NO 1 DRUG' and 'Pepper',Polished Creator,Haul,true,yes,,https://www.tiktok.com/@artpatches.co/video/7558023934961061133
patches,embroidered patches,2025-10-06,2026-10-01,maxemblem_official,Maxemblem,95,2,,,"🎨✨ Maxemblem CUSTOM PATCHES to UPGRADE your style! 🧵 Intricate embroidery, bold woven designs, vibrant prints—we’ve got EVERY type, crafted with detail for durability & your unique vibe! 🔥
AND… our","A polished commercial product showcase by Maxemblem featuring custom embroidered patches, highlighting intricate stitching and material durability with dynamic text overlays and macro videography.","Maxemblem, Check out our embroidery designs, rockgodztribute.com 10,000 lakes, ROCKGODZ, 2025 Cripple Creek 33rd, TEXAS TECH UNIVERSITY HEALTH SCIENCES CENTER EL PASO WOODY L. HUNT SCHOOL OF DENTAL MEDICINE, TRAIL OF TEARS 2025, maxemblem.com/",Polished Creator,Tutorial,true,yes,,https://www.tiktok.com/@maxemblem_official/video/7558155257021336887
patches,custom patches,2025-10-06,2026-10-02,vittola.com,vittola.com,87300,2339,102,384,#eric #custom #custompatch #neongreen #sewing,"A silent, satisfying behind-the-scenes video of a small business creator weeding a custom neon green embroidered patch reading 'Eric'.",Eric (embroidered on patch),Raw UGC,Behind-the-scenes,true,yes,,https://www.tiktok.com/@vittola.com/video/7558178354545888525
patches,iron on patches,2025-10-08,2026-10-01,xarlenejaex07,Arlene Jae 🦋,7009,148,9,140,Just a football mom with customized clogs 🏈 #diyproject #irononpatches #footballseason #fyp #clogs,"A short DIY tutorial demonstrating how to customize plain black clogs with football-themed chenille and glitter patches for the sports season, created by Arlene Jae for a mom and crafting audience.",FOOTBALL MOM EDITION; FASHION; Game Day,Raw UGC,Tutorial,false,yes,,https://www.tiktok.com/@xarlenejaex07/video/7558659098481364238
patches,patch collection,2025-10-08,2026-10-01,theinfrequentflyers,Ben & Ty | Travel ✈️,35900,699,11,61,"Could this be the BEST travel souvenir?
We love adding patches to our Salkan packs - collecting these on our travels and making our bags uniquely our own.
If you want to personalise your backpack/clot","A fast-paced, humorous TikTok tutorial by travel creators Ben & Ty showing viewers how to properly iron and sew souvenir patches onto travel backpacks as part of their 'Destination 30' series.","we're taking our bags from basic to badass; this is DESTINATION 30; Tyler wants to show you how to personalise your backpack one patch at a time; each patch is a memory, a conversation starter, a little flex that says 'I've been travelling'; as if it's not my entire personality already; First step lay your backpack somewhere sturdy, like an ironing board; then figure out where you want your patch to go; placement is key people; next grab a pillowcase or tea towel, preferably not the one with spaghetti stains, and dampen it; that'll protect your bag whilst you iron; press firmly on the iron for 15 seconds, then let it cool; repeat if it's needed and then weigh it down; BOOKS BRICKS existential dread, whatever's handy; but don't stop there; if you really want those patches to last longer than your first boyfriend, sew them down; yeah 'cause ironing's cute, but sewing will keep these babies secure; it's a bit fiddly, but it's worth it; thread the needle, pop on a podcast, question your life choices halfway through, you know the drill; if you want the full how to Salkan have a great step by step guide on their website and we'll leave the link in our bio; NOTHING SAYS MAIN CHARACTER ENERGY like a backpack that tells your story; if you personalise your packs, send us a DM because I want to see your masterpiece; this was Episode 6 of DESTINATION 30; stick around to see which parts of her life Tyler tries to patch together next week",Raw UGC,Tutorial,true,yes,,https://www.tiktok.com/@theinfrequentflyers/video/7558805434891521312
patches,morale patches,2025-10-08,2026-10-02,kindpatches_us,Kind Patches USA,247400,1072,51,269,"New package for old pink patches! Same effects, same ingredients, but different name! Check in our TikTok shop. #kindpatches #fyp #tiktokshop #berberine #metabolism","A brand representative announces a packaging update for Kind Patches Berberine patches, assuring customers that the formula remains identical while directing them to the TikTok shop.","Our bestseller patches; Trusted by thousands; now as Berberine Patches; Healthier habits, healthier you; Berberine Patches; Metabolic Balance Patches; 30 Patches; 1 Month Supply",Polished Creator,Tutorial,true,yes,possible off-topic,https://www.tiktok.com/@kindpatches_us/video/7558927004435877175
patches,police patches,2025-10-08,2026-10-02,tara.miller826,Tara Miller,43400,1924,49,21,"Patches!! 💕🎃👻

#lawenforcementcommunity #communitypolicing #policepatches #foryoupage #fyp","A female police officer films a casual update from her patrol car after returning to work, showcasing two custom department patches for breast cancer awareness month and Halloween while directing viewers to purchase them via her bio link.","COVENTRY POLICE, RI, HER FIGHT IS MY FIGHT, INTEGRITY HONOR STRENGTH, text on sun visor warnings",Raw UGC,Vlog,true,yes,,https://www.tiktok.com/@tara.miller826/video/7558966332692188446
patches,patches,2025-10-09,2026-10-01,scibodytherapy,Josh Cottle,30000,631,14,25,"@PatchRX isn’t paying me to do this video. Well, I guess they sort of are via the commission but they are NOT a sponsor. I just love these patches and think you will too. I had no idea you could get t","Creator Josh Cottle reviews PatchRX pimple patches in a raw, talking-head style video on TikTok, clarifying his affiliate commission status while passionately recommending the product and demonstrating its discreet appearance on his own face.",The Best Pimple Patch (Seriously),Raw UGC,Review,true,yes,possible off-topic,https://www.tiktok.com/@scibodytherapy/video/7559008759012461855
patches,police patches,2025-10-10,2026-10-02,socalpatchcollector,socalpatchcollector,3123,104,7,1,"Mail day and the Tustin PD one was a pickup from today. 

#policepatches #police #lawenforcementpatches #lawenforcementcommunity #policepatchcollection",A niche collector showcases his latest mail day acquisitions and recent pickups of law enforcement shoulder patches in a satisfying POV arrangement.,TUSTIN CITY OF TUSTIN POLICE Est 1927; REDDING POLICE SINCE 1887; SHERIFF WEST FELICIANA STATE OF LOUISIANA; POLICE WOODSTOCK ILLINOIS 1873,Raw UGC,Vlog,false,yes,,https://www.tiktok.com/@socalpatchcollector/video/7559420123887471885
patches,iron on patches,2025-10-10,2026-10-01,chloeoqw0v7,chloeoqw0v7,9152,34,2,4,"Christmas Iron On Patch
#christmas #tiktokshopfalldealsforyou #fallfreshness #irononpatches #fyp #diy","A quick-cut product showcase of large, textured Christmas iron-on patches held against a t-shirt, set to upbeat music.",Spread light,Raw UGC,Haul,true,yes,,https://www.tiktok.com/@chloeoqw0v7/video/7559658103688531231
patches,patch collector,2025-10-12,2026-10-02,socalpatchcollector,socalpatchcollector,1753,121,3,,"Two new patches— Los Alamitos’ old patch (1997-2009) and a PVC one from Summit County! 

#policepatches #police #lawenforcementpatches #lawenforcementcommunity #policepatchcollection","A short creator video showcasing two new additions to a law enforcement patch collection, featuring a vintage Los Alamitos embroidered patch and a Summit County PVC patch.",Two new patches— Los Alamitos’ old patch (1997-2009) and a PVC one from Summit County!,Raw UGC,Vlog,false,yes,,https://www.tiktok.com/@socalpatchcollector/video/7560156278656355614
patches,custom patches,2025-10-13,2026-10-02,goodstuffsearch,goodstuffsearch,5060,112,14,17,#patches #customized #gucci #designer #accessories,"A supplier showcases a large inventory of custom designer-inspired patches and accessories inside a shipping box, demonstrating manufacturing capabilities and offering custom orders based on customer pictures.",these are the new customized patches; and we can make any patch for you; based on your pictures and requirements; I will keep updating my designer patch catalog; I also use various fabrics and accessories; SILVER NC; SILVER CH; SILVER G; SILVER H; SILVER LV; 40*40mm; 35*35mm; 30*30mm; 25*25mm; GUCCI; BLACK DIVA; Lucky; MERRY CHRISTMAS,Raw UGC,Tutorial,true,yes,,https://www.tiktok.com/@goodstuffsearch/video/7560667577890901278
patches,chenille patches,2025-10-16,2026-10-02,simpledaisyfinds,Simpledaisyfinds,258,6,,,The cutest chenille patches are ready to ship!! Get ready early with your Christmas sweaters! #chenille #patches #grinch #grinchtiktok,"A short promotional slideshow showcasing new arrivals of holiday-themed Grinch chenille patches by small business SimpleDaisyFinds, targeted at early holiday crafters and custom sweater makers.",SimpleDaisyFinds watermark on each patch; Grinch; Merry Grinchmas; Ho Ho Ho,Polished Creator,Haul,true,yes,,https://www.tiktok.com/@simpledaisyfinds/video/7561646262118812959
patches,embroidered patches,2025-10-16,2026-10-01,wodahz,Wodahz,54700,1818,62,456,Replying to @Missy&me #machineembroidery #embroiderymachine #wodahz #holographic #patches,"A creator named Wodahz provides a step-by-step TikTok tutorial responding to a follower's comment about how to make custom holographic embroidered patches, covering material selection, hooping, machine stitching, and finishing.","Reply to Missy&me's comment Do you have a tutorial on these?, The Para Shop branding on embroidery machine, embroidered names including Rachel, Yoko, Tiffany, Deanna, Char, Glamour Girl, Ilona, Valley Girl, Tracey, Katie, Spaceman, Magnafame text on hoop",Raw UGC,Tutorial,false,yes,,https://www.tiktok.com/@wodahz/video/7561888081129852190
patches,custom patches,2025-10-17,2026-10-02,vistrend_official,vistrend_official,2919,18,8,8,BMW logo designer embroidery patches iron on for clothes bags hats shirts #clothingpatches #embroiderypatch #shirtspatch #hatspatches,"A short promotional TikTok video by vistrend_official showcasing 2.48-inch circular BMW logo embroidery patches with iron-on backing, filmed from a top-down perspective against a fabric background.",Iron on Embroidery Patches; Size:2.48 inches,Raw UGC,Haul,true,yes,,https://www.tiktok.com/@vistrend_official/video/7561996679579307295
patches,police patches,2025-10-18,2026-10-02,gc.patchcollection,GC Patch Collection,2854,99,27,2,"New 50 State Fish & Wildlife patches binder, loving the looks of it🤩 #fyp#policepatches#lawenforcementpatches#policepatchcollection#lawenforcement",A creator showcases their newly organized 50-state fish and wildlife patch collection binder in a satisfying POV page-turning video.,"New 50 State Fish & Wildlife patches binder, loving the looks of it",Raw UGC,Collection,false,yes,,https://www.tiktok.com/@gc.patchcollection/video/7562380492633427214
patches,custom patches,2025-10-18,2026-10-02,hiloz1,Hiloz Embroidery,173,2,,,How to make a custom patch. #embroidery #embroiderybusiness #embroideryartist #embroideredpatches #patches,"A mesmerizing behind-the-scenes video of an embroidery machine crafting a custom clapperboard patch for a client, designed for visual satisfaction and small business brand awareness.",Making a custom patch for a client; ACTIO; ACTION; VGLICU,Raw UGC,Behind-the-scenes,true,yes,,https://www.tiktok.com/@hiloz1/video/7562711128732699934
patches,police patches,2025-10-21,2026-10-02,socalpatchcollector,socalpatchcollector,2747,139,10,,"More new patches

#policepatches #police #lawenforcementpatches #lawenforcementcommunity #policepatchcollection","A short-form video showcasing new additions to a law enforcement patch collection, featuring close-ups of specific municipal and county insignia set to indie-folk music.",HUNTINGTON BEACH POLICE; MURRAY STATE UNIVERSITY POLICE; SAGINAW TOWNSHIP POLICE; SHERIFF 1856 BOX ELDER COUNTY UTAH HISTORY AGRICULTURE INDUSTRY; POLICE PITSBURG EST 1903 CALIFORNIA,Raw UGC,Collection showcase,false,yes,,https://www.tiktok.com/@socalpatchcollector/video/7563539911526141198
patches,custom patches,2025-10-21,2026-10-02,qualitypatches,Quality Patches,491200,11100,408,3008,"You look happier…
“Thanks, I just customized my hoodie with my own patch.”
Yeah, we love the sound of that!

Puff embroidery will always be a fan favorite, especially when you go bold with fonts. It’s","A quick, satisfying visual tutorial demonstrating the application and tactile quality of 3D puff embroidery transfers on a custom hoodie, designed to drive engagement and inquiries from DIY apparel creators.",Your fav 3D puff embroidery transfers; don't miss the close-up; HIGH-QUALITY THREADING; THE SHINE ✨; DROP A COMMENT FOR MORE INFO,Polished Creator,Tutorial,true,yes,,https://www.tiktok.com/@qualitypatches/video/7563707562537913632
patches,iron on patches,2025-10-22,2026-10-01,pwhev8897,Prettytransfers-Maggie bag,4511,70,28,19,New lv patches #embroidery #irononpatches #patches #designerpatches #designer,"A quick, rhythm-edited showcase of new designer-inspired embroidered patches by Prettytransfers-Maggie bag, highlighting product variety against a stockroom background.",New lv patches #embroidery #irononpatches #patches #designerpatches #designer,Raw UGC,Haul,true,yes,,https://www.tiktok.com/@pwhev8897/video/7563926825806728461
patches,chenille patches,2025-10-22,2026-10-02,facingwestllc,Facing West,361,14,2,,"Hey, holiday lovers! Are you ready to deck out your wardrobe with some festive flair? Check out our fabulous collection of Christmas-themed chenille embroidered patches! From jolly Santas to sparkling","A festive small-business product showcase utilizing macro photography of chenille holiday patches, upbeat audio, and enthusiastic voiceover to drive viewers to purchase via link in bio.",a little bit of christmas magic; www.facingwestca.com; WELCOME TO FACING WEST,Curated Aesthetic,Haul,true,yes,,https://www.tiktok.com/@facingwestllc/video/7564176424714718478
patches,embroidered patches,2025-10-23,2026-10-01,needlepointembroidery,Needlepoint Embroidery,161700,5546,130,1346,"Patches are a great way to customize your apparel without a huge upfront investment🙌🏼

Get started on yours today 🔥

#gododgers🔥🔥🔥 #patches #foryou","A custom embroidery business owner demonstrates the production workflow for a 2,000-piece patch order, highlighting the manufacturing steps from machine to heat press while explaining why patches represent a smarter low-investment apparel customization strategy.",NEEDLEPOINT EMBROIDERY on back wall; Dodgers on baseball jersey; Barudan on embroidery machine; mr. PIBB on patches and hat,Raw UGC,Tutorial,true,yes,possible off-topic,https://www.tiktok.com/@needlepointembroidery/video/7564266886549097783
patches,embroidered patches,2025-10-23,2026-10-01,purposelyprepared87,PurposelyPrepared87,33900,1725,134,245,Making sport embroidery patches have been my thingggg lately! If you like it - go ahead and click the link and you can find them on my website or my Etsy! But today imma walk you through this Steelers,"Creator PurposelyPrepared87 demonstrates how to make an extra-large Steelers glitter embroidery patch, detailing every step from hooping and stabilization to machine tracing, glitter HTV application, and finishing with heat sealing, while directing viewers to affiliate and purchase links.",Make An Embroidery Patch w/ Me; @PurposelyPrepared87,Raw UGC,Tutorial,true,yes,,https://www.tiktok.com/@purposelyprepared87/video/7564445362988092703
patches,iron on patches,2025-10-23,2026-10-01,theelindsayj,L!ND$,27700,801,16,171,Watch me making these Howard Jeans with heat transfer paper and iron on patches ❤️💙 #fyp #howardhomecoming #customdenim #heattransfervinyl #irononpatches,"A creator demonstrates how to make affordable custom Howard University homecoming jeans using heat transfer paper, iron-on patches, and a household iron for under $40.","FASHION NOVA (jean waistband tag), 1867, HOWARD, BISON, HU, YK, BABY BISON",Raw UGC,Tutorial,false,yes,,https://www.tiktok.com/@theelindsayj/video/7564527525938957581
patches,patch collector,2025-10-25,2026-10-02,patchcollector,patchcollector,5205,201,27,6,#fyp #patchcollection #firstresponders #FD #PD,"A patch collector showcases their extensive wall-mounted collection of police and fire department insignia, accompanied by an on-screen request for departments across the country to send patches via direct message.",I am a police patch collector and i need help from law enforcement and fire departments around the country to help me with my collection. DM for more details!,Raw UGC,Vlog,false,yes,,https://www.tiktok.com/@patchcollector/video/7565199252037586190
patches,patches,2025-10-25,2026-10-01,vibewith_d7,vibewith_d7,3900000,399800,1803,58600,Thats my friend #patches #pimples #skin #fyp #viral,A humorous TikTok video parodying the star-shaped pimple patch trend by having a creator wear an absurdly large paper star on her face.,That one girl with her star pimple patches,Raw UGC,Meme,false,yes,possible off-topic,https://www.tiktok.com/@vibewith_d7/video/7565232999046974742
patches,police patches,2025-10-25,2026-10-02,alphadiecast,Alpha Diecast,3549,118,2,6,New police patches for the collection!! #police #policeinterceptor #florida #fhp #cops,"A TikTok video by Alpha Diecast showcasing new novelty police patches featuring pop culture characters and political themes, set to a rap track against a backdrop of die-cast police cars.",HISTORIC SHERIFF'S OFFICE ST. JOHNS COUNTY; FLORIDA FISH AND WILDLIFE CONSERVATION COMMISSION; HIGHWAY PATROL FLORIDA; FLORIDA PRESIDENTIAL INAUGURATION 2025; I WANT YOUR SOUL GHOSTPATCH.COM; GP,Raw UGC,Collection showcase; Haul,true,yes,,https://www.tiktok.com/@alphadiecast/video/7565295378367663373
patches,embroidered patches,2025-10-27,2026-10-01,art_dailydose,Art Daily Dose,4100000,52500,970,8628,Vinícius Moschen is a Brazilian tattoo artist recognized for his hyper-realistic patch tattoos that appear sewn directly into the skin. His designs mimic embroidered patches with detailed thread textu,A mesmerizing showcase of Brazilian tattoo artist Vinícius Moschen creating hyper-realistic embroidered patch tattoos using an innovative transparent overlay and sewing illusion.,Tattoos that appear to be sewn-on patches 🥴,Polished Creator,Tutorial,false,yes,,https://www.tiktok.com/@art_dailydose/video/7565904655537032459
patches,patch collector,2025-10-27,2026-10-02,lauriealyceadventures,LaurieAlyceAdventures,9415,831,35,5,"My magnum opus of travel souvenirs finally in the works after 2 years of collecting! 

Lake District patches mainly bought from @Conquer Trading Post 
National trust ones from @National Trust 
Others ","Creator Laurie Alyce showcases the culmination of two years of collecting travel souvenir patches by sewing them onto a green fleece jacket from Hissy Fit, engaging her audience with the finished DIY project and getting approval from her golden retriever.","On-screen captions tracking spoken dialogue word-by-word in red/white boxes (e.g., 'HI I'M LAURIE', 'SEW ON PATCHES', 'DEPLOYING THE MOTHERSHIP'); various text on embroidered patches including 'RAVEN CRAG', 'WILD SWIM CLUB', 'DOLOMITES', 'STONEHENGE', 'TRAFALGAR SQUARE', 'SQUAMISH', 'DERWENT WATER'",Raw UGC,Vlog,false,yes,,https://www.tiktok.com/@lauriealyceadventures/video/7565946079213014294
patches,patches,2025-10-27,2026-10-01,eniolaaapata,Eniola💕|Beauty Creator,135300,1592,53,188,"Start using your pimple/acne patches correctly 😉
You’re welcome 😌🌸

#acnepatch #pimplepatch #skincareacneproneskin #pimplepatchresults #skincarecreator","A beauty creator shares a relatable, four-step tutorial on how to properly apply star-shaped acne patches, charming viewers with her honest admission of using her fingers instead of tweezers.","Apply my acne patch with me; Do not pop your pimple/acne, follow these steps instead; Let's get rid of this; Step 1: Make sure your face/ acne area is clean and dry; Step 2: Make sure your hands are clean; Step 3: Pick the patch according to your acne's size; Step 4: Use a tweezer (didn't find one) to pick your patch, then apply on the affected area; Please use a tweezer don't mind me; And there we go; Thanks for watching",Raw UGC,Tutorial,false,yes,possible off-topic,https://www.tiktok.com/@eniolaaapata/video/7565952160668732679
patches,iron on patches,2025-10-28,2026-10-01,patches_cicidiy01,Patches-CiciDIY,4427,101,37,9,#irononpatches #diy #fyp #football #nfltiktok,"A small business showcasing an extensive inventory of glittery sports team iron-on patches set to a classic baseball tune, designed to attract DIY crafters and sports fans.",Best Price Part A $3.75/pcs; $4/pcs,Polished Creator,Haul,true,yes,,https://www.tiktok.com/@patches_cicidiy01/video/7566267191507553591
patches,chenille patches,2025-10-28,2026-10-02,malitreend,Malitreend Tees & Patches,35700,259,48,48,"✨You’ve been searching for the right chenille patch to match your hoodie and this is the one.
Not vinyl. Not cheap. Not a gamble.

This is the real patch that finishes your game-day look.
💥 Iron-on. ","A short promotional video demonstrating high-end sequin chenille patches for custom football hoodies, utilizing a POV format and direct TikTok Shop integration to drive immediate purchases from DIY crafters.",POV: You finally found the iron chenille patch to customize your football hoodie 💚; Linked in my TikTok Shop ✨,Raw UGC,Tutorial,true,yes,,https://www.tiktok.com/@malitreend/video/7566272844527586573
patches,embroidered patches,2025-10-28,2026-10-01,ajuniquecreationsllc,AJ Unique Creations LLC,714,37,9,,"✨ Make your style personal! ✨
custom embroidered image patches let you turn your favorite photos, designs, or memories into wearable art From a stunning landscape to your pet’s face if you can picture","A small business creator demonstrates the process of making a custom embroidered photo patch using a Poolin machine, transforming a sentimental picture of an elderly couple into a wearable keepsake.","AJ Unique Creation logo on wall sign with social media icons, Poolin logo on embroidery machine, thread color chart chart on wall, numbers on cutting mat grid, 1 of on background church banner",Raw UGC,Tutorial,true,yes,,https://www.tiktok.com/@ajuniquecreationsllc/video/7566407233433636110
patches,embroidered patches,2025-10-30,2026-10-01,maxemblem_official,Maxemblem,62,0,,,"🎭 Hey TikTok crew! Check out Maxemblem’s custom embroidered text patches—total craftsmanship goals!
Every patch is made with care: neat, tight stitches, sharp 3D-defined lettering, and crafted with h","A short promotional video by Maxemblem showcasing custom embroidered name patches with tight stitching and clean lettering, highlighting quality craftsmanship and a limited-time Halloween sale.","MAXEMBLEM logo, Customizable embroidered patches, V A BONVILLAIN, S D COLLINS, J B OLIVEROS, G C CREED, T M CHAVEZ-SIMENTAL, maxemblem.com/, Registered trademark symbol with Maxemblem text",Polished Creator,Review,true,yes,,https://www.tiktok.com/@maxemblem_official/video/7566892045680332087
patches,(not in thumbnail),2025-10-31,2026-10-01,happypart16,HAPPY PART,88700,290,86,157,Iron patch for bag and clothes onSALE 50% off TALAGA! #ironpatch #patchforbag,"A promotional e-commerce post highlighting iron-on patches for bags and clothing at a fifty percent discount, utilizing energetic text overlays and e-commerce marketing techniques.",Iron patch for bag and clothes onSALE 50% off TALAGA!,Polished Creator,Haul,true,yes,,https://www.tiktok.com/@happypart16/video/7567324022409645330
patches,police patches,2025-10-31,2026-10-02,bvgd392,𝐁𝐀𝐆𝐆𝐄𝐃392,4107,79,3,118,Found the famous police station patch vending machine 🎃 #foryou #fypp #parati #salem,"A short TikTok video documenting a visit to the Salem Police Headquarters in Massachusetts to locate and film their famous police patch vending machine, accompanied by upbeat music box style audio and casual captioning.",CHIEF ROBERT M. ST. PIERRE POLICE HEADQUARTERS; SALEM POLICE; ESSEX COUNTY SHERIFFS DEPARTMENT UNIDOS SIRVIENDO A LA COMUNIDAD; WITCHCITYPOLICE.COM; SALEM THE WITCH CITY MASSACHUSETTS 1626 ESTABLISHED 1847; In Service to the Community,Raw UGC,Vlog,false,yes,,https://www.tiktok.com/@bvgd392/video/7567424881940253965
patches,patch collector,2025-11-01,2026-10-02,patchcollector,patchcollector,248,9,,1,@Ryan #fd #pd #viral #patchcollection #firstresponders,"A patch collector showcases three new fire department patches received in a trade or gift from user Ryan, displayed neatly on a white marble countertop accompanied by appreciative text and niche hashtags.",Thank you so much for the patches Ryan!,Raw UGC,Collection,false,yes,,https://www.tiktok.com/@patchcollector/video/7567894417172991287
patches,patch collector,2025-11-02,2026-10-02,dmaxtouring,Tahls & Liam | Travelling Aus,17500,1370,12,222,"Your sign to collect patches around Australia! we love all our patches 🥹🥹 

#irononpatches #patches #lapofaustralia #fyp #travellingaustralia","A travel creator showcases the impressive milestone of seventy-one souvenir patches collected from across Australia and glued to the ceiling of their road trip vehicle, inspiring viewers to start their own collection.",71 patches and counting; 12 Apostles; I drove the Great Ocean Road Australia; Port Fairy Great Ocean Road; Wilsons Promontory National Park; Jervis Bay NSW; Sydney; Manly Beach; Mooloolaba QLD; Bowen; Magnetic Island QLD; Noosa; Cape York,Raw UGC,Vlog,false,yes,,https://www.tiktok.com/@dmaxtouring/video/7567970631795412232
patches,patch collector,2025-11-02,2026-10-02,reckor_gaming,Zach,8916,181,18,5,"Replying to @Evan.Smith 

hope this helps 
#Patch #Patches #Collection #Collecting#fyp","A niche creator answers a follower's question about how to source police uniform patches by providing practical tips to contact department records offices, set against a visually satisfying pan of an extensive patch collection.","Replying to @Evan.Smith's comment
Where do you get your patches?
I usually just google the department's number and speak to their records, sometimes they may give you an email so make sure you have a pen and paper ready
GEORGETOWN POLICE
SURFSIDE BEACH POLICE SOUTH CAROLINA HONOR COURAGE COMMITMENT
POLICE FLAGSTAFF ARIZONA
SHERIFF PINAL COUNTY ARIZONA 1875
LACEY POLICE WASHINGTON
POLICE HUACHUCA CITY ARIZONA THE SUNSET CITY
POLICE MESA ARIZONA
PRINCETON TOWNSHIP POLICE 1927 75 YEARS 2002 N.J.
POLICE PAYSON ARIZONA
ST. CLOUD FLORIDA 1911
LADYSMITH INC. 1905 POLICE
EAGLE RIVER POLICE WISCONSIN
KENOSHA POLICE
WISCONSIN STATE PATROL
POLICE WASHINGTON PENNSYLVANIA
POLICE TADAGHTON VALLEY REGIONAL EST. 2010
OLD LCOMING TWP. STATE OF PENNSYLVANIA POLICE
PENNSYLVANIA STATE POLICE TROOPER
POLICE LYCOMING REGION EST. 2023 *PA*
FRANKLIN COUNTY SHERIFF'S OFFICE
CARSON CITY SHERIFF EST. 1861
METROPOLITAN POLICE LAS VEGAS
CADET METROPOLITAN POLICE LAS VEGAS",Raw UGC,Q&A,false,yes,,https://www.tiktok.com/@reckor_gaming/video/7568057181736635678
patches,(not in thumbnail),2025-11-03,2026-10-01,happypart16,HAPPY PART,54100,24,47,107,Iron patch for bag,"A concise product showcase featuring an embroidered iron-on patch for bags, utilizing clean visuals and direct descriptive text to appeal to DIY fashion enthusiasts.",Iron patch for bag,Polished Creator,Haul,true,yes,,https://www.tiktok.com/@happypart16/video/7568434852790521106
patches,chenille patches,2025-11-03,2026-10-02,ericab0077,Erica,4091,150,8,21,How to press a patch?  #chenillepatches  #designsistersandblanks  #patches  #tshirtbusiness  #shirtmaker  @DSBLLC,"Erica, a small business owner, provides a clear, step-by-step tutorial on how to properly heat-press chenille patches onto apparel while promoting her shop's clearance sale.",How to press a patch??; 2 CORINTHIANS 5:17 CHILD OF GOD; Shop our clearance patches Designsistersandblanks or click in bio,Raw UGC,Tutorial,true,yes,,https://www.tiktok.com/@ericab0077/video/7568440664313187614
patches,patch collector,2025-11-03,2026-10-02,patchcollector,patchcollector,1413,56,11,3,#fd #pd #patchcollection #viral #fyp,"A short creator post on TikTok by patchcollector expressing gratitude to Bath Township PD and Louisville Metro PD for sending uniform patches, displayed via smooth macro panning shots over a white marble surface.","Thank you, Bath Township PD, and Louisville Metro PD For the patches!",Raw UGC,Vlog,false,yes,,https://www.tiktok.com/@patchcollector/video/7568593822914006302
patches,embroidered patches,2025-11-06,2026-10-01,oemgiftstudio,"OEM patches,keychains,metals..",55,1,,,"🤩❤️‍🔥Share the process video of embroidery patch for you👋
🔹accept OEM services ✅
🔹good quality, excellent after-sales services✅
🔹100% inspection before shipment and be responsible for all issues","An industrial patch manufacturer shares a satisfying, step-by-step behind-the-scenes video of custom embroidered patch production, targeting apparel brands and creators with proof of scale, quality control, and professional OEM capabilities.","production progress, making tape, working, iron on backing, cut the shape, Auto win, Rotowin, Canon, F1 through F10 keyboard keys.",Raw UGC,Behind-the-scenes,true,yes,,https://www.tiktok.com/@oemgiftstudio/video/7569513271158476046
patches,police patches,2025-11-06,2026-10-02,alphadiecast,Alpha Diecast,7225,167,9,8,New Police Patches and Badge from GhostPatch #police #cops #policeinterceptor #florida #fhp,A quick-cut product showcase highlighting new custom police parody patches and badges from GhostPatch.,EVERYTHING BUT HIGHWAY FLORIDA PATROL X15 S1; THE CITY OF MIAMI POLICE DEPT; HIALEAH FELIZ NAVIDAD POLICE; SPRINGFIELD POLICE WHEN SECONDS COUNT WE ARE MINUTES AWAY USA; MOTOR OFFICER METRO STATE FOUNDED 2018 80085; YOU SUCK TURN THIS COIN OVER GHOSTPATCH.COM; HAHAHA YOU STILL SUCK TURN THIS COIN OVER GHOSTPATCH.COM; GP GHOSTPATCH.COM; OH SHIT WITH ONE EYEBROWS OFF JASON,Raw UGC,Haul,true,yes,,https://www.tiktok.com/@alphadiecast/video/7569715573634944269
patches,patches,2025-11-06,2026-10-01,art.inspo.needed,art.inspo,5220,221,,3,Patch design inspiration😽 #patches #craftingideas #fypシ #fypviral #top5,"A curated TikTok slideshow presenting a countdown of the top 5 handmade felt patch designs, featuring categories like kitties, fruits, skulls, fish, and sleeping stars, aimed at inspiring DIY crafters.",Top 5 Patch Designs; 5. Kitties; 4. Fruits; A worm to go with the apple would be so cute!; 3. Little Guys; They remind me of Over the Garden Wall!; 2. Fishies; 1. Sleeping Stars; So cute<3; Thanks for watching :); Pinterest Credits:; lookhappy; LinaGusta; adalubdub; kohame1401; pogorelovaevelina68,Casual Snapshot,Photo-dump,false,yes,,https://www.tiktok.com/@art.inspo.needed/video/7569741675405331742
patches,patch collector,2025-11-07,2026-10-02,patchcollector,patchcollector,1000,48,1,3,#sunrisepd #viral #fyp #patchcollection #foryoupage,"A patch collector shares a short video thanking the Sunrise Police Department in Florida for mailing them an official department patch, set to gentle background music.",Thank you Sunrise Police Department for sending me this patch!; POLICE DEPARTMENT CITY OF SUNRISE FLORIDA; @sunrisepolicedpt; www.sunrisefl.gov,Raw UGC,Vlog,false,yes,,https://www.tiktok.com/@patchcollector/video/7569783991012805919
patches,police patches,2025-11-07,2026-10-02,socalpatchcollector,socalpatchcollector,6871,225,20,9,"Kinda gave up on the three ring binders just cuz it got way too thick, so now I can finally display my patches. Problem is I filled up these two patch boards and need to get another since I still have",A law enforcement patch collector documents the overflow of their growing collection by displaying two fully packed wall boards after abandoning three-ring binders.,"Text on patches includes: POLICE, CITY OF IRVINE, COSTA MESA POLICE, PLACENTIA POLICE, HUNTINGTON BEACH POLICE, LOS ALAMITOS POLICE, ONTARIO POLICE, BALDWIN PARK POLICE, ORANGE COUNTY SHERIFF, YOLO COUNTY SHERIFF, U.S. BORDER PATROL, MAMMOTH LAKES POLICE, ONEIDA POLICE DEPARTMENT, SUNNYSIDE BEACH POLICE, WILLIAMSTON POLICE, CLINTON TOWNSHIP POLICE, LAKE HAVASU CITY POLICE, BEAVERTON POLICE, KELSO POLICE, SWAT SUMMIT COUNTY SHERIFF, SALT LAKE CITY POLICE, POLICE MOAB, POLICE OREM, DEPUTY SHERIFF, FIELD DEPUTY, WEBB CITY POLICE, CITY OF BRISTOL, FREDERICK COUNTY OFFICE, SANTA FE POLICE",Raw UGC,Vlog,false,yes,,https://www.tiktok.com/@socalpatchcollector/video/7569867637321108791
patches,custom patches,2025-11-08,2026-10-02,fruitylucreations,Alexa,564600,24600,249,10500,"🎂 A little birthday party magic from last weekend! 💫Guests picked their favorite patches, designed their layout, and watched their items be made! A fun and interactive way to celebrate! 💕

If you’r","A small business owner showcases a mobile patch bar party service where children select and heat-press custom patches onto hats and pouches, promoting the service for birthdays and private events.",HOW IT WORKS: 1. PICK YOUR ITEM 2. PICK 3 PATCHES 3. DESIGN YOUR ITEM 4. HAVE IT HEAT PRESSED AND ENJOY! DESIGN ME!,Raw UGC,Behind-the-scenes,true,yes,,https://www.tiktok.com/@fruitylucreations/video/7570139569681632525
patches,embroidered patches,2025-11-08,2026-10-01,qualitypatches,Quality Patches,617900,18600,707,3670,"No because puff embroidery really is the end all be all for hoodie accessories.

It gives that warmth of high-quality threads, but also you can go crazy with designs. Just really adds that pop of dime","A short-form social media video demonstrating the application and tactile quality of 3D puff embroidery on a custom hoodie, utilizing ASMR-style macro visuals and a direct call to action for custom orders.",The best hoodie accessory out there; PUFF EMBROIDERY; PURE Essence; Drop a 🔥 for more info,Polished Creator,Tutorial,true,yes,,https://www.tiktok.com/@qualitypatches/video/7570184205976522017
patches,morale patches,2025-11-08,2026-10-02,morale.patches,Morale Patches,873,10,,,"Medieval Bunny 

#embroidery #medievaltiktok #patches #art #artist","A satisfying, beat-synced process video showing an automated embroidery machine stitching a medieval rabbit patch from blank fabric to final product.",,Raw UGC,Behind-the-scenes,true,yes,,https://www.tiktok.com/@morale.patches/video/7570331084940954892
patches,police patches,2025-11-08,2026-10-02,gc.patchcollection,GC Patch Collection,1015,66,8,5,"This weeks mail call with a sick new FWC coin✉️🚔
#policepatches#lawenforcementpatches#policepatchcollection#gamewarden#lawenforcementcommunity","A brief, satisfying showcase of a weekly mail call featuring specialized police and wildlife conservation patches and challenge coins, targeted at the niche patch collecting community.",POLICE MIDDLETOWN VIRGINIA; FLORIDA FISH AND WILDLIFE CONSERVATION COMMISSION; PYTHON CHALLENGE 2025; CONCORD COACH BUILT FOR WELLS FARGO POLICE NH; BANGOR POLICE,Raw UGC,Aesthetic,false,yes,,https://www.tiktok.com/@gc.patchcollection/video/7570460168299875639
patches,police patches,2025-11-09,2026-10-02,socalpatchcollector,socalpatchcollector,3913,181,4,1,"Couple more new patches I just got in the mail. Thank you Mono County Sheriff’s and Boise PD!!

#policepatches #police #lawenforcementpatches #lawenforcementcommunity #policepatchcollection",A short creator video showcasing two new law enforcement shoulder patches received in the mail from the Mono County Sheriff and Boise City Police.,Two new patches!; MONO COUNTY SHERIFF; POLICE BOISE CITY IDAHO,Raw UGC,Vlog,false,yes,,https://www.tiktok.com/@socalpatchcollector/video/7570576055975562510
patches,police patches,2025-11-10,2026-10-02,alphadiecast,Alpha Diecast,15800,347,4,14,New City Of Doral Police Patch #police #florida #policeinterceptor #cops #miami,"A short creator-style video showcasing a newly acquired City of Doral police patch held in front of the corresponding patrol vehicle, targeted at law enforcement and patch-collecting enthusiasts.",ALL MY SONS MOVING & STORAGE; allmyisons.com; CITY OF DORAL 2003 POLICE; POLICE,Raw UGC,Behind-the-scenes,false,yes,,https://www.tiktok.com/@alphadiecast/video/7570901561598053646
patches,patch collector,2025-11-10,2026-10-02,patchcollector,patchcollector,2592,48,2,,#MetroNashvillePoliceDepartment #viral #fyp #patchcollection #pd,"A hobbyist creator showcases a newly received collection of embroidered emergency services patches from departments including Metro Nashville Police and Nashville Fire, expressing profound gratitude via on-screen text.",I am so the without words. Thank you so much MNPD for sending me these patches!,Raw UGC,Aesthetic,false,yes,,https://www.tiktok.com/@patchcollector/video/7571217593370021133
patches,patch collector,2025-11-10,2026-10-02,tiffanylane061,Tnmomof2girls,228,17,2,2,I collect patches and these are a few I got this weekend #tiktokcreator #patches #creatorsearchinsights #creator #hobby,"A short creator slideshow documenting a weekend haul of six humorous, pop-culture-themed PVC morale patches, edited to match a driving electronic beat.",Patches I got this weekend; DUCK AROUND AND FIND OUT; BUFFALO BILL'S BODY LOTION; BELIEVE; DON'T BE A PART OF THE PROBLEM BE THE WHOLE PROBLEM; STAY WEIRD,Raw UGC,Haul,false,yes,,https://www.tiktok.com/@tiffanylane061/video/7571244386193820959
patches,custom patches,2025-11-11,2026-10-02,a.c.e.americancustomengr,a.c.e.americancustomengraving,261,8,2,,"Custom military patches. I can make them in any style you want, large or small. #salaserguy #veteransday #usa #military #navydad","A short-form video showcasing custom laser-engraved leather military patches arranged on a workshop cutting mat, accompanied by a patriotic song and a thank-you message for veterans.","Thank you for your service, Veterans Day 2025.",Raw UGC,Showcase,true,yes,,https://www.tiktok.com/@a.c.e.americancustomengr/video/7571320420570385694
patches,custom patches,2025-11-11,2026-10-02,zicustompatches,Custom Patches,557,20,2,,"📸 Afternoon Working Vibes 🌤 | Custompatcheszi
Production is on the way! 🚀
Here’s one of our latest custom embroidery patch projects — Deptford Fire Department Station 9 (Gloucester County) patch, c","A behind-the-scenes factory video showing industrial multi-head embroidery machines simultaneously stitching custom Deptford Fire Department Station 9 patches on yellow fabric, demonstrating large-scale manufacturing precision.",TAJIMA; 9; FIRE DEPARTMENT; COUNTY; SERVICE; ONE,Raw UGC,Behind-the-scenes,true,yes,,https://www.tiktok.com/@zicustompatches/video/7571368767918263572
patches,custom patches,2025-11-11,2026-10-02,patchstyle,✨patch up style🧢,1374,46,8,1,Custom patches,"A short, satisfying behind-the-scenes clip showcasing the laser-cutting production of custom glitter star patches, set to a rhythmic beat.",Custom glitter patches,Raw UGC,Behind-the-scenes,true,yes,,https://www.tiktok.com/@patchstyle/video/7571405717177978142
patches,embroidered patches,2025-11-13,2026-10-01,graciebrandingco,Gracie Branding Co.,23400,557,31,69,"Replying to @Maria R.  Making A Patch With Your Embroidery Machine 🧵🪡

#howto #embroiderytutorial #patches #embroideredpatches #machineembroidery","A creator provides a clear, hands-on tutorial answering a viewer's question about whether to remove plastic backing from machine-embroidered patches before adding heat-n-bond.","Reply to Maria R.'s comment: Hi, do you leave the plastic on the back or you try to remove it before you put in heatnbond? Thank you; IN MY SHOWGIRL ERA; WARNING Strong Magnets Pinch Hazard Pacemakers; Made in the USA",Raw UGC,Tutorial,false,yes,,https://www.tiktok.com/@graciebrandingco/video/7572244143708130574
patches,custom patches,2025-11-13,2026-10-02,custompatchfactory,Custom Patch Factory,467,8,,,"From design to stitch ✨ Watch how our custom patches come to life, one thread at a time!

#custompatches #custom #patches #patchdesign #fyp","A fast-paced, highly satisfying behind-the-scenes showcase of custom embroidered patch manufacturing, produced by Custom Patch Factory on TikTok to drive sales via discount code SAVE10 and free shipping.",This is how we make your custom patches!; GET 10% OFF WITH CODE SAVE10; FREE SHIPPING!; CUSTOM PATCH FACTORY; MAYA; DC2NF; MG 2; 1 2 3 4 5 6 7 8 9 0; A B C D E F G H I J K L M N O P Q R S T U V W X Y Z,Polished Creator,Behind-the-scenes,true,yes,,https://www.tiktok.com/@custompatchfactory/video/7572301634093534478
patches,(not in thumbnail),2025-11-14,2026-10-01,happypart16,HAPPY PART,10700,59,57,34,Iron patch NBA theme #patchforbag #ironpatch #bestseller,"A concise product showcase highlighting NBA-themed iron-on patches, targeted at DIY fashion enthusiasts and sports fans.",Iron patch NBA theme #patchforbag #ironpatch #bestseller,Casual Snapshot,Haul,true,yes,,https://www.tiktok.com/@happypart16/video/7572529360301788424
patches,patch collector,2025-11-15,2026-10-02,carawengenco,Cara Wengen | Thrifted Style,2109,149,12,,Okay but what one is your favorite?!? #vintagepatches #vintage #vintagefinds #vintagehaul,"A thrift-focused TikTok creator rapid-fire rates an extensive collection of vintage embroidered patches destined for her L.L. Bean barn jacket, using hyperbolic scores and playful commentary to entertain viewers and drive comment engagement.",RATING MY VINTAGE PATCH COLLECTION,Raw UGC,Haul,false,yes,,https://www.tiktok.com/@carawengenco/video/7572967121106275598
patches,police patches,2025-11-16,2026-10-02,gc.patchcollection,GC Patch Collection,1226,69,3,3,Mail call📩🚔#policepatches#lawenforcementpatches#policepatchcollection#lawenforcementcommunity#viraltiktok,"A silent, satisfying showcase of newly acquired law enforcement shoulder patches from Maine, Vermont, and Rhode Island, targeted at niche collectors on TikTok.","SPRINGFIELD POLICE VERMONT; POLICE TOWN OF LINCOLN DEPARTMENT OF PUBLIC SAFETY; SHERIFF PENOBSCOT COUNTY, ME; WINSLOW POLICE MAINE; RHODE ISLAND ENVIRONMENTAL POLICE; EAST MILLINOCKET POLICE MAINE",Raw UGC,Vlog,false,yes,,https://www.tiktok.com/@gc.patchcollection/video/7573130607681703181
patches,police patches,2025-11-17,2026-10-02,gc.patchcollection,GC Patch Collection,821,49,7,2,Thank you @Dalton Dunnells for the new Maine patch and others!🚔#policepatches#lawenforcementpatches#lawenforcementcommunity#maine#policepatchcollection,"A creator shares a short, appreciative video of new law enforcement patch additions to their collection, tagging the contributor and using relevant community hashtags.",DEXTER HEART OF MAINE POLICE; DEPARTMENT OF VETERANS AFFAIRS POLICE UNITED STATES OF AMERICA; POLICE CITY OF EXETER,Raw UGC,Vlog,false,yes,,https://www.tiktok.com/@gc.patchcollection/video/7573829021369126199
patches,police patches,2025-11-18,2026-10-02,weatherlypolice,weatherlypolice,4222,103,2,9,Available on our website shop page www.Weatherlypd.com #fyp #foryourpage #police #policeoftiktok #policepatches,"The Weatherly Police Department official TikTok account showcases its diverse lineup of custom collectible patches, challenge coins, and miniature vehicles laid out on a branded jacket, synchronized to the song 'Bad Boys' with a call to action directing viewers to their online shop.",POLICE WEATHERLY; WEATHERLY POLICE EST 1881; SRO COP WPD; CUSTOM; HOT WHEELS COP WHEELS,Raw UGC,Merch,true,yes,,https://www.tiktok.com/@weatherlypolice/video/7574180471647653151
patches,patch collection,2025-11-19,2026-10-01,finch.garment,Finch Garment manufacturer,46400,1550,16,270,5 Patch Ideas for your design to stand out 🔥 #clothingmanufacturer #accessories #clothingbrandstartup #clothingbrandtips #streetwearinspo,"A garment manufacturer outlines five distinct patch styles—silicone, leather, microfiber, canvas, and metal—explaining their ideal applications for t-shirts and hoodies to help clothing brands stand out.",5 patch ideas to make your design stand out; RAFELO; B+; GOSBRAND; LOUIS VUITTON MALLETIER; STUTTGARTS FINEST; BIG DEPOSITS; FINCH GARMENT STANDARD OF BEST QUALITY,Polished Creator,Tutorial,true,yes,,https://www.tiktok.com/@finch.garment/video/7574361540518808846
patches,patches,2025-11-19,2026-10-01,xxpushinpretty,M A R L Y N N A E,5600000,316900,397,1054,Patches always filled #satisfying #pimplepatchremoval #acne #skintok #clearskin,"A beauty creator shares a satisfying pimple patch removal video using Linda Glow hydro-hugs patches, engaging her audience with raw vulnerability and gross-out ASMR elements.",,Raw UGC,Review,true,yes,possible off-topic,https://www.tiktok.com/@xxpushinpretty/video/7574562462926769438
patches,embroidered patches,2025-11-19,2026-10-01,shopsewlucky,Sewlucky,19400,783,30,71,Let’s make a patch #patch #embroidery #embroiderypatch #embroiderypatches #embroiderytutorial,"A creator shares part two of an embroidery patch tutorial, demonstrating how to remove a patch from a hoop, peel backing, apply Plantional iron-on adhesive sheets with a mini heat press, and trim the edges while candidly pointing out a minor cutting mistake for viewers to avoid.","WARNING Strong Magnets, Made in the USA, 5.5' Mighty Hoop, Pinch Hazard, Keep Away From Electronic Devices and Credit Cards, Pacemakers, PLANTIONAL Double Sided Iron-on Adhesive Sheets, SELF-CARE read your BIBLE, Make a",Raw UGC,Tutorial,true,yes,,https://www.tiktok.com/@shopsewlucky/video/7574586633823997198
patches,embroidered patches,2025-11-20,2026-10-01,vistrend_official,vistrend_official,5207,34,5,5,Luxury brand logo PRADA designer embroidery patches iron on for clothes bags hats #clothingpatches #embroiderypatch #shirtspatch #hatspatches,"A short silent video showcasing ten triangular iron-on embroidered patches featuring luxury-style branding on a grey surface, complete with dimension callouts and a backing demonstration.",Iron on Embroidery Patches; Size:3.11*1.77 inches; PRADA MILANO DAL 1913,Raw UGC,Tutorial,true,yes,,https://www.tiktok.com/@vistrend_official/video/7574612313282563359
patches,iron on patches,2025-11-20,2026-10-01,dharmascraft,Dharma’s Craft,2534,31,11,3,I am so excited about these vibrant iron on letter patches. I tested the letter B for Bear 🐻 on an old sweatshirt I pulled from my closet and it worked so well! I wanted to try one letter first befor,"A craft creator demonstrates how to apply chenille iron-on varsity letter patches to a sweatshirt using an alignment ruler and an iron, highlighting products available on TikTok Shop while sharing her trial-and-error process.","Testing iron on letters, ADULT FRONT, 1, 2, 3, 4, CENTER, Chef, Parchment",Raw UGC,Tutorial,true,yes,,https://www.tiktok.com/@dharmascraft/video/7574827513545755934
patches,patch collection,2025-11-20,2026-10-01,ambershops24_7,ambershops24_7,577,31,7,2,"Tik tok live @prettypatches1 haul. You can also follow them at @Cccupwraps. Same shop. 

$40 gets you a decent size haul and lots of room for creativity! 

#patch #irononpatch #diy #creative #grinch","A creator shares part two of her TikTok live shopping patch haul, humorously reflecting on her transition from goth style to obsessed fan of sparkly holiday crafts while showing off items from @prettypatches1.",Tik Tok Live Haul Iron On Patches,Raw UGC,Haul,true,yes,,https://www.tiktok.com/@ambershops24_7/video/7574952426155904270
patches,patch collector,2025-11-22,2026-10-02,marisolsubialdea,MariSubiReads 📖📚,56600,2899,65,492,Collectors edition of hush hush 😍 #hushhush #booktok #fyp #collectorsedition #patch,"A BookTok creator shares a quick point-of-view video filmed inside a Walmart store, revealing the discovery of the collector's edition of the book Hush Hush by Becca Fitzpatrick on the shelf and urging followers to go buy it.","Run don't walk to Walmart!; COLLECTOR'S EDITION; hush, hush; BECCA FITZPATRICK; 19.98; 11.24; 10.45; Journal 3; Falling Like Leaves; THE LAST RESORT; WINGS; PHOENIX; 3; SCAN ME",Raw UGC,Haul,false,yes,possible off-topic,https://www.tiktok.com/@marisolsubialdea/video/7575423561670642975
patches,iron on patches,2025-11-23,2026-10-01,kiahrosee1,makiah rose,13300,194,13,48,Finding new hobbies to try!! #diy #irononpatches #sweatset #heatpressmachine #unique,"A creator shares an inspiring, aesthetic DIY tutorial on customizing plain sweatshirts and sweatpants using iron-on patches and a mini heat press machine, appealing to the craft and DIY community.","DIY a patch sweatshirt and some sweatshirts with me; cute patches we picked out; choosing my placement for the patches; time to press the patches onto the sweatshirt; i chose elbow patches as well to make it more unique; choosing my placement again (playing around with it is key to creativity, it doesn't have to be perfect); time to press the patches onto the matching sweatpants; finished products they all turned out super cute",Raw UGC,Tutorial,false,yes,,https://www.tiktok.com/@kiahrosee1/video/7575784642498858271
patches,embroidered patches,2025-11-26,2026-10-01,custom.patches.us,Custom patches,10,0,,,"www.custompatchmaker.us
Custom embroidered patches offer a durable and stylish way to showcase logos, names, and artwork with detailed stitching. Made with high-quality threads, they provide a texture","A short, satisfying product showcase video by a custom patch maker featuring macro shots of four distinct embroidered and chenille patches synchronized with scissor-snip sound effects, paired with a website link in the caption.","AMSTERDAM, E, R, T",Polished Creator,Haul,true,yes,,https://www.tiktok.com/@custom.patches.us/video/7577106253667716353
patches,police patches,2025-11-27,2026-10-02,juanma_26_,juanma_26_,302,3,,,#policepatchcollection #police #patch #policiaemblemas #wyomingpolicepatch,"A TikTok photo carousel by juanma_26_ showcasing a collection of embroidered police and highway patrol patches from Wyoming and Wisconsin, targeted at patch collectors and law enforcement memorabilia enthusiasts.","BUFFALO, WYOMING; BENEATH THE BIG HORNS; POLICE; MIDWEST; HOME OF THE SALT CREEK OILFIELD; WY; POLICE CLEAR LAKE, WI; PROTECT AND SERVE; AND; LARAMIE; WYOMING 1868; KEMMERER; 1899; WYOMING HIGHWAY PATROL",Casual Snapshot,Carousel,false,yes,,https://www.tiktok.com/@juanma_26_/video/7577544158919838998
patches,custom patches,2025-11-28,2026-10-02,cult.alyssia,🖤 ☥ Lissy ☥ 🖤,17900,1050,7,34,Started selling these on my Depop cult_alyssia 🖤 also need ideas on what bands would be cool to start doing next #metalhead #diy #gothdiy #bandpatches #alt,"A DIY tutorial demonstrating how to create reusable stencils for metal band patches using paper prints, packing tape, and fabric paint, created by an independent alt/metal creator to promote her Depop shop and engage the metalhead community.","+ Reusable template
DIY band patch
Tutorial
Print out your designs
Cover it in tape
Front + back
Trim the excess
Use a crafting knife
Or scissors to cut the design
Out
Leave some bits uncut
If needed to stop
It falling apart
Dab paint on Lightly
Just enough to leave the
Imprint on your
Fabric
Go back over the details
And areas you missed
Done!!",Lo-fi Authentic,Tutorial,true,yes,,https://www.tiktok.com/@cult.alyssia/video/7577854055364545814
patches,patch collection,2025-11-29,2026-10-01,azrilzaimaziz,Azril Zaim Aziz,58600,4622,18,147,"RE-UPLOAD | that’s all for now, (maybe).

#patchtentera 
#tacticalpatches 
#patchtudm 
#patchcollector 
#fypmalaysia","A silent TikTok video showcasing an extensive, meticulously organized wall collection of military and aviation tactical patches, emphasizing scale and collector dedication through a smooth zoom-out shot.","Various text on patches including FLANKER, SU-30MK, CHINOOK, LIMA '25, PAO US ARMY, KELAWAR 25 AIR REGION 2, 30TH ANNIVERSARY, TINDAK PANTAS, ULTIMATE AGGRESSOR, FIGHT FOR FREEDOM",Raw UGC,Aesthetic,false,yes,,https://www.tiktok.com/@azrilzaimaziz/video/7578093705895218453
patches,chenille patches,2025-12-01,2026-10-02,malitreend,Malitreend Tees & Patches,1122,13,1,3,"Make the $80 boutique sweatshirt for a fraction of the price.
✨High-quality chenille patches, fast shipping, beginner-friendly, and perfect for holiday gifts.

Shop this exact patch on my shop 💕🔥 Ta","A short-form DIY tutorial demonstrating how to make a boutique-style custom sweatshirt using chenille patches and a heat press, aiming to drive product sales via social commerce links.",The trick I wish I knew before wasting money 💰❤️; use high-quality patches to make your own sweatshirt instead of buying overpriced hoodies; Read caption to shop this exact iron on patch ⬇; CAUTION HOT SURFACE; BALTIMORE RAVENS; R; C; CENTER; L,Raw UGC,Tutorial,true,yes,,https://www.tiktok.com/@malitreend/video/7579042429634923831
patches,patch collector,2025-12-02,2026-10-02,patches4george_2013,George & Sunny,1724,113,11,5,"George wanted to do a new video to show off his collection. He is currently at 629 patches! 573 patches in Law Enforcement and 56 in Fire/EMS. Thank you to those who have helped him so far, he's been ","A dedicated patch collector named George showcases his milestone collection of 629 law enforcement and fire/EMS patches, displayed across corkboards, shadow boxes, and binders, while expressing gratitude to the officers and supporters who contributed.",POLICE; FRESNO POLICE; CHICAGO POLICE; STEELE; BUCYRUS; SHERIFF; HENNEPIN COUNTY; K-9 UNIT; REIDSVILLE N.C.; CLARK COUNTY WASHINGTON; COLUMBIA SC POLICE; SOUTH CAROLINA HIGHWAY PATROL; BATESBURG LEEESVILLE; PUBLIC SAFETY LEXINGTON MEDICAL CENTER; BATH COUNTY VIRGINIA SHERIFF'S OFFICE; U.S. IMMIGRATION OFFICER; DEPUTY SHERIFF SHERIFF'S DEPT PHILADELPHIA; COLLINGWOOD POLICE; CAMBRIDGE POLICE,Raw UGC,Vlog,false,yes,,https://www.tiktok.com/@patches4george_2013/video/7579365428099632415
patches,chenille patches,2025-12-03,2026-10-02,vcsdiyshirts,VCS’ DIY Shirts & More,1554,22,2,2,"🚨NEW PRODUCT ALERT‼️
🤩We’re excited to introduce our newest obsession: FLUFFY Patches! 🐻️️️️️️️️️️️️️️️️️️️️️️️️️️️️️️️️️️️️️️️️️️️️️️️️️️️️️️️️️️️️️️️️️️️️️️️️️️
✨Alongside our Chenille and Sequin","A quick, engaging tutorial from VCS' DIY Shirts & More demonstrating how to apply their new fluffy chenille patches using a heat press, complete with step-by-step on-screen instructions.","Fluffy Patch Application; Tutorial; 20 F; SECONDS; VCS' DIY SHIRTS & MORE; FIRM; REMOVE BACKING FROM TRANSFER.; COVER WITH TEFLON SHEET; COLD PEEL MASK; TURN SHIRT INSIDE OUT; PRESS ON BACK SIDE; FOR 10 MORE SECONDS WITH TEFLON SHEET; AVAILABLE IN-STORE 23432 Highway 59, Porter TX 77365; FIND ON OUR WEBSITE VINYLCS.COM; LIKE; FOLLOW; SHARE",Polished Creator,Tutorial,true,yes,,https://www.tiktok.com/@vcsdiyshirts/video/7579649676929027341
patches,iron on patches,2025-12-04,2026-10-01,shopsewlucky,Sewlucky,40300,1179,54,161,Embroidery patch #irononpatches #patches #patch #embroidery #embroiderypatch,"A concise, highly instructional DIY crafting tutorial showing how to convert an embroidered Santa patch into an iron-on applique using Plantional adhesive sheets and a mini heat press.","How to Make An iron On patch; Spelled: Plantional It's on Amazon; PLANTIONAL Double Sided Iron-on Adhesive Sheets Extremely versatile for use in apparel, quilting and crafts, home decor projects Great for thick and thin fabrics Fabric will retain its natural, will not get inflexible or stiff Recommended use condition: Use temperature: 125-140 C Time: 10-30 sec General Directions: 1. Cut adhesive sheet to match patch. 2. Heat set press to 140 degrees. 3. Place patch face down on press, place adhesive sheet (paper side up) on back of patch, cover with cloth, and press for 15 seconds. 4. Let patch cool and peel off paper. 5. Place patch on clothing item, cover with cloth, press for 15 seconds, and let patch cool. And more; Heat pressed It for 30 seconds On 315 f",Raw UGC,Tutorial,true,yes,,https://www.tiktok.com/@shopsewlucky/video/7580004194594147598
patches,police patches,2025-12-07,2026-10-02,socalpatchcollector,socalpatchcollector,959,62,5,1,Got 4 new patches the other day. #policepatches #police #lawenforcementpatches #lawenforcementcommunity #policepatchcollection,"A short, satisfying showcase of four newly acquired law enforcement shoulder patches from Texas, Tennessee, Ohio, and Massachusetts, aimed at the niche patch collecting community on TikTok.","SHERIFF TRAVIS COUNTY TEXAS STATE OF TEXAS OFFICE; PIGEON FORGE TENNESSEE POLICE DEPARTMENT; HAMILTON OHIO 139TH ACCREDITED POLICE AGENCY; TOWN OF SOMERSET MASSACHUSETTS INCORPORATED FEB. 20, 1790 PROTECT AND SERVE",Raw UGC,Vlog,false,yes,,https://www.tiktok.com/@socalpatchcollector/video/7580964265251605791
patches,embroidered patches,2025-12-08,2026-10-01,vistrend_official,vistrend_official,1027,12,,1,Stitch cartoon chacracter twill embroidery patches iron on for clothes bags hats #embroiderypatch #shirtspatch #clothingpatches #hatspatches,"A short promotional video demonstrating Stitch character iron-on embroidery patches, highlighting their design variety and physical size.",Iron on Embroidery Patches; Size:around 2.75 inches,Raw UGC,Haul,true,yes,,https://www.tiktok.com/@vistrend_official/video/7581291538420976927
patches,police patches,2025-12-08,2026-10-02,patches4george_2013,George & Sunny,1102,78,10,2,"Thank you @NOT A COP for helping George again with his patch collection! They arrived this morning, he was excited cause he didn't have these patches. 😊
#patchcollector #policepatches #lawenforcement","A young patch collector named George expresses sincere gratitude via a TikTok post for new law enforcement patches sent by another creator named @NOT A COP, showcasing his growing collection against a wall display.","Thank you for the new patches!
-George",Raw UGC,Behind-the-scenes,false,yes,,https://www.tiktok.com/@patches4george_2013/video/7581624939887791391
patches,patches,2025-12-09,2026-10-01,patchstyle,✨patch up style🧢,6058,122,6,20,Custom patches #nurse #patches,"A mesmerizing behind-the-scenes video of an industrial embroidery machine producing custom nurse patches with chenille lettering and sequined bows, targeting healthcare professionals and custom apparel enthusiasts.",Nurse big patches; NURSE; MAYA,Raw UGC,Behind-the-scenes,true,yes,,https://www.tiktok.com/@patchstyle/video/7581796804388343071
patches,police patches,2025-12-10,2026-10-02,tara.miller826,Tara Miller,12900,655,22,10,"New patch alert!!! 🎅🏼🌲
 
#policepatchcollection #communitypolicing #fyp #foryoupage #lawenforcementcommunity","A female police officer introduces a new Christmas-themed department patch designed by a local high school student, detailing pricing and charity proceeds while sitting in her patrol car.",Coventry Police Honor Integrity Strength,Raw UGC,Vlog,true,yes,,https://www.tiktok.com/@tara.miller826/video/7582326835933924639
patches,chenille patches,2025-12-10,2026-10-02,ame.customs22,AME CUSTOMS LLC,1133,58,2,6,Press a chenille patch with me! Supperrrrr easy to apply! You can do it too 🩷🤭✨🎄 #chenillepatch #christmassweater #heatpressnation #fyp #gingerbreadhouse,"AME CUSTOMS LLC presents a quick, five-step tutorial on applying chenille patches to a holiday sweater using a heat press machine, set in an aesthetic pink workshop.","HOW TO PRESS OUR CHENILLE PATCHES; STEP 1: PRE PRESS GARMENT; STEP 2: PLACE YOUR PATCH ON DESIRED SPOT; STEP 3: PRESS AT 350 X 20 SECONDS W/TEFLON OR PARCHMENT PAPER; STEP 4: TURN GARMENT INSIDE OUT FOR A SECOND PRESS ( IMPORTANT STEP); STEP 5: REPRESS FOR ANOTHER 5-10 SECONDS; 350 x 20 SECONDS; AND THERE YOU HAVE IT, A BEAUTIFUL PRESSED SWEATER!!!",Polished Creator,Tutorial,true,yes,,https://www.tiktok.com/@ame.customs22/video/7582351432951614734
patches,patch collector,2025-12-12,2026-10-02,azrilzaimaziz,Azril Zaim Aziz,2850,41,5,2,"PATCH REVIEW | SHOUT OUT TO RUNWAY25!

#patchcollector
#militarypatches 
#airforcepatch 
#patchtentera
#fypmalaysia","A patch collector reviews four affordable military and aviation morale patches purchased from the UK-based online store Runway25, plus an additional patch from a local seller, showcasing the designs and discussing pricing.",PATCH REVIEW | SHOUT OUT TO RUNWAY25!,Raw UGC,Review,true,yes,,https://www.tiktok.com/@azrilzaimaziz/video/7582935976155024660
patches,police patches,2025-12-12,2026-10-02,socalpatchcollector,socalpatchcollector,1353,95,24,1,"I saw a few other people make a post like this, hence the idea. Probably won’t do this often just cuz im nearing 200 patches (and that’s a lot lol). #policepatches #police #lawenforcementpatches #lawe",A TikTok carousel by a law enforcement patch collector showcasing an itemized statistical breakdown of their collection from inside a patrol vehicle.,"Slide 1: 12/12/25
Patch and Challenge Coin Stats.
Slide 2: TOTAL Patches: 156
CA Only Patches: 46
Out-Of-State: 107
Out-Of-Country: 0
Highway/State Patrol: 7
Sheriff's Departments: 33
Police Departments: 107
Campus Police: 4
Prisons: 1
Corrections: 1
Federal: 1
Fire Departments: 2
Challenge Coins: 5",Raw UGC,Carousel,false,yes,,https://www.tiktok.com/@socalpatchcollector/video/7583122080946834719
patches,patch collector,2025-12-13,2026-10-02,patchcollector,patchcollector,1678,78,1,,#PCSO @Pinellas County Sheriff Office #fyp #viral #patchcollection #harrisburgpd @Burlington PD,"A short, silent TikTok video by patchcollector showcasing two newly received law enforcement patches from Pinellas County Sheriff Office and Harrisburg Police, displayed on a marble countertop.",Today's Patches! Thank you PCSO and HPD for sending me these patches!,Raw UGC,Personal-update,false,yes,,https://www.tiktok.com/@patchcollector/video/7583366590322838798
patches,chenille patches,2025-12-15,2026-10-02,ericab0077,Erica,1216,39,2,5,They here yall‼️‼️‼️#psalm23  #chenillepatches  #patches  #patch  #designsistersandblanks  @DSBLLC,"A small business owner excitedly unboxes a long-awaited shipment of custom Psalm 23 chenille patches, showing off the inventory and explaining purchasing rules and coupon usage to her audience.",They here yall!!!!!; RECOMMENDED WEIGHT; psalm23; chenillepatches; patches; patch; designsistersandblanks; DSBLLC; PSALM 23 THE LORD IS MY SHEPHERD,Raw UGC,Unboxing,true,yes,,https://www.tiktok.com/@ericab0077/video/7584193237393444151
patches,embroidered patches,2025-12-16,2026-10-01,clothing.factory07,clothing factory,1032,17,,,"In the world of custom apparel, every embroidered patch tells a story.
This is our latest custom-made embroidered patch for a client, showcasing exquisite craftsmanship in every detail.
Have you ever ","A short, satisfying behind-the-scenes video from a clothing factory highlighting the precise overlocking and edge-stitching process for custom embroidered patches.","In the world of custom apparel, every embroidered patch tells a story. This is our latest custom-made embroidered patch for a client, showcasing exquisite craftsmanship in every detail. Have you ever been amazed by an embroidered patch? What unique charm can it bring to clothing? #embroidery #CapCut #customclothing #factorywork #sewing",Raw UGC,Behind-the-scenes,true,yes,,https://www.tiktok.com/@clothing.factory07/video/7584343737745165581
patches,custom patches,2025-12-16,2026-10-02,audley.official,AUDLEY·official,14300,105,19,54,"3D TPU patches on a 9060 UV flatbed 🔥
Print → Cut → Transfer (one workflow)
Want the TPU settings? Comment “TPU” ✅

#uvprinter #uvflatbed #tpu #3dprinting #printtok #printingbusiness #custompatch #he","A short-form video demonstration by AUDLEY-official showcasing how 3D TPU patches are printed, cut, and heat-transferred using a 9060 UV flatbed printer with four Epson printheads.","3D TPU PATCH (Flexible + Raised); Print -> Cut -> Heat transfer ... one workflow; Wait- this isn't a sticker; It's a 3D TPU patch.; Soft, flexible... and raised; Made on a 9060 UV flatbed; With four Epson printheads for speed and detail; Color + white + clear build the 3D height; and UV cures it instantly; Now the cutter follows the contour, clean edges, every time; Perfect for patches, labels, and custom branding runs; Zoom in- this texture is real.; Crisp lines, Glossy highlights; Want the TPU settings + workflow?; Comment TPU or DM me; BRAMPTON BEAST; WESLEYAN; FCB; COLORADO FOOTBALL",Polished Creator,Tutorial,true,yes,,https://www.tiktok.com/@audley.official/video/7584362043852082450
patches,chenille patches,2025-12-16,2026-10-02,thebusymomshop,thebusymomshop,15700,259,6,31,"Be my boo 💕👻

This is the cutest patch 😍

Shop: www.mjcustomprints.com 

#screenprinttransfers #chenillepatches #supportsmallbusiness #heatpatches #valentinesday","A small business creator demonstrates how to press a Valentine's Day-themed ghost chenille patch onto a sweatshirt using a pink heat press, combining satisfying crafting visuals with clear purchasing information.","BE MY BOO, ADULT, BETTERSUB, GIR",Raw UGC,Tutorial,true,yes,,https://www.tiktok.com/@thebusymomshop/video/7584586080419187981
patches,patch collector,2025-12-17,2026-10-02,patchcollector,patchcollector,1795,68,18,,#beallyoucanbe @GoArmy #viral #LEO #patchcollection #viral @Alabama Law Enforcement Agency,"A patch collector showcases newly acquired official patches from the ATF, ALEA, Fort Knox PD, and the Department of the Army Police on a clean marble surface, expressing gratitude via text overlay.","New Patches! Thank you, ALEA, Fort Knox PD, and the ATF for sending me these patches!",Raw UGC,Collection showcase,false,yes,,https://www.tiktok.com/@patchcollector/video/7584925852241054989
patches,police patches,2025-12-18,2026-10-02,gc.patchcollection,GC Patch Collection,1404,48,2,,Been at this for a while and I dont plan on stopping! I love this hobby🤟🏽🚔#lawenforcementcommunity#backtheblue#lawenforcementpatches#policepatchcollection#policepatches,"A creator showcases the massive growth of their police patch collection from 2023 to the present, highlighting deep dedication to the law enforcement hobby.","2023:, STATE POLICE, GORHAM POLICE, CITY OF SACO POLICE, CORRECTIONS, MAINE ARMY NATIONAL GUARD, Now(25-26), STATE OF MAINE AIR NATIONAL GUARD COLLECTOR, NORTH WOODS LAW, YORK COUNTY SHERIFF'S OFFICE, U.S. BORDER PATROL, AIRBORNE, SALEM, MIDDLETON VIRGINIA",Raw UGC,Vlog,false,yes,,https://www.tiktok.com/@gc.patchcollection/video/7585017611440704798
patches,iron on patches,2025-12-18,2026-10-01,user4915614441162,Dingyi Store,2622,4,,,#star #christmas #diyproject #irononpatches #backtoschool Sequin Star Iron on Patches,"A short, engaging DIY demonstration showcasing the application and aesthetic appeal of large star sequin patches on fabric surfaces.",10PCS Big Star Sequin Patches; Sparkle Everywhere Transform any fabric instantly with dazzling star patches These three point nine four-inch sequins add instant glam to my jacket and jeans I love how the iron-on glue holds up through washes my custom denim now looks professionally made The rainbow of colors makes every stitch feel like a creative upgrade and my daughter begged to add them to her backpack Click to brighten your wardrobe and craft projects with these durable sparkle gems today,Raw UGC,Tutorial,true,yes,,https://www.tiktok.com/@user4915614441162/video/7585077551551221022
patches,iron on patches,2025-12-18,2026-10-01,user4915614441162,Dingyi Store,6649,26,2,3,#diyproject #irononpatches #strawberry #backtoschool,"A quick-paced DIY product showcase demonstrating the application and durability of 30 strawberry embroidered patches on everyday apparel, highlighted by an upbeat voiceover and clean visual presentation.",30PCS Embroidered Strawberry Patches; Make every stitch tell a story with these vibrant strawberry-embroidery patches These thirty artfully embroidered patches cling perfectly to my jeans and tote bag I love how the plump strawberries stand out even after multiple washes The iron-on process takes only seconds and my daughter actually requested three of them for her school uniform Best part They remain crisp and colorful as if freshly stitched Transform ordinary fabrics into wearable art today,Raw UGC,Tutorial,true,yes,,https://www.tiktok.com/@user4915614441162/video/7585129545003437342
patches,iron on patches,2025-12-18,2026-10-01,shinecncpoint,shinecncpoint,10200,230,14,25,"We are a manufacturer of customized patches & branding products, delivering premium quality with fast turnaround and no minimum order limit.

✅ PVC Rubber Logo Patches (2D & 3D)
✅ Embroidery Patches (","A promotional product video by custom patch manufacturer Shine CNC Point, demonstrating the tactile quality, precise molding, and bulk fulfillment capability of their PVC tactical patches.",Circular overlay text in bottom right corner reading 'SHINE PATCHES',Raw UGC,Review,true,yes,,https://www.tiktok.com/@shinecncpoint/video/7585205423817444628
patches,iron on patches,2025-12-20,2026-10-01,tiktokpatchfactory,Saiming,18000,72,1,19,How to use the iron-on patch?##chinafatory ##workshop ##patch #iron,"A concise, 5-step instructional TikTok video by a Chinese manufacturer demonstrating how to correctly apply an iron-on patch to denim, complete with voiceover, bold captions, and a closing factory team promotional slide.",,Polished Creator,Tutorial,true,yes,,https://www.tiktok.com/@tiktokpatchfactory/video/7585844956439399710
patches,embroidered patches,2025-12-20,2026-10-01,thebrandblueprint,THE BRAND BLUEPRINT,33700,1585,26,572,"The biggest fashion trend in 2026 is going to be customization with patches.

In 2025, we saw how much consumers loved customization with embroidery, and patches are the next evolution. 

They’re fast","A fashion trend forecaster predicts that patch customization will be the biggest fashion trend of 2026, highlighting Marine Layer's patch bar retail activation as the industry pioneer due to its speed, scalability, and enhanced collaboration potential.",Fashion Trend In 2026: Customization With Patches; marine layer doing cool things !!!; Abbode; L.L.Bean; 1 2 3 4 5 6 7 8 9 10; parke; NEW YORK; SF; HOWDY; SAN FRANCISCO; THE BRIDGE GOLF; WINTER PARK; GOLDEN; I LOVE NY,Polished Creator,Opinion,true,yes,,https://www.tiktok.com/@thebrandblueprint/video/7586086825601600823
patches,police patches,2025-12-21,2026-10-02,socalpatchcollector,socalpatchcollector,970,73,3,,Some more new patches. Really need to get another patch board. #policepatches #police #lawenforcementpatches #lawenforcementcommunity #policepatchcollection,"A short TikTok video by a patch collector showing newly acquired police and sheriff patches while expressing a need for a new display board, accompanied by an acoustic track.",MISSOURI STATE HIGHWAY PATROL SERVICE AND PROTECTION; BALTIMORE COUNTY SHERIFF'S OFFICE BATTLE OF NORTH POINT 1812 WELLS-MCCOMAS; AMHERST MASSACHUSETTS FOUNDED 1759 POLICE; STONEHAM MASS 1725 POLICE; PORT ST. LUCIE FL POLICE COURAGE KNOWLEDGE INTEGRITY,Raw UGC,Hobby,false,yes,,https://www.tiktok.com/@socalpatchcollector/video/7586427842809007390
patches,embroidered patches,2025-12-22,2026-10-01,maxemblem_official,Maxemblem,46,0,,,"🎄 Christmas & New Year reunions just got retro-chic!
 My sisters and I fell for Maxemblem’s new custom American-style embroidery patches—vibrant threads, crisp vintage-inspired details, and soft dura","A polished brand showcase by Maxemblem featuring custom American-style embroidered patches as retro-chic holiday gifts, highlighted by crisp macro shots, festive graphics, and a direct call to action.","MAX EMBLEM logo badge, 'Snowing' graphic, 'Recommend These American Patches', 'THE CITADEL SCHOOL OF ENGINEERING', 'EST 1842', 'ISLAND CHOWDER HOUSE BAR HARBOR COTTAGE STREET', 'BLUE STAR MOTHERS OF AMERICA, INC.', 'PRESIDENT\'S PROJECT', 'THE BOLTER', 'maxemblem.com/'",High-Production,Tutorial,true,yes,,https://www.tiktok.com/@maxemblem_official/video/7585779205846125837
patches,custom patches,2025-12-23,2026-10-02,shinecncpoint,shinecncpoint,43700,883,36,121,"🔥 Custom PVC & UV 2D / 3D Patches – Premium Quality 🔥

Watch our production process in action 🎥
From PVC patches printing to UV 3D patches, we create high-quality custom patches with sharp details ",A custom patch manufacturer demonstrates the production and flexibility of UV 3D PVC patches using industrial equipment in a workshop setting.,"Shine Patches, FUNSUN vibrant, UV Heat press Iron on Patches, UV Printing on PVC patches",Raw UGC,Tutorial,true,yes,,https://www.tiktok.com/@shinecncpoint/video/7587047197062040853
patches,chenille patches,2025-12-24,2026-10-02,thebusymomshop,thebusymomshop,5330,86,2,10,"Let’s press this order together 🤎 thank you so much for all your support ladies 🥰 

#screenprinttransfers #supportsmallbusiness #transfervendor #chenillepatches #packanorderwithme","A small business creator shares an aesthetically pleasing, ASMR-style overhead video of pressing and packing a custom 'Slow Mornings Club' sweatshirt order, expressing gratitude to supporters.","BETTERSUB, ADULT, SLOW MORNINGS CLUB, @MYCUSTOMPRINTS, HANDMADE WITH LOVE DO NOT CRUSH BEND OR FOLD THANK YOU",Raw UGC,Behind-the-scenes,true,yes,,https://www.tiktok.com/@thebusymomshop/video/7587262771381767454
patches,patch collector,2025-12-25,2026-10-02,patchcollector,patchcollector,584,48,7,1,#CHRISTmas #LEO #viral #fyp #patchcollection,"A TikTok video by patchcollector showcasing a vast, neatly organized collection of law enforcement shoulder patches laid out on a wooden floor, accompanied by Christmas music and a holiday greeting.",Merry Christmas!,Raw UGC,Collection showcase,false,yes,,https://www.tiktok.com/@patchcollector/video/7587817272488561975
patches,patch collection,2025-12-26,2026-10-01,patchstyle,✨patch up style🧢,633,13,,,different patches collection#patches #embroidery,"A fast-paced, visually engaging TikTok video showcasing a collection of trendy embroidered and chenille patches against a decorated pink flat-lay background, accompanied by upbeat music and animated doodle overlays.",IT'S 5 O'CLOCK SOMEWHERE; MAMA; TEQUILA; Beautiful Crazy,Raw UGC,Haul,true,yes,,https://www.tiktok.com/@patchstyle/video/7588086949861248286
patches,morale patches,2025-12-27,2026-10-02,fifthstonegear,Fifth Stone | Morale Patches,119,3,,1,"The Kinetic X patch. For the adaptive movers and thinkers. And yeah, it glows in the dark. One of three patches arriving in mid January. Limited quantities. fifthstonegear.com #FifthStone  #dadsoftikt","An indie brand creator showcases the new Kinetic X morale patch, using the circuit board design as a metaphor for neurodivergent thinking and resilience while announcing an upcoming January product release.","HEY, SO I JUST WANTED TO SHOW ONE OF OUR FIRST FIFTH STONE MORALE PATCH DESIGNS. THIS ONE IS MY PERSONAL FAVOURITE. EVERY DETAIL MATTERS HERE. CHECK THIS OUT. THIS IS THE KINETIC X PATCH. IT'S 2D PVC WITH VELCRO HOOK BACKING, AND IT GLOWS IN THE DARK. SO KINETIC MEANS MOVEMENT, AND HERE IT REPRESENTS CONSTANT, FORWARD, ADAPTIVE MOVEMENT AND ADAPTIVE THINKING. AND THE X IS YOUR X FACTOR, UH THAT EXTRA DRIVE, EXTRA STRENGTH IT TAKES TO KEEP GOING AND KEEP MOVING. YOU CAN SEE THIS CIRCUIT BOARD DESIGN HERE HAS THESE REALLY SPECIFIC, INTRICATE PATHWAYS. YOU KNOW, THE DESIGN OF A CIRCUIT BOARD IS WHAT DETERMINES HOW THE INFORMATION FLOWS. AND EVEN IF IT'S WIRED DIFFERENTLY AND HAS DIFFERENT PATHWAYS, IT'S STILL COMPLETE, STILL FUNCTIONAL, STILL JUST AS VALUABLE. THIS ONE ALSO GLOWS IN THE FREAKING DARK, UH WHICH MEANS IT STANDS OUT, IT'S VISIBLE, AND IT'S SEEN. SO, UH THAT'S IT. THAT'S THE KINETIC X. THIS IS ONE OF THREE PATCHES CURRENTLY IN PRODUCTION AND ARRIVING IN JANUARY. IT'S A STATEMENT, IT'S A REPRESENTATION. AND IF THAT RESONATES WITH YOU, HIT THAT FOLLOW BUTTON, BECAUSE WE'VE GOT A LOT MORE TO COME HERE AT FIFTH STONE.",Raw UGC,Review,true,yes,,https://www.tiktok.com/@fifthstonegear/video/7588338944568282398
patches,custom patches,2025-12-27,2026-10-02,ggnyprintstop,Gotham Garments NYC,6165,108,7,40,We make custom embroidery patches. Contact us and we can help you with any ideas 👍🏽#gothamgarments #nyc #christmas #new #embroidered,"Gotham Garments NYC showcases its custom embroidery and patch-making capabilities through a fast-paced montage of machine operation and storefront views, directing viewers to contact them via WhatsApp or visit their Audubon Avenue location.","GGNY PRINT STOP YOU DREAM IT, WE PRINT IT; 416; LASER ENGRAVING WHOLESALE CUSTOM APPAREL; 347-903-5521 / 646-949-9968; BEST PLACE TO GET CUSTOM EMBROIDERY AND EMBROIDERED PATCHES; Come to GGNY You send us any design and we can get it done; THE MET Cloisters; ASHDOM VICE PRESIDENT; Services OFFERED Laser Engraving, Laser Cutting, Large Format, Embroidery, DTF, UV DTF; 416 AUDUBON; WhatsApp in bio",Raw UGC,Tutorial,true,yes,,https://www.tiktok.com/@ggnyprintstop/video/7588595872573787422
patches,patches,2025-12-28,2026-10-01,flareco.ph,Flare Cosmetics,18700,126,5,5,❌ don’t waste your patches doing this bestie 🫶🏻✨,"Flare Cosmetics demonstrates the correct way to apply decorative flower pimple patches—on clean, dry skin before makeup—rather than over cosmetics, ensuring better adhesion and healing.","❌ don’t waste your patches doing this bestie 🫶🏻✨; ❌ do not do this!; putting pimple patch on top of make up; • Poor stick
• Less Healing
• Patch wont work properly; ✅ do this instead; apply patch on a clean dry skin 💕🦋; let it sit for a few minutes; then apply make up around it 💄;
note: do light tapping, not dragging 🧏🏻‍♀️; sticks well and absorbs properly 💕; ✨ better healing
✨ better make up
✨ better skin days",Raw UGC,Tutorial,true,yes,possible off-topic,https://www.tiktok.com/@flareco.ph/video/7588831241827274004
patches,embroidered patches,2025-12-29,2026-10-01,graciebrandingco,Gracie Branding Co.,68900,2290,40,253,"The Plastic Sheeting I Use To Make Embroidered Patches 🧵🪡

#embroideredpatches #custompatches #customembroidery #machineembroidery #embroiderybusiness","A patch-making business owner breaks down the exact 4mil plastic sheeting she uses as a stabilizer for custom embroidered patches, including pricing, store location, and hooping technique.","HDX 3 ft, x 50 ft. Clear 4 mil Plastic Sheeting 
 $19.98 
 Magic Apron Assistant 
 1 
 Add to Cart 
 Keep Away From Computer Disks, and Credit Cards 
 Keep Away From Pacemakers 
 Pinch Hazard 
 U.S. PAT. NOS. 7.607.399 & 7,918,169 
 5.5' Mighty Hoop 
 10x10' Mighty Hoop 
 Made in the USA",Raw UGC,Tutorial,true,yes,,https://www.tiktok.com/@graciebrandingco/video/7589326522947849485
patches,chenille patches,2025-12-31,2026-10-02,naleandava,Nale & Ava DTF Transfers,1671,59,1,1,#fyp #naleava #irononpatches #chenillepatches #patches,"A small business creator showcases new chenille iron-on patches, including lucky and be mine designs with glitter and sequin details, directing viewers to the TikTok shop.",NEW CHENILLE PATCHES,Raw UGC,Tutorial,true,yes,,https://www.tiktok.com/@naleandava/video/7589809293176638733
patches,patch collection,2026-01-02,2026-10-01,mr.yeticooler,Mr. Yeti,4362,96,8,6,@YETI patch collection,"A creator showcases an extreme, comprehensive collection of YETI embroidered velcro patches plastered across every available surface of their truck interior, set to a gritty country rock track.",BUILT FOR THE WILD; YETI COOLERS; TAKE IT OUTSIDE; YETI; NYC; LOS ANGELES; PHILLY YETI; Prost!,Raw UGC,Vlog,true,yes,,https://www.tiktok.com/@mr.yeticooler/video/7590859874594983199
patches,patches,2026-01-04,2026-10-01,cupcakekerosene,corkybroll,4964,382,5,3,"crafts 
#alt #diy #patches #sewing #yu","A short-form DIY crafting video showing the process of making custom hand-painted fabric patches and sewing them onto a backpack, presented with minimalist typewriter text overlays.",making patches for my backpack; departme frombear island; alesana; failed attack attack ! one; which led to defend crabcore; SMFOF; GOT PROBLEMS BUT MY SWAC,Raw UGC,Tutorial,false,yes,,https://www.tiktok.com/@cupcakekerosene/video/7591360954030460191
patches,chenille patches,2026-01-04,2026-10-02,thebusymomshop,thebusymomshop,182800,7345,86,1113,"You like our transfers and patches and  you don’t have a comercial heat press, don’t worry we got you… just add your desire transfer/patch to your cart and pick your desire color and crewneck size and","A small business creator demonstrates the custom sweatshirt pressing service from patch selection to final heat pressing, targeting customers who want custom chenille patch apparel without owning a heat press.","ADULT (on alignment ruler); BETERSER (on heat press); sharp, dull (on pen cups); @mjcustomprints (watermark)",Raw UGC,Behind-the-scenes,true,yes,,https://www.tiktok.com/@thebusymomshop/video/7591643489796967710
patches,iron on patches,2026-01-05,2026-10-01,cypatches1,CY DIY Patches,17900,465,81,51,NFL glitter patches coming#ironon #patches #embroidery #nfl,"A short, high-energy product reveal video showcasing new NFL-themed glitter patches laid out on a pink background, highlighting various team logos for fans and crafters.","NFL glitter patches coming #ironon #patches #embroidery #nfl; team names embroidered on patches including SEATTLE SEAHAWKS, NEW YORK JETS, WASHINGTON COMMANDERS, DENVER BRONCOS, STEELERS, TENNESSEE TITANS, TAMPA BAY BUCCANEERS, CAROLINA PANTHERS, PATRIOTS, CINCINNATI BENGALS, CLEVELAND BROWNS, PACKERS, RAIDERS, FALCONS, DALLAS COWBOYS, MIAMI DOLPHINS.",Raw UGC,Haul,true,yes,,https://www.tiktok.com/@cypatches1/video/7591845081787747597
patches,custom patches,2026-01-05,2026-10-02,designedbykid,Chicago PLAYGRND Varsity,26400,2256,190,202,"🧵Custom Patches 

Customize your own logo and design. 

Custom patches are available
No minimum required. 

👇🏾comment below or send a message if interested in starting your order","A custom apparel maker demonstrates different patch qualities and designs from his studio, explaining embroidery versus chenille options and inviting viewers to place custom orders.","🧵CUSTOM PATCHES 
 📌Share & Save this Post",Raw UGC,Tutorial,true,yes,,https://www.tiktok.com/@designedbykid/video/7591968634143051039
patches,patch collector,2026-01-05,2026-10-02,patchcollector,patchcollector,2062,130,3,,#LEO #viral #fyp #patchcollection #foryoupage,"A short TikTok video by patchcollector showcasing two newly acquired law enforcement patches from Box Elder County Sheriff and South Carolina Highway Patrol on a marble surface, accompanied by upbeat music and a grateful text overlay.","Thank you, Box Elder County Sheriff, and South Carolina Highway Patrol for the patches!",Raw UGC,Vlog,false,yes,,https://www.tiktok.com/@patchcollector/video/7591975376721579277
patches,police patches,2026-01-06,2026-10-02,katrina_nunez,Katrina,15400,589,30,27,Thank you Ace lanta from NorCal Emblem! Check him if you are interested in designing patches or challenge coins 🚔 #police #policepatch #patchcollection #cops,"A creator shares a patch collection update video on TikTok, thanking a small business called NorCal Emblem for sending her a bundle of police department patches from around California while interacting with her collector community.",,Raw UGC,Vlog,true,yes,,https://www.tiktok.com/@katrina_nunez/video/7592146426742803726
patches,chenille patches,2026-01-06,2026-10-02,tlckraftydesigns,TLC Krafty Designs Shop,606,20,,2,"XL Chenille Patches are HERE!

Showing off some of our oversized chenille sports team patches—perfect for sweatshirts, hoodies, and game day fits 🙌

✨ Bold
✨ Cozy
✨ Custom

👉 Links in bio to shop or",A fast-paced TikTok video by TLC Krafty Designs Shop showcasing oversized chenille and sequin sports team patches with an upbeat rhythm and direct call to action.,SEAHAWKS; GAME; CHIEFS; lets go TEXAS; touchdown STEELERS; BEA; EAG; BRON; COWBOYS,Raw UGC,Haul,true,yes,,https://www.tiktok.com/@tlckraftydesigns/video/7592399849203518733
patches,chenille patches,2026-01-07,2026-10-02,eakyembroidery,EakyEmbroidery,290,1,,,"Chenille letter C embroidery patch, can customize any letter, low minimum order quantity.
#embroidery #embroiderymachine #patch #chenille","A satisfying, behind-the-scenes video of an industrial embroidery machine mass-producing custom purple chenille letter patches, accompanied by a caption offering customization and low minimum order quantities.","TAJIMA logo on machine housing, instructional Japanese/English text decals on machine panels reading '() 每2周清洁一次' and '() 每6个月加润滑油一次', faint 'Eakypatch' watermark in the lower right corner",Raw UGC,Behind-the-scenes,true,yes,,https://www.tiktok.com/@eakyembroidery/video/7592441427116690719
patches,embroidered patches,2026-01-08,2026-10-01,souldeepdesignsbycheri,SoulDeep Designs By Cheri,126,6,,,"Perfect for jackets, hats, backpacks, uniforms, and DIY fashion projects, these patches are designed to stand out and tell your story. No two patches are exactly alike—each one is created with creativ","A mesmerizing behind-the-scenes video of a commercial embroidery machine stitching a complex sequined portrait patch, accompanied by rhythmic music and four-way split-screen visual effects.",Keep away from computer disks and hard drives (printed warning label on machine frame),Polished Creator,Behind-the-scenes,true,yes,,https://www.tiktok.com/@souldeepdesignsbycheri/video/7593071023575010590
patches,iron on patches,2026-01-09,2026-10-01,user4915614441162,Dingyi Store,10200,38,1,11,#diyproject #valentinesday #flowers #spring #irononpatches,"A polished e-commerce product showcase for a 30-piece set of floral iron-on patches, utilizing ASMR-style hand movements, vibrant color contrast, and clear benefit-driven text to drive TikTok Shop conversions.",Transform ordinary items into floral masterpieces in seconds; These vibrant embroidered patches instantly revived my old jeans and; tote bag I love how the thirty unique floral designs add; personality to my clothes without commitment; IRON-ON PATCHES PERFECT FOR REPAIR AND DECORATE; The fabric holds up through washes and daily wear and applying them is; as easy as pressing and waiting; Plus they're c a Prop sixty five compliant for worry-free crafting; Click to add this instant mood-boosting magic to your wardrobe; 30PCS Colorful Flower Iron-On Patches,Polished Creator,Tutorial,true,yes,,https://www.tiktok.com/@user4915614441162/video/7593256447748656415
patches,police patches,2026-01-09,2026-10-02,gc.patchcollection,GC Patch Collection,2018,102,8,,Finally a new patch haul after a couple weeks with no patches💪🏽 Knocked off some more Maine and starting my new 50 state police collection🚔 #lawenforcementpatches#policepatches#policepatchcollectio,"A TikTok video by GC Patch Collection showcasing a new haul of police and state trooper patches, highlighting progress on Maine patches and the launch of a new 50-state police collection challenge.",Finally a new patch haul after a couple weeks with no patches💪🏽 Knocked off some more Maine and starting my new 50 state police collection🚔 #lawenforcementpatches#policepatches#policepatchcollection#lawenforcementcommunity#statepolice; Portsmouth Police N.H.; Rockport Police Dept.; City of Eastport ME Incorporated March 3rd 1893; Town of Buxton 1812 Courage is Tomorrow's Strength 1907 1822; North Carolina Highway Patrol; Delaware State Police Liberty and Independence; Arkansas State Police; State Police NJ; Neptune Beach Florida Police 1931; Payson Police Est. 1850,Raw UGC,Haul,false,yes,,https://www.tiktok.com/@gc.patchcollection/video/7593427804436352311
patches,morale patches,2026-01-09,2026-10-02,flightlineoperator,Flight Line Operator 🏴‍☠️,93400,11200,96,280,Air Force bringing back Identification Patches wasnt on the 2026 bingo board. Now we just gotta keep and maintain beards 😭🤣 #airforce #military,"An active-duty US Air Force member shares a humorous TikTok post reacting to the branch bringing back identification patches on OCP uniforms, paired with a pop soundtrack and sarcastic text caption.",U.S. AIR FORCE; SF,Raw UGC,Personal-update,false,yes,,https://www.tiktok.com/@flightlineoperator/video/7593445863201017118
patches,morale patches,2026-01-09,2026-10-02,gb_mentality_,gb_mentality_,194000,5050,93,320,"THEY’RE BACK, BABY! 🔥
Air Force identifier patches are officially authorized again — and yes, morale just went up ⬆️
If you know, you know. Unit pride. Career pride. A little personality on the OCPs ",A TikTok post celebrating the official reauthorization of Air Force career identifier patches through a close-up uniform demonstration and engaging caption.,"THEY'RE BACK, BABY! 
 Air Force identifier patches are officially authorized again — and yes, morale just went up 
 If you know, you know. Unit pride. Career pride. A little personality on the OCPs — all while staying professional. 
 Even Chief Master Sergeant of the Air Force said it best: 
 'THEY'RE BACK, BABY!' 
 Sound off 
 What patch is the best? 
 🎥: cmsaf_official 
 They're back!",Raw UGC,News,false,yes,,https://www.tiktok.com/@gb_mentality_/video/7593456636421885198
patches,embroidered patches,2026-01-11,2026-10-01,beemingexpressembroidery,Beeming Express Embroidery,68900,2866,148,882,Simple embroidery hack!! #embroiderytutorial #embroiderytip #embroideredpatches #hack #embroiderybeginner,"A creator demonstrates a quick, budget-friendly embroidery hack using a plastic ziplock bag as a stabilizer inside an embroidery hoop to create a custom 'mama' patch on faux leather.","WHAT CAN YOU DO WITH A PLASTIC ZIPLOCK, HOOP IT, SPRAY IT, APPLY YOUR FAUX LEATHER, PUT IT ON YOUR MACHINE, AND LET'S SEE WHAT HAPPENS, mama, CUTEST HAT PATCH MADE SIMPLE, mama",Raw UGC,Tutorial,false,yes,,https://www.tiktok.com/@beemingexpressembroidery/video/7593950519899458846
patches,custom patches,2026-01-12,2026-10-02,embroiderydiva,embroiderydiva,2653,150,21,3,"All patches are made for my business purposes. DM me if you would like a custom trucker hat, Fedoras, custom  blazer or any custom embroidery needs.#SmallBusiness ##foryourpage##embroidery##fedora##tr","An embroidery business owner showcases her workshop, custom machinery, and a collection of newly made embroidered patches while promoting her custom apparel services.",Welcome to PATCHWORK Sunday; DIVA; MY HUSTLE IS 24/7; Original; Tender-nism; DEAD ASS; JUST A FEW CUSTOM PATCHES I MADE TODAY!; THESE ARE FOR MY BUSINESS USE ONLY; follow FOR more CONTENT; TRYING TO GROW MY SMALL BUSINESS,Raw UGC,Vlog,true,yes,,https://www.tiktok.com/@embroiderydiva/video/7594278202864897311
patches,police patches,2026-01-13,2026-10-02,socalpatchcollector,socalpatchcollector,826,39,2,,#policepatches #police #lawenforcementpatches #lawenforcementcommunity #policepatchcollection,"A short, aesthetic macro showcase of various law enforcement and municipal patches from police and sheriff departments, accompanied by an acoustic track and targeted hashtags.",SHERIFF; SANGAMON COUNTY; ILLINOIS; 1821; JACKSONVILLE AVIATION AUTHORITY; POLICE; K-9; REGINA; VIGILIG GENUS; LASALLE PARISH; STATE OF LOUISIANA; AGAWAM MASS; SHASTA COUNTY; CALIFORNIA,Raw UGC,Aesthetic,false,yes,,https://www.tiktok.com/@socalpatchcollector/video/7594693792784043294
patches,iron on patches,2026-01-13,2026-10-01,user4915614441162,Dingyi Store,1747,6,,4,#cute #pinkaesthetic #irononpatches #diyproject #hsgs,"A promotional TikTok video by Dingyi Store showcases a 45-piece set of pink embroidered iron-on patches. Through an upbeat voiceover and top-down visual demonstration, the video highlights how easily plain accessories can be customized without sewing skills.",45PCS Iron-On Patches Set; #SELFIE SUPERSTAR; LOVE IS BITTER SWEET; KISSSSS; SWEET BUT STRONG; GIRL POWER; HELLO; STAND TALL; LOOK,Polished Creator,Tutorial,true,yes,,https://www.tiktok.com/@user4915614441162/video/7594726934530067743
patches,chenille patches,2026-01-13,2026-10-02,tlc.krafty.designs,TLC Krafty Design,43,1,,1,"Team sports-inspired chenille patches 🔥
Bold texture • easy iron-on
Patch only or applied

👉 Link in bio

#ChenillePatches #PatchTok #SportsStyle #CustomPatches #SmallBusinessTok","A small business creator showcases a collection of sparkly custom sports team chenille and sequin patches in a quick-cut, aesthetically pleasing product reel.",,Raw UGC,Haul,true,yes,,https://www.tiktok.com/@tlc.krafty.designs/video/7594883477548387639
patches,police patches,2026-01-14,2026-10-02,underdogpatch,Underdog Patch Designs,14900,855,6,118,BACK IN STOCK FRIDAY! NYPD Wolfe Tones Streets of NY patches will be available first hand in anticipation of the upcoming high ☘️ holy ☘️ season. These will sell out as they do every year so make sure,An announcement by Underdog Patch Designs showcasing their restocked NYPD Wolfe Tones 'Streets of NY' patch ahead of St. Patrick's Day. The post pairs a detailed macro video of the embroidered patch with a Wolfe Tones song and urgent caption to drive sales among Irish-American and law enforcement enthusiasts.,"POLICE DEPARTMENT CITY OF NEW YORK, BUT I'LL NEVER FORGET THE GREEN GRASS AND THE RIVERS AS I KEEP LAW AND ORDER IN THE STREETS OF NEW YORK",Raw UGC,Haul,true,yes,,https://www.tiktok.com/@underdogpatch/video/7595018684087782669
patches,embroidered patches,2026-01-15,2026-10-01,sewcutebykatie,Sew Cute by Katie,6443,84,13,5,Use applique to patch over embroidery. Great to cover old team or company logo or put another child’s initials or name on an item. #embroidery #embroidered #applique #embroiderytips #embroiderytiktok,"An experienced embroidery shop owner shares a practical tip on how to use applique patches to cover up old monograms or stitching mistakes, using a thrifted tote bag as a demonstration piece.",Embroidery patch covering old embroidery,Raw UGC,Tutorial,false,yes,,https://www.tiktok.com/@sewcutebykatie/video/7595405384324549901
patches,police patches,2026-01-17,2026-10-02,socalpatchcollector,socalpatchcollector,2565,144,16,2,Filled up my bedroom walls with more patches. Still have a lot to put up. #policepatches #police #lawenforcementpatches #lawenforcementcommunity #policepatchcollection,"A TikTok post by user socalpatchcollector displaying bedroom walls covered entirely in an extensive collection of law enforcement shoulder patches, accompanied by country music and a brief descriptive caption.",Filled up my bedroom walls with more patches. Still have a lot to put up.,Raw UGC,Vlog,false,yes,,https://www.tiktok.com/@socalpatchcollector/video/7596209711758855454
patches,embroidered patches,2026-01-18,2026-10-01,stitchesbymichaela,StitchesByMichaela,4120,151,10,13,Replying to @Ivy & Thread Co here ya go! Let me know if I need to clarify anything! #embroidery #handembroidery #embroideredpatches #project #tutorials,"Creator StitchesByMichaela responds to a follower comment with a detailed tutorial on converting hand embroidery into iron-on patches, demonstrating the process on an alligator logo for her daughter's softball duffel bag.","Reply to Ivy & Thread Co's comment Omgl saw this on Facebook and now on tik tok FYP!!! I'd love to know how you turned them into patches!; The video isn't frozen... I just needed to yap longer than the video was 😅; Aug 31, 2023; Aug 10, 2023; Aug 7, 2023; DO NOT PULL TOO TIGHT WHEN YOU DO YOUR STITCHES!; Yapping again; HeatnBond ULTRA HOLD; 5 yd 4.6 m; No-Sew Pas De Couture Sin Coser; Great for Fabric, Patches, Denim, Leather, Suede and Appliqué; Mya Sinclair",Raw UGC,Tutorial,false,yes,,https://www.tiktok.com/@stitchesbymichaela/video/7596510079139024142
patches,iron on patches,2026-01-18,2026-10-01,thebusymomshop,thebusymomshop,62100,1882,15,375,"This fluffy XOXO transfer it’s the softest & cutest 💕if you can just feel how soft this transfer is 🤭 

Now available on my shop  
www.mjcustomprints.com 

#fluffytransfer #irononpatches #valentines","A short-form crafting tutorial showing the application of a fluffy pink XOXO heat transfer onto a red sweatshirt, designed to showcase product softness and drive traffic to a custom print e-commerce shop.",BETTERSUB logo on heat press; ADULT size marker on acrylic ruler; www.mjcustomprints.com in caption,Polished Creator,Tutorial,true,yes,,https://www.tiktok.com/@thebusymomshop/video/7596817287533874446
patches,embroidered patches,2026-01-19,2026-10-01,kunhongemblem03_,Kunhong Emblem Factory,114,1,,,"Custom Embroidered Patches ✨
Sharp details, vibrant colors, durable stitching.
Perfect for hats, uniforms, brands & gifts.
Fast quote & delivery. DM now!#embroiderypatches #biker #hat #customized","A short, satisfying behind-the-scenes video of an industrial embroidery machine producing custom patches, accompanied by a call to action for custom manufacturing inquiries.",2025 TOP TEN STOCK MARKET TRAINING REINING,Raw UGC,Behind-the-scenes,true,yes,,https://www.tiktok.com/@kunhongemblem03_/video/7596903877278977310
patches,chenille patches,2026-01-19,2026-10-02,dtfdigitalprinting,REVERSE DIGITAL PRINTING,747,22,2,2,"Discover the power of Chenille Patches — premium texture, bold style, now available for just R75 each.
Designed to give your garments a standout, high-end look in seconds.

Every patch comes with heat","A short-form promotional video by Reverse Digital Printing showcasing custom chenille patches priced at R75 each, emphasizing their pre-glued backing, premium texture, and ease of application for garment customization.",Discover the power of Chenille Patches; premium feel; Bold texture; now available FROM R75 each; HIGH-END LOOK; each patch comes PRE-GLUED; Place > Press > Wear; no hassle; no stitching; Available in Different colors; Perfect for BRANDS; Limited STOCK; CALL +27 50 026 1208; VISIT reversedtfdigitalprinting.co.za,Raw UGC,Tutorial,true,yes,,https://www.tiktok.com/@dtfdigitalprinting/video/7596271521824279829
patches,(not in thumbnail),2026-01-21,2026-10-01,happypart16,HAPPY PART,10300,18,10,66,Star shape iron patch #affiliate #patchforbag #tiktokfinds #diy,"A short product showcase featuring a star-shaped iron-on patch for DIY bag customization, tagged with affiliate and TikTok Finds hashtags.",,Polished Creator,Haul,true,yes,,https://www.tiktok.com/@happypart16/video/7597757187674344722
patches,chenille patches,2026-01-23,2026-10-02,dsllc90,Designsistersandblanks2,14900,134,30,27,Shop the site. Don’t miss out. #designsistersandblanks #chenillepatches  #patches  #tshirtbusiness #diyshirt  @Design Sisters and Blanks,"A small business owner shares a quick, unpolished POV video unboxing Chenille patches that read 'PRODUCT OF BLACK HISTORY', driving viewers to shop the site via a persistent text overlay and caption link.",Go to Designsistersandblanks.com and order; Thank you for your support; FRAGILE,Raw UGC,Haul,true,yes,,https://www.tiktok.com/@dsllc90/video/7598570432261901582
patches,morale patches,2026-01-24,2026-10-02,pvcpatch_com,PVCpatch_com,1192,21,,1,"New tactical patches are now in stock. 

#tacticalpatch #moralepatch #pvcpatch #airsoft #tacticalgear","A short, engaging warehouse restock video from PVCpatch_com showcasing new tactical morale patches, including Vault Boy parodies and Australian flag designs, aimed at airsoft and tactical gear enthusiasts.",👉 New tactical patches are now in stock; MAMA SAYS I'M SPECIAL; E-646A-ALL-04; E-Kangaroo-APL; 144; 3162-B; E-50G00-NPU-S; 217; 75; 1317-CARO-SW; 40; 1378-MMAR-RD; WHISKEY WHEN,Raw UGC,Behind-the-scenes,true,yes,,https://www.tiktok.com/@pvcpatch_com/video/7598772269632064781
patches,iron on patches,2026-01-24,2026-10-01,lilwitchhhhh,Brooke,17400,445,1,187,"BM🖤 BG 

#crafts #gfcrafts #matchinghoodies #irononpatches #wlwgifts","A short aesthetic video showcases two custom-made matching hoodies for a couple, adorned with trendy iron-on patches and varsity initials, created as a romantic DIY project for the wlw community.",this is your sign to make matching iron-on patch hoodies with your gf; BG; GAME OVER; BM,Raw UGC,Aesthetic,false,yes,,https://www.tiktok.com/@lilwitchhhhh/video/7599072688891579679
patches,police patches,2026-01-25,2026-10-02,patchelor030,Patchelor030,1041,7,,,"This is why people always ask me about this patch! Which detail did you notice first? 😛
#policepatch #patchcollector #custompatch #berlinpolice","A short-form video showcasing a custom Berlin police morale patch, using a curiosity hook and macro panning shots to highlight its humorous and detailed iconography, prompting viewer comments.",Here's why people always ask me about THIS patch; the handcuffs; The Berlin Bear; Whatcha gonna do when they come for you,Raw UGC,Vlog,false,yes,,https://www.tiktok.com/@patchelor030/video/7599355170488651041
patches,morale patches,2026-01-26,2026-10-02,pvcpatch_com,PVCpatch_com,534,14,,1,"Tactical PVC patches are stock and ready to ship!

#pvcpatches #tacticalgear #tacticalpatch #airsoft #moralepatch","A quick-cut, inventory-showcase video by PVCpatch_com displaying a vast assortment of tactical morale patches in bulk and packaged formats, targeting airsoft enthusiasts and gear retailers.",Looking for fast-moving patch items?; NASA; B POS; A POS; O POS; MEDIC; KOREA; JAPAN; RUSSIA IPSC; WHISKEY TANGO FOXTROT; CHOOSE VIOLENCE; BEAST MODE ON OFF; DON'T TREAD ON ME; VETERAN; LIVE FREE OR DIE HARD; I AM THE TERROR THAT FLAPS IN THE NIGHT; FOX HOUND; IN GOD WE TRUST; STRONG ER THAN-RANCH; BLACK GUNS MATTER; KEEP CALM AND CARRY A SOLDIER ON,Raw UGC,Haul,true,yes,,https://www.tiktok.com/@pvcpatch_com/video/7599567007075388703
patches,police patches,2026-01-26,2026-10-02,.madeofboba0,.madeofboba0,620,25,4,,Patch update!#policepach#patchcollection,"A TikTok creator shares an update on their extensive collection of law enforcement shoulder patches, panning across a meticulously arranged tabletop display set to the song Bad Boys.",Patch update!#policepach#patchcollection,Raw UGC,Collection showcase,false,yes,,https://www.tiktok.com/@.madeofboba0/video/7599780013575114015
patches,police patches,2026-01-26,2026-10-02,gc.patchcollection,GC Patch Collection,1036,33,6,,"New merch and custom patches, who wants one?👀 #policepatchcollection#policepatches#lawenforcementcommunity#backtheblue#fyp","A creator showcases new custom law enforcement themed merchandise, featuring sticker sheets, apparel, and embroidered patches highlighting the state of Maine, designed to engage collectors and supporters.",GC Patch Collection on patches and stickers; Baxter on wall sign,Raw UGC,Haul,true,yes,,https://www.tiktok.com/@gc.patchcollection/video/7599798076898888990
patches,patch collection,2026-01-27,2026-10-01,firefamilysupport,Fire Family Support,1689,47,1,1,"Those patches have a story to tell and I’ve been collecting ever since! 

Which ones do you recognize? ⤵️

Fire Department | Patches | EMS | Collector | Firefighter | Proud | Memorabilia | History | G","A creator shares the origin story of her growing firefighter patch collection, which started with 37 thrifted patches found by her uncle, and invites viewers to recognize departments from the display.",A couple years ago my uncle found 37 Fire Department patches at the Goodwill! Thank goodness he grabbed them for me. I have put them up in display and I've added on ever since. So let's see if you recognize any of these.,Raw UGC,Personal-update,false,yes,,https://www.tiktok.com/@firefamilysupport/video/7600106546432904479
patches,police patches,2026-01-28,2026-10-02,thinblue.702,ThinBlue 702,877,20,6,1,"This just came in from a very nice trade…
#thinblueline #policepatches #lasvegas #unboxingvideo #backtheblue","A creator shares a trade unboxing video on TikTok featuring a collection of detailed law enforcement and S.W.A.T. patches, set to a high-energy trending audio track.","REC, MNL, 1/125, OPEN, 3dB, Priority Mail shipping label text, Los Angeles Police, RAIDERS, Safe L.A. 2020, LAPD K-9 UNIT, SWAT, L.A.P.D.",Raw UGC,Haul,false,yes,,https://www.tiktok.com/@thinblue.702/video/7600254499306900767
patches,iron on patches,2026-01-28,2026-10-01,ryome_designs,Ryome_Designs,17200,419,13,87,It’s ok babe 😉🥰 #irononpatches #houstontruckerhatbar #truckerhatbar #fakeittilyoumakeit #embroidery,"A satisfying, non-verbal crafting tutorial and showcase by Ryome_Designs demonstrating how custom chenille patches are heat-pressed onto trucker hats, accompanied by trending music and vibrant product reveal shots.",Machine branding 'Duchnee' and digital temperature/timer display showing '820' and '030',Raw UGC,Behind-the-scenes,true,yes,,https://www.tiktok.com/@ryome_designs/video/7600255987659885837
patches,police patches,2026-01-28,2026-10-02,socalpatchcollector,socalpatchcollector,909,41,,,"More new patches. Will upload another video tomorrow, got a couple of rare pieces from my local PD. #policepatches #police #lawenforcementpatches #lawenforcementcommunity #policepatchcollection","A TikTok creator showcases a growing collection of embroidered police and sheriff patches from various US departments, utilizing close-up visual ASMR to engage hobbyists and tease upcoming rare additions.",POLICE CITY OF ASHEVILLE NORTH CAROLINA Est. 1875; HALIFAX SHERIFF'S DEPT. COUNTY; BENTON COUNTY SHERIFF'S OFFICE STATE OF ARKANSAS; DAYTONA BEACH POLICE DEPARTMENT; BROOMFIELD COLORADO POLICE; GREAT SEAL OF THE STATE OF KANSAS LEAVENWORTH COUNTY; NOBLESVILLE FOR GOD AND COUNTRY POLICE Est. 1883; TO SERVE & PROTECT ST. LOUIS CO. MISSOURI 1955 POLICE; HAMMOND POLICE LA.; BARNSTABLE COUNTY SHERIFF'S OFFICE; EST. SHERIFF MINERAL COUNTY 1892 CREEDE COLORADO,Raw UGC,Vlog,false,yes,,https://www.tiktok.com/@socalpatchcollector/video/7600309521843637534
patches,patches,2026-01-29,2026-10-01,acouplesamples,acouplesamples,3300000,143100,438,4009,It’s rough out here #pimplepatch #pimplepatchroll #rollofpimplepatches #pimplepatches #pimplepatchesonmyface,"A short, humorous TikTok video where a creator uses a massive industrial roll of medical tape as a satirical pimple patch to cope with a bad breakout, accompanied by trending rap audio and relatable on-screen text.",acne so bad rn i had to buy a roll of pimple patches 😭,Raw UGC,Meme,false,yes,possible off-topic,https://www.tiktok.com/@acouplesamples/video/7600653648602860814
patches,(not in thumbnail),2026-01-29,2026-10-01,gummyshame,sharmainepicks,629900,1566,25,220,my go-to pimple patch! #fypage #pimplepatches #acnepatch,"A quick, organic product recommendation video where a creator shares her go-to pimple patches in a casual talking-head format.",,Raw UGC,Review,false,yes,possible off-topic,https://www.tiktok.com/@gummyshame/video/7600731442846371093
patches,embroidered patches,2026-01-30,2026-10-01,embroidprintnowmn,"Embroid Print Now,LLC🧵🪡🇺🇸",602,25,2,1,"Need Touch Down rush patches getting ready today. 
#patches #embroidery #sublimation #smallbusiness #etsyorders","A small embroidery business showcases the production of custom football and cartoon patches for Etsy customers using an industrial machine, set to upbeat salsa music.","Touch Down Patches order getting embroider today., Pacemakers, HappyJapan, TOUCHDOWN, That's What Cheesehead, numbers on cutting mat (1, 2, 3... 35), needle numbers (1 through 15)",Raw UGC,Behind-the-scenes,true,yes,,https://www.tiktok.com/@embroidprintnowmn/video/7601194357588380941
patches,morale patches,2026-02-02,2026-10-02,pvcpatch_com,PVCpatch_com,243,3,,,"Flag embroidery patches. 

#embroiderypatch #velcropatch #moralepatch #tacticalgear #airsoft","A short-form manufacturing clip from PVCpatch_com demonstrates the production of embroidered flag patches, targeting tactical gear and airsoft communities with a quick-restock value proposition.",Need patches for quick restock?,Raw UGC,Behind-the-scenes,true,yes,,https://www.tiktok.com/@pvcpatch_com/video/7602068255032757534
patches,embroidered patches,2026-02-02,2026-10-01,richword.embroidery,richword.embroidery,58500,774,39,156,"When names pop in 3D ✨
Alice & Megan turned into raised embroidery patches — you can literally feel the texture.
#embroidery #3dembroidery #richwordembroidery #craft #embroiderydesign","A silent, satisfying behind-the-scenes video from a custom embroidery brand showing the creation and tactile reveal of 3D raised name patches for Alice and Megan.",When names pop in 3D (overlay text caption); Alice & Megan turned into raised embroidery patches (overlay text caption); ProLin x BAI (machine branding); Institch Cloud (machine label); 9 x 9 Mighty Hoop (hoop label); SMRK (hat logo),Polished Creator,Behind-the-scenes,true,yes,,https://www.tiktok.com/@richword.embroidery/video/7602069975511076126
patches,patch collector,2026-02-02,2026-10-02,_79jed,79JED,240100,44900,61,3386,Its an addiction 🛍️ #patches #souvenir #travelaustralia #collection,"A creator shares a breathtakingly dense, custom-curated ceiling collection of Australian travel souvenir patches inside their vehicle, accompanied by the caption 'Its an addiction'.",Its an addiction 🛍️,Raw UGC,Vlog,false,yes,,https://www.tiktok.com/@_79jed/video/7602162829361302805
patches,embroidered patches,2026-02-02,2026-10-01,wedopatches,We Do Patches : FREE QUOTE now,11,0,,,"Precision in every stitch. 🧵

We just finished up this custom embroidered patch for one of our amazing customers! From the vibrant thread colors to the clean borders, we take pride in bringing your b","An industrial manufacturing showcase video highlighting precision custom embroidery work on a branded patch, designed to establish B2B credibility and drive custom quote inquiries.","WEDOPATCHES.COM, EMBROIDERED / RUBBER / LEATHER / WOVEN & PRINT PATCHES, 888-220-3499, TAJIMA, SUPPORT YOUR LOCAL IRON RAVENS 13, www.wedopatches.com",Polished Creator,Behind-the-scenes,true,yes,,https://www.tiktok.com/@wedopatches/video/7602165174551760158
patches,iron on patches,2026-02-03,2026-10-01,mylife_brittanyyy,B R I T T A N Y ღ,12000,112,5,101,"Hobby lobby iron on patches are dangerous (in the best way). Everything we purchased was 40% off, and my girls loved designing their own sweatshirts! @Hobby Lobby #diysweatshirt #hobbylobby #create #d","A mother shares a fun, discounted DIY sweatshirt crafting activity she did with her daughters using Hobby Lobby patches, inspiring viewers to create their own personalized apparel.",Here is your sign to make your own personality sweatshirt! (emoji); EVERYTHING 40% OFF! (emoji); Let the girls design their own; This was actually so fun! (emoji); 10/10 Recommend!; Plain sweatshirt (or hoodie); Your Favorite Patches; Iron them on!; I is do this again in a heartbeat!; Wonder what we is do next? (emoji); MADASYN; boujee; All Need Jesus; The Cowgirl Club; blessed; Faith,Raw UGC,Tutorial,true,yes,,https://www.tiktok.com/@mylife_brittanyyy/video/7602684943382088991
patches,embroidered patches,2026-02-04,2026-10-01,sh.embroidery.patch,sh.embroidery.patch,82600,790,,225,"Embroidery Patch Edge Stitching  
 Edge stitching process for embroidery patches.  
#embroidery #custompatches #embroiderydesign #embroideryprocess #personalizedgifts","A short, satisfying behind-the-scenes video of custom patch edge-stitching for Nevada Corrections, designed to showcase manufacturing precision and engage followers through ASMR-style mechanical visuals.",Edge stitching in progress,Raw UGC,Behind-the-scenes,true,yes,,https://www.tiktok.com/@sh.embroidery.patch/video/7602923378579639559
patches,police patches,2026-02-04,2026-10-02,1_vida,kelvin arroyo,397,10,,,Newark police patches get them while they last 10$ each. money is used for events for the community #newark #donate  #kids #fyp,"A grassroots fundraising video showing a variety of collectible Newark police patches available for purchase at 10 dollars each, with proceeds benefiting local community events.",Patches 10$ each; Reach out to Arroyo or Ceron; NEWARK POLICE; TOGETHER WE FIGHT BREAST CANCER AWARENESS; DETECTIVE JOSEPH FIORE; NEWARK MUNICIPAL COURT; NEWARK WOMEN'S HISTORY MONTH 2023,Raw UGC,Document,true,yes,,https://www.tiktok.com/@1_vida/video/7603084270021709070
patches,iron on patches,2026-02-09,2026-10-01,damai3593,Prettytransfers - Maggie,16100,330,69,62,Big patches for clearance $2 each #ironpatch #diy #bigpatches #wholesale,"A fast-paced, overhead promotional video displaying a massive variety of large clearance embroidered patches priced at $2 each, aimed at DIY crafters and custom apparel makers.","$2 each 
For clearance",Raw UGC,Haul,true,yes,,https://www.tiktok.com/@damai3593/video/7604787884876418311
patches,embroidered patches,2026-02-09,2026-10-01,graciebrandingco,Gracie Branding Co.,45900,1873,48,328,"How To Apply Heat Application Adhesive To Embroidered Patches 🧵🪡

#tutorial #patches #embroiderytutorial #embroiderybusiness #custompatches","Gracie Branding Co. delivers a clear, overhead tutorial demonstrating how to apply heat-activated adhesive backing to custom embroidered patches. Using a structured step-by-step approach, the creator walks through material layering, heat press settings (220 degrees for 15 seconds), peeling, and edge separation, establishing strong authority in the custom apparel niche.",How To Apply Heat Application Adhesive To Embroidered Patches 🧵🪡 #tutorial #patches #embroiderytutorial #embroiderybusiness #custompatches; SWIFT 87; SHOWGIRL; GIGI; NEXT ALL AMERICAN; THE LOU,Polished Creator,Tutorial,true,yes,,https://www.tiktok.com/@graciebrandingco/video/7604929108782484749
patches,patch collection,2026-02-12,2026-10-01,t.co.designs,T & Co Designs,9532,433,22,17,"Okayyy so we’re starting something new at T&Co and you’re not gonna want to miss it 👀✨

We have so many patches over here (like… an unreal amount 😅) and we’re finally opening up our Daily Patch Vaul","T and Co Designs launches a new Daily Patch Vault series, showcasing their massive custom patch collection to drive comments, follows, and custom hat orders.",Follow us to see our Daily Patch Vault; Sooo many amazing patches; Tomorrow's vault drop is... don't miss it!; Hit that follow button!,Raw UGC,Vlog,true,yes,,https://www.tiktok.com/@t.co.designs/video/7605846014897016078
patches,patches,2026-02-13,2026-10-01,lo.v.e31,Loribelle | Bookish Embroidery,5600,203,12,12,"Crisp embroidery patches made easy with plastic sheeting. The ultimate hack for quality patches. 💖
#embroidery #patches #embroideredpatch #patchmaking #getpatching",A crafting creator shares her favorite budget-friendly hardware store hack for making iron-on embroidery patches using thick clear plastic sheeting.,EMBROIDERY PATCH SHEETINGS; Frost King Clear Heavy Duty Plastic Sheeting 4 mil thick 10 ft x 25 ft; Amazon Best Seller bought in past month badge; like follow share; Thanks For Watching,Raw UGC,Tutorial,false,yes,,https://www.tiktok.com/@lo.v.e31/video/7606155727534558477
patches,(not in thumbnail),2026-02-14,2026-10-01,buyonline099,BuyOnline🍀,67400,236,11,49,"Customized Embroidery Iron
Patches Heart Shaped with eyes Clothes patches DIY Hole Repair Clothing accessories #patch #patches #embroidery #diy #clothes","A quick, silent product showcase highlighting quirky heart-shaped embroidered patches designed for clothing DIY and repair, targeting fashion customization enthusiasts.","Customized Embroidery Iron
Patches Heart Shaped with eyes Clothes patches DIY Hole Repair Clothing accessories",Polished Creator,Haul,true,yes,,https://www.tiktok.com/@buyonline099/video/7606553253332929810
patches,custom patches,2026-02-15,2026-10-02,designedbykid,Chicago PLAYGRND Varsity,657,24,3,,"🔥CUSTOM PICTURE PATCHES 

Just send picture or image to turn into a patch!!!!
(NO MINIMUM REQUIRED)
📌Any Size Available: 
All patches are custom made. 

👇🏾Comment the word ‘PICTURE’ below if inter",A promotional TikTok video by Chicago PLAYGRND Varsity showcasing a custom embroidered picture patch of a football player. The post highlights the absence of minimum order requirements and instructs interested buyers to comment 'PICTURE' or email customdesignsbykid@gmail.com to start an order.,"🔥🔥🔥 
CUSTOM 
PICTURE PATCHES",Raw UGC,Tutorial,true,yes,,https://www.tiktok.com/@designedbykid/video/7607163817121828127
patches,iron on patches,2026-02-18,2026-10-01,lindsluna,Lindsay Luna | Dream Chaser 🦋,10500,76,9,4,"They were not honest about how this sweatshirt date night trend turned out 😳

We did the viral date night trend where you pick out iron-on patches that remind you of your partner and put them on a sw","A creator uses a deinfluencing format to warn her audience against a viral couple's sweatshirt patch date night trend, demonstrating how the patches fell off after two days despite following instructions.",DESIGN LOFT IRON-ON; 2339626 1 pc; 3.99; SARAH'S SCRIBBLES; THE GREAT OUTDOORS; MAIN CHARACTER ENERGY; 75 HARD; JAN FEB MAR APR MAY JUN JUL AUG SEP OCT NOV DEC; 1; 2; 3; 4; 5; 6; 7; 8; 9; 10; 11; 12; 13; 14; 15; 16; 17; 18; 19; 20; 21; 22; 23; 24; 25; 26; 27; 28; 29; 30; 31; YAM; 75,Raw UGC,Review,false,yes,,https://www.tiktok.com/@lindsluna/video/7608055271465766157
patches,custom patches,2026-02-20,2026-10-02,ar.customs.shop,A&R Customs Shop,88,0,,,"Custom military patches made with precision, pride, and purpose. 🇺🇸🔥
A&R orders coming in strong — because details matter when it represents your unit, your story, your legacy.
Drop your unit, logo","A mesmerizing behind-the-scenes video of A&R Customs laser-engraving a custom military patch for Air Ambulance Detachment 407B, accompanied by a caption emphasizing craftsmanship and veteran-owned pride.",AIR AMBULANCE DETACHMENT 407B GUARDIAN DUSTOFF,Raw UGC,Behind-the-scenes,true,yes,,https://www.tiktok.com/@ar.customs.shop/video/7608974194054941982
patches,patch collection,2026-02-20,2026-10-01,mellow.cc,Courtney Chmielowiec,3162,64,5,1,Collecting memories and patches. The only souvenirs I want from a trip ✈️ What’s something you collect from travel?!? #travel #internationaltravel #collection #sewingtiktok #traveltips,Creator Courtney Chmielowiec shares her favorite travel souvenir tradition by filming herself hand-sewing an embroidered Portugal patch onto her canvas backpack while asking viewers what items they collect on their trips.,What's something you collect from the places you've traveled?!; I just started collecting patches last Fall and the amount of joy I get from sewing them on my travel backpack is 10/10; Guess where my next patch is coming from...,Raw UGC,Vlog,false,yes,,https://www.tiktok.com/@mellow.cc/video/7609016218321734942
patches,patch collection,2026-02-22,2026-10-01,patchcollection,Patch Collection,36000,3083,121,858,"Bold Texas style in a bright orange cowboy hat Western fashion, southern streetwear, rodeo vibes, statement accessories, Texas pride.
Level up your western style.

Shop rodeo and western patches onlin","A short-form promotional video by Patch Collection demonstrating the customization process of a bright orange cowboy hat with Houston-themed embroidered patches, targeting western fashion and rodeo enthusiasts.",HOUSTON VS EVERYBODY; BE SOMEONE; FOR THE,Polished Creator,Behind-the-scenes,true,yes,,https://www.tiktok.com/@patchcollection/video/7609539710146465037
patches,patch collector,2026-02-22,2026-10-02,megspatch.collection,patch collector,466,24,3,,Thank you AZDPS for the patch! #policepatch #patch,"A short, silent showcase post displaying an officially acquired Arizona Department of Public Safety patch and K-9 trading card on a wooden surface, accompanied by a brief thank-you caption.",ARIZONA STATE TROOPER; AZDPS K-9; MATY,Casual Snapshot,Photo-dump,false,yes,,https://www.tiktok.com/@megspatch.collection/video/7609772602642517262
patches,embroidered patches,2026-02-22,2026-10-01,shopaltheadesigns,Shop Althea Designs,11800,353,23,16,"DIY Glitter Embroidered Patches for Trucker Hats ✨ 

Precut with cricut & plastic sheeting stabilizer for clean cut edges 

My first embroidery project and I’m so happy how these turned out. Will be r","A satisfying, fast-paced craft tutorial demonstrating how to make custom glitter embroidered patches using a Cricut and embroidery machine, posted by small business Shop Althea Designs to announce an upcoming site restock.","DIY GLITTER PATCHES; Keep Away From Electronic Devices, and Credit Cards; Pacemakers; WARNING Strong Magnets; STAY GOLDEN; SMARTSTITCH; Smart Machine, Amazing Stitch; Made in the USA; 7.25 Mighty Hoop; ELAN A4 Size 9 x 12 inch Self-Healing Cutting Mat; Made in Taiwan; CREATE; smart business owner",Raw UGC,Tutorial,true,yes,,https://www.tiktok.com/@shopaltheadesigns/video/7609841859283701005
patches,embroidered patches,2026-02-25,2026-10-01,solspunthreads,solspunthreads,82100,4332,84,400,"Come along with me as I show you how to make a clean embroidered patch! Hope this helps someone out there! 🧵✨🙈 

#embroiderypatch #embroidery #embroiderytutorial #embroiderydesign #dogpatch","A concise, highly practical embroidery tutorial demonstrating how to create clean, professional-looking embroidered patches using a cardstock template hack and heat-adhesive backing. Set in a cozy craft room, the video combines clear voiceover instructions with satisfying visual process shots.","If you want clean embroidered patches do this, Materials, heat n bond, quilt basting spray, cut-away stabilizer, use this for future patches!, rough side, Solspun logo on pegboard fabric pouch, Brother logo on sewing machine, PE900",Polished Creator,Tutorial,false,yes,,https://www.tiktok.com/@solspunthreads/video/7610636961069419789
patches,patch collector,2026-02-25,2026-10-02,atelier.du.patch,Atelier du Patch 🇫🇷,612,17,,1,"🔓 Notre site est ouvert !

#ecussons #patchpvc #collection #atelierdupatch #pourtoi","Atelier du Patch announces the launch of their Shopify online store via a TikTok screen recording that guides viewers through their product catalog, custom patch services, and quote request forms.","🔓 Notre site est ouvert !; Atelier du Patch; 75 abonnés; 85 followers; 419 J'aime; ig: atelierdupatch; Atelier du Patch; Patch & Coins sur mesure; Unités • Casernes • Services; Collections Limitées; https://atelier-du-patch.myshopify.com; TikTok Studio; Tes commandes; Promouvoir; Brouillons (1); -20% Pendant une semaine 🔥; Découvrez nos services; Vous souhaitez produire des écussons pour votre unité, service, team airsoft... Contactez; Obtenir un devis maintenant !; Édition Limitée Seulement 100 exemplaires ⚠️; Même acheter un porte-clés qui vous correspond, découvrez notre boutique !; Notre Boutique; Patch PVC Toujours en Garde; 6,00€ 10,00€; 1 +; Ajouter au panier; Acheter avec Apple Pay; Plus de moyens de paiement; Une idée, un projet ?; Accueil; Boutique; Projets; Avis; Demande de Devis; Bientôt disponible; Patch brodé Napoléon Empire Français; Patch PVC AMC-10X Armée de Terre; Prise en charge complète; De la conception visuel à la livraison, nous faisons tout à votre place; Nos Projets; Coins pour le Centre de Formation Fleuve et Forêt; Conception visuelle; Production; AD_Cops Channel; Nom; E-mail; Type de produit; Quantité souhaitée; Décrivez votre projet; Si vous avez déjà un visuel envoyez-le nous, autrement nous le ferons pour vous; Ajouter un fichier; Demander un devis; Prénom",Screen Recording,Vlog,true,yes,,https://www.tiktok.com/@atelier.du.patch/video/7610846921103609110
patches,patch collector,2026-02-25,2026-10-02,kitshit.germany,KitShit.germany,1081,52,,,The Beauty of sleeve patches😍 #footballjerseycollector #sleevepatches #footballshirtcollection #shirtcollector #authenticy,"A fast-paced TikTok montage by KitShit.germany showcasing various rare and authentic football jersey sleeve patches synchronized to a rap soundtrack, appealing directly to the kit collecting community.",Beauty of sleeve patches; 24; Bundesliga; BUNDESLIGA; CHAMPIONS 07/08; BARCLAYS PREMIER LEAGUE; CLUB WORLD CUP 25 USA FIFA; UEFA FOUNDATION for children 10 YEARS; No room for racism; 明治安田 J.LEAGUE OSAKA city SAKAI city; 5; FIFA WORLD CUP Qatar 2022 Qualifiers; LIGA PORTUGAL Betclic; LFP; MAJOR LEAGUE SOCCER; RESPECT; UEFA RESPECT; sky bet CHAMPIONSHIP EFL; UEFA FOUNDATION for children; Champions 2021/22,Raw UGC,Aesthetic,false,yes,possible off-topic,https://www.tiktok.com/@kitshit.germany/video/7610915267044166934
patches,embroidered patches,2026-02-26,2026-10-01,omni.punch,Omni Punch,3956,80,2,13,"Woven velcro patch ready to deliver to Washington to one of our client 🐙
#wovenpatch #patchwork #embroidery #custompatches #usa🇺🇸","An embroidery workshop showcases a fresh batch of custom woven velcro patches destined for a client in Washington, highlighting manufacturing scale and intricate product detail.",BROWNSVILLE COAST,Raw UGC,Behind-the-scenes,true,yes,,https://www.tiktok.com/@omni.punch/video/7611206509976063240
patches,iron on patches,2026-02-27,2026-10-01,pwhev8897,Prettytransfers-Maggie bag,16100,546,72,81,I am back 💕❤️💕.#foryou #fyb #ironpatches #designer #diy,"A small business restocking and showcasing its extensive inventory of luxury-branded iron-on patches through a satisfying, highly organized visual pan.","CHANEL, LOUIS VUITTON, GUCCI, $12/each",Raw UGC,Haul,true,yes,,https://www.tiktok.com/@pwhev8897/video/7611459611941440781
patches,morale patches,2026-03-01,2026-10-02,lucien.306,Lucien 306,11400,201,1,13,"Patches from US secret military programs, featured in Trevor Paglen's book ""I Could Tell You But Then You Would Have to Be Destroyed By Me: Emblems From the Pentagon's Black World #patches #armypatche","A concise, visually striking compilation of classified US military patches from Trevor Paglen's book, set to instrumental hip-hop beats and presented in a clean, aesthetic format.",Patches from US secret military programs featured in Trevor Paglen's book 'I Could Tell You But Then You Would Have to Be Destroyed By Me: Emblems From the Pentagon's Black World #patches #armypatches #usarmypatches; PANTHER DEN INFORMATION WARFARE; ALIEN TECHNOLOGY EXPLOITATION DIVISION Yitthoboo' jay; PROJECT ZIPPER We Make Threats Not Promises; OMNIS VESTRI SUBSTRUCTIO ES SERVUS AD NOBIS; SEMPER EN OBSCURUS SPECIAL PROJECTS; KILLER WHALE DETERBITUM PER TESTANDUM SUPRA TERRAM,Curated Aesthetic,Meme,false,yes,,https://www.tiktok.com/@lucien.306/video/7612302815637277954
patches,morale patches,2026-03-02,2026-10-02,articleoneco,ArticleOneCo,3198,30,,2,"🔥 Top 10 Most Valuable WWII SSI Patches

From early airborne variants to ultra-rare OSS examples… these patches aren’t just fabric — they’re history stitched in thread.

Collectors know:
• Early thea","A curated TikTok carousel counting down the top 10 most valuable World War II shoulder sleeve insignia patches, highlighting rare variants, collector grading criteria, and historical significance while driving traffic to an online shop for historical collectibles.","TOP 10 MOST VALUABLE WWII SSI PATCHES; Rare. Historic. Highly Collectible.; Which one brings the biggest money?; Slide 1 of 10; @articleoneco; #10 1st Cavalry Division (Early War Variants); Pre-1942 wool examples can command strong premiums.; Classic yellow shield.; Condition is everything.; Slide 2 of 10; #9 2nd Armored Division HELL ON WHEELS; Early British-made examples are scarce.; Original theater-made versions = serious collector interest.; Slide 3 of 10; #8 29th Infantry Division (Invasion Era); D-Day connection drives value.; Original Normandy-era patches can surprise you at auction.; Slide 4 of 10; #7 13th Airborne Division; Activated late in the war.; Limited combat deployment.; Low production = higher scarcity.; Slide 5 of 10; #6 17th Airborne Division (Early Variant); Especially scarce theater-made examples.; Look for period stitching and correct backing.; Slide 6 of 10; #5 82nd Airborne (Early War Tabless Version); Pre-tab patches are highly desirable.; Combat prestige + early production = strong collector demand.; Slide 7 of 10; #4 101st Airborne (Early Bullion / British Made) Screaming Eagle; British-made bullion versions can command major premiums.; Slide 8 of 10; #3 Allied Airborne (Early British Shoulder Versions); Highly collectible theater-made insignia worn by U.S., British, and Canadian airborne.; Collector demand crosses national borders.; Condition is extra important.; Slide 9 of 10; #2 First Special Service Force (FSSF) Devil's Brigade; Scarce and hea",Curated Aesthetic,Tutorial,true,yes,,https://www.tiktok.com/@articleoneco/video/7612752445973826847
patches,custom patches,2026-03-03,2026-10-02,designedbykid,Chicago PLAYGRND Varsity,728,52,6,3,"✌🏾  Custom Patches 

Previewing some of the custom patches in which are a made of high quality and different sizes!!!! (No minimum required)

📌Interested in starting an order, comment below or send ","A streetwear creator showcases physical samples of custom embroidered patches, highlighting their quality, size range, and zero minimum order policy to attract new apparel design clients.",CUSTOM PATCHES (No Minimum Required); Share & Save this Post; BE A GOOD PERSON,Raw UGC,Tutorial,true,yes,,https://www.tiktok.com/@designedbykid/video/7612858769877306655
patches,patches,2026-03-05,2026-10-01,mxpteu811597,Cccupwraps,1333,23,2,1,#diy #patches #irononpatches,"A fast-paced TikTok product showcase displaying a wide variety of large, sequined animal patches against a retail shelf background, set to an energetic pop soundtrack.",Tiger patches; 76; 177; 49ER; SAINTS; VIKINGS; RAVENS; JAGUARS,Raw UGC,Haul,true,yes,,https://www.tiktok.com/@mxpteu811597/video/7613598148543515935
patches,custom patches,2026-03-05,2026-10-02,hollierichardsunkissed,Sunkissed by Hollie Richard,270,7,1,,"✨ DID YOU KNOW?! ✨

I don’t just make custom hats, I can also create CUSTOM PATCHES 😍💖

While I don’t physically make every patch myself, I design them and have them custom made to match your vision","A small business creator uses a trending business audio track to announce custom patch services, displaying a carousel of detailed product examples featuring various materials and personalization options.","DID YOU KNOW?! I don't just make custom hats, I can also create CUSTOM PATCHES While I don't physically make every patch myself, I design them and have them custom made to match your vision! I can create patches using: Glitter vinyl Puff vinyl Regular vinyl Blinged styles Distressed fabric looks I can even add PHOTOS to patches (like one of the examples. So tell me... what can I make for YOU? Message me and let's create something fun together! Reel Cute! PETTY, PRETTY & PROBABLY RIGHT Tigers Seniors Senior Mom I'M FEELING KIND OF SLOTTY GET EM POKES 34 BALL ** NOT one of my hats, just using the pic as an example**",Raw UGC,Tutorial,true,yes,,https://www.tiktok.com/@hollierichardsunkissed/video/7613798263539502350
patches,police patches,2026-03-07,2026-10-02,alphadiecast,Alpha Diecast,2696,156,4,7,New FHP Patches for the Collection!! #cops #police #policeinterceptor #florida #fhp,"A creator showcases new Florida Highway Patrol embroidered patches from their collection, holding them up in front of a lit-up model police cruiser while country music plays.",FLORIDA HIGHWAY PATROL UNDERWATER RECOVERY UNIT; FLORIDA HIGHWAY PATROL K-9 PATROL; HIGHWAY PATROL FLA. PATROL; STATE TROOPER; FORD; FHP,Raw UGC,Collection,false,yes,,https://www.tiktok.com/@alphadiecast/video/7614661619926207758
patches,patch collector,2026-03-08,2026-10-02,prapor.militaria,Prapor.militaria,2125,21,2,19,"Morale Patches used in Ukraine.

Authentic military collectible.

Available on eBay.
Link in bio.

#HelloKitty
#militarygear
#ukraine
#warrelic
#ukrainewar","A short promotional product showcase highlighting rare Hello Kitty themed Ukrainian military morale patches, targeting collectors and directing them to an eBay store via the bio link.",Authentic Ukrainian military collectibles; Hello Kitty themed Ukrainian morale patches with the national trident symbol; Including a National Guard of Ukraine patch; Unique custom patches used by soldiers and collectors; AVAILABLE NOW ON EBAY AT PRAPOR.MILITARIA; ebay,Polished Creator,Review,true,yes,,https://www.tiktok.com/@prapor.militaria/video/7614991555233074435
patches,iron on patches,2026-03-08,2026-10-01,savewithbrittony,Brittony✨,109800,2516,13,447,How to iron on a patch😊 #howtoirononpatch #irononpatches #ironon #clearancefinds #rossclearance,"A quick, satisfying DIY tutorial demonstrating how to properly iron a sparkly smiley face patch onto a damaged sage green hoodie, ending with a reveal of the final look and its 49-cent price tag.",How to iron on a patch; NIKE; BLACK+DECKER; max; 3 2 1; AUTO CLEAN; THRESHOLD; 100% ORGANIC COTTON; MADE IN INDIA; ROSS; 0503 0454 00021644 09 2; $0.49,Raw UGC,Tutorial,false,yes,,https://www.tiktok.com/@savewithbrittony/video/7614995639583198494
patches,patch collector,2026-03-10,2026-10-02,_79jed,79JED,50000,8272,31,590,Updated patch tour 😋 re arranged them trying to make more space 🤣 #patches #souvenir #australia #collection #travel,"An Australian 4WD traveler shares an updated video tour of their vehicle ceiling, which is entirely wallpapered with hundreds of embroidered souvenir patches collected from trips across the country, highlighting extreme travel dedication and visual collection aesthetics.","Numerous embroidered patch texts including PORT DOUGLAS, TASMANIA, BRIDLE TRACK, INGHAM, BEGA, WALGETT, QUIRINDI NSW, CLONCURRY, 12 APOSTLES, ULURU, COOBER PEDY, WILLIAM CREEK, LAKE MCKENZIE, BLUE MOUNTAINS, TAMWORTH, KARRATHA, BROKEN HILL, KANMANTOO, KANGAROO ISLAND,EXMOUTH, HOTHAM, RAINBOW BEACH, NOOSA, CAIRNS, CAPE YORK, DALY WATERS, KAKADU, COBAR, YAMBA, INVERELL, GRAMPIANS, TOOWOOMBA, BRAMWELL JUNCTION, GRENFELL, ORANGE, DUNEDOO, LITHGOW, NEWCASTLE, GOULBURN, TUMUT, ALICE SPRINGS, NORTHERN TERRITORY, MATARANKA, KUNUNURRA, BROOME, DERBY, ESPERANCE, PERTH, ALBANY, KALGOORLIE, FITZROY CROSSING",Raw UGC,Vlog,false,yes,,https://www.tiktok.com/@_79jed/video/7615504663059713301
patches,embroidered patches,2026-03-10,2026-10-01,stitchingwork26,stitchingwork & mehendiartist,49700,370,5,43,Easy way to apply embroidery patches on trousers#tiktokviralvideos,"A silent TikTok tutorial demonstrating an easy method for applying embroidered lace patches to trouser hems, featuring clear close-up handcrafting steps set to an emotional nasheed audio track.","Patch 
لگانے کا سب سے آسان 
طریقہ",Raw UGC,Tutorial,false,yes,,https://www.tiktok.com/@stitchingwork26/video/7615560663724772615
patches,patch collection,2026-03-11,2026-10-01,patches_collection,Patches Collection,134,16,,,#newcollection #patches,"A straightforward product showcase by Patches Collection highlighting a new arrival of ornate embroidered black and gold trim, targeting designers and fashion enthusiasts through visual texture.",,Raw UGC,Aesthetic,true,yes,,https://www.tiktok.com/@patches_collection/video/7615952311017409793
patches,chenille patches,2026-03-11,2026-10-02,thaliasthreads,Ruti Thalia,6530,203,4,14,"Okay by popular demand I made an alphabet download for you honeys 🤍

Be warned this process can be fiddly and tedious, but it’s definitely worth it in the end!! 

I won’t be able to send you the link","A quick, engaging DIY tutorial on creating custom faux chenille varsity patches using accessible materials like felt, backed by a call to action for a downloadable template.","Save your money we have (fake) chenille patches at home; The tutorial; Use a non fraying material like felt, vinyl, leather, scuba, fleece; Cut out two layers in contrasting colors; Glue the wrong side of the top layer; Sew with a short stitch length; Take your time!; Add to your project; Use a ruler if you don't want it wonky; Use matching thread; Comment ALPHABET for the template I made for you!",Raw UGC,Tutorial,false,yes,,https://www.tiktok.com/@thaliasthreads/video/7616010621213101342
patches,patch collector,2026-03-12,2026-10-02,_79jed,79JED,16000,1451,15,46,“WHERE DO YOU GET YOUR PATCHES FROM??” Ive answered this so many times 😅 hopefully that helps abit but there definitely hard to track down! @Lil & Jesse @stitch’d up #patches #souvenir #collectibles ,"An Australian travel creator answers a frequent follower question about where she sources her collection of souvenir patches and how she attaches them to her vehicle roof, recommending information centers, local pubs, roadhouses, and online makers.","@76tourin, @stitchd.up",Raw UGC,Tutorial,false,yes,,https://www.tiktok.com/@_79jed/video/7616281328249556244
patches,iron on patches,2026-03-12,2026-10-01,user55998481756,Custom Made Parts,6256,7,,4,"Double-Sided Iron-On Adhesive Paper (20 Sheets, 9.84x11), Fabric Glue for Heat Press Patches, Easy to Cut, High Stickiness",A polished DIY tutorial demonstrating how to use double-sided iron-on adhesive paper to attach fabric patches to clothing and accessories without sewing.,Double-Sided Fabric Adhesive Paper; I love how it bonds no sewing at all; I can peel it clean perfect for custom shapes; I place the patch it holds steady; I trust it with my heat press for a firm bond; I get lasting hold minus 20 sheets for many projects,Polished Creator,Tutorial,true,yes,,https://www.tiktok.com/@user55998481756/video/7616332505523703053
patches,custom patches,2026-03-12,2026-10-02,leenasprint,leenasprint,278500,11000,221,1135,Get it before it’s sold out #customized embroidery patched half leather jacket with premium quality ✅ #leenasprint #dovisitourshop😁😁 #embroidery #support🌻,"A short product showcase video presenting a custom Sons of Anarchy synthetic leather vest available at Leena's print, highlighting its embroidered patches, inner lining, and limited availability.","💀 SONS OF ANARCHY 💀
Customized Synthetic half leather jacket with limited edition !! ✨💀
Available at 📍Leena's print
Size xl ✅
PRESIDENT
MEN OF MAYHEM
REDWOOD ORIGINAL
SAMCRO
IN MEMORY OF OPIE",Raw UGC,Haul,true,yes,,https://www.tiktok.com/@leenasprint/video/7616347461103275285
patches,patches,2026-03-12,2026-10-01,katyatvs,katya🕯️📖🌙,5800000,101600,404,20000,Tell me I’m not the only one #pimplepatches #patches #pimplesolution #pimples,"A female creator humorously documents her realization that she has been applying and peeling pimple patches incorrectly, using a screen-recorded tutorial and her own exaggerated in-bathroom reenactment to drive high relatability and viewer engagement.",realizing you've been using the pimple patches wrong; Hero MIGHTY PATCH; CE 0197; sterile; 36 patches; hydrocolloid surface,Raw UGC,Personal-update,false,yes,possible off-topic,https://www.tiktok.com/@katyatvs/video/7616426399573757217
patches,iron on patches,2026-03-13,2026-10-01,clovercheez,clovercheez,3477,96,3,2,"first time making iron-on patches, I'm considering doing a digitizing tutorial. it might have to be in multiple parts though :D. #embroidery #domo #retrogaming #y2k #patches","A creator shares their first experience making custom iron-on patches using an embroidery machine, taking viewers through stitching, trimming, and ironing a Domo-kun patch onto a denim tote bag.",How to make Super cute Iron-on Patches; Embroidery; Trimming; Giving Domo-kun a haircut :D; More Trimming; Ironing; More Ironing; Finished!,Raw UGC,Tutorial,false,yes,,https://www.tiktok.com/@clovercheez/video/7616582241967197454
patches,iron on patches,2026-03-14,2026-10-01,sannanfashionus,Sleek Perform Craft,5542,7,1,4,"40pcs Mixed Butterfly Flower Embroidered Fabric Patches, Sewable and Iron-On for DIY Clothing, Eco-Friendly Material for Apparel Decoration #handmadedresses #artsandscrafts #sewingpatterns #diywearabl","A polished 15-second promotional product video demonstrating a set of 40 butterfly and flower embroidered patches, highlighting their eco-friendly fabric, varied sizing, and dual application methods for clothing DIY projects.",40pcs Butterfly Flower Patches; 40 Unique Butterfly Flower Patches to; crafted with eco friendly fabrics and; for size variations; these patches blend seamlessly onto; any garment through sewing or ironing; Transform ordinary clothes into; creative statements now,Polished Creator,Tutorial,true,yes,,https://www.tiktok.com/@sannanfashionus/video/7616992881445735693
patches,custom patches,2026-03-15,2026-10-02,sh.embroidery.patch,sh.embroidery.patch,217600,4516,,773,"Embroidery patch
Watching this bear patch come to life.
Stitch by stitch on the embroidery machine.

Small design, lots of detail.
#embroiderypatch
#custompatch
#embroiderymachine
#patchdesign
#patchf","A mesmerizing behind-the-scenes look at an industrial embroidery machine producing detailed streetwear teddy bear patches, showcasing manufacturing scale and intricate craft.",TANG SEWFINE brand text on the machine head,Polished Creator,Behind-the-scenes,true,yes,,https://www.tiktok.com/@sh.embroidery.patch/video/7617399785729002773
patches,police patches,2026-03-16,2026-10-02,tagpolicediecast,TAGPOLICEDIECAST,921,26,,1,"Showing off police patches, you guys have been so gracious to send us.  Thank you for all your support.","A short creator clip thanking followers for sending police department patches, featuring a dramatic lighting reveal of a wall display case.",CINCINNATI POLICE; HAMILTON POLICE; SWAT; Various other police department text on patches,Raw UGC,Behind-the-scenes,false,yes,,https://www.tiktok.com/@tagpolicediecast/video/7617859779544796446
patches,patch collection,2026-03-16,2026-10-01,angelajasminaa,Angela Jasmina,2960,99,8,3,They are all ready to ship from Maryland!! #patches #sequinpatches #chenillepatches,"A small business owner gives a quick tour of her Maryland inventory room, showcasing a wide variety of patches and announcing a site-wide sale with tiered discounts.",Patches $5.75!!,Raw UGC,Haul,true,yes,,https://www.tiktok.com/@angelajasminaa/video/7617968059390758174
patches,patch collector,2026-03-16,2026-10-02,leslie_ann1993,Leslieeeee20104,4977,199,22,24,#WVstatepolice setting the bar HIGH. Thank you so much for adding to my kids patch collection ! #westvirginapolice #patchcollection,"A parent shares an enthusiastic video thanking the West Virginia State Police for sending an extraordinarily generous package of patches, toys, and promotional items for their children's collection, exemplifying positive community engagement.",WEST VIRGINIA STATE POLICE; STATE POLICE WEST VIRGINIA; Serving proudly since 1919; RUBBER DUCK; #joinwvsp; West Virginia State Police; WV ICAC; CITY OF ST. ALBANS FIRE RESCUE; 2019 NATIONAL SCOUT JAMBOREE WEST VIRGINIA STATE POLICE; WEST VIRGINIA STATE POLICE; HANDLE WITH CARE; Protect Heal Thrive; www.handlewithcarewv.org; CHILDREN NEED A HERO; DEFENDING THOSE THAT CANNOT DEFEND THEMSELVES,Raw UGC,Vlog,false,yes,,https://www.tiktok.com/@leslie_ann1993/video/7617973979948584222
patches,custom patches,2026-03-19,2026-10-02,user2284265599166,Patch Arts,2647,12,,1,"Embroidered Indian Chief Skull Patch for Customization, 3Pcs Big Size, Feather Skull Embroidery Iron-On Patch for Clothes, Backpacks, Hats, Jackets with Hot Melt Adhesive Backing, Suitable for Heat Pr","A TikTok Shop promotional video for an embroidered Indian chief skull patch set, utilizing a close-up product demonstration, vibrant stitch detail, and clear feature callouts to drive e-commerce conversions for DIY fashion enthusiasts.",LIVE icon at top right; Embroidered Skull Patch Set / Embroidered Skull Patch Set; Instantly transform your gear with fierce Indian chief vibes; Love how these iron-on patches lock to any fabric; The feather details stay vibrant even after multiple washes; my jacket looks custom-made; Click to claim your set now; BLACK CAT CLUB,Raw UGC,Tutorial,true,yes,,https://www.tiktok.com/@user2284265599166/video/7618768704532172046
patches,police patches,2026-03-19,2026-10-02,.madeofboba0,.madeofboba0,915,41,13,1,New patches! DM me if you want to help with my collection!#policepatches#patchcollection,"A creator showcases their expanding collection of law enforcement patches in a short TikTok video, inviting followers via caption and voiceover to contribute to the collection.",New patches! DM me if you want to help with my collection!,Raw UGC,Vlog,false,yes,,https://www.tiktok.com/@.madeofboba0/video/7618790056026770701
patches,iron on patches,2026-03-19,2026-10-01,km.paint,Kimi | KM PAINT ⋆˚꩜｡,28800,992,19,84,Replying to @Kellie Boyatt Materials needed to make an embroidered iron on patch🧵💜✨ #irononpatch #embroiderytutorial #embroiderypatch #craftygirl #beginnerembroidery,"A craft creator answers a follower's question by rapidly showcasing all the physical supplies needed to make custom embroidered iron-on patches, utilizing clean jump cuts, bold on-screen text, and an organized studio background.",Replying to Kellie Boyatt's comment What is all supplies you use ?; KM PAINT; MATERIALS IRON ON PATCH; EMBROIDERY MACHINE; USB / DESIGN; EMBROIDERY THREAD; EMBROIDERY HOOP; TEAR AWAY STABILIZER; ADHESIVE SPRAY; HEAT N BOND / ULTRA HOLD; HEAT PRESS / IRON; FELT SHEET; SCISSORS; ALL ITEMS LISTED IN MY BIO; LONE CAT DEL REY FILM,Raw UGC,Tutorial,true,yes,,https://www.tiktok.com/@km.paint/video/7618979145795636510
patches,iron on patches,2026-03-19,2026-10-01,thatsmybookshelf,That’s My Bookshelf 📚✂️,270300,12600,157,5072,Super quick and easy diy with iron on patches for your new #traderjoesminitotebag !! I absolutely love the pastel totes and they are perfect for spring!,"A silent, aesthetic DIY tutorial demonstrating how to customize pastel Trader Joe's mini tote bags using iron-on daisy and floral bouquet patches, captured from an overhead POV with natural lighting and rainbow light refractions.",Trader Joe's DIY mini tote makeover; 59,Polished Creator,Tutorial,false,yes,,https://www.tiktok.com/@thatsmybookshelf/video/7619046487925820703
patches,custom patches,2026-03-20,2026-10-02,designedbykid,Chicago PLAYGRND Varsity,346,4,6,,"🔥Custom Chenille Patches

Customize your own logos or ideas!!!! All patches are made from scratch. 

👇🏾comment below or send a message to start your order. 
📧customdesignsbykid@gmail.com","A short promotional video demonstrating the production of custom chenille patches on an industrial embroidery machine, targeted at clients looking for bespoke varsity jacket designs.",🧵 CUSTOM CHENILLE PATCHES ✔️SHARE & SAVE THIS POST KNIGHTS,Raw UGC,Tutorial,true,yes,,https://www.tiktok.com/@designedbykid/video/7619404812974640414
patches,(not in thumbnail),2026-03-22,2026-10-01,jenaishereeeeee,⋆. 𐙚 ˚ gena,26800,15,,14,"Bored na ba sa ""basic"" look? Wag itapon or bumili ng bago! Lagyan natin ng character 'yan. 🦸‍♂️ Whether you’re Team Marvel or Team DC, these high-quality embroidery patches are the ultimate DIY style","A TikTok e-commerce post promoting superhero embroidery patches as an easy DIY fix for basic clothing items, targeted at Philippine consumers.","Bored na ba sa 'basic' look? Wag itapon or bumili ng bago! Lagyan natin ng character 'yan. 🦸‍♂️ Whether you're Team Marvel or Team DC, these high-quality embroidery patches are the ultimate DIY style hack.
Perfect for:
✅ Plain Polos (Chest placement is 🔥)
✅ Denim Jackets
✅ Tote Bags & Caps
Super easy i-iron and dikit agad!",Polished Creator,Tutorial,true,yes,,https://www.tiktok.com/@jenaishereeeeee/video/7619822952959282453
patches,embroidered patches,2026-03-24,2026-10-01,popi.lace.center,Popi lace center Dulle wala,35200,644,24,56,#creatorsearchinsights #organza embroidered patch new design#patchwork #popilacecenter #patches,A short product showcase by Popi Lace Center in Dulle Wala featuring new designs of embroidered organza lace borders set to Punjabi music.,"popi lace center, embroidered patch new design",Raw UGC,Haul,true,yes,,https://www.tiktok.com/@popi.lace.center/video/7620871228521221377
patches,patches,2026-03-25,2026-10-01,adrianabernardii,adriana,90800,1002,22,22,"Honest pimple patch review 🤭 I am an acne prone GIRLY so I use patches like every night lol let me know what patches I should try next! 

🔗 to all on my LTK 

@ElfSkincare @Curology @LitBear @Peach ","An acne-prone beauty creator delivers an honest, fast-paced review and comparison of six popular pimple patch brands on TikTok, ranking them from favorite to least favorite while showcasing actual patch sheets and packaging.",Honest review of pimple patches I've tried; my pimple certifications:; Cutest patches: Qustere; PIMPLEPATCH The Professional; Invisible patches: E.L.F; E.L.F. OFF ZITS; STICK IT TO ZITS; Wouldn't repurchase: Curology; Curology Emergency Spot Patch; Most underrated: LitBear; LitBear ACNE PATCH Variety Pack; 401 PATCHES; Almost perfect: Peach slices; peach slices ACNE SPOT DOTS; Perfect patches: Rael; Rael BEAUTY MIRACLE PATCH; Lmk what patches to try next!,Raw UGC,Review,true,yes,possible off-topic,https://www.tiktok.com/@adrianabernardii/video/7620986184294026527
patches,chenille patches,2026-03-25,2026-10-02,vivianmariew,Vivian Marie,118300,2120,55,650,"this is the @Coach etta flap in chenille 🤎 so perf  

#coach #coachbag","Fashion creator Vivian Marie unboxes and reviews her new Coach Etta flap bag in brown chenille, highlighting its tactile material, versatility, and everyday appeal while speaking directly to the camera.",unbox my new everyday bag with me,Polished Creator,Haul,true,yes,,https://www.tiktok.com/@vivianmariew/video/7621132889907858709
patches,custom patches,2026-03-25,2026-10-02,stationery.central_ke,Stationery Central Depot,27000,1130,23,188,"DIY doesn’t have to be complicated… sometimes it’s just about picking what you love and making it yours 🥹✨

These patches are literally the easiest way to get into DIY: no sewing stress, no overthink","A short-form DIY tutorial showcasing how to customize a plain canvas tote bag using decorative embroidered patches and craft glue, marketed by a stationery brand as an idea for events and girls' nights.","DIY idea for your next girls' night / event 👀 (0:00); DIY Decorative Patches (0:05); They come in so cute designs (0:14); I love how colorful and detailed they are (0:19); Turning a plain tote to something cute (0:24); First i am laying everything out to see how i want it (0:26); Glue (0:29); Adding a small amount of glue at the back (0:30); Then pressing it down firmly (0:32); This is starting to come together 🥹 (0:37); This is such a fun way to customize anything... Clothes, caps/hats, bags, shoes, Denim etc (0:40); It really changed the whole vibe of the bag (0:46); @stationery_central.254 (watermark present throughout)",Raw UGC,Tutorial,true,yes,,https://www.tiktok.com/@stationery.central_ke/video/7621276494970572053
patches,patches,2026-03-28,2026-10-01,lifewithmils,millie mae,5500000,9733,52,168,"ad spot patches 101⭐️

with one of my faves from @La Roche-Posay #effaclar","Creator Millie Mae delivers a sponsored tutorial on how to choose effective spot patches, contrasting cheap sticker patches with hydrocolloid options while recommending La Roche-Posay Effaclar Duo+M Patches.","ad spot patches 101⭐️ 
 with one of my faves from @La Roche-Posay #effaclar 
 spot patches 101 
 what i think about spot patches 
 as someone who has had problematic skin 
 your money on the wrong ones 
 which ones are actually worth it 
 and the ones that i always go back to 
 1. hydrocolloid > stickers 
 2. seal the spot > sitting on top 
 3. protect against marks left by spots 
 4. undetectable > bulky 
 5. spot appears reduced",Raw UGC,Tutorial,true,yes,possible off-topic,https://www.tiktok.com/@lifewithmils/video/7622352863536172309
patches,iron on patches,2026-03-28,2026-10-01,vexedsoull,vexed 🫧,35000,535,16,151,"i literally have not used my bag until rn cuz i wanted to wait to add patches 😅 i love all the videos of people using iron on patches on their trader joe’s totes, so i knew i had to do the same!! #fy","A creator shares a DIY tutorial on how she customized her viral pink Trader Joe's mini tote bag using embroidered iron-on patches and a household hair straightener because she did not own an iron, ending with a request for viewer feedback.",TRADER JOE'S; decorating my trader joe's bag; i didn't have an iron so a hair straightener will do; couldn't decide pin placement LOL; had to do one on the back too; what do you think?; PERMANENT TATTOOS,Raw UGC,Tutorial,false,yes,,https://www.tiktok.com/@vexedsoull/video/7622395941881941279
patches,patches,2026-03-30,2026-10-01,q1r8sujkflvze,Alpha- Iris sis,381,10,,,#hatpatches #patch #diy #patches #fyp,"A short-form TikTok video showcasing new arrivals of book-themed embroidered patches for DIY fashion, targeted at the BookTok community.",New patches arrival; STAY Reading; GO AWAY I'M READING; books are better than people; Book Worm; FAITH; SILLY GOOSE JUICE; 28,Raw UGC,Haul,true,yes,possible off-topic,https://www.tiktok.com/@q1r8sujkflvze/video/7623014132375227678
patches,morale patches,2026-03-30,2026-10-02,afmannymustache,Manny,1307,40,4,1,"update to the military patch wall. thanks up those who sent some patches. yours will be in the mail this week. whos next? 
#patchswap #patches #miltok #military #tradition","A military service member records a vlog-style update showing new patches added to his large collection wall, expressing gratitude to community members who sent items for trade.",HI; WE'RE UPDATING THE PATCH; WALL FROM MY MOST; RECENT PATCH; COLLECTION THAT; WE GOT; UP HERE; HERE'S THE LETTERS THAT; WENT WITH THEM TOO; COIN UPDATE FOR MY; COIN COLLECTION; WHICH I'LL PUT OVER THERE; updating the patch wall with my most recent virtual patch and coin swaps i'll be sending out my patches and letters this week thank you everyone,Raw UGC,Vlog,false,yes,,https://www.tiktok.com/@afmannymustache/video/7623104857783733517
patches,patch collection,2026-03-31,2026-10-01,essence.cosmetics,essence.cosmetics,3400000,155900,1218,17000,"Cute, fun & ready to stick 💖
Meet your Spot Squad - because treating breakouts has never looked this good! #essence #essencecosmetics #beauty #pimplepatch",An official product showcase by essence cosmetics introducing their Spot Squad Pimple Patches Set featuring 80 pieces in a pink compact mirror with four distinct design sheets.,NEVER leaving without!; e.g. essence; spot squad PIMPLE PATCHES SET; hydrocolloid patches; tea tree extract + salicylic acid + hyaluronic acid; 80 PIECES; CUTIE PIE; LOVE LOVE LOVE; glow-in-the-dark; funky; holographic; fruity,Polished Creator,Haul,true,yes,possible off-topic,https://www.tiktok.com/@essence.cosmetics/video/7623402465802718496
patches,chenille patches,2026-03-31,2026-10-02,thebusymomshop,thebusymomshop,8945,90,2,3,"Don’t forget to shop our SALE !!!! All in stock chenille patches are $6.99 no minimum required 😳

Run to our shop and save $$ now and restock all your patches 🏃‍♀️🛒

Shop⬇️ or link in my B I O ✨
ww","A small business owner shares a satisfying, sound-rich packing video of large chenille patches on a pink-themed desk, reinforcing brand aesthetics and promoting an active stock sale via caption text and website links.",MJ CUSTOM PRINTS; CUSTOM CREATIONS; ORDER ARE THE BEST; G USPS GROUND ADVANTAGE; HANDLE WITH LOVE DO NOT CRUNCH BEND OR FOLD THANK YOU; thank you for supporting my small business,Polished Creator,Behind-the-scenes,true,yes,,https://www.tiktok.com/@thebusymomshop/video/7623434929489202446
patches,iron on patches,2026-03-31,2026-10-01,cortneykochtx,💕Texas_Hippie_Mama🎀💕,3906,41,2,2,"Trying to save my favorite sweatpants after I stained them, so I added these cute iron-on patches instead of throwing them away ✨

If anyone has tips for keeping iron-on patches on better, please shar","A lifestyle creator demonstrates how she repairs a stained pair of favorite sweatpants by ironing on decorative patches, accompanied by humorous step-by-step text and a request for community advice in the caption.",Step 1: ruin your favorite sweatpants. Step 2: panic. Step 3: add cute patches and pretend that was the plan all along.,Raw UGC,Tutorial,false,yes,,https://www.tiktok.com/@cortneykochtx/video/7623495019395140878
patches,chenille patches,2026-03-31,2026-10-02,wegotemtees,WeGotEmTees,804,12,2,1,"This is where it all comes together👍

#fyp #behindthescenes #custompatches #patchwork","A small business apparel workshop demonstrates the intricate, multi-step process of backing and laser-cutting custom chenille patches, blending educational tutorial mechanics with satisfying visual ASMR elements like laser cutting and spray adhesive application.",PART 2 HOW CHENILLE PATCHES ARE MADE; epiloglaser.com; various whiteboard notes,Raw UGC,Tutorial,true,yes,,https://www.tiktok.com/@wegotemtees/video/7623567413392542990
patches,iron on patches,2026-04-01,2026-10-01,koselighar7,🎀 KOसेली घर 🎀,29700,771,17,86,"😍New anime iron patches now available!! 
Now get your bag and jackets stylish with these cool iron patches 
#ironpatches #clothpatches #koselighar_satdobato #stickershop #stylishlook","A small retail shop in Nepal showcases its new collection of embroidered anime patches featuring characters from popular series, encouraging fans to order for jacket and bag customization.","WANTED DEAD OR ALIVE, ONE PIECE, SATORU, NIRVANA, 13",Raw UGC,Tutorial,true,yes,,https://www.tiktok.com/@koselighar7/video/7623789586497424660
patches,custom patches,2026-04-01,2026-10-02,apairrent,apairrent,61100,5000,152,2184,"I created these patches using fabric appliqué with my Cricut for a custom jacket.

This method gives you way more flexibility than just vinyl.

Would you try this?

#CricutCrafts
#FabricApplique
#Cust","A concise, well-structured Cricut tutorial demonstrating how to create multi-layered fabric applique patches for custom denim jackets using Heat & Bond Ultra Hold. The creator balances digital screen design with physical crafting steps, offering high utility for DIY crafters and small business owners.","Heat & Bond; Heat & Bond Ultra Hold; BFC FOOTBALL; 320 DEGREES 3 SECONDS; 320 DEGREES 10 SECONDS; SUBSCRIBE; I will bless the lord at all times his praise shall continually be in my mouth; Cricut; Basic Cut; BFC Football; Regular; Save; My Stuff; 13 14 15 16 17 18 19 20 21 22 23 24 25; 3 4 5 6 7; W 2.66 H 3.16 in; 2.5 in x 3 in; 0.09 in; Apply; Material colors; Advanced; #2d67c3; 2.84 in x 3.34 in; #ffffff; 0.080 in; x: 2.57 y: 21.47; 2018 Hobby Lobby Stores, Inc. All Rights Reserved.",Polished Creator,Tutorial,false,yes,,https://www.tiktok.com/@apairrent/video/7623901829335633183
patches,patches,2026-04-03,2026-10-01,gymleader.len,Len,24900,284,3,2,#starpatches #pimples,"A creator casually documents herself applying a novelty star-shaped pimple patch to cover a blemish on her forehead, leaning into relatable skincare culture.",,Raw UGC,Vlog,false,yes,possible off-topic,https://www.tiktok.com/@gymleader.len/video/7624612597689617678
patches,embroidered patches,2026-04-04,2026-10-01,undisputedprinciples,Undisputed Principles,5932,205,7,71,"This embrodiery spot in downtown la has no minimums so you can try any design here risk free!
@embroideryLifellc Embroiderylifellc@gmail.com - 626 413 9082
#custom #embroidery #patches #embrodiery","A streetwear creator tours Embroidery Life LLC in Downtown Los Angeles to demonstrate custom patch manufacturing services that feature no minimum order quantities, transparent setup pricing, and quick turnaround times for independent apparel brands.",,Raw UGC,Tutorial,true,yes,,https://www.tiktok.com/@undisputedprinciples/video/7625034713136188702
patches,embroidered patches,2026-04-06,2026-10-01,thepatchking13,thepatchking13,659,6,,3,Specializing in oversize patches start your order today #embroidery #custompatches #houston #streetwear #motorcycle,"A custom patch maker in Houston shares a satisfying behind-the-scenes look at stitching a complex, oversize motorcycle and streetwear-style patch featuring a skull and flames, accompanied by authentic, amazed voice reactions.",ER; EST; 2025; STEEL HER FAB CO.; Built to Burn,Raw UGC,Behind-the-scenes,true,yes,,https://www.tiktok.com/@thepatchking13/video/7625566705548266782
patches,morale patches,2026-04-06,2026-10-02,pvcpatch_com,PVCpatch_com,214,3,,,"Tactical morale patches for wholesale.  

#tacticalpatch #pvcpatches #moralepatches #velcropatch #airsoftpatch","A wholesale supplier demonstrates inventory of Valhalla-themed tactical PVC morale patches, targeting airsoft and tactical gear buyers through a direct inventory check format.",info@PVCpatch.com; Are these in stock?,Raw UGC,Tutorial,true,yes,,https://www.tiktok.com/@pvcpatch_com/video/7625661371950124301
patches,police patches,2026-04-08,2026-10-02,socalpatchcollector,socalpatchcollector,1629,118,1,1,Finally got my first patch from Oklahoma. Only missing patches from 8 states now! #policepatches #police #lawenforcementpatches #lawenforcementcommunity #policepatchcollection,"A law enforcement patch collector celebrates reaching a milestone of obtaining their first patch from Oklahoma, leaving only eight states left to complete their US collection.","SHERIFF CHEROKEE COUNTY STATE OF GEORGIA; NEW KENT COUNTY, PRIDE IN THE PAST FAITH IN THE FUTURE; WESTMINSTER POLICE; HOPKINS; THE GREAT SEAL OF THE STATE OF MINNESOTA POLICE; PIMA COUNTY SHERIFF 1865; TEXAS DEPARTMENT OF CRIMINAL JUSTICE CORRECTIONAL INSTITUTIONS; UNIVERSITY OF WISCONSIN WHITEWATER POLICE; OFFICE OF SHERIFF OTSEGO COUNTY N.Y.; GUTHRIE POLICE EST. 1889 SERVING OKLAHOMA'S FIRST CAPITAL",Raw UGC,Vlog,false,yes,,https://www.tiktok.com/@socalpatchcollector/video/7626172379282115853
patches,embroidered patches,2026-04-08,2026-10-01,yohan.ettienne,Yohan.Ettienne,4062,174,16,15,"Loving this inverted bomb design

#embroidery #patches #machineembroidery","Creator Yohan Ettienne showcases an intricate custom embroidery project featuring a vibrant mushroom cloud design on a black jacket, narrating with high-energy approval and asking his audience for feedback.",THE FUTURE IS A THING OF THE PAST,Raw UGC,Behind-the-scenes,true,yes,,https://www.tiktok.com/@yohan.ettienne/video/7626446104397188383
patches,morale patches,2026-04-09,2026-10-02,larry.floresberrier,Larry FloresBerrier,45600,2547,66,58,"Morale Patches Are Cool, Till You Getting Called Up About Why PVT Snuffy Has A Patch On Their Helmet Saying Wild Stuff For The Sergeant Major To See

#military #army #moralepatch #miltok #lordoflips","A military creator discusses a recently deleted Pentagon DVIDS photo featuring a sailor wearing an inappropriate morale patch, sharing his perspective on why leadership cracks down on unauthorized patches while asking viewers for the wildest patches they have seen.","Morale Patches Are Cool, Till You Getting Called Up About Why PVT Snuffy Has A Patch On Their Helmet Saying Wild Stuff For The Sergeant Major To See; ER 5 136; OᖴᖴIᙅᕮᚱ; So if you didn't see by now, the Pentagon's Defence Visual Information Distribution Service, um, posted a, uh, photo, right, and I'm gonna attach it right here so y'all can see it, but, uh, they now deleted it. It's also known as DVIDS, in short, but basically they post photos, news of military operations from us, from around the world. But anyways, I saw a post about it, and if you look closer at the picture, there is a morale patch. If you don't know what a morale patch is, it's basically a patch that helps increase morale. It can be literally about anything, which is a good and sometimes bad thing, unit dependent if they'll let you wear them. And, uh, tell you from experience, most units don't let you wear morale patches. Now, I'm going to paraphrase a little bit here, but that patch in the photo, right, it, uh, it says, join the U.S. Navy. Save the big Guteus Maximus, Venezuelans. Now, from what I read on the post, that was a sailor. So tells me that that individuals in the military, right, and, uh, it probably already got back, you know, to the leadership, and they are probably not happy right now. I used to be very pro morale patch, uh, in my younger days, but now that I'm on this side of the fence, I understand. You can't be having patches that say wild stuff. I don't wanna stand on some red carpet for ",Raw UGC,Personal-update,false,yes,,https://www.tiktok.com/@larry.floresberrier/video/7626558954503490829
patches,police patches,2026-04-09,2026-10-02,underdogpatch,Underdog Patch Designs,490,7,1,,Check out some of the New York City Police patches we dropped this past week …. Available at underdogpatchdesigns.com #nypd #nycpolice #newyorkcitypolice,"A short product showcase video by Underdog Patch Designs featuring three newly released New York City police embroidered patches, presented against a wooden background with a moody folk soundtrack and purchase link.",POLICE DEPARTMENT CITY OF NEW YORK; 40TH PRECINCT SPECIAL OPERATIONS SOUTH BRONX NYPD; WWW.UNDERDOGPATCHDESIGNS.COM,Curated Aesthetic,Haul,true,yes,,https://www.tiktok.com/@underdogpatch/video/7626800597643169038
patches,police patches,2026-04-09,2026-10-02,khaseemcollection,KhaseemPatchCollecting,586,24,2,,"Police patch mail call📬

#nassaucounty #northcarolina #maryland #police #cat","A creator shares a police patch mail call on TikTok, walking viewers through retrieving an envelope from an apartment mailbox and revealing three distinct municipal and county police patches paired with reference photos of their vehicles, set to an upbeat reggae soundtrack.",MAIL CALL; 1011; POLICE STALLINGS GATEWAY TO UNION COUNTY INCORPORATED 1975 NC; CITY OF SALISBURY MARYLAND 1732 POLICE; POLICE COUNTY OF NASSAU NY,Raw UGC,Vlog,false,yes,,https://www.tiktok.com/@khaseemcollection/video/7626818556318977310
patches,custom patches,2026-04-10,2026-10-02,coffincutiestitches,livi ‧˚꒰🐾୭ ˚.,4430,394,4,5,custom patches i made for a depop trade!! im so in love with these!💉🖤🦷 #alternative #fyp #alt #diy #goth,"A creator showcases two custom, handmade alternative fashion patches featuring syringe and jawbone motifs, created for a Depop trade and shared with the alternative TikTok community.",✦°•custom hand-made patches+ ✨,Raw UGC,Aesthetic,false,yes,,https://www.tiktok.com/@coffincutiestitches/video/7627235201789349150
patches,police patches,2026-04-11,2026-10-02,eli.theexamishpreacher,Eli Yoder,17100,1267,20,10,Thank you very much for all the Police patches,"Eli Yoder thanks followers, departments, and specific individuals for sending him a growing collection of police and security patches, showcasing each one in detailed overhead shots while sharing personal connections.","Text visible on patches including: MARIETTA PIONEER CITY 1788 POLICE, POLICE BRUCETON TENN, SERVE HONOR PROTECT, BRUCETON POLICE, DEPUTY SHERIFF, POLICE AMARILLO TEXAS, DEPARTMENT OF VETERANS AFFAIRS UNITED STATES OF AMERICA, FORD SECURITY SECURITY GUARD, FORT SHAWNEE OHIO POLICE, ELIDA POLICE",Raw UGC,Vlog,false,yes,,https://www.tiktok.com/@eli.theexamishpreacher/video/7627616931461270797
patches,patches,2026-04-12,2026-10-01,drsinaghadiri,Dr Sina | Skincare,19200,278,2,2,What spots do pimple patches ACTUALLY work on? Let’s see some of the most common spots you can get with acne and what a pimple patch is best suited to #skincare #acnetreatment #pimplepatch #pimplepatc,"A dermatologist breaks down the science of pimple patches, using 3D animated skin cross-sections to explain why hydrocolloid patches work effectively on pustules but fail on deep cysts or blackheads.",Dr Sina Ghadiri Dermatology; What spots do pimple patches ACTUALLY work on?; Sebaceous; Not a; pustules; hydrocolloid,Polished Creator,Tutorial,false,yes,possible off-topic,https://www.tiktok.com/@drsinaghadiri/video/7627995453317238019
patches,morale patches,2026-04-13,2026-10-02,rooloshop,ROOLO SHOP,967,5,,,Scary Tactical Patch Velcro Morale Patch,"A high-production product ad for a tactical morale patch, demonstrating its velcro backing and versatility across backpacks, hats, and jackets through clean studio visuals and rhythmic editing.","Your gear looks boring? 
 Upgrade it in seconds. 
 Velcro design - stick & go. 
 Backpack / Hat / Jacket - fits all. 
 Clean. Bold. Tactical style. 
 Get yours now!",High-Production,Tutorial,true,yes,,https://www.tiktok.com/@rooloshop/video/7628205545203223822
patches,police patches,2026-04-14,2026-10-02,micro.patches,MicroPatches,5223,113,6,5,"No agency is safe 😈 We’re coming for all of you.

#MicroPatches #LawEnforcement #PolicePatch #FirePatch #PatchCollector","A fast-paced TikTok video by Micro Patches showcases an extensive collection of miniature law enforcement patches from Arizona agencies, set to an upbeat rap soundtrack and ending with a branded logo card.",POLICE GILBERT AZ; POLICE PARADISE VALLEY AZ; POLICE PEORIA; POLICE CITY OF GLENROSE ARIZONA; POLICE CHANDLER ARIZONA; MICRO PATCHES,Raw UGC,Vlog,true,yes,,https://www.tiktok.com/@micro.patches/video/7628466459559152927
patches,embroidered patches,2026-04-14,2026-10-01,graciebrandingco,Gracie Branding Co.,51800,2937,119,779,"Replying to @MandyTess How to apply heat application adhesive to a free-standjng 3d puff patch 🧵🪡

#tutorial #embroiderytutorial #machineembroidery #3dpuff #embroideredpatches","A concise, step-by-step TikTok tutorial by Gracie Branding Co. answering a user's question on how to apply heat-activated adhesive backing to freestanding 3D puff embroidery patches.",Reply to @MandyTess's comment Could you show a video on how you get the heat adhesive on it afterwards? Bulldogs; OTTO PREMIUM CAP CLASSIC FIT OSFM CAMO MAXIMUM COMFORT STYLISH LOOK,Raw UGC,Tutorial,false,yes,,https://www.tiktok.com/@graciebrandingco/video/7628667379496586510
patches,chenille patches,2026-04-15,2026-10-02,vistrend_official,vistrend_official,260,3,,,Dog paw pattern chenille glitter embroidery patches pink cute patch iron on for clothes bag hats caps shirts #embroiderypatch #clothingpatches #shirtspatch #cappatch #chenillepatches,"A quick visual showcase of dog paw iron-on chenille patches, highlighting their tactile texture, glitter borders, and exact dimensions for DIY enthusiasts.",Iron on Chenille Patches; Size:2.36*2.36 inches,Raw UGC,Haul,true,yes,,https://www.tiktok.com/@vistrend_official/video/7628812352812535070
patches,patch collection,2026-04-15,2026-10-01,_lecons,Amy,115300,633,26,24,My patch collection on the Cotopaxi Allpa 42L #cotopaxi #patches #backpacking #backpack,"A creator enthusiastically showcases her travel patch collection displayed on her Cotopaxi Allpa 42L backpack, detailing her trips across New Zealand and Australia while preparing for an upcoming European journey.",,Raw UGC,Vlog,false,yes,,https://www.tiktok.com/@_lecons/video/7628870274531724551
patches,custom patches,2026-04-15,2026-10-02,goodstuffsearch,goodstuffsearch,2265,68,17,15,#custompatches #patches #designer #diy #lv,"A short promotional video from a custom patch supplier showcasing an assortment of designer-inspired embroidered patches inside a shipping box, highlighting exclusive designs and custom manufacturing services.",custom designer patches; these are our exclusive custom patches; we will continue to introduce new designs; and we can also create patches exclusively for you; based on your pictures; my catalog also includes various other products,Raw UGC,Tutorial,true,yes,,https://www.tiktok.com/@goodstuffsearch/video/7628943023400865055
patches,embroidered patches,2026-04-15,2026-10-01,omni.punch,Omni Punch,21600,827,13,73,"👦embroidered patch 
#manufacturer #productionpartner #patchwork #CustomPatches","A short-form B2B showcase video by a custom patch manufacturer, displaying a detailed embroidered cartoon patch inside an active factory setting.",👦embroidered patch,Polished Creator,Behind-the-scenes,true,yes,,https://www.tiktok.com/@omni.punch/video/7629031703046032648
patches,iron on patches,2026-04-16,2026-10-01,livinlife.withliv,livinlife.withliv,26200,437,7,76,This place always has the best things for the best price✨🤍🙏🏼 #Hobbylobby #diy #patches #craft #shopping,"A quick, satisfying retail tour of a craft store aisle highlighting an extensive selection of cute iron-on patches and enamel pins complete with visible price points, targeting DIY creators and hobbyists.",LOOKING FOR CUTE IRON ON PATCHES & PINS Head to Hobby Lobby; DESIGN WORKS IRON-ON; Woven Art; Sticker for easier positioning; BEACH BABE; CHOOSE HAPPY; BE KIND & STAY WEIRD; 2490019; 2489565; 2352557; 2602498; 2470003; $2.99; $1.49; $2.79; $3.29; $3.49; $3.79; $5.49,Raw UGC,Haul,false,yes,,https://www.tiktok.com/@livinlife.withliv/video/7629315842987035935
patches,morale patches,2026-04-17,2026-10-02,c_cord_run,C Cord Run,25600,1055,19,5,It’s a morale shirt and it’s Friday so yes for us it’s authorized. #military #army #airforce #uniform,"A military creator walks through a workshop wearing a black t-shirt with OCP trousers, using on-screen text and a casual delivery to joke about military uniform standards on a Friday.","I've been saying, black shirts with OCPs just makes too much sense",Raw UGC,Vlog,false,yes,possible off-topic,https://www.tiktok.com/@c_cord_run/video/7629759112699448590
patches,custom patches,2026-04-17,2026-10-02,seniorjackets.designers,seniorjackets.designers,13300,98,11,36,"Comment below “customized” and we’ll send you the full pdf of patches!!

Dm/whatsapp (link in bio) to place your orders 📲🤝

International shipping 🛩️📦

#seniorjackets #targetaudience #سينيور #cust","A promotional slideshow for custom senior jacket patches set to a nostalgic song, encouraging viewers to comment for a full PDF catalog and place orders via direct message.",Collaged on Pinterest by Thandral; MOTORCYCLES BORN TO RIDE LIVE; FERRARI; PARENTAL ADVISORY EXPLICIT CONTENT; LOS PRONONOUS; HORMONE; COCA COLA; TAKE ME TO THE MOUNTAINS; JAGERMEISTER; RUSTEEZE; KRAFT; MATCHBOX; VANS OFF THE WALL; ARCTIC MONKEYS; VIVIENNE WESTWOOD; MARLBORO; FIGHT CLUB; ALO PILATES MATCHA; FLARE DESIGNERS SENIOR JACKETS,Curated Aesthetic,Photo-dump,true,yes,,https://www.tiktok.com/@seniorjackets.designers/video/7629763924895862023
patches,police patches,2026-04-17,2026-10-02,yodertoter40,Eli Yoder,12900,850,13,,Just received more new police patches and 911 Emergency Center patches,"Eli Yoder shares an update from his patch collection after returning from a ministry trip, enthusiastically thanking the Ohio State Highway Patrol, Deputy Cody Freeze of Grundy County Iowa, and the Barren-Metcalfe Emergency Communications Center for sending new patches.",GOD KNEW on t-shirt; STATE HIGHWAY PATROL OHIO; GRUNDY COUNTY IOWA SHERIFF; BARREN-METCALFE EMERGENCY COMMUNICATIONS CENTER; COMMITTED TO SERVE 911,Raw UGC,Vlog,false,yes,,https://www.tiktok.com/@yodertoter40/video/7629768863181245709
patches,patches,2026-04-17,2026-10-01,callieguerra,callie guerra,2200000,102000,403,792,my honest review of the new rhode pimple patches… #rhode #honestreview #skincare #acne #clearskin,"Creator Callie Guerra delivers a raw, highly anticipated honest review of the new Rhode skincare pimple patches, testing them overnight on active blemishes and concluding that while they look cute and stick well, they ultimately fail to extract impurities.",do the new rhode pimple patches ACTUALLY work?,Raw UGC,Review,false,yes,possible off-topic,https://www.tiktok.com/@callieguerra/video/7629791115469737247
patches,chenille patches,2026-04-20,2026-10-02,skywillchan,Skywill Custom Supplier,6335,56,1,12,Ever wondered how those fluffy 3D embroidery letters are made?#chenilleembroidery #textiletechnology #howltsmade #custom #tshirt,A short-form industrial manufacturing demonstration that uses satisfying macro footage of chenille embroidery to hook viewers before pitching custom apparel production services.,"CHENILLE EMBROIDERY; ever wondered how those fluffy 3d embroidery letters are made; this is chenille embroidery; also called towel embroidery overseas; the machine uses a special hook; to pull thread into continuous loops; creating that soft; raised texture you see on varsity jackets; and custom gear; such as a satisfying craft to watch; bulk custom production, low MOQ, logo customization, fast sampling, brand identity design; SKY + WILL; Personalized customization supplier; KICK-START YOUR BUSINESS WITH US; contact us to begin your personalized journey",High-Production,Tutorial,true,yes,,https://www.tiktok.com/@skywillchan/video/7630643010467941663
patches,custom patches,2026-04-20,2026-10-02,saltwaterstitcheshatco,Cindy| Saltwater Hat Co.,4559,180,25,44,20ish new patches!!! Which one is your favorite ?! 🤩 #leather #wholesalepatches #patchsupplier #lonestaradhesive #customhats,"A small business owner showcases approximately twenty newly designed satirical and humorous leather hat patches in a fast-paced TikTok video, asking her audience to pick their favorite while highlighting her wholesale business.",THAT SOUNDS LIKE MY HUSBAND'S PROBLEM; NOW ACCEPTING GENTLY USED BABY MAMAS; FUELED BY NICOTINE; F*CK AROUND AND FIND OUT THINGS YOU SHOULDN'T DO; I NEED A HUG FROM A BAD BITCH; BOMB SQUAD STOP SCREAMING I'M SCARED TOO; DON'T LIKE ME? FUCK OFF PROBLEM SOLVED; MAMA DIDN'T RAISE A BITCH & IF SHE DID IT WAS MY BROTHER; MAMA DIDN'T RAISE A BITCH & IF SHE DID IT WAS MY SISTER; DFQ Don't Fucking Quit; 15% STUD 85% MUFFIN; IF I KNEW WHAT I WAS DOING WE WOULD BE DONE BY NOW; TOUCH MY BEARD AND TELL ME I'M PRETTY; MY OL' LADY WILL KILL YOU; MAKING MEN HARD SINCE 700 B.C.; I HAVE THE BEARD THEREFORE I MAKE THE RULES; I'D TACK THAT; Professional Gaslighter; MAKE DIESEL CHEAP AGAIN; MY WIFE BEATS ME; AP LAZER,Raw UGC,Showcase,true,yes,,https://www.tiktok.com/@saltwaterstitcheshatco/video/7630874492243299598
patches,police patches,2026-04-21,2026-10-02,that_oregon_dude,The Oregon Dude,1062,39,6,,Haven’t done a full police sticker plus patch show in a bit now so hopefully you guys enjoyed it waiting on a couple others from Oregon State sheriffs Association will keep you guys updated on that ##,"A creator shares a detailed collection update of police and sheriff patches and stickers from across Oregon, speaking casually to his audience about recent additions and future arrivals.",GRAND RONDE JR. POLICE OFFICER EST. 2011 OREGON; POLICE THE CONFEDERATED TRIBES OF GRAND RONDE OREGON; TIGARD POLICE JUNIOR OFFICER; HAPPY VALLEY POLICE OREGON; LONGVIEW POLICE JUNIOR OFFICER; BEAVERTON POLICE JUNIOR OFFICER; MEET PUDDLES K9 DEPUTY WCSO; CENTRAL POINT OREGON POLICE; OREGON STATE POLICE; MULTNOMAH COUNTY SHERIFF; ALBANY POLICE DEPARTMENT,Raw UGC,Vlog,false,yes,,https://www.tiktok.com/@that_oregon_dude/video/7631032854582922509
patches,police patches,2026-04-21,2026-10-02,police.patch.coll,Patch Collector,531,32,4,,#policepatch #policepatchcollector #policepatchcollection #policechallengecoin #thinblueline,"A patch and challenge coin collector documents his latest acquisitions from recent trades and mail deliveries, presenting items from agencies such as the RCMP, various sheriff's offices, and municipal police departments.",,Raw UGC,Vlog,false,yes,,https://www.tiktok.com/@police.patch.coll/video/7631329579457580318
patches,police patches,2026-04-21,2026-10-02,akobersteen,Alex Kobersteen,32400,2364,107,119,"New series. New mission.

Every city we travel to, I’m bringing a LIMITED number of Durham Police patches with me.

Trading with police, fire, military—and anyone in the stands who has one of their ow","Professional baseball player and sworn police officer Alex Kobersteen announces a new weekly series called Patch Patrol, where he trades limited-edition Durham Police patches with fellow officers, military personnel, firefighters, and fans at each stop of his team's tour.",PEOPLE; DIFFERENT; ALEX; KOBERSTEEN; 5O; PROFESSIONAL; PLAYER; SWORN; OFFICER; WE; BRING; POLICE; PATCHES; ME; OTHER; OFFICERS; MILITARY; FIREFIGHTERS; FANS; ONLY; LIMITED; NUMBER; EACH; TRIP; SO; IF; WANT; ONE; YOU; BETTER; FIND; EARLY; COMING; TO; A; COSMIC; BASEBALL; GAME; AND; GOT; PATCH; OR; CHALLENGE; COIN; BRING; WITH; EVERY; TUESDAY; I'LL; SHARE; WHAT; TRADED; PAST; WEEKEND; PATCH; PATROL; POWERED; BY; GHOST; GP; PATCH,Raw UGC,Personal-update,true,yes,,https://www.tiktok.com/@akobersteen/video/7631300429648792863
patches,iron on patches,2026-04-23,2026-10-01,sharicejonell,S🦋,9576,103,2,38,"I got these iron on patches from Hobby Lobby and it turned out so cute!!! 
#animalkingdom #disney #diyshirt #minnie #mickey","A quick, satisfying DIY tutorial demonstrating how to create custom Disney-themed apparel using Hobby Lobby iron-on patches and varsity letters, set to uplifting background music.",come make Disney shirts with me & my sister ✨; JIA; IRON-ON & STICKER; DISNEY,Raw UGC,Tutorial,false,yes,,https://www.tiktok.com/@sharicejonell/video/7631989395322572046
patches,patch collector,2026-04-23,2026-10-02,realtalk.podcast0,GeoPol USA,216400,4105,105,54,"Vintage jacket with rare patches shocked with the price....

#collections #pawnstars #fyp #patches #vintagejacket","An excerpt from a pawn shop television show where a seller brings in a vintage 1943 military field jacket covered in World War II patches. The expert appraisal reveals that a single patch is worth over double the seller's asking price for the entire jacket, ending on a cliffhanger for part two.",VINTAGE JACKET WITH RARE PATCHES SHOCKED WITH THE PRICE; HI; I; FOUND; THIS; AWESOME; JACKET; AT A; THRIFT; STORE; HOW; MUCH; ARE YOU; LOOKING; TO GET; FOR; IT; ABOUT; $350; WATCH; THIS; WOMAN'S; REACTION; WHEN; THE; EXPERT; REVEALS; THE; TRUE; VALUE; OF HER; JACKET; WITH; PATCHES; DEFINITELY; COOL; THE; SELLER; ADMITS; SHE; HAS; NO; IDEA; IF THE; PATCHES; ARE; VALUABLE; SO SHE; ASKS; JUST; $350; CHUM; THINKS; IT'S A; COOL; JACKET; AND; MENTIONS; THAT; MILITARY; ITEMS; ARE; HIGHLY; COLLECTIBLE; HOWEVER; HE; DOESN'T; KNOW; MUCH; ABOUT; PATCHES; SO HE; DECIDES; TO CALL; IN; HIS; MILITARY; EXPERT; THIS; IS A; MODEL; 1943; FIELD; JACKET; EXPLAINS; THAT; FROM; WORLD; WAR; TWO; AND; BELONG; TO; IMPORTANT; ARMY; DIVISIONS; HE; ADDS; LIKELY; BELONGED; TO A; PHOTOGRAPHER; WHO; WAS; TASKED; WITH; DOCUMENTING; WAR; ACROSS; MULTIPLE; FRONTS; LOOK; I'LL DO; THE; BIG; ONE; WAS; KNOWN; AS A; BLOOD; CHIT; AN; $800; PATCH; EXCITED; TO FIND; OUT; THAT; JUST; ONE; IS; WORTH; CONCLUDES; HAS; MANY; RARE; HIGHLY; SOUGHT; AFTER; BY; COLLECTORS; SO WHAT; KIND; VALUE; YOU; THINK; THING; ALTOGETHER; I'VE NEVER; SEEN; ANYTHING; LIKE; THIS; COMMENT; PART; TWO; WORLD FAMOUS GOLD & SILVER Pawn Shop LAS VEGAS NEVADA; AIRBORNE; AP; OFFICIAL U.S. ARMY PHOTOGRAPHER; 100; AA; IMA,High-Production,Documentary,false,yes,,https://www.tiktok.com/@realtalk.podcast0/video/7632103358093872406
patches,custom patches,2026-04-24,2026-10-02,treasuresboutique,Treasures Boutique 💎,9185,241,22,25,"We patching everything ❤️🤭

Self Expression and Customization 

#patchwork #patches #customization #vaboutique","Treasures Boutique demonstrates how they customize a customer's camo jacket with embroidered patches, showcasing the transformation process from blank garment to a personalized statement piece.",We patching everything ❤️🤭; Let's Customize a Camo Jacket; Placement Matters; My Patches are Spicy 🤪; You can be anything but ME!; I Don't Care; Brown Sugar Babe; Kind Soul Spicy Attitude; I <3 Myself; I'm Not Mean I'm Spicy Nice; Authentic; Wake Up and Make Up; She's Too Dope,Raw UGC,Tutorial,true,yes,,https://www.tiktok.com/@treasuresboutique/video/7632400243501321502
patches,patch collector,2026-04-24,2026-10-02,khaseemcollection,KhaseemPatchCollecting,2217,63,13,6,"NYPD & NYC Sheriff Patch 
#nypd #patchcollector #sheriff #nyc","A short, engaging unboxing video showcasing newly acquired NYPD and NYC Sheriff embroidered patches, complete with historical documentation cards for a community of patch collectors.",Mail call; SHERIFF CITY OF NEW YORK; POLICE DEPARTMENT CITY OF NEW YORK; Presented with the compliments of the New York City Police Department; POLICE DEPARTMENT PATCH The Police Department Patch was introduced to members of the New York City Police Department after careful development trend and design...,Raw UGC,Haul,false,yes,,https://www.tiktok.com/@khaseemcollection/video/7632479662664387870
patches,patch collection,2026-04-25,2026-10-01,.madeofboba0,.madeofboba0,1724,78,25,2,New patch update! DM me if you want to help with my collection#policepatches #patchcollection,"A collector shares an update on their law enforcement patch collection through a short overhead video, inviting followers to reach out via direct message to contribute to the assortment.",HOWEY IN THE HILLS POLICE; PIMA COUNTY SHERIFF; SHERIFF CHEROKEE COUNTY STATE OF GEORGIA; PONCA CITY POLICE; UNIVERSITY OF... OKLAHOMA... DEPARTMENT; MONTGOMERY SHERIFF,Raw UGC,Vlog,false,yes,,https://www.tiktok.com/@.madeofboba0/video/7632813305240816909
patches,chenille patches,2026-04-29,2026-10-02,wejoysun,Sofa upholstery fabric,3660,61,3,2,"Chenille Fabric for Sofa Manufacturing and Upholstery Supply
#TextileFactory #ChenilleFabric #SofaFabric #BulkSupply #MaterialSupplier","A quick, satisfying TikTok video demonstrating various rolls of chenille and upholstery fabrics in a warehouse setting, targeted at furniture manufacturers and bulk buyers.",Chenille fabric,Raw UGC,Haul,true,yes,possible off-topic,https://www.tiktok.com/@wejoysun/video/7634065965558402326
patches,morale patches,2026-04-30,2026-10-02,genzxelcambio,Gen-Z X El Cambio,15200,1352,15,73,A morale patch has been circulating online that is in reference to the capture of Venezuelan president Nicolas Maduro. This patch was worn ahead of January 3rd where the lives of more than 40 people w,"A Gen-Z creator analyzes a controversial U.S. Navy morale patch referencing Venezuela, critiquing the disconnect between military humor and civilian casualties.",JOIN THE U.S. NAVY SAVE THE BIG BOOTY VENEZUELANS!; ER 5 36; dvids DEFENSE VISUAL INFORMATION DISTRIBUTION SERVICE; The New York Times; Venezuelan Official Says At Least 40 People Were Killed In U.S. Attack; save the big booty Venezuelans...; this is a morale patch sailors wore before bombing Venezuela; this picture was on the military's official; Defense Visual Information Distribution Service website; and it was in reference to the capture of Venezuelan President; Nicolas Maduro that occurred on January 3rd; these kinds of patches aren't new; it's a tradition of sorts; where service members wear unofficial patches to show humor; a lot of people think it's really funny; even though dozens of innocent people were unalived during the attack; the Navy is also playing a key role in the war with Iran; so I guess they need humor; to cope with the fact that they are actively taking innocent lives; anyways this image has since been removed for obvious reasons; and the US Navy has stated this situation is currently under review,Raw UGC,News,false,yes,,https://www.tiktok.com/@genzxelcambio/video/7634338716823194894
patches,chenille patches,2026-04-30,2026-10-02,shelbyscraftyspot,shelbyscraftyspot,10100,503,16,49,Replying to @Amy Stancato @Chenille-It |Nannette Holmberg This stuff is fun to use! I just ordered more for a bay quilt. #quilt #quilting #sewing #sew #quilter,"A creator named shelbyscraftyspot answers a follower's question by demonstrating and reviewing Chenille-It blooming bias tape on a colorful patchwork baby quilt, highlighting its unique fuzzy transformation after washing.","Reply to Amy Stancato @Chenille-It | Nannette Holmberg, oooh I NEED to see after the wash. ive never heard of this material, Elevate your simple quilts!, I PROMISED A REVEAL, SO HERE IT IS.",Raw UGC,Tutorial,false,yes,,https://www.tiktok.com/@shelbyscraftyspot/video/7634598953387953438
patches,iron on patches,2026-05-01,2026-10-01,irononpatches0,Iron On Patches,446,5,2,,Classic Rock 🎸 #irononpatches #ragsagogo #irononpatches0 #music   https://ebay.us/m/VEqi39,"A fast-paced showcase of twenty-one classic rock embroidered patches, targeting music fans and collectors with direct links to purchase.",JEFF BECK; SGT. PEPPERS LONELY HEARTS CLUB BAND; Judas Priest; THE BEATLES; ZZ TOP; THE DOORS; VAN HALEN; RUSH; PINK FLOYD; THE WALL; AC/DC Since 1973; MAGICAL MYSTERY TOUR; LYNYRD SKYNYRD,Raw UGC,Haul,true,yes,,https://www.tiktok.com/@irononpatches0/video/7634996398819216670
patches,patch collection,2026-05-03,2026-10-01,gc.patchcollection,GC Patch Collection,4481,246,40,14,You can never have too many right?👀#policepatches#lawenforcement#policepatchcollection#lawenforcementpatches#backtheblue,"A short-form video showcasing an extensive, densely packed collection of embroidered law enforcement and game warden patches displayed on a corkboard wall, aimed at hobbyists and supporters.","You can never have too many right? If you are seeing this, it is a sign that you need to go collect more patches",Raw UGC,Vlog,true,yes,,https://www.tiktok.com/@gc.patchcollection/video/7635727188809108749
patches,iron on patches,2026-05-05,2026-10-01,user79760921493028,Ambercreation patches,3003,50,24,11,#patches #ironon #sanantoniospurs #truckerhat #patchbaru,"A short-form retail showcase highlighting new San Antonio Spurs custom rhinestone and embroidered patches against a backdrop of diverse sports merchandise, inviting viewer engagement through an on-screen question.",New arrivals which one u like,Raw UGC,Haul,true,yes,,https://www.tiktok.com/@user79760921493028/video/7636424158376725790
patches,patch collector,2026-05-06,2026-10-02,blackseedsofpatches,Blackseedsofpatches,1860,175,5,2,"My most recent Mail Day comes from the great @domain.of.death.patches 

I could not help myself with this massive haul, so many great choices and I could have easily picked more up!! 

Most of these p","A metalhead creator presents an extensive patch haul from distributor Domain of Death, showcasing underground death metal band merch intended for his battle vest.",Domain of Death Mail Day; Massive Haul; Morpheus Descends; Adramelech; Rippikoulu; Rottrevore; Cenotaph; Avulsed; Deeds of Flesh; Archgoat; Unleashed Freebie; Distro patch and sticker freebies; Amazing stuff as always,Raw UGC,Haul,false,yes,,https://www.tiktok.com/@blackseedsofpatches/video/7636808964054830339
patches,patch collector,2026-05-06,2026-10-02,carltonaut,Carltonaut’s Travel Tips,578,6,11,,We’ve been collecting souvenir patches of our family travels for 15+ years. I need your help on how to use the patches to share those memories with my kids as they get older and move out. I welcome yo,A creator shares his family's 15-year collection of travel souvenir patches currently sitting in basement bags and asks the TikTok community for creative ideas on how to use them to share memories with his growing children.,"CARLTONAUTS Find a Culinary Experience, Explore France, U.S. National Parks, Willis Tower CHICAGO, NASA, FAILURE IS AN OPTION, SEATTLE THE EMERALD CITY, USS MIDWAY CV-41, MARITIME MUSEUM SOUVENIR IRON-ON EMBLEM SAN DIEGO, GETTYSBURG NATIONAL MILITARY PARK, BUC-EE'S",Raw UGC,Q&A,false,yes,,https://www.tiktok.com/@carltonaut/video/7636872951756819726
patches,iron on patches,2026-05-06,2026-10-01,bon_nappetit,@bon_nappetit,22400,1005,8,162,Iron on patches for $6? 😳 So many philly sports ones ♥️ Red Gravy Goods in East Passyunk! #phillytok #shopsmall,"A fast-paced, highly visual TikTok video highlighting an affordable assortment of Philadelphia-themed embroidered iron-on patches at Red Gravy Goods in East Passyunk, successfully leveraging hyper-local pride and incredible value to engage regional audiences.",psa for all the patch girlies in philly,Raw UGC,Vlog,false,yes,,https://www.tiktok.com/@bon_nappetit/video/7636883544018570526
patches,chenille patches,2026-05-08,2026-10-02,ericab0077,Erica,8735,420,47,29,#designsistersandblanks  #chenillepatches  #goddontplayaboutme  #chenillepatch  #shirtmaker  @Designsistersandblanks2,"A small business owner showcases a new drop of faith-themed sequin chenille patches on TikTok, using an overhead crafting table view, upbeat gospel music, and text overlays directing followers to purchase on their website.",Looks what dropped Today at 9 am EST; Shop the site Designsistersandblanks.com; GOD DON'T PLAY ABOUT ME,Raw UGC,Haul,true,yes,,https://www.tiktok.com/@ericab0077/video/7637576868622798094
patches,police patches,2026-05-11,2026-10-02,alphadiecast,Alpha Diecast,8740,247,14,8,New Miami Dade Police Patches #police #policeinterceptor #sheriff #cops #miami,"A creator showcases a standard Miami-Dade Police Department shoulder patch alongside two rare colorway variations (khaki and tactical green) in a tabletop POV format, encouraging viewer comments.","MIAMI-DADE COUNTY, FLORIDA MIAMI-DADE POLICE DEPARTMENT",Raw UGC,Vlog,false,yes,,https://www.tiktok.com/@alphadiecast/video/7638707142307925261
patches,iron on patches,2026-05-12,2026-10-01,vane_35nf,hanru-shop,196,0,,,"Iron on Patches: our iron on transfers includes 30 iron on stickers with coffee pattern and an instruction sheet, ranging from 6 inches to 9 inches in length and width depending on the pattern, they a","A quick and engaging tutorial video demonstrating how to apply coffee-themed iron-on transfers to basic clothing items in under two minutes, created by an e-commerce brand to drive product sales.","Tired of boring clothes?; Fun 2-minute DIY! Iron & Peel; BUT FIRST, COFFEE; Shop Now!",Raw UGC,Tutorial,true,yes,,https://www.tiktok.com/@vane_35nf/video/7639054951553010957
patches,patch collection,2026-05-13,2026-10-01,the_lifeguard_vap29,🌊🛟Vaporeon enjoyer🛟🌊,4215,82,13,2,Is this tuff? #fyp #foxtactical #patch #velcropatch #tacticalbookbag,"A short, text-driven TikTok video showcasing a customized tan tactical backpack covered in an eclectic mix of military, anime, and gaming morale patches, designed to engage viewers through aesthetic curiosity.",Check out my new patches; PUERTO RICO; AIRBORNE; N.C.; FIRST IN FLIGHT 156th AIRLIFT SQUADRON; killromi; GLOCK; U.S. ARMY,Raw UGC,Showcase,false,yes,,https://www.tiktok.com/@the_lifeguard_vap29/video/7639161575886146846
patches,chenille patches,2026-05-13,2026-10-02,tlckraftydesigns,TLC Krafty Designs Shop,305,2,,,"⚾️✨ Baseball season = fuzzy patch season ✨⚾️

These fluffy chenille patches are EVERYTHING 😍🔥

✔️ Oversized
✔️ Soft fuzzy texture
✔️ Perfect for game day sweatshirts

Who needs one?! 👀⚾️

#Chenille","TLC Krafty Designs showcases their oversized chenille baseball patches in a short TikTok video, highlighting their soft texture, packaging, and finished appearance on a game day sweatshirt.","⚾️✨ Baseball season = fuzzy patch season ✨⚾️

These fluffy chenille patches are EVERYTHING 😍🔥

✔️ Oversized
✔️ Soft fuzzy texture
✔️ Perfect for game day sweatshirts

Who needs one?! 👀⚾️

CUSTOM CREATIONS, MADE FOR YOU
TLC KRAFTY DESIGNS
APPAREL • TUMBLERS • GIFTS & MORE",Polished Creator,Haul,true,yes,,https://www.tiktok.com/@tlckraftydesigns/video/7639341418154102029
patches,custom patches,2026-05-14,2026-10-02,goodstuffsearch,goodstuffsearch,1087,33,4,3,#custompatches #patches #diy #designer #dtf,"A supplier demonstrates their manufacturing and custom patch capabilities by unboxing and sorting a diverse collection of embroidered patches, heat transfer prints, and apparel items from a cardboard shipping box.",custom patch; our main business is patches and accessories; we can customize the patches you want; with the highest quality; we also have many exquisite heat transfer; printing patterns and a wide range of products; Happy; ORIGINAL; LOVE; AMOUR; STUDIO; DEFY GRAVITY; CHANEL; FEAR OF GOD; ESSENTIALS; CASA CABALL; COACHELLA,Raw UGC,Tutorial,true,yes,,https://www.tiktok.com/@goodstuffsearch/video/7639723141396204831
patches,patch collector,2026-05-15,2026-10-02,police.patch.coll,Patch Collector,1597,97,16,4,#policepatch #policepatchcollector #policepatchcollection #policechallengecoin #thinblueline,"A specialized collection video showcasing a massive haul of law enforcement patches and challenge coins acquired for Police Week, designed to appeal to niche hobbyists and supporters.","Police Week Haul; FLORIDA HIGHWAY PATROL HONOR GUARD; TRAFFIC HOMICIDE; MESA ARIZONA; MONTGOMERY COUNTY MD; OCEAN TOWNSHIP POLICE EST. 1965; METROPOLITAN POLICE AUGUST 11, 2025; POLICIA MUNICIPAL MADRID; CHESAPEAKE POLICE; TAKOMA PARK POLICE; UNITED STATES CAPITOL POLICE; G.O.A. GUNS OUTFITTERS; SURGE; 2025 POLICE WEEK; HEROES FOR HOW THEY LIVED",Raw UGC,Haul,false,yes,,https://www.tiktok.com/@police.patch.coll/video/7639945899891756318
patches,iron on patches,2026-05-16,2026-10-01,sassykreations1,Sassy Kreations,2782,103,25,3,🤎BROWN BUNDLE AVAILABLE 🤎#DIY #irononpatches #custom ##fyp,"A short promotional video by Sassy Kreations showcasing a newly available brown bundle of custom luxury-themed iron-on patches, set to a smooth instrumental track.",Louis Vuitton; LIMITED EDITION; Boss Lady; Custom Made; Faith is not believing that God Can it is knowing that God Will.; Sassy Kreations,Polished Creator,Haul,true,yes,,https://www.tiktok.com/@sassykreations1/video/7640276522984590606
patches,embroidered patches,2026-05-16,2026-10-01,lewisembroidery,Lewis-Embroidery,31100,1165,25,247,Have you seen those trending name patches?! Here is a brand new font that will make it fun and easy to expand your clientele 😎 find this font and many more in our Etsy shop LewisEmbroidery.etsy.com #,"An embroidery shop owner demonstrates how their new free-standing 3D puff font is stitched, weeded, and washed in water to create trending custom name patches.","Free-Standing FONT!, Stitches in Layers, Stabilizer Washes Away!, Voilà!, Lewis Embroidery On Etsy, Tutorial Coming soon!",Raw UGC,Tutorial,true,yes,,https://www.tiktok.com/@lewisembroidery/video/7640530545784409358
patches,iron on patches,2026-05-17,2026-10-01,kreativekreationsbykia,Kreativekreationsbykia,6966,495,86,24,"Order yours today! 

#irononpatches #irononpatch #smallbusiness #fashioninspo","A fast-paced small business product showcase featuring embroidered luxury-themed iron-on patches, edited to an upbeat rap track to inspire custom fashion purchases.","Iron on patches, COACH, BLESSED, HERMES PARIS, PARIS",Raw UGC,Haul,true,yes,,https://www.tiktok.com/@kreativekreationsbykia/video/7640965927604915470
patches,morale patches,2026-05-18,2026-10-02,bensational_25,Ben R,3191,29,1,5,great quality and great design #miltok #military #army #moralepatches,"A TikTok post by Ben R showcasing a novelty tactical morale patch featuring a Teletubby character, accompanied by an upbeat instrumental track and text praising its quality.","my new favorite morale patch
TACTICAL TELETUBBY
S.O.C.",Raw UGC,Review,true,yes,,https://www.tiktok.com/@bensational_25/video/7641271798708899086
patches,patch collector,2026-05-19,2026-10-02,khaseemcollection,KhaseemPatchCollecting,1031,45,2,1,"Town Of Cicero Police Patch 
#fyp #patchcollector #nys #cicerony #syracuseny","A TikTok video by KhaseemPatchCollecting documents the unboxing and showcase of a Town of Cicero Police department patch. Set to rap music, the video transitions from a packaged mailer on a tiled floor to a detailed outdoor close-up of the embroidered patch, serving the patch collecting community.","Mail Call 
 CICERO POLICE 
 TOWN OF CICERO 
 ESTABLISHED 1807 
 NEW YORK",Raw UGC,Vlog,false,yes,,https://www.tiktok.com/@khaseemcollection/video/7641748032832245022
patches,police patches,2026-05-19,2026-10-02,socalpatchcollector,socalpatchcollector,1268,74,3,1,Probably at around 300 some patches in my collection now. #policepatches #police #lawenforcementpatches #lawenforcementcommunity #policepatchcollection,"A TikTok video by socalpatchcollector showcasing a milestone of approximately 300 police patches in their collection, utilizing a satisfying macro zoom-out shot accompanied by a patriotic country soundtrack and relevant niche hashtags.",TOWN OF MANTEO; POLICE; CONCORDIA PARVAERESCREUNT; POQUOSON POLICE VA; LAKELAND POLICE COMMITMENT; SAN FRANCISCO POLICE ORO EN PAZ; MENIFEE EST. 2020; SOUTH STURGIS DAKOTA POLICE CITY OF RIDERS; CITY OF SCOTTSDALE POLICE; LODI POLICE,Raw UGC,Personal-update,false,yes,,https://www.tiktok.com/@socalpatchcollector/video/7641756842246409486
patches,embroidered patches,2026-05-20,2026-10-01,lewisembroidery,Lewis-Embroidery,11700,405,21,94,Word patches are HOT right now 🔥 Here’s a mini tutorial on how to turn any of our free standing puff fonts into those word and name patches that everyone is going crazy for! #smallbusinessowner #cust,"An embroidery small business owner delivers a quick, high-value mini-tutorial demonstrating how to apply iron-on adhesive to free-standing 3D puff embroidery fonts to transform them into ready-to-use apparel patches, culminating in a prompt to visit their Etsy shop.",Free-Standing FONT!; Stitches in Layers; Stabilizer Washes Away!; Voilà!; Spring font; Lewis Embroidery On Etsy; Tutorial Coming soon!; HeatnBond ULTRAHOLD; Iron-On Adhesive; Adhésif Thermocollant; Adhesivo Con Plancha,Polished Creator,Tutorial,true,yes,,https://www.tiktok.com/@lewisembroidery/video/7642100799027285262
patches,chenille patches,2026-05-21,2026-10-02,elizabethmarypunch,Elizabeth Mary,256,11,,,"🧵 Bold chenille patches built to stand out.
Premium texture, clean detailing, and custom streetwear vibes stitched with precision for brands that want a powerful look. 🔥✨

📩 eliyzabethmary0@gmail.c","A promotional product carousel by Elizabeth Mary showcasing custom chenille streetwear patches, utilizing clean studio lighting, satin backdrops, and direct contact details to attract B2B apparel manufacturing clients.",ELIZABETH MONSTER PUNCH SCREEN PRINTING EMBROIDERY PROMOTIONAL PRODUCTS,Polished Creator,Carousel,true,yes,,https://www.tiktok.com/@elizabethmarypunch/video/7642349285715102997
patches,patch collection,2026-05-21,2026-10-01,patchcollection,Patch Collection,27300,8300,22,179,"Eid dinner starts and the patches start speaking for you InshaAllah-ing, Bismillah-ing, and Astaghfirullah-ing our way through every family function. ✨😭

#eid #muslimhumor #eidfit IslamicPatches Hija",A small business video utilizing relatable Muslim family holiday humor to promote novelty embroidered patches designed for Eid gift-giving and social defense against intrusive relatives.,NEW EID PATCHES; MA SHA ALLAH; IN SHA ALLAH; ASTAGHFIRULLAH; TOO HERE FOR MY TIKTOK IT AND TOO HARAM FOR MY HALAL FRIENDS; PATCHCOLLECTION.COM,Raw UGC,Tutorial,true,yes,,https://www.tiktok.com/@patchcollection/video/7642431257669946638
patches,patches,2026-05-22,2026-10-01,mmair.bear,mmair.bear,3872,422,1,4,"Making patches!😼with transfer paper 📄  
For a more detailed tutorial check out my other patches making videos!🤗

#patches #diy #crafting #fypシ゚viral #fyppppppppppppppppppppppp","A short, aesthetically pleasing DIY tutorial demonstrating how to make custom horror-themed fabric patches using transfer paper and an iron, created by user mmair.bear for TikTok.",Let's make patches; Using transfer sheets; Done,Raw UGC,Tutorial,false,yes,,https://www.tiktok.com/@mmair.bear/video/7642588207195917599
patches,morale patches,2026-05-22,2026-10-02,rooloshop,ROOLO SHOP,3350,14,,2,"Fierce evil grin tactical velcro patch, compatible with all MOLLE tactical backpacks. Vivid embroidery, strong stickiness, cool decorative tactical gear accessory for outdoor use. #tacticalpatch #velc","A silent, punchy product demonstration showcasing a fierce evil smile tactical morale patch being attached to a MOLLE backpack, highlighting its embroidery quality and adhesion.",Add Tactical Backpck Flair; Fits All MOLEE Backpacks; Firm 3D Embroidery Adhesion; Upgrade Tactical Gear Now,Polished Creator,Tutorial,true,yes,,https://www.tiktok.com/@rooloshop/video/7642704814815595789
patches,iron on patches,2026-05-22,2026-10-01,gift_heaven0,GiftHeaven,26100,2754,13,303,Together Together  prep but make it DIY 💋🪩#togethertogether #kattdo #harrystylesconcert #concertoutfit #irononpatches,"A quick DIY crafting tutorial demonstrating how to customize satin neckties with iron-on rhinestone and chenille patches for concert outfits, set to upbeat music.",KISS ALL THE TIME. DISCO CASIONALLY. RESPECT YOUR MOTHER; HOT SURFACES,Raw UGC,Tutorial,true,yes,,https://www.tiktok.com/@gift_heaven0/video/7642744785366699286
patches,iron on patches,2026-05-23,2026-10-01,patchesgoalpha,PatchesGoAlpha-Jade,1942,14,2,1,Big patches for bags ❤️#patches #irononpatches #stitch #sanrio #kuromi,"A short, upbeat product showcase featuring oversized sequin and chenille patches of popular characters like Stitch, Bluey, and Kuromi, targeted at DIY crafters and bag customizers.",Big size of character patches,Raw UGC,Haul,true,yes,,https://www.tiktok.com/@patchesgoalpha/video/7642877463109848350
patches,patch collector,2026-05-23,2026-10-02,khaseemcollection,KhaseemPatchCollecting,1788,107,17,5,"Onondaga County Sheriff’s Patches 
#patchcollector #syracuseny #onondagacounty #police #sheriff","A TikTok creator and patch collector showcases his collection of Onondaga County Sheriff's Department patches while announcing winners for his live stream giveaway, engaging his niche community with detailed close-ups of embroidered insignia.","On-screen TikTok profile names (@tanovicious7, @patches4george_2015), follower counts, and patch text reading 'CIVIL', 'CUSTODY', 'CORRECTION', 'SHERIFF', 'POLICE', 'ONONDAGA COUNTY N.Y.', 'SINCE 1794'",Raw UGC,Collection showcase,false,yes,,https://www.tiktok.com/@khaseemcollection/video/7643176137547353375
patches,patch collector,2026-05-26,2026-10-02,police_patcher,police_patcher,6026,219,47,13,Email Call! ##police##policepatches##policepatchcollection,"A silent TikTok video by creator police_patcher showcasing a mail call of law enforcement patches received from agencies across the United States. Set to rhythmic background beats, the video displays patches from Washington, Georgia, Wisconsin, Tucson, Henderson, Snohomish County, and Center Line, accompanied by their official letterheads and challenge coins.","Mail Call; WASHINGTON STATE PATROL UNIFORM; GEORGIA STATE PATROL 1776 DEPT OF PUBLIC SAFETY; WISCONSIN STATE PATROL; TUCSON POLICE Ready to Protect, Proud to Serve; CITY OF HENDERSON POLICE SINCE 1953; SNOHOMISH COUNTY SHERIFF'S OFFICE INTEGRITY DIGNITY COMMITMENT PRIDE Susanna Johnson, Sheriff; CENTER LINE PUBLIC SAFETY EST. 1936 MI; CapCut",Raw UGC,Vlog,false,yes,,https://www.tiktok.com/@police_patcher/video/7644342362663030047
patches,patch collector,2026-05-27,2026-10-02,blackseedsofpatches,Blackseedsofpatches,2698,191,5,1,"My most recent Mail Day courtesy of @https://www.783label.com/ 

All of these patches came out amazingly!! Would definitely recommend you check out what 783label has to offer, loads of great official ","An enthusiastic young metalhead showcases his latest merch delivery of extreme metal woven patches from distributor 783label, utilizing fast-paced jump cuts timed to death metal music.","MAIL DAY, UNDERGANG, HOODED MENACE, WODE, BENIGHTED, ETERNAL ROT, FREEBIES GIG FLYERS STICKER + COASTER, TOP QUALITY MERCH MAKE SURE TO CHECK 783 LABEL OUT",Raw UGC,Haul,true,yes,,https://www.tiktok.com/@blackseedsofpatches/video/7644615436885036310
patches,police patches,2026-05-28,2026-10-02,supplysergeantph,The Supply Sergeant,2768,54,3,,"PVC Patches 
#fyp #tiktokviral #philippinearmy #philippinenationalpolice","A short, aesthetically pleasing product showcase featuring various military and police PVC patches arranged neatly on a white surface, targeted at tactical gear enthusiasts.","Text on patches includes: AIRBORNE, PNP SCOUT, URBAN COMBAT, COMBAT TRACKER, PNP BISOC, EOD, COMBAT LIFE SAVER, AGOS, COLPIRE DURO, SCOUT RANGER, SURESHOCK",Polished Creator,Haul,true,yes,,https://www.tiktok.com/@supplysergeantph/video/7644834847088856328
patches,patch collection,2026-05-28,2026-10-01,juliayuro,julia___faith,6000000,298900,1110,13000,Patches from @PeaceOutSkincare #ocd #skinpickingdisorder #dermatillomania #accutanejourney #pimplepatchremoval,"Creator Julia Faith films a quiet, whispered vlog removing pimple patches from her face while discussing her skin healing process and struggles with dermatillomania, building deep authenticity and community connection.",remove my pimple patches,Raw UGC,Vlog,true,yes,possible off-topic,https://www.tiktok.com/@juliayuro/video/7644915818765012254
patches,patch collection,2026-05-28,2026-10-01,glamchasyn,GlamChasyn Boutique,5276,151,14,9,I get asked often do I sell patches or where I get them from….well you can definitely get yours from me. I have a private FB group (link in bio) and they will be available on my website. www.GlamChasy,A TikTok post by GlamChasyn Boutique addressing customer inquiries about patch sourcing by showcasing a large inventory of custom patches and directing viewers to a private Facebook group and website.,Y'all: where do you get your patches?? Me....ME 😜 (join my fb group); HOME DEALER; BOOK LOVER; Rooting for myself; STILL TRUST GOD I DON'T PLAY ABOUT ME; I MAKE A DIFFERENCE,Raw UGC,Haul,true,yes,,https://www.tiktok.com/@glamchasyn/video/7645073534351428894
patches,police patches,2026-05-31,2026-10-02,thetacpatch,thetacpatch,10400,255,2,4,"You don't just wear a title. You earn it.
At The Tac Patch we build custom patches that represent exactly who you are and what you do. Every role deserves a patch built to match it.
Reflective underla","A polished commercial for The Tac Patch demonstrating custom tactical identification patches for law enforcement, military, and first responder roles, emphasizing professional pride and full customization options.",THE TAC PATCH; GEAR UP. STAND OUT. STAY VISIBLE.; ARSON INVESTIGATOR; FBI SPECIAL AGENT; POLICE SWAT; POLICE MEDIC; HOMELAND SECURITY; POLICE K9; YOUR ROLE. YOUR PATCH.; THETACPATCH.COM,High-Production,Commercial,true,yes,,https://www.tiktok.com/@thetacpatch/video/7646135873431440654
patches,police patches,2026-06-02,2026-10-02,police_patcher,police_patcher,2277,139,14,,Mail call! Almost all of these were trades.#police #policepatches #policepatchcollection #policepatch,"A creator presents a mail call video showcasing a collection of state police and highway patrol embroidered patches acquired primarily through trades, filmed from an overhead perspective on a wooden table.",BUBBLE MAILER 6 IN X 9 IN; COLORADO STATE PATROL; ALASKA STATE TROOPERS; NORTH CAROLINA HIGHWAY PATROL; SOUTH DAKOTA HIGHWAY PATROL; STATE POLICE NEW HAMPSHIRE DEPARTMENT OF SAFETY; DEPARTMENT OF PUBLIC SAFETY TEXAS HIGHWAY PATROL; NORTH DAKOTA HIGHWAY PATROL 1935; RHODE ISLAND STATE POLICE 1925; IOWA STATE PATROL; DELAWARE STATE POLICE LIBERTY AND INDEPENDENCE; NEW YORK STATE POLICE EXCELSIOR; STATE POLICE NJ; CapCut,Raw UGC,Vlog,false,yes,,https://www.tiktok.com/@police_patcher/video/7646797875833244959
patches,custom patches,2026-06-03,2026-10-02,designedbykid,Chicago PLAYGRND Varsity,384,22,1,,"‼️Custom Patches Available 

Start your order now!!!!
(Single and Bulk Orders Available)","A custom patch maker walks potential clients through his chenille and embroidery offerings, detailing ordering options for single items or bulk projects.","‼️Custom Patches Available 

Start your order now!!!!
(Single and Bulk Orders Available)",Raw UGC,Tutorial,true,yes,,https://www.tiktok.com/@designedbykid/video/7647039667321228574
patches,iron on patches,2026-06-04,2026-10-01,kimberlyj_king,Kimberly / mom + lifestyle,424700,21200,77,7728,Girls night craft - DIY tote bags ✨🛥️👜 everything I used is in my Amazon under “crafts” #easycrafts #diy #girlsnight #summer #craftideas girls night summer craft ideas cute easy iron on patch tote b,"A lifestyle creator shares a step-by-step tutorial for customizing a canvas tote bag with embroidered patches and handmade beaded bag charms, targeting moms and crafters with an Amazon affiliate call-to-action.",👜✨🧺 your next girls night craft; I say idk a lot but trust me I knowin; BRING ME Alani AND TELL ME I'M PRETTY; treat people with kindness; Today's good mood sponsored by Jesus; you can do hard things; touchland power mist,Polished Creator,Tutorial,true,yes,,https://www.tiktok.com/@kimberlyj_king/video/7647569413641686285
patches,police patches,2026-06-05,2026-10-02,reckor_gaming,Zach,8923,263,38,7,#Patches #Police #Collection #HighwayPatrol #StateTroopers,"A creator showcases their growing collection of law enforcement patches mounted on a wall board, highlighting progress toward a 50-state goal while paired with an aggressive rock audio track.","POLICE, 16 states 34 to go, Arizona State Trooper, Pennsylvania State Police Trooper, California Highway Patrol, Delaware State Police, Minnesota State Patrol, New York State Police, State Highway Patrol Ohio, Idaho State Police, Alaska State Trooper, Vermont State Police, Montana Highway Patrol, Wisconsin State Patrol, Highway Patrol Kansas, Louisiana State Police, Wyoming Highway Patrol",Raw UGC,Collection,false,yes,,https://www.tiktok.com/@reckor_gaming/video/7647737726585949471
patches,morale patches,2026-06-05,2026-10-02,victoriotober,MoralePatchHub,954,2,,,Your backpack has ZERO personality 😤 Stop carrying boring bags! 🎨 This Starry Night patch stands out in SECONDS ✨ #TacticalArt #BackpackGoals #ArtLovers #TikTokMadeMeBuyIt #FYP #tacticalpatch #embro,A promotional video by MoralePatchHub demonstrating how to upgrade plain tactical backpacks and gear using an embroidered morale patch inspired by Van Gogh's 'The Starry Night'.,Your backack has zero personality; Stop Carrying Boring Bags; Wearable Embroidered Art; Attach In Seconds; Stand Out Without Words; From Basic To Unique; Perfect For Art Lovers,Polished Creator,Tutorial,true,yes,,https://www.tiktok.com/@victoriotober/video/7647773204370459918
patches,patch collector,2026-06-05,2026-10-02,henryspatchproject,henryspatchproject,831,29,7,,"he was so excited to open this one 💙

#policepatchcollection #policepatch #policepatchcollector #MotherSonProject","A young boy excitedly unboxes a shipping package filled with police patches for his collection, accompanied by upbeat music and documented by a parent.","Shipping label text: 'Shawnee Cornwell', 'S262 Turnpike Road (Lot 8)', 'Summersville West Virginia 26651', 'USPS TRACKING #', 'USPS 9405 5108 9864 1234 2682 37'. Patch text: 'POLICE', 'Concord', 'NORTH CAROLINA', 'Est. 1796'.",Raw UGC,Vlog,false,yes,,https://www.tiktok.com/@henryspatchproject/video/7648020288638029086
patches,morale patches,2026-06-08,2026-10-02,axisaverted,AxisAverted,348,15,2,1,FDM 3D printed TPU morale patch for tactical bags with Velcro attachments. #axisaverted #prusa #moralepatches #3dprinting #tpu,"A silent, satisfying video demonstration showing a creator applying a custom 3D-printed TPU morale patch reading 'Insta360 X4' onto a tactical pouch using Velcro backing.",Insta360 X4,Raw UGC,Tutorial,false,yes,,https://www.tiktok.com/@axisaverted/video/7648827750920260878
patches,police patches,2026-06-08,2026-10-02,katrina_nunez,Katrina,15000,513,14,1,I love these patches 🌺🏝️ sorry for the mispronunciation!!! #hawaii #honolulu #police #policepatches,"Creator Katrina shares an enthusiastic closet discovery of Honolulu Police Department souvenir patch booklets, reading informational text and displaying the breast cancer awareness and standard department patches while chatting casually.","HONOLULU POLICE DEPARTMENT SHOULDER PATCH; BREAST CANCER AWARENESS MONTH October 2023; HONOLULU POLICE DEPARTMENT 801 South Beretania Street Honolulu, Hawaii 96813 honolulupd.org",Raw UGC,Vlog,false,yes,,https://www.tiktok.com/@katrina_nunez/video/7648851579205995789
patches,(not in thumbnail),2026-06-08,2026-10-02,ashriel_00,S H A N G,6760,18,16,10,#customized #logo #patch,,,,,,no,,https://www.tiktok.com/@ashriel_00/video/7648963490618625300
patches,patch collector,2026-06-08,2026-10-02,kahanhq,Kahan HQ,184100,17800,269,2437,Attention to all patch lovers! The official The Great Divide Tour patches for North America are here. Collect ‘em all exclusively at the shows! Limited quantities available each night.,"An official tour merchandise announcement from Kahan HQ showcasing exclusive, location-specific embroidered patches for The Great Divide North American tour, highlighting limited quantities available at each show.","PATCH 20 NOAH KAHAN 26 CLUB; KIA CENTER ORLANDO, FL JUNE 11-12 2026; ROGERS STADIUM TORONTO JUNE 28 2026; PITTSBURGH 070326; Live in BOSTON MASS JULY 7, 8, 10, 11-2026; The Great Divide Queens NY July 2026; CARTER-FINLEY STADIUM RALEIGH, NC JULY 25 2026; ARLINGTON 7-30-2026 THE GREAT DIVIDE; ST. LOUIS MO 2026 8 2; NOA KHAN DENVER, CO 08-09-2026; AUG 17TH SAN DIEGO CALIFORNIA; PHOENIX AZ 8-19 2026; SANDY, UTAH AMERICA FIRST FIELD 08-25; SEATTLE AUGUST 30-31, 2026",Polished Creator,Merch,true,yes,,https://www.tiktok.com/@kahanhq/video/7649104857810619679
patches,iron on patches,2026-06-09,2026-10-01,crafternoondelights,Crafternoon Delights,935,29,,8,Patch my tote bag with me! 🌈 I’ll be patching things all summer long… #patchedtotebag #irononpatches #patchedbag #diytotebags #craftworkshopsuk,"A lifestyle creator shares a relaxing, aesthetic DIY tutorial on customizing a canvas tote bag with embroidered iron-on patches, aimed at craft and summer lifestyle enthusiasts.",DIY CUSTOM TOTE BAG; FRANCE; LEAVE IT BETTER THAN YOU FOUND IT; HAPPY CAMPER; GAME DAY; MAY YOUR COFFEE KICK IN BEFORE REALITY DOES; RAISING HELL HIPPIES AND THE COWBOYS; IF CRABBY Return to the Beach,Raw UGC,Tutorial,true,yes,,https://www.tiktok.com/@crafternoondelights/video/7649386315141680406
patches,police patches,2026-06-10,2026-10-02,socalpatchcollector,socalpatchcollector,2433,219,1,4,"Finally got LASD. 
#policepatches #police #lawenforcementpatches #lawenforcementcommunity #policepatchcollection","A creator showcases their latest acquisition to a law enforcement patch collection, highlighting a Los Angeles County Sheriff patch among other regional badges.",TUCSON POLICE ARIZONA; BENTON COUNTY SHERIFF MICHIGAN; ARKANSAS HIGHWAY POLICE EST 1929; BROOKFIELD POLICE SEAL OF THE STATE OF ILLINOIS AUGUST 1888; UPPER PENINSULA OF MICHIGAN CHOCOLAY TOWNSHIP POLICE; HILLSBORO OREGON; MONTGOMERY COUNTY SHERIFF TEXAS 1837; LOS ANGELES COUNTY SHERIFF,Raw UGC,Aesthetic,false,yes,,https://www.tiktok.com/@socalpatchcollector/video/7649553796691004686
patches,patch collector,2026-06-10,2026-10-02,police_patcher,police_patcher,1390,60,6,1,Mail Call!✉️#police #policepatches #policepatchcollection #policepatch,"A short, satisfying TikTok video by police_patcher showcasing recent law enforcement patch acquisitions received in the mail, featuring items from Minnesota, Lansing, Harrisburg, and Orlando.",MAIL CALL!✉️; MINNESOTA STATE PATROL SINCE 1929; Capital City's Finest; LANSING MICHIGAN POLICE SINCE 1893; Public Safety is Priority One; CITY LANSING POLICE; HARRISBURG POLICE; ORLANDO POLICE COURAGE PRIDE COMMITMENT,Raw UGC,Vlog,false,yes,,https://www.tiktok.com/@police_patcher/video/7649856813197708574
patches,patch collection,2026-06-10,2026-10-01,patches_across_america,Patches Across America,6554,329,111,7,Putting patches on the wall day 1. United States Capitol Police  #foryoupage #trending #police #policepatch #collection,"A TikTok creator documents day 1 of adding patches to their collection wall, specifically highlighting the acquisition of an official patch and letter from the United States Capitol Police, while engaging the audience for future department suggestions.","Putting Patches On The Wall Day 1. / Today We Got The United States Capitol Police / May 26, 2026 / UNITED STATES CAPITOL POLICE WASHINGTON, DC 20510-7218 / Phone: 202-224-8191 / Thank you for contacting the United States Capitol Police (USCP), and for your interest in our Department. Enclosed please find a USCP patch for your collection. The USCP has proudly protected the U.S. Capitol since 1828. Our Mission: Protect the Congress - its Members, employees, visitors, and facilities - so it can fulfill its constitutional and legislative responsibilities in a safe, secure and open environment. Best wishes, United States Capitol Police / What Department Should I Email Next? / Put Your Suggestions In The Comment / Follow For Day 2!",Raw UGC,Vlog,false,yes,,https://www.tiktok.com/@patches_across_america/video/7649866155355639071
patches,patches,2026-06-11,2026-10-01,alphapatchesgo,Patches-Alpha🎀,307,3,1,,#characterpatches #p#patchesd#diyf#fypi#irononpatches,"A 14-slide visual showcase of embroidered pop culture patches organized by franchise in transparent storage boxes, targeting DIY enthusiasts and fans of Snoopy, Hello Kitty, Disney, Harry Potter, Stitch, One Piece, and Demon Slayer.",Characters patches,Raw UGC,Haul,true,yes,,https://www.tiktok.com/@alphapatchesgo/video/7650104992325455118
patches,embroidered patches,2026-06-13,2026-10-01,sh.embroidery.patch,sh.embroidery.patch,2485,62,,1,"Custom security patches in production.

Designed for security companies,
uniform suppliers, and facility management teams.

Clean embroidery, durable construction,
and consistent bulk production.

Bui","A B2B manufacturer showcases its industrial embroidery production line making security patches, emphasizing consistency in bulk orders for uniform suppliers.",Embroidered shoulder patches; Easy to sample; Hard to produce consistently; Especially in bulk orders; Consistency matters more; CBL; Segurança,Raw UGC,Behind-the-scenes,true,yes,,https://www.tiktok.com/@sh.embroidery.patch/video/7650761954251820308
patches,police patches,2026-06-13,2026-10-02,piperg2010_,Piper |-/,999,48,5,,If your a Police officer of any sort and have stickers or anything hit me up please #police #fyp #lawenforcementcommunity #stickers #collection,"A young collector displays their growing assortment of police patches, stickers, and badges from across the United States, appealing to law enforcement officers in the TikTok community to contribute further items.","All the things I've gotten from Police; Toledo patch; Wayne county patch; Kent county key chain; NY key chain; Wilkes-Barre badge/pin; Plainwell badge/pin; Kalamazoo township police sticker; Kalamazoo county Sheriff Sticker; East Lansing sticker; Morgantown sticker; South Haven sticker; Indianapolis sticker; Ross sticker; Allegan sticker; Michigan state police sticker; Prairieville sticker; Barry sticker; Las Vegas sticker; Gill Studios, Inc. #748745 10/22; provided by: policestickers.com Creative Services of New England #889888 03/24; jrbadges/GSI 800-253-7473 #90072 03/19",Raw UGC,Photo-dump,false,yes,,https://www.tiktok.com/@piperg2010_/video/7651017020535786783
patches,custom patches,2026-06-15,2026-10-02,itsjust.katherine,🧵🌷Katherine 🌿📚,8634,566,15,46,How cute are these diy stamp patches!? They’re great to use up scraps or to feature a pattern/print that you really love! I really want to put some on a hat or a tote bag. #diycraft #sewingtiktok #cra,"A concise, beautifully filmed DIY tutorial demonstrating how to create no-sew fabric stamp patches from sewing scraps using HeatnBond adhesive and pinking shears.","No-Sew stamp patches; Cut out your images; You'll also need... HeatnBond (red package), An iron, white fabric; Iron them on; Cut them out and trim the excess; Peel the backing paper and place onto your white fabric; Iron them on; Cut with pinking shears with about 1/4' border; Ta-da; Ready to use on whatever you like",Polished Creator,Tutorial,false,yes,,https://www.tiktok.com/@itsjust.katherine/video/7651464111666056462
patches,police patches,2026-06-16,2026-10-02,micro.patches,MicroPatches,1482,28,2,,"No way! An affordable, flexible, PVC patch alternative with no minimum order requirements and USA made? 

Yes way. Welcome to MicroPatches. On display is only a few of our East Valley Arizona collecti","A short, polished promotional video for MicroPatches highlighting their USA-made, no-minimum-order custom tactical patches using regional Arizona law enforcement insignia and macro texture demonstrations.",POLICE; POLICE TEMPE; POLICE APACHE JUNCTION; POLICE GILBERT AZ; POLICE CHANDLER ARIZONA; POLICE SCOTTSDALE ARIZONA; QUEEN CREEK POLICE; MICRO PATCHES,High-Production,Tutorial,true,yes,,https://www.tiktok.com/@micro.patches/video/7651788678813027614
patches,iron on patches,2026-06-16,2026-10-01,couturecustomsbygina,Couture Customs by Gina,3551,109,44,17,🔥New patches arrived today and they are beautiful. ☺️ We are shipping from the state of Missouri ✅so you will get your order within 3 to 4 business days. ##stlouis##irononpatches##patches##embroidere,"A small business owner showcases a new shipment of exclusive designer-inspired chenille patches on TikTok, prompting followers to claim them in the comments before they sell out.","COACH NEW YORK, CHANEL, GUCCI, LOUIS VUITTON, a lil bougie, GOD FIGHTS FOR ME, GOD Don't Play About ME, Custom Made, SHE'S FEARLESS, STANDING ON BUSINESS, COUTURE CUSTOMS BY GINA",Raw UGC,Haul,true,yes,,https://www.tiktok.com/@couturecustomsbygina/video/7652113650525818125
patches,custom patches,2026-06-17,2026-10-02,laximindustries,Laxim MC Gear,1023,7,1,5,"Custom MC Motorcycle Club Embroidery Patches sets.
We are special manufacturer of custom patches.
Custom top, bottom side Rockers nametag Middle logo Patches.
Worldwide shipping.
For any inquiries dm ",A short product showcase video by a custom patch manufacturer displaying embroidered motorcycle club patch sets with various designs and text elements.,RICHMOND; UNDENIABLE PHOENIX; THE GUARDIANS FLORIDA; S; C; P; O,Raw UGC,Tutorial,true,yes,,https://www.tiktok.com/@laximindustries/video/7652336954293652744
patches,police patches,2026-06-17,2026-10-02,bad.billy.crafts,Bad Billy Crafts,1056,7,,3,"🚔 Make it personal. Make it yours.

Our Response Policing Patch is fully customisable, allowing you to add your own squad, team, station, or unit details to create a patch that's unique to you and yo",A promotional product video by Bad Billy Crafts showcasing custom embroidered response policing patches aimed at UK law enforcement officers.,CapCut watermark; RESPONSE CODE E; POLICE; UK flag emblem,Polished Creator,Product-showcase,true,yes,,https://www.tiktok.com/@bad.billy.crafts/video/7652389697683000598
patches,patch collector,2026-06-17,2026-10-02,blackseedsofpatches,Blackseedsofpatches,1597,111,3,1,"Here we have my latest Mail Day, I picked up a bunch of patches off of Vinted from geolaad (@geo.__.123 )

After I saw these I had to grab them!! 
@Celestial Sanctuary 
Adremelech 
@Incantation_Offici","A metalhead creator enthusiastically showcases his recent Vinted purchase of band patches, featuring Celestial Sanctuary, Adremelech, Incantation, and Slayer, set to extreme metal music.",VINTED MAIL DAY BOUGHT OFF GEOLAAD; CELESTIAL SANCTUARY INSATIABLE THIRST FOR TORMENT; ADREMELECH SPRING OF RECOVERY; INCANTATION LOGO; SLAYER REIGN IN BLOOD; THANKS FOR WATCHING,Raw UGC,Vlog,false,yes,,https://www.tiktok.com/@blackseedsofpatches/video/7652411356351581462
patches,morale patches,2026-06-17,2026-10-02,13bravo,13RAVO,800,26,3,6,#marinecorps #military #moralepatch #darkhumor,"A military veteran creator targets aviation maintainers with insider humor, sharing an anecdote about custom ground tugs in a Facebook group and showcasing a themed morale patch.",TUG ON THESE,Raw UGC,Vlog,false,yes,,https://www.tiktok.com/@13bravo/video/7652429708004478238
patches,custom patches,2026-06-18,2026-10-02,user2284265599166,Patch Arts,40800,376,13,32,"Goth punk spine embroidery patches for your diy vest, 3 options, 2Patches per pack, free shipping, don’t miss the big sale!#TikTokShopDealsforYouDays #tiktokmademebuyit #fyp #patcharts #altfashion","A short promotional product showcase highlighting goth punk spine embroidery patches available in black, white, and beige options with iron-on heat seal backing, targeted at DIY alternative fashion creators on TikTok Shop.",Spine iron-on patch; Designed with heat seal glue backing; can be ironed onto any soft heat-resistant fabrics; DEALS FOR YOU DAYS; 3 OPTIONS: BLACK / WHITE / YELLOW; THIS!,Raw UGC,Tutorial,true,yes,,https://www.tiktok.com/@user2284265599166/video/7652628170385935647
patches,patch collector,2026-06-18,2026-10-02,police.patch.coll,Patch Collector,1993,111,16,3,#policepatch #policepatchcollector #policepatchcollection #policechallengecoin #thinblueline,"A silent TikTok video showcasing an extensive collection of law enforcement shoulder patches and commemorative challenge coins, set against a floral tabletop background and accompanied by rhythmic music.",IOWA STATE PATROL COURTESY SERVICE PROTECTION; POLICE BEAUFORT SOUTH CAROLINA COURTESY SERVICE PROTECTION; MINNEAPOLIS POLICE COURTESY SERVICE PROTECTION; POLICE WEST ORANGE N.J.; RCMP GRC POLICE; INTEGRITY COURAGE COMMUNITY POLICE EDMONTON; K-9 DORAVILLE GEORGIA DORAVILLE; KSU UNIVERSITY POLICE DEPARTMENT SINCE 1983 MADE BY FIRST RESPONDERS FOR FIRST RESPONDERS; PROTECTING THE NATION'S CAPITAL SINCE 1861,Raw UGC,Vlog,false,yes,,https://www.tiktok.com/@police.patch.coll/video/7652816927617862943
patches,patch collector,2026-06-18,2026-10-02,henryspatchproject,henryspatchproject,638,46,6,,"Thank you, Wyoming Highway! they sent us one that has been worn and one new!

#MotherSonProject #policepatch #policepatchcollector #PatchCollecting #policepatchcollection","A young creator in a patch collecting niche shares a package received from the Wyoming Highway Patrol containing both a worn field patch and a new patch, expressing gratitude through a short TikTok video.",WYOMING HIGHWAY PATROL PORT OF ENTRY; WYOMING HIGHWAY PATROL; MESS FREE COLOR WONDER,Raw UGC,Vlog,false,yes,,https://www.tiktok.com/@henryspatchproject/video/7652839127125183775
patches,police patches,2026-06-18,2026-10-02,patches_across_america,Patches Across America,5484,320,79,13,"Putting patches on the wall day 2.
Tinley Park Police Department #foryoupage #trending #police #policepatch #collection","A creator showcases day two of an ongoing patch collection project, highlighting a new official patch and letter received from the Tinley Park Police Department, while engaging the audience to suggest the next department to contact.","Putting patches on the wall day 2.
Tinley Park Police Department
Village of Tinley Park
www.tinleypark.org
Village President: Michael W. Glotz
Chief Thomas Tilton
7850 W 183rd Street
Tinley Park, IL 60477
June 15, 2026
I've included a Tinley Park Police Department patch for your collection. Hope you enjoy it and happy collecting! I also hope you're enjoying the cadet program with the New Lenox Police Department.
All the best,
Thomas Tilton
Chief of Police
TINLEY PARK POLICE
What Department Should I Email Next?
Put Your Suggestions In The Comments
Follow For Day 3!",Raw UGC,Vlog,false,yes,,https://www.tiktok.com/@patches_across_america/video/7652859799909993759
patches,custom patches,2026-06-19,2026-10-02,mems.barcelona,MEMS Barcelona,37700,1330,7,465,"matching keytags with your bestie • llaveros con tu bestie
📍MEMS · Bòria 24

#patchbar #patchesbarcelona #elborn #barcelonaguide #custompatches","Two young women visit MEMS Barcelona in El Born to design and create personalized matching keychains using custom embroidered patches and a heat press machine, presented as a fun friend date activity.",your sign to make matching keychains with your bestie; we decided to add the first letter of our names; and then we tried many different patches; final result; waiting for a magic machine; done!; MEMS · Bòria 24; MENU MENU; KEYTAG; PASSPORT; NOTEBOOK; PATCH; TOTE BAG; OTHER; 10€; 15€,Raw UGC,Vlog,true,yes,,https://www.tiktok.com/@mems.barcelona/video/7653152797206121750
patches,embroidered patches,2026-06-23,2026-10-01,jccreationsbynita,JCCREATIONSBYNITA,2681,92,3,4,"Let make an embroidered patch of the Mexican team logo. What team should we do next? 🥅 ⚽️ 

#worldcup2026 #embroidery #mexico #machineembroidery #embroideredpatches","A creator demonstrates the process of embroidering a custom Mexican national football team patch on an industrial machine, set to an energetic Spanish track and inviting viewers to suggest the next team.",Let's embroider a patch as we follow the World Cup! ⚽️; SKU NO: MH5505; Inside Dimension (130x130mm/5.1x5.1); A WARNING,Polished Creator,Tutorial,true,yes,,https://www.tiktok.com/@jccreationsbynita/video/7654408004753771789
patches,morale patches,2026-06-23,2026-10-02,bettermebybrangie,BetterMeAustralia,105400,820,22,171,"Living with ongoing pain and discomfort can be exhausting, especially when it becomes part of everyday life.

Since my car accident, I’ve been dealing with persistent neck and back pain. Personally, I","A creator shares a personal UGC review and demonstration of wellness patches for chronic neck and back pain resulting from a car accident, utilizing a vulnerable text hook and clear product application visuals to appeal to other pain sufferers.",I didn't know how much I needed this for my pain and stress until I tried it.,Raw UGC,Review,true,yes,possible off-topic,https://www.tiktok.com/@bettermebybrangie/video/7654500452255485192
patches,police patches,2026-06-24,2026-10-02,alphadiecast,Alpha Diecast,1024,33,2,,Auburn Police Patch #policeinterceptor #police #patches #cops #sheriff,"A creator enthusiastically reviews a newly acquired Halloween-themed Auburn Police Department detective bureau patch from ghostpatch.com, showcasing its intricate embroidered design to fellow collectors.",AUBURN POLICE DEPARTMENT; CRIME SCENE SERVICES; DETECTIVE BUREAU; FHP; GP; GHOSTPATCH.COM,Raw UGC,Review,false,yes,,https://www.tiktok.com/@alphadiecast/video/7654792804509502734
patches,patch collector,2026-06-24,2026-10-02,ajfam.ca,AJfam,749,45,,,"More patch to come 🤎🏕️

#collector #campground #patches","An outdoor enthusiast showcases their extensive collection of provincial park, national, and international embroidered patches displayed across the interior headliner of their vehicle.",We love to collect patches; BON ECHO PROVINCIAL PARK; THE MASSASAUGIA PROVINCIAL PARK; OASTLER LAKE PROVINCIAL PARK; KILLBEAR PARK; BANFF NATIONAL PARK; OTTAWA; GO OVERLAND CANADA; TREMBLANT; EXPERIENCE ADVENTURE NIAGARA FALLS; SWEDEN; VIENNA AUSTRIA; GREECE; VENICE; MONTREAL; SWITZERLAND; BAHAMAS,Raw UGC,Vlog,false,yes,,https://www.tiktok.com/@ajfam.ca/video/7655024067090599188
patches,patch collection,2026-06-25,2026-10-01,micro.patches,MicroPatches,54300,1977,57,268,"100+ agencies and counting. Don't see yours? Request a custom order and let's get it. Fun fact: our one-time $25 design fee is waived for every future order after that, for anyone. Your agency gets ad","A small business showcases its extensive collection of over one hundred custom law enforcement patch keychains on a pegboard display wall, promoting custom orders with a waived design fee incentive.","100+ agencies and counting. Don't see yours? Request a custom order and let's get it. Fun fact: our one-time $25 design fee is waived for every future order after that, for anyone. Your agency gets added to the collection for good.",Polished Creator,Haul,true,yes,,https://www.tiktok.com/@micro.patches/video/7655181227313384735
patches,patch collection,2026-06-28,2026-10-01,alphadiecast,Alpha Diecast,1747,63,3,1,My Florida Highway Patrol Patch Collection #policeinterceptor #police #fhp #sheriff #florida,"A creator showcases an extensive, highly organized collection of Florida Highway Patrol embroidered patches by flipping through a large binder to the tune of a remixed reggae track.",My Florida Highway Patrol Patch Collection #policeinterceptor #police #fhp #sheriff #florida,Raw UGC,Collection showcase,false,yes,,https://www.tiktok.com/@alphadiecast/video/7656471237002005773
patches,iron on patches,2026-06-28,2026-10-01,andreagio102,Andrea Giordano,4441,79,2,15,this came out so cute @Phillies ❤️⚾️ #lifehack #irononpatches #straightenerhack #ironon #baseballgame,A creator demonstrates how to use a hair straightener instead of an iron to apply an embroidered patch onto a t-shirt for a baseball game.,,Raw UGC,Tutorial,false,yes,,https://www.tiktok.com/@andreagio102/video/7656473595945766175
patches,patch collection,2026-06-28,2026-10-01,bluestripeohio,bluestripeohio,40200,2855,197,11,#patchcollection #fyp #police #lawenforment #viral,"A law enforcement creator films from inside a patrol vehicle, asking viewers in a text overlay for recommendations on which departments to email for patch collection, driving engagement within the tactical and police community on TikTok.","Next week, I am emailing department for patches any suggestions",Raw UGC,Vlog,false,yes,,https://www.tiktok.com/@bluestripeohio/video/7656488851124276510
patches,iron on patches,2026-06-28,2026-10-01,dancingladycyndi,Dancing Lady Cyndi,86200,298,81,127,@PatchAid #ironpatch  #ironpatches #iron #irondefiency #dealsforyoudays,"A creator demonstrates how to use PatchAid Simply Iron Patches, highlighting their plant-based formula, vitamin C content, and ease of application as an alternative to traditional iron supplements.","Iron patches; PatchAid; Contains 30 Patches; Simply Iron Patch; Bioavailable, plant-based iron from an organic source; Antioxidant vitamin C; Supplemental iron, risk free of gastrointestinal discomfort; May help maintain normal iron levels in the body; May support the production of healthy red blood cells; May promote a normal immune response in the body; May reduce cellular damage from harmful free radicals",Raw UGC,Review,true,yes,,https://www.tiktok.com/@dancingladycyndi/video/7656534307451817246
patches,iron on patches,2026-06-29,2026-10-01,uniquejackyartandcraft,Unique Jacky Art and Craft,22200,188,3,16,"Patch picked (how could I resist the black cat), now to iron it in place before sewing.
.
.
.
Video description: A patch of a glittery black cat in a witch's hat is ironed onto the back pocket of a pa","A quick, practical sewing tutorial demonstrating how to use aluminum foil-wrapped cardboard inside a denim pocket to heat both sides of an iron-on patch simultaneously.","A tip for when using iron on transfers,; Use cardboard wrapped in alfoil; To reflect the heat on to both sides of the transfer.",Raw UGC,Tutorial,false,yes,,https://www.tiktok.com/@uniquejackyartandcraft/video/7656747810498383125
patches,embroidered patches,2026-06-30,2026-10-01,patchesexperts,Patches Experts,4,0,,,"Turn your ideas into premium custom embroidery patches iron on—crafted with precision stitching, vibrant threads, and durable heat-seal backing for easy application. Perfect for brands, uniforms, and ","A polished B2B product showcase displaying high-detail custom embroidered patches for racing, fightwear, baseball, and engine series brands, emphasizing stitch quality and professional craftsmanship.","PE logo in shield, LE MANS RACING, MEDUSA FIGHTWEAR, SOUTH BRUNSWICK POST 401 BASEBALL, torra ENGINE SERIES V1, Embroidery Patch",Polished Creator,Haul,true,yes,,https://www.tiktok.com/@patchesexperts/video/7656843645353594126
patches,morale patches,2026-06-30,2026-10-02,secretsquirrelccwutah,SecretSquirrelSWAG,1292,11,,,"Funny morale patches for the christian in your life. A great tactical patch for lots of ger and equipment. Great for veterans, active duty military, law enforcement, and more. #tactical #military #law","A creator enthusiastically reviews two humorous Christian-themed tactical morale patches—one depicting Jesus giving a thumbs up with the text 'Hang in there, it gets worse' and another showing Jesus choking a devil with the text 'Jesus has your back'—highlighting their print quality and velcro hook-and-loop backing for tactical gear.","Text on patches: 'HANG IN THERE IT GETS WORSE', 'JESUS HAS YOUR BACK'. Text on shirt: '250 E PLURIBUS UNUM USA'",Raw UGC,Review,true,yes,,https://www.tiktok.com/@secretsquirrelccwutah/video/7657188299634658573
patches,patch collection,2026-06-30,2026-10-01,atticus_apparel,Atticus Apparel,5176,186,73,29,"How do y'all organize you're patches!? I'm always at vendor events so mine just stay in these trays I got from Amazon!
I have bins upon bins of filler patches and kids/sport/inspired patches that I ke","A small business patch vendor gives a humorous, exasperated tour of her massive, overwhelming patch inventory stored in acrylic trays across her spare bedroom, asking followers for organization advice.",,Raw UGC,Vlog,true,yes,,https://www.tiktok.com/@atticus_apparel/video/7657284376861887757
patches,police patches,2026-07-02,2026-10-02,lexingtonpoliceroblox,Lexington Police Dept Roblox,8879,363,41,8,"Collecting law enforcement patches part 1.
Kentucky State Police  2x
Lexington Police Department 3x
Classic Lexington Police Department patch 1×
Any others I need get?
#lawenforcementcommunity","A TikTok post by Lexington Police Dept Roblox showing part 1 of a law enforcement patch collection, featuring Kentucky State Police and Lexington Police Department patches laid out on a table.","KENTUCKY STATE POLICE, Honor. Courage. Commitment., LEXINGTON FAYETTE URBAN COUNTY, DIVISION POLICE, KENTUCKY, LEXINGTON, Set The Standard, Join Lex PD, THE THIN GREY LINE",Raw UGC,Collection,false,yes,,https://www.tiktok.com/@lexingtonpoliceroblox/video/7657904919533341966
patches,patch collector,2026-07-03,2026-10-02,texas_trooper14,texas_trooper14,2031,77,19,1,New addition to the collection #patches #collection #collector #police #county,"A creator showcases new additions to their law enforcement patch collection, narrating each piece while picking them up from a table arrangement.",ARLINGTON SWAT; GEORGIA DEPARTMENT OF PUBLIC SAFETY STATE PATROL; ARIZONA STATE TROOPER; STATE POLICE MAINE DIRIGO; DUNCANVILLE POLICE CITY OF CHAMPIONS; MARSHAL DUNCANVILLE CITY OF CHAMPIONS; SHERIFF TRAFFIC DALLAS COUNTY TEXAS; SHERIFF PRIDE OF TEXAS HARRIS COUNTY,Raw UGC,Collection,false,yes,,https://www.tiktok.com/@texas_trooper14/video/7658085400703012109
patches,police patches,2026-07-03,2026-10-02,texas_trooper14,texas_trooper14,784,34,8,,Update patch collection! #police #patches #collection #states #usa,"A young creator documents their growing collection of emergency services and law enforcement patches from various US cities and states, providing a tactile, voice-narrated walkthrough of each piece.",Text on patches including: FIRE DEPARTMENT ARLINGTON; CEDAR HILL FIRE DEPT; POLICE CEDAR HILL THE STATE OF TEXAS; ARLINGTON SWAT; CRIMINAL INVESTIGATIONS TEXAS; BOURBON PROMENADE NEW ORLEANS POLICE; HIGHWAY PATROL FLORIDA; ARIZONA STATE TROOPER; POLICE OVILLA EST. 1844; STATE POLICE MAINE; GEORGIA STATE PATROL; DUNCANVILLE POLICE CITY OF CHAMPIONS; SHERIFF TRAFFIC DALLAS COUNTY TEXAS; SHERIFF PRIDE OF TEXAS HARRIS COUNTY,Raw UGC,Vlog,false,yes,,https://www.tiktok.com/@texas_trooper14/video/7658087572354108686
patches,patch collection,2026-07-03,2026-10-01,diaryofaus_,DiaryofAus,3037,98,6,6,"And it begins
#patches #4x4 #travel #camping","A creator documents the very first step of starting a souvenir patch collection inside his 4x4 canopy, showcasing a satisfying DIY process that appeals to the camping and overlanding community.",The patch collection has started; Broome Western Australia; Carbon; Yeti,Raw UGC,Vlog,false,yes,,https://www.tiktok.com/@diaryofaus_/video/7658216229982702855
patches,patch collector,2026-07-03,2026-10-02,police.patch.collector,Police Patch Collector,1343,77,11,1,Mail Call Day 5 #policepatchcollection #patchcollector #backtheblue🖤💙🇺🇸💪🏼,"A police patch collector showcases Day 5 of their mail call, displaying detailed embroidered insignia from four different law enforcement agencies accompanied by rock music and expressions of gratitude.",Mail Call Day 5; Delaware Sheriff; University of Utah Police; Metropolitan Police District of Columbia; Minnesota Conservation Officer; Thank you to every department mentioned,Raw UGC,Vlog,false,yes,,https://www.tiktok.com/@police.patch.collector/video/7658397664647613727
patches,chenille patches,2026-07-03,2026-10-02,undisputedprinciples,Undisputed Principles,3381,179,4,30,"This spot makes all kinds of embroidery work in-house including chenille patches which is very difficult to find around here
@LAembroidery (323)583-8889 - Contact Nadine - Sales@laembroidery.com - (32","A creator visits LA Embroidery in Vernon, CA, to showcase their custom chenille patch capabilities, pricing tiers, no-minimum policy, and an exclusive free digitizing offer for viewers.","Get custom chenille patches with no minimum only at this spot Vernon at LA owner Calvin here has a ph.d in embroidery knowing how to digitize all the files operate all the machinery and even selling his own equipment and supplies a rare breed they can do all kinds of embroidery you guys and here is a list so you can see it but I'm here to talk about their chenille patches these have that fuzzy carpet feel to them which you can apply to hats bags and of course clothing the best part you guys is that he has no minimum so you can get a sample made for about a hundred bucks which can be ready the same day or next day depending on workload a 12 piece order of a 5-inch chenille patch would cost around $10 per piece not including digitizing a big surprise for you on this at the end if you do 50 pieces of the same 5-inch patch the price per piece would go down to around $7.50 per piece this is the volume game the more you do the cheaper it get and if you're ready to crank out 10,000 pieces he has the machinery to do it make sure you ask him about his rush services which can have your order ready in about three days depending on workload they can also relabel your clothing so long as you place an order with them since I only want you to win with that clothing brand Calvin is gonna give you free digitizing on a 5-inch patch for the next two weeks only all you gotta do is pull up or contact them and tell them that Undisputed sent you they're there Monday through Friday you guys make sur",Raw UGC,Tutorial,true,yes,,https://www.tiktok.com/@undisputedprinciples/video/7658439331119402271
patches,embroidered patches,2026-07-04,2026-10-01,pbpatch,pb-patch,26,0,,,"Your artwork.
Our embroidery.
Your brand.
Custom embroidered patches manufactured for creative brands worldwide.
MOQ 300.
Which design would you launch?
#custommerch #customproducts #manufacturer #emb","A B2B manufacturer of custom embroidered patches demonstrates their production capabilities and design flexibility, targeting independent brand owners with a clear minimum order quantity hook.","Custom Embroidered Patches 
MOQ:300; TAJIMA; COFFEE CLUB VAN 1882",High-Production,Behind-the-scenes,true,yes,,https://www.tiktok.com/@pbpatch/video/7658470388380273950
patches,custom patches,2026-07-06,2026-10-02,omni.punch,Omni Punch,53100,2109,32,169,"Take a behind-the-scenes look at our production process, where precision meets craftsmanship.

Built for brands, uniforms, clubs, and businesses across the USA.

📩 Let’s create your next custom patch","A polished behind-the-scenes promotional reel from Omni Punch showcasing industrial embroidery manufacturing, design workstations, automated machinery, and high-quality custom patch outputs for brands across the USA.","Take a behind-the-scenes look at our production process, where precision meets craftsmanship.

Built for brands, uniforms, clubs, and businesses across the USA.

📩 Let’s create your next custom patch.
#CustomMerch #WholesalePatches #MadeForBrands #OmniPunch #BehindTheScenes; BURNT (text on patch); RESCUE ASSISTANCE FOR AMERICANS IN NEED (text on patch); HOOK & LADDER 8 TRIBECA N.Y. (text on patch); DETROIT HAT HAUS (text on patch); WE RUN THE HAVEN (text on patch); JUICY CHOPPERS (text on patch)",Polished Creator,Behind-the-scenes,true,yes,,https://www.tiktok.com/@omni.punch/video/7659496631523413266
patches,police patches,2026-07-06,2026-10-02,police.patch.coll,Patch Collector,648,34,3,,#policepatch #policepatchcollector #policepatchcollection #policechallengecoin #thinblueline,A collector briefly showcases two newly arrived 1:64 scale police vehicle diecast model boxes in a casual TikTok video.,"596 TM, 1:64, Ford Crown Victoria Los Angeles County Sheriff's West Hollywood Branch, Ford Police Interceptor Utility California Highway Patrol, Sheriff Media",Raw UGC,Vlog,false,yes,,https://www.tiktok.com/@police.patch.coll/video/7659529331886099742
patches,iron on patches,2026-07-07,2026-10-01,cobrenxoxo,cobrenxoxo,738600,82600,887,7638,It’s so cutie! @Hobby Lobby  #hobbylobbymockneck #mockneck #irononpatches #viral #hobbylobbycraft,"A creator shares a quick DIY tutorial on how to personalize a viral mock-neck sweatshirt from Hobby Lobby using iron-on letter and flag patches, culminating in an aesthetic mirror fit check.","This is your sign to get the viral hobby lobby mock neck (and put your name on it!), FREEZE, PAYNE, Tip: For synthetic fabrics...",Raw UGC,DIY,true,yes,,https://www.tiktok.com/@cobrenxoxo/video/7659805143113731342
patches,chenille patches,2026-07-07,2026-10-02,tlckraftydesigns,TLC Krafty Designs Shop,102,0,,,We have XL Chenille patches in stock and ready to ship.  #chenille #patch #patches #xlchenillepatch,A fast-paced TikTok product showcase by TLC Krafty Designs Shop displaying an extensive collection of ready-to-ship extra-large chenille patches set to a trending audio track.,"USA, Senior, Mama, Game Day, God is Good all the time, America, Amen, Merry Christmas, Boujee on a budget, Wicked, Teacher, Wildcats, Grinchy",Raw UGC,Haul,true,yes,,https://www.tiktok.com/@tlckraftydesigns/video/7659830151370312974
patches,patch collector,2026-07-07,2026-10-02,ghoolzz_,Ghoolz_,2899,147,30,4,"I got some cool stuff today and yesterday, also I ain’t the first to do this, @Police Patch Collector and @police_patcher both make great mail call videos #fyp #trending #patchcollecting #lawenforceme",A creator shares their first-ever mail call video showcasing an assortment of law enforcement and fire department patches received from across the country.,"My first ever mail call; CALIFORNIA DEPARTMENT OF FORESTRY & FIRE PROTECTION CAL FIRE SINCE 1885; POLICE CIVITAS AD MARE LONG BEACH NEW YORK; BARTLETT, NEW HAMPSHIRE POLICE; UNIVERSITY POLICE; WASHINGTON STATE PATROL 1889; VANDERBURGH COUNTY INDIANA SHERIFF'S OFFICE; MONTGOMERY COUNTY VIRGINIA SHERIFF'S OFFICE; ROME POLICE PROTECT SERVE ERIE CANAL 1870 N.Y.; DENNIS POLICE SEAL OF TOWN OF DENNIS MASSACHUSETTS INCORPORATED 1793; BROOKFIELD CONNECTICUT POLICE; BALTIMORE POLICE; ADVANCE POLICE INDIANA",Raw UGC,Haul,false,yes,,https://www.tiktok.com/@ghoolzz_/video/7659841040706194702
patches,patch collector,2026-07-07,2026-10-02,badgepatchhunter,Badge Patch Hunter,453,18,1,,"Day, two of collecting police patches #patches","A short POV hobby video showing the creator unboxing a Maysville Police Department patch on day two of their collection series and filing it into a binder, ending with a call to action for comments and follows.",Day 2 of putting police patches in the binder; Today we have Maysville Police Department; MAYSVILLE POLICE DEPARTMENT; Follow for more content like this and comment who we should contact the next,Raw UGC,Vlog,false,yes,,https://www.tiktok.com/@badgepatchhunter/video/7659856554581134605
patches,morale patches,2026-07-08,2026-10-02,405defenseapparel,405 Defense Apparel,155,5,,2,"It starts with one.
The first official 405 Defense Apparel morale patch is here.
Simple. Clean. Built to go wherever you do—plate carrier, range bag, backpack, or hat.
More than a patch. It’s a remind",A tactical apparel brand announces its first official morale patch via a tactile gear-mounting demonstration and a promotional discount offer.,@405DEFENSEAPPAREL; 405 DEFENSE APPAREL; SIGN UP & GET 10% OFF YOUR FIRST ORDER; JOIN THE 405 COMMUNITY; FREE SHIPPING ON ORDERS $75+; TRAIN. DEFEND. PREVAIL.,Raw UGC,Tutorial,true,yes,,https://www.tiktok.com/@405defenseapparel/video/7659953735161990413
patches,police patches,2026-07-08,2026-10-02,kentpd,Kent,2347,93,38,5,Putting random police patches day 9 #police #kentpd #fyp #patches #collection,"Kent shares day 9 of his police patch collection series, unboxing a letter and shoulder patch from the Broomfield Police Department in Colorado and pinning it to his wall-mounted Thin Blue Line flag while inviting audience suggestions for the next department.","Putting random police patches on the wall day 9; April 9, 2026; Broomfield Police Department; 7 Descombes Drive; Broomfield, CO 80020; Broomfield Colorado Police; Today we got Broomfield Colorado Pd; What department should I do next?; Let me know in the comments!; Follow for day 10",Raw UGC,Vlog,false,yes,,https://www.tiktok.com/@kentpd/video/7659964742227823885
patches,embroidered patches,2026-07-08,2026-10-01,joyfullyembroidery,Joyfully Embroidery,22100,417,4,41,"This was an order for a senior backpack🎒🥰 Everything I used to make this is linked in bio and I also have custom patches available in my Etsy shop also linked in bio🪡🧵🫶

#machineembroidery #embro","A craft creator demonstrates in a POV tutorial how to turn a machine-embroidered patch into an iron-on patch, showing the entire process from stabilizer removal to heat-press application, accompanied by caption text and a bio-link call to action.",Angelina Ballerina (embroidered on patch); Do you know how easy it is to turn your embroidery designs into iron on patches? So I stitched this out onto my stabilizer and I'm going to remove it and cut off the cutaway stabilizer. You can also use water soluble stabilizer for this so that you don't have to worry about cutting around the edges. Identify where the clear film is on the iron on sheet and trace your patch on top of it. Then cut it out. And you want the part with the film touching the patch. You iron on the wax paper but don't slide it. Just press it. Once it cools you can remove the wax paper and iron it on.,Raw UGC,Tutorial,true,yes,,https://www.tiktok.com/@joyfullyembroidery/video/7660019995895680270
patches,iron on patches,2026-07-08,2026-10-01,catemadeblanks,catemadeblanks,1700000,121400,600,12200,Turning my sister’s JanSport into a cherry blossom back-to-school bag 🌸#jansport #cherryblossoms #irononpatch #backtoschoolshopping #embroidery,"A DIY tutorial demonstrating how to customize a standard pink JanSport backpack with iron-on cherry blossom embroidery patches, ending with a modeled showcase of the finished bag.",JanSport logo visible on backpack patch; embroidered BX initials on keychain tag,Raw UGC,Tutorial,false,yes,,https://www.tiktok.com/@catemadeblanks/video/7660181825565773070
patches,iron on patches,2026-07-09,2026-10-01,hndsome475,Hndsome,10900,666,29,44,#patches #ironon #chicago #bears #fypシ゚viral enjoy diy project so many pretty patches🧡🖤,"A short-form promotional video by a small business owner showcasing a large collection of Chicago Bears DIY patches, custom bags, and accessories to drive traffic to a live selling event.","Friends: where do we can Chicago bears stuff 
Me: join my live now🧡🖤",Raw UGC,Haul,true,yes,,https://www.tiktok.com/@hndsome475/video/7660576880373927181
patches,patch collection,2026-07-10,2026-10-01,mi.huh,redhatcreative,82600,9210,71,422,"My fabric scrap patches 🍅 possibilities are endless!

#appliqué #patchwork #fypシ","A crafty DIY creator delivers a clear, aesthetically pleasing tutorial on making custom fabric scrap patches using fusible web, showcasing the process from raw scraps to sewing machine stitching and finishing with a statement jacket reveal.","here's how i make fabric scrap patches; Steam-A-Seam as my interfacing (very important); Cut out a pattern to trace onto your fabric or freehand your design; The Tomato Vine Pattern; Cut out your shapes; There are multiple methods to this part, both I have explained on my page!; Peel back the paper on your interfacing (one side will be sticky); Take your cut out pieces and place them on the sticky side; Place the paper back on top and iron; Now that your fabric is fused, you want to cut out the shapes from the paper; You can also take the top paper off before doing so; Find a thick fabric to sew onto (this is an old pant leg); At this part it's also an option to sew the patches directly onto your clothing; Peel the back paper off of your cut out designs; Stick in place; Iron (10 sec); Repeat; Sew using a blanket stitch, tight zig zag, or going over it a few times with a straight stitch; At corners, put your needle down, lift your presser foot up, rotate your fabric and continue; Here's what it should look like; Now cut closely around the edges, being careful not to cut your stitches (very important!); Now you can add this to anything; Because I promise you, patches makes things 1000x cooler",Raw UGC,Tutorial,false,yes,,https://www.tiktok.com/@mi.huh/video/7660966918072978701
patches,custom patches,2026-07-13,2026-10-02,therusticpearlboutique,TheRusticPearlBoutiqueOfTexas,1715,25,4,10,"🚨 Hat bars, boutiques, and small business owners… this one’s for YOU! 👏

Looking for high-quality wholesale patches that actually sell? We’ve got hundreds of trendy designs ready to ship, plus we of","A promotional advertisement from The Rustic Pearl of Texas targeting boutique owners and hat bar operators with wholesale embroidered patches, trucker hats, and startup packages.","The Rustic Pearl of Texas Boutique and Hat Bar; Wholesale Patches; Premium Quality; Trendy Designs; Made for Makers; Perfect for Boutiques, Gift Shops, Vendors & More; Wild Western; Raising Tiny Disciples; Keep it Rustic; Texas; Game Day; Mama; We Also Offer Bundles & Startup Packages with Hats & Patches; Great Pricing For Your Business; Low Minimums; Fast Turnaround; In-Demand Designs; Made To Stand Out; Shop Wholesale Today! RusticPearlShop.com",Polished Creator,Tutorial,true,yes,,https://www.tiktok.com/@therusticpearlboutique/video/7661851543339060511
patches,custom patches,2026-07-13,2026-10-02,omni.punch,Omni Punch,5660,52,,9,"Need custom patches ? We’ve got you covered— from one design to bulk orders

#wovenpatch #MadeForBrands #madeinusa🇺🇸 #OmniPunch #sublimated","A short, impactful behind-the-scenes product showcase from custom patch manufacturer Omni Punch, demonstrating production capacity and product quality for both single-piece orders and bulk runs.","Text overlay reads: 'Need custom patches ? We’ve got you covered— from one design to bulk orders' accompanied by hashtags '#wovenpatch #MadeForBrands #madeinusa🇺🇸 #OmniPunch #sublimated'. On the patch itself, text reads: 'R.E.D.', 'REMEMBER', 'EVERYONE', 'DEPLOYED', and 'OKLAHOMA'.",Raw UGC,Behind-the-scenes,true,yes,,https://www.tiktok.com/@omni.punch/video/7662061032956775698
patches,morale patches,2026-07-13,2026-10-02,brooklynkenning,Brooklyn Kenning,3809,29,3,5,"My HONEST review on the Kind Patches Mood Booster Patches. Sorry this is long but feel like it needed to be to show exactly how they helped me over 4 days

The Mood+ Patches help with dopamine & serot","Creator Brooklyn Kenning conducts a candid four-day review of Kind Patches Mood Booster Patches, discussing her ADHD struggles and documenting her changing mood and productivity levels while wearing the patches.",My HONEST review on the Kind Patches Mood Booster Patches. Sorry this is long but feel like it needed to be to show exactly how they helped me over 4 days; The Mood+ Patches help with dopamine & serotonin production (god knows how but they just do lol); 4 days trying the mood boosting patches HONEST REVIEW; - I have ADHD & struggle with dopamine & serotonin production; DAY 1; DAY 2; DAY 3; DAY 4; Found & put on at exactly 11:32pm; This was at 12:19pm btw so had on for 4 mins,Raw UGC,Review,true,yes,possible off-topic,https://www.tiktok.com/@brooklynkenning/video/7662039076626795798
patches,patches,2026-07-13,2026-10-01,dr.skinkaren,dr.skinkaren,1700000,4533,42,390,"Pimple patches aren’t just satisfying to peel off…

Here’s why I actually recommend them:

✔️ They help prevent picking (which means less irritation and a lower chance of scarring)
✔️ They protect the","A dermatologist creator uses a satisfying macro peeling visual of a pimple patch on a forehead to hook viewers, setting up an educational breakdown of acne patch benefits in the caption.",Do pimple patches actually work? 🤔; Here's what a dermatologist says 👇,Raw UGC,Tutorial,false,yes,possible off-topic,https://www.tiktok.com/@dr.skinkaren/video/7662140647821905166
patches,police patches,2026-07-13,2026-10-02,badgepatchhunter,Badge Patch Hunter,1296,57,22,,Day 8 of collecting police patches #patches #police,"A creator shares day 7 of their police patch collection series, unboxing a Washington State Patrol patch from a yellow mailer and organizing it into a ring binder while prompting viewers to follow for day 8.","Day, 7 of collecting police patches to put in the binder; WASHINGTON STATE PATROL; UNIFORM; Today we have Washington state patrol; Today we have a new binder to put the patches in, so make sure to follow for more content like this and follow for day 8; FIVE STAR; HEAVYWEIGHT SHEET PROTECTORS",Raw UGC,Vlog,false,yes,,https://www.tiktok.com/@badgepatchhunter/video/7662147360277007646
patches,police patches,2026-07-13,2026-10-02,probable_causey,Probable_Causey,619,18,,,"🚔 Patch Patrol Monday 🚔

Every patch tells a story.

Behind this one is a deputy who answered the call, worked long nights, stood beside their community on its hardest days, and came home after ever","A community-focused post launching Patch Patrol Monday by Probable_Causey, featuring a flat-lay showcase of authentic law enforcement patches and inviting officers to share their agency insignia and stories.",POLICE KINGMAN AZ 1952; METROPOLITAN POLICE LAS VEGAS; Person's Crimes Unit; NORTH CAROLINA HIGHWAY PATROL; METROPOLITAN POLICE POLICE OFFICER,Polished Creator,Photo-dump,false,yes,,https://www.tiktok.com/@probable_causey/video/7662150887489473822
patches,patch collection,2026-07-13,2026-10-01,tiffanyinitaly,Tiffany:Teaching in Italy🇮🇹,631,26,6,8,Here's your sign to start collecting patches as souvenirs instead of keychains. Future you will thank you when your denim jacket tells your whole travel story. #traveltiktok #souvenirs #patches #denim,"A travel creator shares a creative souvenir idea by showcasing her denim jacket covered in embroidered patches from various international destinations, inspiring viewers to swap traditional keychains for wearable travel storytelling.","Here's your sign to start collecting patches to document your travels; LISBOA; VENEZIA; PARIS; CROATIA HRVATSKA; CELTIC NATION IRELAND; MADRID; BARCELONA; WORLD WAR II THE NATIONAL WWII MUSEUM; COPENHAGEN; MOROCCO; LAMBERT'S CAFE SIKESTON, MO OZARK, MO; MORGAN WALLEN'S THIS BAR NASHVILLE TENNESSEE; FLORA-B",Raw UGC,Travel,false,yes,,https://www.tiktok.com/@tiffanyinitaly/video/7662153510707793183
patches,patch collector,2026-07-14,2026-10-02,police.patch.collector,Police Patch Collector,809,77,4,1,Day 14! #shoulderpatch #police #policepatchcollection,"A daily hobbyist update showcasing law enforcement and emergency services shoulder patches received in the mail, featuring departments such as the Illinois State Police, Amelia County Virginia Sheriff's Office, Dallas Fire-Rescue, Cherokee County Sheriff, and Davis County Sheriff.","Day 14 Mail Call; OF ILLINOIS STATE POLICE; NEW STARTING PAY $90,000; INCLUDES ADDITIONAL BENEFITS; SHIFT DIFFERENTIAL PAY; HAZARDOUS DUTY PAY; UNIFORM ALLOWANCE; SCAN TO START YOUR JOURNEY TODAY; ALLINOISSTATEPOLICE.COM; ILLINOIS STATE POLICE; THIS IS THE OFFICIAL PATCH WORN BY THE ILLINOIS STATE POLICE; SHERIFF'S OFFICE AMELIA COUNTY VIRGINIA; First fire patch; DALLAS FIRE - RESCUE; Ready to Protect; SHERIFF CHEROKEE COUNTY STATE OF GEORGIA; SHERIFF DAVIS COUNTY",Raw UGC,Vlog,false,yes,,https://www.tiktok.com/@police.patch.collector/video/7662211183444774174
patches,patch collector,2026-07-15,2026-10-02,patchcollectionofficial,patchcollectionofficial,953,40,1,1,"KISS fans, this one's for you. 🤘🔥

From classic album art to iconic band portraits, these KISS patches are made to bring your battle jacket, vest, backpack, or denim to life. Which one are you addin","A top-down showcase of embroidered KISS band patches displayed by hands on a decorated rug, accompanied by rock music and an interactive caption.",,Polished Creator,Haul,true,yes,,https://www.tiktok.com/@patchcollectionofficial/video/7662773666899397902
patches,custom patches,2026-07-15,2026-10-02,cmdgifts,CM Design & Gifts,165,2,,,"🇺🇸 Custom Velcro Patches – Made with Pride! 🇺🇸

A continued thank you to our brave service men and women for your dedication and sacrifice.

At CM Design and Gifts, we proudly create custom Velcro","A short-form promotional video by CM Design & Gifts showcasing custom-made embroidered military Velcro patches, emphasizing American craftsmanship and ongoing support for armed forces personnel.","INDEPENDENCE DAY MAY BE OVER
CM DESIGN AND GIFTS CELEBRATES OUR ARMED FORCES EVERYDAY
USS RHODE ISLAND (SSBN 740)
ZBRAEK
STEL",Polished Creator,Tutorial,true,yes,,https://www.tiktok.com/@cmdgifts/video/7662824946174807310
patches,patch collection,2026-07-16,2026-10-01,halalpozole,halalpozole,6441,685,24,41,"These aren’t all my patches, just a few I wanted to share. After 10 years I am now rearranging my vest this is one of my personal interests. Saying goodbye to the slayer patch & now adding a morbid an","A Muslim creator showcases her 10-year collection of heavy metal battle vest patches, highlighting bands like Slayer, Sepultura, and Death while engaging the metalhead and Muslim creator communities.","Showing my collection of patches
From my 10 year old battle vest
(Early 5th grade - present); Angel witch back patch; Sepultura back patch; House of 1000 corpses patch; Kreator border patch; My first back patch
I got this in early 5th grade
This was the first patch on
My now 10 year old battle vest; Venom + cannibal corpse
Old patches; Carcass & morbid saint; Death & deicide; Judas Priest & life lover; Obituary + testament; Midnight + possessed; Napalm death; Sadistic intent +
blasphemy; At the gates + mercyful fate; Accept +
Hell hammer; Pentagram + Sodom; Classic, Black Sabbath; Anthrax
Suffocation
Mortician
Sarcófago
Trans metal
Sabbath
Municipal waste
Death; Death
Obituary
Brujería
Sepultura; Suffocation +
Brujería; AC/DC; That's all for today,
Thank you for watching",Raw UGC,Vlog,false,yes,,https://www.tiktok.com/@halalpozole/video/7663047720810089742
patches,patch collector,2026-07-17,2026-10-02,real_justin1258,real_justin1258,153,10,1,1,"Interested in collecting patches, growing your patch collection, or showing off patches? Join us today! https://discord.gg/Yf54vj6g87 #patchcollection #patches #patchcollector #patchcollecting","A TikTok post by user real_justin1258 targeting patch collectors with a scenic visual hook, inviting viewers to join a dedicated Discord server for sharing and growing their patch collections.","Are you interested in collecting patches, growing your patch collection, or showing off patches?; ATLANTA FIRE RESCUE; EST. 1882; ACCREDITED AGENCY; I have a discord server for you! discord.gg/Yf54vj6g87 Join today! (code is in comments too)",Raw UGC,Community,false,yes,,https://www.tiktok.com/@real_justin1258/video/7663327253228555550
patches,iron on patches,2026-07-17,2026-10-01,imjust_jd,imjust_jd,3805,67,,25,"Took a pair of my old @BIRKENSTOCK USA and went a little crazy with some iron on patches. 

What do you guys think? New trend or 🗑️🚮?

I love em and might need to grab a few new pairs to go crazy on","A creator showcases their custom-patched Birkenstock clogs from a first-person POV, framing the craft process as a therapeutic creative outlet and asking followers for their verdict.",POV: my kind of therapy,Raw UGC,Tutorial,false,yes,,https://www.tiktok.com/@imjust_jd/video/7663371580793310494
patches,embroidered patches,2026-07-17,2026-10-01,ali_jades_and_ada_linns,Ali Jades & Ada Linns,3710,129,17,8,Patches all day everyday 🤣😍#embroidery #yeticamino #patches #velcropatches #yeti,"A short crafting showcase by small business creators Ali Jades and Ada Linns, displaying an array of custom embroidered velcro patches with monograms and decorative patterns set to uplifting music.","Monograms visible on patches: KML, EBG, JPW, HGB, AOC, and phrase 'Jesus Saves' on one patch",Raw UGC,Behind-the-scenes,true,yes,,https://www.tiktok.com/@ali_jades_and_ada_linns/video/7663627376701525279
patches,morale patches,2026-07-18,2026-10-02,shanalikamboh11,Kamboh Collections,18700,58,11,13,"The Viral 10-in-1 Moringa Nano Patches Are Back! (Buy 1 Get 2 FREE Limited Time Bundle) 🌿 

Elevate your daily self-care routine with the viral 10-in-1 Moringa Nano Patches! Super comfortable, discre","An energetic e-commerce promotional video in the TikTok Shop UGC style, where a female creator presents a buy-one-get-two-free bundle for 10-in-1 Moringa Nano Patches, highlighting their versatility across sleep, work, and daily activities to drive immediate in-app purchases.","Wait... this viral bundle is actually real?!; BUY ONE GET TWO FREE today!; Comfortable 24/7 self-care; Claim your summer bundle before it sells out!; orange cart; USE ANYTIME, ANYWHERE; sleep; work; exercise; daily; SALE",Raw UGC,Tutorial,true,yes,possible off-topic,https://www.tiktok.com/@shanalikamboh11/video/7663743147620453654
patches,police patches,2026-07-20,2026-10-02,socalpatchcollector,socalpatchcollector,1115,103,9,1,"New adds to the collection. 

#policepatches #police #lawenforcementpatches #lawenforcementcommunity #policepatchcollection","A TikTok video by socalpatchcollector showcasing new additions to a law enforcement patch collection, featuring a macro zoom-out reveal set to a country song.",Wake County NC 1771; Police Maplewood; Marshallto Police; Lee County Iowa Sheriff; Federal Reserve; Hampton Sheriff City of Hampton July 9 161; King County State of Washington Sheriff; Newport Beach Police; Signal Hill Police 1924,Raw UGC,Aesthetic,false,yes,,https://www.tiktok.com/@socalpatchcollector/video/7664449839916190990
patches,patch collection,2026-07-20,2026-10-01,_ratangel,RatAngel,9969,1764,35,25,NOT DONE YET LMAO not all patches on yet so not all bands on lol chill guys #patchhoodie #alt #crusthoodie #patches #crustpunk,"A creator showcases the work-in-progress customisation of a punk crust hoodie featuring political slogans and band patches, using a casual caption to fend off impatient commenters.",,Raw UGC,Tutorial,false,yes,,https://www.tiktok.com/@_ratangel/video/7664459934175726879
patches,embroidered patches,2026-07-20,2026-10-01,patchstyle,✨patch up style🧢,1053,15,5,1,"Boss said I gotta finish 500 of these today... my eyes are cross-eyed already 😵🐅
But NGL, this sparkly tiger patch turned out so pretty! ✨
Anyone else obsessed with patches like this?#custompatches ","A small business creator shares a behind-the-scenes look at producing 500 sequined tiger patches, highlighting the detailed craftsmanship against an industrial workshop background.",POV: My boss told me to make 500 of these today.,Raw UGC,Behind-the-scenes,true,yes,,https://www.tiktok.com/@patchstyle/video/7664524516797844767
patches,custom patches,2026-07-20,2026-10-02,macyannestyles,Macy Anne Styles,9260,330,24,34,Custom patch a tote with me at @Tuckernuck ! #tuckernuck #nantucket #patch #ack #nantucketsummer,"Lifestyle creator Macy Anne Styles visits the Tuckernuck store on Nantucket to demonstrate how to custom-patch a canvas tote bag using exclusive store patches, highlighting the interactive retail experience and summer vacation aesthetic.","A SAILOR'S VALENTINE By Tuckernuck; JEWELERS GALLERY; TERVIS; TUCKERNUCK FIND THE FUN; EST. 2010 NANTUCKET, MA",Raw UGC,Vlog,true,yes,,https://www.tiktok.com/@macyannestyles/video/7664667937348898078
patches,custom patches,2026-07-20,2026-10-02,patchcustomizer,Patch Customizer,5,0,,,"✨ Small Patch. Big Brand Impact.

Your logo deserves to stand out. Get premium custom patches with sharp details, durable stitching, and a professional finish made to last. 🔥
 
Order Now: https://pat","A short promotional product video for Patch Customizer displaying macro shots of custom embroidered patches made for the Muckleshoot Community Health Program. The video emphasizes tight stitching, premium materials, and professional finish to convert viewers into e-commerce customers.","Patch Customizer logo at top; MUCKLESHOOT COMMUNITY HEALTH PROGRAM; SEE-EMT-335 on patch embroidery; ✨ Small Patch. Big Brand Impact. Your logo deserves to stand out. Get premium custom patches with sharp details, durable stitching, and a professional finish made to last. 🔥 Order Now: https://patchcustomizer.com/ #CustomPatches #PatchCustomizer #embroidered #CustomMerch #foryou #feed #PatchDesign in caption",Polished Creator,Tutorial,true,yes,,https://www.tiktok.com/@patchcustomizer/video/7664675734371175687
patches,iron on patches,2026-07-20,2026-10-01,alexakat1,Alexakat,173100,6646,41,2445,Tried the mock neck trend with my mom! It has been a crafty summer over here 🩷🧵☀️ #hobbylobby #mockneck #ironon #summercraft #hobbylobbycraft,"A creator documents a mother-daughter craft day making trendy customized mock neck sweatshirts with iron-on patches purchased from Hobby Lobby, presented as a cozy, aesthetic DIY tutorial.","On our way to the viral mock neck sweatshirt patch trend; Looking for the mock necks; Found them! Cream or black color options; So many patches to choose from; Patches & pouches; visit hobbylobby.com; HOBBY LOBBY Super Savings, Super Selection!; 3800 SUITE A; FRAMING CRAFTS; DO NOT REMOVE FROM HOBBY LOBBY PROPERTY; DESIGN IMPORTS IRON-ON & STICKER; Be Kind; Lining them up; Had to try them on and adjust placement; Began gluing using fabric glue; Time to dry! Ironing them on tomorrow!; Finished product!",Raw UGC,Tutorial,false,yes,,https://www.tiktok.com/@alexakat1/video/7664705087004019998
patches,custom patches,2026-07-20,2026-10-02,threadedcompany24,Andrea 🎀 | Threaded Co.,28000,249,18,48,"Pressing our first leather patch using a Hotronix 360 IQ Hat Press! 🧢

This turned out perfect! 

#hatpress #patches #smallbusiness #richardson112 #custom",A satisfying behind-the-scenes TikTok video by Threaded Co. documenting the pressing of their first custom leather patch onto a Richardson 115 trucker hat using a Hotronix 360 IQ Hat Press.,STAHLS' Hotronix; Printing - Target Pressure: 6; Custom; 284 F; 318; 5 pr; 9 sec; FUSION IQ; EST. 2026 Threaded Co. SMALL BUSINESS; EST. 1970 RICHARDSON LOW-PRO 115 TRUCKER MD/LG,Raw UGC,Behind-the-scenes,true,yes,,https://www.tiktok.com/@threadedcompany24/video/7664710851680619790
patches,embroidered patches,2026-07-20,2026-10-01,sydneeyyboydd,Sydney Boyd,4494,210,11,21,Patches on hats for a company🤠🤩 #fyp #foryoupage #patches #hats #embroidery,A short-form behind-the-scenes video by Sydney Boyd showcasing the process of embroidering custom branded patches for 'Four Corners Cabinetry' on a commercial machine and applying them to snapback hats.,"Four Corners Cabinetry, Smartstitch Amazing Stitch, Warning Keep Away from Electronic Devices, and Credit Cards, Pinch Hoop, 8.5 Mighty Hoop, Made in USA",Raw UGC,Behind-the-scenes,true,yes,,https://www.tiktok.com/@sydneeyyboydd/video/7664744488434224397
patches,custom patches,2026-07-21,2026-10-02,shawnharry_official,shawn,122,2,,,"Top-quality custom patches. Ready to create yours? DM now.

#patches #wouldwide #smallbusinesses #emroidery #virałreels","A short-form video showcasing custom embroidered patch manufacturing in a workshop setting, encouraging potential clients to reach out via direct message for custom orders.","Top-quality custom patches. Ready to create yours? DM now.
AMISTAD
2026",Raw UGC,Behind-the-scenes,true,yes,,https://www.tiktok.com/@shawnharry_official/video/7664984760841719070
patches,morale patches,2026-07-21,2026-10-02,dimonleex,FRICTON TRADE LLC,180,1,,1,"Yellow Tactical Morale Hook-and-Loop Patch with a bold evil smile design. Detailed embroidery, durable black border, and easy attachment to backpacks, tactical vests, jackets, hats, and other loop sur","A high-production e-commerce promotional video for a tactical morale patch, leveraging cinematic lighting, macro texture shots, and dynamic pacing to drive TikTok Shop conversions among tactical gear enthusiasts.","Everyone Sees The Smile
But Not The Attitude behind it
Built With Attitude
Details That Hit Different
Stick it, Own It.
One Patch. Endless Attitude.
Get Yours Now",High-Production,Tutorial,true,yes,,https://www.tiktok.com/@dimonleex/video/7665060516506635533
patches,police patches,2026-07-21,2026-10-02,lexingtonpoliceroblox,Lexington Police Dept Roblox,2601,126,38,1,"Part 2 of getting police patches! 
Florida Highway Patrol
#fhp #fyp #policepatchcollection","A short POV video showing part two of a police patch collection journey, featuring the unboxing of a Florida Highway Patrol embroidered patch.",HIGHWAY PATROL FLORIDA,Raw UGC,Vlog,false,yes,,https://www.tiktok.com/@lexingtonpoliceroblox/video/7665075613400583438
patches,patch collection,2026-07-21,2026-10-01,patch_collection,Patch Collection,115,4,,,"A little patch details makes a big statement ✨🔥

Add yours to hats, jackets, bags and more to make every piece uniquely yours. 

#footballtiktok #irononpatches #houston","A slick, fast-paced product showcase emphasizing the premium embroidery and craftsmanship of a custom city patch on a trucker hat, targeted at streetwear and custom fashion enthusiasts.",,High-Production,Aesthetic,true,yes,,https://www.tiktok.com/@patch_collection/video/7665083201022479630
patches,custom patches,2026-07-22,2026-10-02,omni.punch,Omni Punch,9288,201,8,18,"Celan finish - professional results, sublimated patches manufacture by omni punch 🇺🇸
#sublimation #patch #CustomDesign #uspatchmanufacturer #madeinusa🇺🇸","A short promotional video from Omni Punch showcasing the professional finish and quality of custom sublimated patches manufactured in the USA, filmed from a first-person perspective inside an active workshop.","White handwritten sticker on bag reading '208 pes', patch text reading 'X', 'SPX SARTANS'",Raw UGC,Behind-the-scenes,true,yes,,https://www.tiktok.com/@omni.punch/video/7665147616358944018
patches,patch collection,2026-07-22,2026-10-01,patch_collection,Patch Collection,146,3,,,"The perfect embroidered patches to customize jackets, hats, backpacks, bags, and accessories. Add a unique finishing touch to any outfit with high-quality iron-on patches.

#irononpatches #Personalize","A fast-paced, visually satisfying product showcase by Patch Collection demonstrating how various embroidered patches can be used to customize a checkered cosmetic bag, driving traffic to their TikTok shop.",iron-on; chenille; sublimation; satin; puff; visit our tiktok shop,Polished Creator,Tutorial,true,yes,,https://www.tiktok.com/@patch_collection/video/7665383437959826701
patches,(not in thumbnail),2026-07-22,2026-10-01,heytheredeleiraaa,heytheredeleiraaa,4139,4,,,#Patches #Bear #Fashion #ClothingPatch #fyp,"A silent, aesthetically focused video showcasing a customized teddy bear plush toy with a clothing patch, targeted at fashion and DIY communities on TikTok.",,Casual Snapshot,Aesthetic,false,yes,,https://www.tiktok.com/@heytheredeleiraaa/video/7665479257316936980
patches,embroidered patches,2026-07-23,2026-10-01,alejandramezadiy,Alejandra Meza,3430,85,3,4,"✨ Turning my designs into professional embroidered patches has never been easier! The link to Ninja Transfers is in my bio if you want to make your own. 

I simply uploaded my design, picked the shape","An indie creator demonstrates how she easily orders custom embroidered patches of her artwork from Ninja Patches, highlighting the high embroidery detail, fast shipping, and simple online design interface.",Order #4080390356; NINJA TRANSFERS; NINJA BLANKS; NINJA PATCHES; Simply apply with a Heatpress; Embroidered; Full Color; POWERED BY AI; Remove Background; Crop; Edit with AI; Add a note for our designers; Select Your Patch Size; Width (inches); Height (inches); Price; Qty; 10-24 pcs; PATCH 25 PCS,Polished Creator,Tutorial,true,yes,,https://www.tiktok.com/@alejandramezadiy/video/7665761919252352269
patches,embroidered patches,2026-07-24,2026-10-01,acr.accessories.2,Sherwood patches,8597,764,20,45,Betty Boop embroidered patch#patch #bettyboop #diy #perfect,"A short, aesthetic TikTok video by Sherwood patches showcasing a variety of large, detailed Betty Boop and pop culture embroidered patches on retail shelves, accompanied by upbeat background music.",Dr Pepper logo on soda bottle patch; NICEL text on star patch,Raw UGC,Haul,true,yes,,https://www.tiktok.com/@acr.accessories.2/video/7665886381218024734
patches,police patches,2026-07-24,2026-10-02,texas_trooper14,texas_trooper14,6097,240,13,6,#police#tx#unmarked#copsoftiktok#patchespatch collection trip to cali soon get ready blow this ummmmm,"A young creator films a POV vlog in a Texas parking lot, excitedly showing off a newly acquired Forney Police Department patch and a Special Olympics fundraiser flyer while spotting an unmarked police truck.","@texas_trooper14; Unmarked unit; Come Join Us For Dinner! Help Us Support Special Olympics!; LAW ENFORCEMENT TORCH RUN TIP-A-COP; July 23, 2026 5 PM to 9 PM at TEXAS ROADHOUSE Terrell, TX; POLICE Est. 1956 FORNEY",Raw UGC,Vlog,false,yes,,https://www.tiktok.com/@texas_trooper14/video/7665920055179365646
patches,police patches,2026-07-24,2026-10-02,patches_across_america,Patches Across America,1993,106,20,3,"Putting patches on the wall day 4.
Metropolitan Police #foryoupage #trending #police #policepatch #collection","A creator showcases day 4 of their law enforcement patch collection wall project, featuring the addition of a Las Vegas Metropolitan Police patch and letter, while prompting viewers to suggest the next department in the comments.",Putting Patches On The Wall Day 4.; Metropolitan Police; Las Vegas metropolitan; What Department Should I Do Next?; Leave Your Suggestions In The Comments; Follow For Day 5!; OREGON STATE POLICE; LIBERTYVILLE POLICE; ILLINOIS STATE POLICE; ROUND LAKE POLICE; INDIANA STATE POLICE; LEE COUNTY SHERIFF DEPARTMENT; TINLEY PARK POLICE; ALASKA STATE TROOPERS,Raw UGC,Vlog,false,yes,,https://www.tiktok.com/@patches_across_america/video/7666133336775052558
patches,patches,2026-07-25,2026-10-01,amirrahluvsmatcha,Amirrah أميرة,90900,4096,7,74,Obessed with these star patches ⋆✴︎ @#OOTD BEAUTY #starpatches #ootdbeauty #acnepatch #illit,"A beauty creator reviews OOTD BEAUTY Star Spot Patches, demonstrating how their 10 different colors can be matched to daily outfits while providing blemish care with niacinamide and ceramide.",PIMPLE PATCHES; That match the OOTD; STAR SPOT PATCHES; Comes in 10 different colors; Nude beige for subtle look; Neon colors for brighter look; Niacinamide and Ceramide; BLACK AND YELLOW; PERFECT TO ADD A LITTLE FUN TO YOUR LOOK <3,Polished Creator,Review,true,yes,possible off-topic,https://www.tiktok.com/@amirrahluvsmatcha/video/7666510639245905166
patches,chenille patches,2026-07-25,2026-10-02,tlckraftydesigns,TLC Krafty Designs Shop,102,1,,1,"🏈 Football season is almost here! Custom chenille patches are the perfect game day upgrade. 💥

#FootballSeason #ChenillePatch #GameDay #tlckraftydesigns #footballtiktok","A fast-paced promotional product showcase featuring custom football-themed chenille and sequin patches by TLC Krafty Designs, set to an upbeat hip-hop track.","Game Day, touchdown, 49ers, Seahawks, BEARS, EAGLES, PATRIOTS, CHIEFS, CUSTOM CREATIONS, MADE FOR YOU, TLC KRAFTY DESIGNS, APPAREL - TUMBLERS GIFTS & MORE",Polished Creator,Haul,true,yes,,https://www.tiktok.com/@tlckraftydesigns/video/7666540942643449102
patches,police patches,2026-07-25,2026-10-02,britpatchcollector,BritishPatchCollector,591,57,2,2,My Patch Collection So far! #fyp #viral #patches #fire #police,"A TikTok post by BritishPatchCollector displaying an extensive, highly organized collection of American police, sheriff, and fire-rescue uniform patches mounted on a large blue board, accompanied by descriptive hashtags.","Text embroidered on patches including CEDAR CITY POLICE, IRON COUNTY SHERIFF, UTAH HIGHWAY PATROL, ORLANDO POLICE, KISSIMMEE POLICE, BOULDER K-9 POLICE, ARIZONA STATE TROOPER, CALIFORNIA HIGHWAY PATROL, MILWAUKEE POLICE, CALVERT COUNTY FIRE-RESCUE-EMS, DALLAS FIRE-RESCUE, SAN JUAN COUNTY SHERIFF, PLACENTIA FIRE SAFETY, WASHINGTON STATE PATROL, YAKIMA POLICE, HAMILTON OHIO POLICE, and numerous other municipal and county agency titles.",Raw UGC,Collection showcase,false,yes,,https://www.tiktok.com/@britpatchcollector/video/7666562609935633686
patches,patches,2026-07-26,2026-10-01,laynemess,layne!,17100,2962,28,96,"Patches 

#fyp #fashion #outfitinspo","A fashion creator showcases a Y2K-inspired outfit featuring distressed patch flare jeans on a suburban front porch, utilizing a simple POV rotation format to highlight the clothing.",Patches,Raw UGC,Aesthetic,false,yes,,https://www.tiktok.com/@laynemess/video/7666918555509722382
patches,patch collection,2026-07-27,2026-10-01,jenniferrivas1997,PrayingwifeJen,792,33,13,4,"Just a reminder of the amazing Texas Tech patches we have available! ❤️🖤🤍

Football season is right around the corner, and I have a camo jacket ready to create! Whether you’re headed to Lubbock, tai","A short product showcase video displaying custom Texas Tech University themed embroidered patches, designed to drive direct message orders for football gameday jackets and hats.","Don't forget about the amazing patches we have! PUMPJACK MENTALITY, RAIDER POWER, choosin Texas, WRECK everyone, wreck em, TEXAS RED-RAIDERS, SATURDAYS IN LUBBOCK",Raw UGC,Haul,true,yes,,https://www.tiktok.com/@jenniferrivas1997/video/7666991262557375775
patches,patch collection,2026-07-27,2026-10-01,patchpursuit4,patchpursuit4,5739,224,53,8,All emails! Okay question. If anyone of my viewers collects coins aswell-will departments give you free ones? I would like to start collecting them. Thanks!#police #patchcollecter #policepatch #collec,"A patch collector showcases recent mail from multiple police departments across the US, featuring official letters and embroidered patches, while asking viewers if police departments also send free challenge coins for new collectors.","Mail call!; Moab Police Department; City of Moab; Austin Police Department; Minnesota State Patrol; Washington State Patrol; Kentucky State Police; Chief, Sergeant insignia",Raw UGC,Vlog,false,yes,,https://www.tiktok.com/@patchpursuit4/video/7667082538208283917
patches,police patches,2026-07-27,2026-10-02,socalpatchcollector,socalpatchcollector,1480,129,3,3,#policepatches #police #lawenforcementpatches #lawenforcementcommunity #policepatchcollection,"A peaceful aesthetic showcase of a private collection of law enforcement patches and challenge coins, filmed in close-up overhead perspective and accompanied by country music.",MONTGOMERY COUNTY VIRGINIA 1776 FREEDOM INCREASES; POLICE DEPARTMENT WEST COVINA A PROUD HERITAGE A BRIGHT FUTURE; LARAMIE; WYOMING HIGHWAY PATROL; BELLEVILLE POLICE CITY OF BELLEVILLE WASHINGTON; UNIVERSITY POLICE; POLICE TOWN OF LAKE HAMILTON; CITY OF DORAL POLICE 2003; ORANGE COUNTY SHERIFF'S DEPARTMENT EST. 1889; OCEANSIDE POLICE; CALIFORNIA PEACE OFFICERS MEMORIAL FOUNDATION 20-25,Raw UGC,Vlog,false,yes,,https://www.tiktok.com/@socalpatchcollector/video/7667237397725269262
patches,embroidered patches,2026-07-27,2026-10-01,patchmeup_byrachel,patchmeup_byrachel,3474,108,1,2,"Here’s how to apply your personalised embroidered patch, order your own from my new Etsy shop PatchMeUpByRachel ✨ What name should I embroider next?

#embroidery #embroiderymachine #howto #smallbusine","A small business owner demonstrates how to apply an iron-on embroidered patch in a quick, clear tutorial video designed to drive engagement and Etsy sales.",Place patch wherever you like; Iron for 60 seconds; Wait 1-2 mins; Perfectly secure; Enjoy,Raw UGC,Tutorial,true,yes,,https://www.tiktok.com/@patchmeup_byrachel/video/7667255725592251670
patches,police patches,2026-07-27,2026-10-02,patchpursuit4,patchpursuit4,14000,500,36,32,"Replying to @klee 🦄😜🎉💖🙌💩😹  This is very similar to what I email! I recommend you make it slightly more personal, but this is a starting template. #police #patchcollecter #policepatch #collector","A TikTok creator shares a practical email template for law enforcement patch collectors in response to a follower's comment, offering a structured, polite script for contacting police departments.","Patch Request, Dear N/A, Hi! I'm ____, a ____(student, officer, etc.) from ____ and I collect patches to learn more about police departments. I really respect the work police officers do for their communities everyday and hope to learn more about their work. I was wondering if the ____ would be able to send me a shoulder patch for my patch collection. I understand if you do not have time, a policy against distributing patches to the public, or enough patches to send me one, but I appreciate your consideration either way! Thank you for the work and time you put in for ____ everyday and have a good one! Respectfully, ____",Raw UGC,Tutorial,false,yes,,https://www.tiktok.com/@patchpursuit4/video/7667271444044270861
patches,iron on patches,2026-07-28,2026-10-01,lanielately,lanie !!,6692,605,13,67,"make tank tops with me for universal!! i used iron on patches from amazon! quick and easy way to make cute merch for the parks!! 🌎🪄⚡️🎢

#universalstudios #harrypotter #harrypottertiktok #universalo","A creator shares a quick DIY tutorial on how to make custom Harry Potter tank tops using Amazon iron-on patches for an upcoming trip to Universal Orlando, blending fandom enthusiasm with accessible crafting.","make harry potter tanks with, for universal orlando, HAPPEE BIRTHDAE HARRY, HUFFLEPUFF",Raw UGC,Tutorial,false,yes,,https://www.tiktok.com/@lanielately/video/7667369207193029902
patches,patch collector,2026-07-28,2026-10-02,gc.patchcollection,GC Patch Collection,3771,153,12,8,Its been a while since ive posted but Im back! Who wants to trade!?🚔🤟🏽#policepatchcollection#policepatches#lawenforcement#lawenforcementpatches#fyp,"A patch collector shares a budget-friendly DIY tutorial on how to store and protect shoulder patches using cheap cellophane treat bags and a curling iron as a heat sealer, targeting fellow law enforcement patch enthusiasts on TikTok.","Looking for a cheap and easy way to store your patches?; Go to your local Walmart, Dollar Tree, Family Dollar, most stores usually have these 'Treat Bags'; Clear Cellophane Loot Bags 20-ct. Packs $1.25; Clear Treat Bags with Twist Ties, 3' x 5', 20-Pieces, Buy Way to Celebrate $1.00; Put patch inside; Grab a heat tool (I stole my girlfriends curling iron for mine); Cut extra until it looks good!; Done!; GC Patch Collection; HONOR THE BADGE; BUILDING A STRONGER COLLECTOR COMMUNITY; PRESERVE. SHARE. COLLECT.; RESPECT. SERVICE. REMEMBER.; FOLLOW GC PATCH COLLECTION; TIKTOK GC PATCH COLLECTION; FACEBOOK GC PATCH COLLECTION; SHOULDER PATCHES CONNECT US. RESPECT KEEPS US TOGETHER.",Raw UGC,Tutorial,false,yes,,https://www.tiktok.com/@gc.patchcollection/video/7667582052924968206
patches,patch collector,2026-07-28,2026-10-02,police.patch.coll,Patch Collector,2078,119,8,2,#policepatch #policepatchcollector #policepatchcollection #policechallengecoin #thinblueline,"A patch collector shares a mail call unboxing video featuring various police department patches and a model police vehicle, set to a patriotic country song.",Colonial Williamsburg; POLICE STATE OF ARKANSAS JOHNSON; SEBASTIAN POLICE DEPARTMENT PROTECT AND SERVE; REEDSVILLE POLICE DEPT Village of REEDSVILLE WI; PLAINVILLE POLICE 250 YRS; 1:64 Tahoe California Highway Patrol,Raw UGC,Vlog,false,yes,,https://www.tiktok.com/@police.patch.coll/video/7667642507785768223
patches,patch collector,2026-07-29,2026-10-02,_79jed,79JED,4808,405,9,14,@stitch’d up 😎 #patches #haul #souvenirs #australia #collection,"An outdoorsy Australian creator shares a haul of new embroidered 4WD destination patches from Stitch'd Up while sitting in her sticker-bombed vehicle, highlighting her favorite designs and offering viewers a 15 percent discount code.","LITHGOW NSW, KATOOMBA NSW, BLUE RAG RANGE VICTORIA, WONNANGATTA VALLEY - AUST HIGH COUNTRY -, JEDCREW15",Raw UGC,Haul,true,yes,,https://www.tiktok.com/@_79jed/video/7667860797430828308
patches,morale patches,2026-07-29,2026-10-02,useful_history_tidbits,Useful History Tidbits,45600,2953,140,425,"In the U.S. Army, the unit patch is everything — the 101st Airborne's Screaming Eagle, the 1st Infantry Division's Big Red One, the shoulder sleeve insignia that tells you who a soldier is. Marines we",An engaging historical explainer examining why the U.S. Army embraces distinct unit patches while the U.S. Marine Corps banned them in 1946 to foster loyalty to the entire corps.,"IN THE U.S. ARMY, THE UNIT PATCH IS EVERYTHING — THE 101ST AIRBORNE'S SCREAMING EAGLE, THE 1ST INFANTRY DIVISION'S BIG RED ONE... WHY DON'T MARINES WEAR UNIT PATCHES?",Polished Creator,Documentary,false,yes,,https://www.tiktok.com/@useful_history_tidbits/video/7667928232586448141
patches,morale patches,2026-07-29,2026-10-02,zone_store_usa,ZONE,790,22,,,"ZONE - Moral Patch Radiation

Instagram store: @zone_store_usa

#military #airsoft #accessories #patches #usa","A short, silent product showcase video by ZONE demonstrating their 'Moral Patch Radiation' tactical accessory against an earthy fabric background.",,Raw UGC,Review,true,yes,,https://www.tiktok.com/@zone_store_usa/video/7667959582207020302
patches,patch collection,2026-07-29,2026-10-01,patch_collection,Patch Collection,94,5,,,"Faith that stays with you, wherever life takes you. ✨🕊️ 

Our embroidered patches are made to inspire every day. 

#jesuschrist #christiantiktok","A short, aesthetic product showcase video by Patch Collection displaying three detailed Christian embroidered patches through tactile hand reveals, accompanied by gentle music and devotional messaging.",GOD IS GOOD ALL THE TIME; THEY HATED JESUS TOO,Polished Creator,Haul,true,yes,,https://www.tiktok.com/@patch_collection/video/7668017782415559949
patches,patch collection,2026-07-29,2026-10-01,usa250gear,USA 250 GEAR,105,1,,,"LIMITED EDITION EMBROIDERED COLLECTOR PATCHES
💯% USA Made patches that commemorate the 250th Anniversary of our great country and the foundation of our armed forces. Collect them all!
#MadeInUSA #ame","A promotional TikTok video by USA 250 GEAR showcasing limited edition, 100 percent US-made embroidered patches commemorating the 250th anniversary of the United States and its armed forces.",USA250GEAR.COM. Limited Edition Collector's Patches; 100% USA Made patches that commemorate the 250th Anniversary of our great country and the foundation of our armed forces. Collect them all!; UNITED STATES ARMY 1775 250 YEARS 2025; UNITED STATES MARINE CORPS 1775 250 YEARS 2025; USA 250 YEARS OF FREEDOM; 250 YEARS OF FREEDOM DON'T TREAD ON ME COME AND TAKE IT; USA 1776 2026 250; UNITED STATES OF AMERICA USA 250 1776-2026; USA * 250 *; USA 250TH 1776-2026,Polished Creator,Haul,true,yes,,https://www.tiktok.com/@usa250gear/video/7668025893872274718
patches,(not in thumbnail),2026-07-30,2026-10-02,yanaarianna2,Mommy Aiz,552,5,4,1,Tactical pants and Pulis embroidered  patch for Tactical pants #tactical #pants #pnp #police #patch,,,,,,no,,https://www.tiktok.com/@yanaarianna2/video/7668163201892093192
patches,patch collector,2026-07-30,2026-10-02,.rabent.13_,Rabent,42000,741,73,57,"Heaven for all patches lover 
DM us to place your order before everything gets sold out 

#patches #patcheslover
#badges","A specialized merchant showcases an extensive wall collection of embroidered military and aviation patches on TikTok, prompting viewers to place orders via direct message or WhatsApp before inventory sells out.","For all patches lover 
 dm or Whatsapp us to place your order 
 M-17 
 DELTA BOYS 
 MASAB GSO 
 KING OF SKIES 
 F-16 
 WEAPONEERS 
 CRAZY DUO 
 SWAT 
 SNIPER 
 MIRAGE 5 
 PAF 
 AVIONICS 
 PANTHERS 
 C-130 HERCULES 
 PILOT 
 AL-QASIM 
 R-8 
 R-6 
 R-4 
 R-2 
 ZUBAIR 
 AWACS 
 SHARK 
 TIGER S WRATH 
 STINGERS 
 BLACK SPIDERS",Raw UGC,Showcase,true,yes,,https://www.tiktok.com/@.rabent.13_/video/7668249623357590791
patches,iron on patches,2026-07-30,2026-10-01,jeannakary,Jeanna,61300,2487,53,374,"Don't toss those yarn scraps! 🧶 Turn
them into adorable iron-on crochet patches and give your handmade projects a fun, personalized touch. 

This quick DIY is perfect for decorating tote bags, jacket","Jeanna shares a quick, satisfying craft tutorial demonstrating how to turn leftover yarn scraps into iron-on crochet patches using fusible web, a mini iron, and scissors. Set to upbeat, cheerful music with vibrant overhead visuals, the post engages the crochet community by offering a practical upcycling idea and inviting viewer comments on project applications.",IRON-ON CROCHET PATCHES; HeatnBond ULTRAHOLD,Polished Creator,Tutorial,false,yes,,https://www.tiktok.com/@jeannakary/video/7668349461164215565
patches,patch collection,2026-07-30,2026-10-01,gandejiushitk0004,Ambercreation patches1,3728,227,37,26,#patches #ironon #raiders #lasvegas #raidersnation awe so cute new patches,"A short promotional TikTok video by Ambercreation patches1 showcasing a new haul of Las Vegas Raiders embroidered patches through an overhead POV style, directing viewers to join a live shopping event.","Welcome to Amber's patches club
Live 7-11pm PT time
Go
Raiders!
pick up your pretty patches",Raw UGC,Haul,true,yes,,https://www.tiktok.com/@gandejiushitk0004/video/7668374921873034509
patches,morale patches,2026-07-30,2026-10-02,zone_store_usa,ZONE,225,4,,,"ZONE - Moral Patch Operator (GID) 

Follow us in Instagram: 
@zone_store_usa

#military #usa #airsoft #accessories #patches",A short promotional product demonstration by Zone Store USA showing a glow-in-the-dark tactical skull patch being attached to a backpack and tested in the dark.,"ZONE - Moral Patch Operator (GID) 

Follow us in Instagram: 
@zone_store_usa

#military #usa #airsoft #accessories #patches",Polished Creator,Tutorial,true,yes,,https://www.tiktok.com/@zone_store_usa/video/7668411852321246478
patches,patch collector,2026-07-31,2026-10-02,patchpursuit4,patchpursuit4,3559,97,14,1,Both departments were emails! #police #patchcollecter #policepatch #collector #nypd,"A law enforcement patch and coin collector shares a quick update on new items received in the mail, displaying a memorial card, a challenge coin from the Cypress Police Department, and a patch and pamphlet from the Leon County Sheriff's Office.","Small Mail Call! / SERGEANT DONALD J. SOWMA / POLICE / On November 19, 1976, Sergeant Sowma was shot and killed... / CYPRESS POLICE DEPARTMENT / OUR MISSION / Leon County Sheriff's Office / LCSO Values: / Honesty & Integrity / Accountability / Teamwork / Trust & Respect / Commitment to Excellence / LEON COUNTY",Raw UGC,Vlog,false,yes,,https://www.tiktok.com/@patchpursuit4/video/7668693582827621646
patches,patch collection,2026-07-31,2026-10-01,patch_collection,Patch Collection,482,10,,,"Houston style, stitched to perfection. 🤎🌇

These black cuffed shorts featuring our Houston skyline patch are the perfect way to add local pride to your everyday look.

✨ Customize yours with your fa","A brand account showcases a quick, satisfying DIY tutorial on ironing a Houston skyline patch onto black denim shorts, highlighting custom fashion and local pride.","SO, 10REG, HOUSTON",Polished Creator,Tutorial,true,yes,,https://www.tiktok.com/@patch_collection/video/7668746142418521358
patches,iron on patches,2026-08-01,2026-10-01,daniellechambers0,Patches alpha - Penny,1176,23,4,9,#irononpatches #diy #fyp #hatpatches #cowboys,"A short, beat-synchronized showcase of custom DIY sports patches arranged neatly in a sorting box, targeting crafters and football fans.",Sports patches 🔥🔥,Raw UGC,Haul,true,yes,,https://www.tiktok.com/@daniellechambers0/video/7668853341945941262
patches,custom patches,2026-08-01,2026-10-02,redhitsports,REDHIT SPORTS,25700,352,8,91,"Laser patch cutting processes going on DM and get your custom patch from us
#patchforjacket #patch #clothingbrand #uniform #redhitsports","An industrial manufacturing account shares a satisfying close-up video of a laser cutter trimming a custom chenille varsity patch, accompanied by a direct call to action for custom clothing brand orders.",,Raw UGC,Tutorial,true,yes,,https://www.tiktok.com/@redhitsports/video/7669001165740248341
patches,patch collection,2026-08-01,2026-10-01,patch_collection,Patch Collection,412,6,,1,"Your jacket deserves a little personality. ❤️✨

Houston pride, tiny details, and patches that make every outfit one of a kind. Mix, match, and customize your own denim jacket with embroidered patches ","A short-form DIY tutorial and product showcase by Patch Collection demonstrating how to customize a denim jacket with Houston-themed embroidered patches, combining tactile craft visuals with local identity.","OLD NAVY; MOM; houston; CHAMPIONS; BE SOMEONE; Limited Edition; www.PatchCollection.com; 11718 N Garden St, Building C, Houston, TX 77071; Disney - Sports Leagues - Anime - Pop Culture; QUALITY IN EVERY STITCH; HECHO EN HOUSTON; HOUSTON VS EVERYBODY",Raw UGC,Tutorial,true,yes,,https://www.tiktok.com/@patch_collection/video/7668746861552979214
patches,patch collection,2026-08-01,2026-10-01,leslyshuarachess,leslyshuaraches 🎀,8128,423,2,88,"Lesly’s Pink booth is for the girlsss🩷 we have now added a new section to our stand were you’ll find a bunch of coquette, faith based, humorous patches & can customize your own canvas tote bag to you","A promotional TikTok video by a small business owner showcasing 'Lesly's Pink Booth' at a market, highlighting a new customization station where customers can buy a $25 canvas tote bag and select patches and accessories to personalize it with friends.",,Raw UGC,Vlog,true,yes,,https://www.tiktok.com/@leslyshuarachess/video/7669204233266253086
patches,iron on patches,2026-08-02,2026-10-01,jackieg47,Jackie Garcia,7276,37,1,2,Literally AMAZON! Iron on patches and some basic tees I have sooo manyyy so it always looks like im wearing the same shirt but its not lol! #fyp #irononpatches #miniiron #amazon #workshirt,"A quick, satisfying TikTok tutorial by creator Jackie Garcia demonstrating how she customizes cheap t-shirts from Five Below using iron-on patches and an Amazon mini iron, appealing to DIY and budget fashion communities.",How I customize my Five Below shirts; LIVE BEGO (mirrored text on shirt),Raw UGC,Tutorial,true,yes,,https://www.tiktok.com/@jackieg47/video/7669258161156574478
patches,iron on patches,2026-08-02,2026-10-01,lilemandthings,lil em and things,45300,970,19,523,A fun diy!!! I think this is new at Michaels (could be just new to my store) This “patch bar” was so cute! It’d be fun for a craft night. #michaels #craftidea #patches #diy #fypシ゚viral,"A short creator video documenting a new patch bar display at Michaels craft store, complete with a product panning shot and a follow-up image of a discounted canvas bag paired with customized patches.","Choose your base, Pick your patches, Peel and stick or iron-on, Attach two ways: adhesive or iron-on, The patch bar at Michaels, Easy diy idea!!!, Got this bag for 60% off!, WELL BEHAVED WOMEN rarely MAKE HISTORY, CRAZY Cat Lady CLUB, IT IS WHAT IT IS, UNUSUALLY THINKING ABOUT GOING HOME, I came, I saw, I had anxiety, I left...",Raw UGC,Vlog,false,yes,,https://www.tiktok.com/@lilemandthings/video/7669394793058929934
patches,patch collection,2026-08-02,2026-10-01,saturdaystitchclub,Saturday Stitch Club,14300,1137,5,26,"Welcome back to It’s 5 O’clock Somewhere! Today’s adventure was adding some vintage travel patches to my @BAGGU bag, inspired by @moon woman vintage! I’ll likely add some more in the future, but I lov","A creator shares a relaxing after-work DIY project customizing a burgundy Baggu bag with vintage travel patches purchased from eBay, offering viewers creative inspiration and a cozy aesthetic escape.","Welcome back to It's 5 O'clock Somewhere, where I take you along for the projects and crafts I'm doing when the workday ends. Today's adventure is adding patches to my Baggu bag. I started collecting different vintage patches from places I've been, just by buying them off of eBay, and I was inspired by another creator who I saw was adding a whole bunch of patches to her Baggu bag. I started with securing the patches to double-sided sewing paper, just so they'd be a little bit easier to stick onto the bag and decide the placement I like. I thought I was going to add a whole bunch more patches, but I ultimately just ended up deciding to do a little cluster in the corner. I'll likely end up doing some more patches on the back side, but I'm super excited with how the bag turned out so far. It was an easy end-of-day project, and I love making my Baggu a little more unique. Thanks for watching! DIFFICULTY RATING: 2/10",Raw UGC,Tutorial,false,yes,,https://www.tiktok.com/@saturdaystitchclub/video/7669559039495261471
patches,patch collector,2026-08-03,2026-10-02,patchpursuit4,patchpursuit4,2537,128,37,2,#police #patchcollecter #policepatch #collector #nypd,"A short TikTok video by patchpursuit4 displaying a mail call haul of law enforcement patches, trading cards, and stickers from agencies like Delaware River & Bay Authority, Pigeon Forge Police Department, and Collier County Sheriff's Office.","Mail call!, DELAWARE RIVER & BAY AUTHORITY, K-9 TRAINED, K-9 DOC, PIGEON FORGE TENNESSEE POLICE DEPARTMENT, COLLIER COUNTY SHERIFF'S OFFICE, SHERIFF KEVIN RAMBOSK, 10-13, SHIELD YOUR IDENTITY",Raw UGC,Vlog,false,yes,,https://www.tiktok.com/@patchpursuit4/video/7669823633581182221
patches,custom patches,2026-08-03,2026-10-02,zookashop,Zooka Shop - Custom Patches,63,9,,,"👀 Your design deserves to be seen!

Turn your logo or artwork into a premium custom embroidered patch made to stand out. 🧵🔥

✨ Premium Quality
🎨 Custom Designs
💪 Durable Stitching
⚡ Fast Turnarou","A dynamic and satisfying promotional video by Zooka Shop showcasing the creation and tactile quality of custom 3D puff embroidered patches, utilizing hypnotic macro stitching footage and clear calls to action to drive quote requests from clothing brands and creators.",ZOOKA CUSTOM PATCHES EST. 2016; LIGHT THE SPARK; with puff embroidered patches; Production and close-up results; Watch the spark rise; Results incoming...; BOOM; Puff perfection; COMMENT FOR A QUOTE; custompatches.zookashop.com,Polished Creator,Tutorial,true,yes,,https://www.tiktok.com/@zookashop/video/7669838649336319245
patches,iron on patches,2026-08-03,2026-10-01,mrsleading,savvvvvv,75700,5952,64,388,"letting yall know that you can make your own BTS Arirang sweat set with iron-on patches + rhinestones for a fraction of the price 😛 hoodie and sweatpants were super cheap at rue 21

So ready for Arli",A creator demonstrates how to make affordable custom BTS concert merchandise using inexpensive blank clothing from Rue21 and iron-on patches.,"Before:, sweatpants, hoodie, After:",Raw UGC,Tutorial,false,yes,,https://www.tiktok.com/@mrsleading/video/7669878222632373534
patches,police patches,2026-08-03,2026-10-02,police.patch.coll,Patch Collector,1243,91,5,1,#policepatch #policepatchcollector #policepatchcollection #policechallengecoin #thinblueline,"A TikTok video by a patch collector showcasing new acquisitions of law enforcement patches and challenge coins, filmed from a first-person perspective against a patriotic background.","VETERANS AFFAIRS 1776 - 2026 POLICE LONG BEACH 250; NATIONAL PARK SERVICE GREAT SMOKY MOUNTAINS; PENNSYLVANIA CONSTABLE AMERICA'S 250TH 1776-2026 FIRST IN LAW ENFORCEMENT EST. 1664; ARKANSAS STATE POLICE SERVING WITH PRIDE AND DISTINCTION SINCE 1935; Compliments of Colonel Mike A. Hagar Director, Arkansas State Police",Raw UGC,Haul,false,yes,,https://www.tiktok.com/@police.patch.coll/video/7669921316790701342
patches,patches,2026-08-04,2026-10-01,code3gr,Code3GrandRapids,2640,75,10,6,"Patch Wall 🥹😍

Update (8/3/26)
No new patches to update yet, but I don’t think I’ve posted the wall before so here we are
-
#firedept #firefighter #patches #patchcollection #fyp","A short, satisfying video showcasing a vast wall collection of fire department and EMS patches from Michigan and surrounding areas, shared by Code3GrandRapids on TikTok.","Patch Wall 🥺😍

Update (8/3/26)
No new patches to update yet, but I don't think I've posted the wall before so here we are
-
#firedept #firefighter #patches #patchcollection #fyp",Raw UGC,Aesthetic,false,yes,,https://www.tiktok.com/@code3gr/video/7669991987809963294
patches,iron on patches,2026-08-04,2026-10-01,_leenaalikhan,Leena,4731,71,9,10,"Just another DIY mom 💁🏽‍♀️ just kidding, customizing my preschooler’s backpack thankfully wasn’t as hard as I thought it would be!

I grabbed some iron on patches from hobby lobby and Amazon. I’m ju","A relatable mom shares a quick, aesthetic tutorial on customizing her preschooler's backpack using affordable iron-on patches from Hobby Lobby and Amazon, targeting the MomTok and back-to-school community.",PERSONALIZING MY PRESCHOOLER'S BACKPACK; 1.99; DESIGN IRON ON STICKER; 2.49; DESIGN IRON ON EMBROIDERY; M,Raw UGC,Tutorial,false,yes,,https://www.tiktok.com/@_leenaalikhan/video/7670037665760300301
patches,patch collection,2026-08-04,2026-10-01,omni.punch,Omni Punch,10900,237,3,30,"🇺🇸 Every stitch matters. From digitizing to the final cut, we craft premium custom US flag patches built for military, law enforcement, first responders, outdoor brands, and tactical gear. Message u","A behind-the-scenes manufacturing clip showing custom US flag patches being machine-embroidered in a workshop, accompanied by a patriotic song and a direct-response caption offering free physical samples for tactical and professional gear.",GREAT Design the Future logo branding on the embroidery machine head,Raw UGC,Behind-the-scenes,true,yes,,https://www.tiktok.com/@omni.punch/video/7670250268231077128
patches,patch collection,2026-08-04,2026-10-01,reelnomads,ReelNomad,396200,18300,25,1314,"Replying to @Hannah 🖤 

Turning our roof into a map of everywhere we’ve been 🧵🚐

📍 Every patch = a place we’ve actually been

🧷 Sticky-back Velcro (spiky side!) from Bunnings — holds on the roof ","A quick, satisfying TikTok DIY tutorial demonstrating how to attach travel souvenir patches to a camper van headliner using sticky-back Velcro from Bunnings, responding directly to a follower's comment.","Replying to Hannah @- - - -'s comment 
What do you use to attach them 
GREAT BARRIER REEF 
AIRLIE BEACH AUSTRALIA 
BUNNINGS 
NOOSA 
THE BIG BANANA 
BALLINA 
KURANDA RAINFOREST 
JVC 
PAVB",Raw UGC,Tutorial,false,yes,,https://www.tiktok.com/@reelnomads/video/7670310711238593814
patches,custom patches,2026-08-04,2026-10-02,fiberwingfabrics,FiberwingFabrics,111,4,,,"Why settle for the default version of a patch? 🤷‍♀️

Most of them are already finished when you find them. 🤦‍♀️

 With our patch you can choose the colors, the hair, the details, until it actually f",A small business creator demonstrates their in-house custom embroidery capabilities by showcasing a digital design file and physical prototype of a customizable 'Pumpkin Witch' patch that features glow-in-the-dark threading.,"Your patch doesn't have to look like everyone else's; THE BIGGEST PERK OF GETTING A PATCH FROM FIREWING IS ALL OUR PATCHES ARE MADE IN HOUSE; WE MAKE THEM OURSELVES; THAT MEANS YOU CAN GET A PATCH THAT'S SPECIALLY CUSTOMIZABLE TO YOU; THIS PUMPKIN WITCH DOES NOT HAVE TO BE PURPLE; SHE COULD BE PINK, SHE COULD BE RED, SHE COULD BE GREEN, SHE COULD BE LIGHT BLUE; WE CAN EVEN CHANGE YOUR SKIN COLOUR; THIS PATCH IS MADE FOR YOU, AND IT CAN REPRESENT HOW YOU SEE YOURSELF AS A PUMPKIN WITCH; PUMPKIN WITCH",Polished Creator,Tutorial,true,yes,,https://www.tiktok.com/@fiberwingfabrics/video/7668368326338415885
patches,patch collector,2026-08-05,2026-10-02,_79jed,79JED,3720,358,7,9,New patches from @Ebz @ A patch of adventure 🙌🏻😍 #patches #collectibles #souvenir #australia #haul,"A travel creator showcases her newest collection of embroidered Australian souvenir patches from @Ebz inside her sticker-bombed vehicle, appealing to travel and collecting enthusiasts.",TORQUAY VIC; BLUE RAG VICTORIAN HIGH COUNTRY; Hill End NSW; ZIG ZAG CLARENCE NSW; Lake Lyell Lithgow,Raw UGC,Haul,true,yes,,https://www.tiktok.com/@_79jed/video/7670428521919040789
patches,iron on patches,2026-08-05,2026-10-01,samcampp,Sam,81000,3167,31,775,"spice, spice, baby!! 🍂☕️🎃

Your next girls night craft- grab some cute pouches and add these fun iron-on patches!! 

Send this to someone you want to make these with next girls night!! 

#fallcraft ","A short-form DIY tutorial demonstrates how to customize gingham pouches with fall-themed chenille patches using a mini heat press, targeted at friend groups looking for seasonal craft night inspiration.",your next girls night craft,Polished Creator,Tutorial,false,yes,,https://www.tiktok.com/@samcampp/video/7670609724642987278
patches,patch collection,2026-08-05,2026-10-01,patch_collection,Patch Collection,148,6,3,,"All these amazing patches! ✨ 

Which ones would you choose?

#irononpatches #TikTokMadeMeBuyIt","A small business account showcases a curated collection of colorful, embroidered iron-on patches in a fast-paced video set to music, inviting viewers to select their favorites in the comments.",patches i have collected,Raw UGC,Haul,true,yes,,https://www.tiktok.com/@patch_collection/video/7670641219587804429
patches,patch collector,2026-08-05,2026-10-02,code3dickson,Code3dickson🇺🇸,7373,319,61,9,It came with a sticker too #fyp #backtheblue🖤💙🇺🇸💪🏼look #lawenforcementcommunity #patchcollection #florida,"A TikTok creator unboxes a new Florida Highway Patrol patch in their bedroom, sharing the addition with the law enforcement supporter and patch collecting community.",FHP added ❤️🥺 (on-screen overlay); HIGHWAY PATROL FLORIDA (on patch),Raw UGC,Vlog,false,yes,,https://www.tiktok.com/@code3dickson/video/7670646361670372621
patches,custom patches,2026-08-06,2026-10-02,omni.punch,Omni Punch,4135,74,2,13,"🎨 Unlimited colors. Sharp details. No embroidery limits.

Our custom sublimated patches capture every detail with vibrant, full-color printing—perfect for logos, photos, and intricate artwork.

📦 Lo","A short, impactful TikTok video showcasing custom sublimated patches inside a professional embroidery workshop, highlighting sharp print details, vibrant colors, and low minimum order quantities for apparel brands.",TEENAGE DINOSAUR on patch; text on packaging sticker,Polished Creator,Behind-the-scenes,true,yes,,https://www.tiktok.com/@omni.punch/video/7670938449695771911
patches,custom patches,2026-08-06,2026-10-02,ninos_custom_stitches,Ninos_Custom_Stitches,95,6,,,"Custom company patch work 🔥🧵

Worked on a custom patch design and stitched it exactly how the customer wanted. Bringing ideas to life and adding that personal touch is what makes every piece unique.","A small business creator showcases a recently completed custom embroidered patch on a black baseball cap for a construction client, accompanied by a promotional caption and a hip-hop soundtrack.","BFPAZ CONSTRUCTION LLC on the embroidered patch; text on background product boxes including 145-362 BLACK, Nutrition Facts, 110",Casual Snapshot,Showcase,true,yes,,https://www.tiktok.com/@ninos_custom_stitches/video/7670977262988070174
patches,patch collection,2026-08-07,2026-10-01,travelnaus,travelnaus,6739,536,18,81,"The start of our patch collection! 🗺️

We’ve collected just over 100 patches so far, from our travels around Vic, South Aus and Tassie! Can’t wait to add to the collection as we explore WA later this","A silent video showcasing a vehicle ceiling completely covered in over 100 travel souvenir patches collected from road trips across Victoria, South Australia, and Tasmania, soundtracked by upbeat music and captioned with excitement for future travels in Western Australia.","Various location names on patches including Bicheno, Torquay, Queenstown, Great Ocean Road, Bright, 12 Apostles, St Helens, Cradle Mountain, Wilsons Promontory, VB (Victoria Bitter logo patch), Flinders Ranges, Yorke Peninsula, Kangaroo Island, Port Arthur, Wineglass Bay, Hobart, Apollo Bay, Robe, Coffin Bay, Bairnsdale, Echuca, Canberra, Lake Bumbunga",Raw UGC,Vlog,false,yes,,https://www.tiktok.com/@travelnaus/video/7671399618105724181
patches,police patches,2026-08-08,2026-10-02,patches_across_america,Patches Across America,3487,151,33,10,"Putting Patches On The Wall Day 5.

Arapahoe County Sheriffs Office

#foryoupage #trending #police #policepatch #collection","A creator updates followers on Day 5 of their law enforcement patch collection series, unboxing and mounting a patch from the Arapahoe County Sheriff's Office onto a brick display wall while prompting viewers to suggest the next department in the comments.","Putting Patches On The Wall Day 5.; Arapahoe County Sheriffs Office; Tyler S. Brown, Sheriff Arapahoe County Sheriff's Office 13101 East Broncos Pkwy. Centennial, CO 80112; STATE OF COLORADO EST. 1858 DEPUTY SHERIFF; US POSTAGE PAID FIRST-CLASS $001.63 ZIP 80112; METROPOLITAN POLICE LAS VEGAS; LIBERTYVILLE POLICE; CHICAGO RIDGE FIRE DEPT; LOCKPORT FIRE PROTECTION DISTRICT; ILLINOIS STATE POLICE; ROUND LAKE POLICE; INDIANA STATE POLICE; LEE COUNTY SHERIFFS DEPARTMENT; TINLEY PARK POLICE; ALASKA STATE TROOPERS; NEW LENOX FIRE DISTRICT; AMBOY FIRE PROTECTION DISTRICT",Raw UGC,Vlog,false,yes,,https://www.tiktok.com/@patches_across_america/video/7671761116057455886
patches,patch collector,2026-08-09,2026-10-02,ghoolzz_,Ghoolz_,2063,138,18,4,Honestly these are some of my favorite patches yet! #fyp #trending #patchcollecting #lawenforcement #patches,"A TikTok video by creator Ghoolz_ displaying part 2 of a patch mail call, featuring a sequence of detailed law enforcement and fire department embroidered patches laid out on envelopes over a wooden floor.","Mail Call PT 2; ST. MARIES ON THE SHADOWY ST. JOE FIRE DIST.; MONTAUK FIRE DEPT. N.Y.; GENERAL ASSEMBLY POLICE NC; COAL VALLEY, ILLINOIS 1856 POLICE; GRANITE CITY ILLINOIS POLICE; POLICE CITY OF NOKOMIS IL; POLICE MORTON ILLINOIS; POLICE FOREST PRESERVE DISTRICT WILL COUNTY; PARK RIDGE POLICE 1910; BE PART OF THE TRADITION ILLINOIS STATE POLICE NEW STARTING PAY $90,000*; HISTORY OF THE ILLINOIS STATE POLICE; WILLOWBROOK POLICE; KANKAKEE POLICE Est. 1885",Raw UGC,Vlog,false,yes,,https://www.tiktok.com/@ghoolzz_/video/7671865788462140686
patches,iron on patches,2026-08-09,2026-10-01,thecharmedwholesa,TheCharmedWholesale,543,26,8,4,#patches #irononpatches #diysupplies #junkhats,"A short, aesthetic showcase of custom iron-on patches and beaded safety pins designed for DIY crafting and junk hats, aimed at makers and small business creators.","Custom Made, Coach, Boots On The Ground, Proverbs 31 Woman, God has a plan, Pray, Wait, Trust",Raw UGC,Haul,true,yes,,https://www.tiktok.com/@thecharmedwholesa/video/7672026401641450782
patches,(not in thumbnail),2026-08-10,2026-10-01,jenaishereeeeee,⋆. 𐙚 ˚ gena,2651,8,1,13,No more boring clothes! Wag mo tatapon yan! Iron on patches lang need niyan! Affordable & low cost way to have cute & new clothes! Iron mo lang for a few seconds and my new design kana! Solid right? C,"A quick DIY fashion tutorial demonstrating how to use affordable iron-on patches to upcycle plain clothes, concluding with a call to action to buy the patches via the TikTok Shop yellow basket.",No more boring clothes! Wag mo tatapon yan! Iron on patches lang need niyan! Affordable & low cost way to have cute & new clothes! Iron mo lang for a few seconds and my new design kana! Solid right? Click my yellow basket for the designs ✨,Raw UGC,Tutorial,true,yes,,https://www.tiktok.com/@jenaishereeeeee/video/7672195549931769108
patches,morale patches,2026-08-10,2026-10-02,ynachoo2,MPHPatches,3589,17,,,"No loop surface? No problem. Each patch comes with hook backing and a FREE iron-on loop patch. Attach it, switch it, make it yours. #tiktokshopbacktoschool #moralepatches #edc #tacticalgear #patch",A short product demonstration video by MPHPatches on TikTok showcasing a tactical morale patch with hook backing and demonstrating how the included free iron-on loop patch solves attachment issues on non-tactical surfaces.,"No loop surface? No problem. Each patch comes with hook backing and a FREE iron-on loop patch. Attach it, switch it, make it yours. #tiktokshopbacktoschool #moralepatches #edc #tacticalgear #patch",Raw UGC,Tutorial,true,yes,,https://www.tiktok.com/@ynachoo2/video/7672303066393234701
patches,morale patches,2026-08-10,2026-10-02,bgiles616,Bailey Giles,9641,250,62,2,"Operation: Fill The Wall is coming along nicely! Got a few new additions to the collection, send me your unit patch to put on the wall! #armypatches #army #militarypatches #letstrade #patch","Bailey Giles shares an update on his military patch collection project, demonstrating the addition of new unit patches to his display wall and inviting followers to send in their own patches.","2ND CALVARY REGIMENT; 20TH ENGINEER BDE (SUBDUE); 20TH ENGINEER BDE (COLOR); WILD BOARS; OPERATION: FILL THE WALL IS COMING ALONG NICELY! GOT A FEW NEW ADDITIONS TO THE COLLECTION, SEND ME YOUR UNIT PATCH TO PUT ON THE WALL!",Raw UGC,Vlog,false,yes,,https://www.tiktok.com/@bgiles616/video/7672436926401596702
patches,chenille patches,2026-08-10,2026-10-02,theoriginalwne,Junk house creations,738,16,10,5,"Chanel patches for the crafters who love bold, bougie creations! 🖤✨ Perfect for customizing your hats, jackets, purses, ties and more. Shop your favorite patches and bundles now at http://www.Junkhou","A fast-paced product showcase video highlighting a large collection of Chanel-themed embroidered craft patches, encouraging viewers to shop via the linked website.",Patch bundles available at www.JunkHouseCreations.com; JunkHouseCreations A.M,Raw UGC,Haul,true,yes,,https://www.tiktok.com/@theoriginalwne/video/7672441647224917279
patches,patch collector,2026-08-10,2026-10-02,thecardverse_,TheCardVerse,56900,2686,73,239,"🚨The hits keep coming, TOP DEBUT PATCHES ARE ALL STILL LIVE🚨
⬇️Comment below your tops pulls from this product⬇️

#sportscards #cardcollector #topps #collectibles","A sports card creator reviews the massive hits from Day 5 of the Topps Chrome Update release, highlighting a million-dollar Minion Cooper Flagg superfractor, multiple debut patches, and rare 1-of-1 inserts while encouraging viewer engagement.","Top 5 of Topps Chrome Update, $1,000,000 Minion Cooper Flagg, 22/93 Debut Patches Found, Cooper Flagg, Maxime Raynaud, Victor Wembanyama, LeBron James, Luka Doncic, Connor Mcnabb",Raw UGC,Review,true,yes,possible off-topic,https://www.tiktok.com/@thecardverse_/video/7672458897138945310
patches,custom patches,2026-08-10,2026-10-02,tacticalapexindustry,Tactical Apex Industry,583,5,,2,"𝐏𝐫𝐞𝐦𝐢𝐮𝐦 𝐄𝐦𝐛𝐫𝐨𝐢𝐝𝐞𝐫𝐞𝐝 𝐔𝐧𝐢𝐟𝐨𝐫𝐦 𝐏𝐚𝐭𝐜𝐡𝐞𝐬 ✨
Crafted with fine 𝐞𝐦𝐛𝐫𝐨𝐢𝐝𝐞𝐫𝐲, 𝐝𝐮𝐫𝐚𝐛𝐥𝐞 𝐦𝐚𝐭𝐞𝐫𝐢𝐚𝐥𝐬, and professional detailing, our patches are designed to","A behind-the-scenes video of an industrial embroidery machine producing a custom tactical uniform patch, accompanied by a promotional caption detailing manufacturing services for military and police gear.",Tactical Apex Industry watermark overlay on the patch; caption contains full promotional text with WhatsApp and email details.,Raw UGC,Behind-the-scenes,true,yes,,https://www.tiktok.com/@tacticalapexindustry/video/7672466379483647240
patches,(not in thumbnail),2026-08-10,2026-10-01,ryuuuji.xx5,𝓻𝔂𝓾𝓾𝓳𝓲.ᥫ᭡ྀིྀིྀིྀིྀི,2725,38,20,25,"Sharing what I learned using pimple patches as someone who have tried a lot

#pimplepatch #acnecare #pimplecare #posh #creatorsearchinsights","A beauty creator shares personal lessons learned from testing numerous pimple patches, offering practical guidance for the SkinTok community.",,Raw UGC,Review,false,yes,possible off-topic,https://www.tiktok.com/@ryuuuji.xx5/video/7672551078663146770
patches,patch collection,2026-08-11,2026-10-01,patch_collector1,Military+policepatchcollector,3432,46,6,,New patches#patch #patchcollecting #collection #patchcollection,"A short, satisfying TikTok showcase featuring new military and tactical patch acquisitions laid out rhythmically on a wooden table to music.",New patches🔥,Raw UGC,Collection,false,yes,,https://www.tiktok.com/@patch_collector1/video/7672577668201696525
patches,patch collector,2026-08-11,2026-10-02,maddybockett,Maddyjoybockett,8533,438,15,11,"SEND ME YOUR PATCHES 🥹💁🏼‍♀️ it’s literally warms my heart so much getting these from you guys so if you have some send them over ❤️

Lets gooooo 👇🏼👇🏼

PO Box 395
SYLVANIA SOUTHGATE
NSW 2224

#j","A lifestyle creator and small business owner uses a casual, direct-to-camera vlog format from inside her Suzuki Jimny to thank her community for past gifts and invite followers to mail custom patches to her PO box to decorate her vehicle roof.",Help me build my patch collection!; PO Box 395 SYLVANIA SOUTHGATE NSW 2224; Tilda,Raw UGC,Vlog,true,yes,,https://www.tiktok.com/@maddybockett/video/7672663963833797909
patches,patches,2026-08-11,2026-10-01,postglam,aleena,55900,752,15,46,"guess I’ll just use them as cover ups 🤷🏻‍♀️🤣

#pimplepatch #pimplepatches #acneproneskin #deinfluencing #deinfluencingskincare","A beauty creator uses a humorous, non-verbal format set to dramatic music to deinfluence cute star-shaped pimple patches, showing that they look appealing but fail to perform effectively.",when the pimple patches are cute but barely work at all,Raw UGC,Review,false,yes,possible off-topic,https://www.tiktok.com/@postglam/video/7672836862024633620
patches,patch collection,2026-08-11,2026-10-01,nafardopatches,nafardopatches🚒,1513,86,12,5,Mail call✉️🚔🚒 #Leopatches #firedept #patches #patchcollecting #mailcall,A TikTok creator shares a mail call update showcasing new official uniform patches and letters received from multiple police and fire departments across the United States.,Mail call ✉️🚔🚒; Broomfield Police Colorado; Aspen Police Department; Arapahoe County Sheriff's Office Est. 1858; City of Kissimmee Fire Department Fire Courage Compassion Community Est. 1909; Gatlinburg Police Department The Heart of the Smokies,Raw UGC,Vlog,false,yes,,https://www.tiktok.com/@nafardopatches/video/7672840894931881246
patches,patch collector,2026-08-11,2026-10-02,370photographs,whacker1171,1065,35,,,Special thanks to Oregon State Police and Chico Police for the patches and for one of my mutuals for the trade!! If anyone is interested in trading message me on here or send me a message on my patch ,"A TikTok video by a patch collector showcasing a recent mail haul of police and fire department patches, featuring items from Oregon State Police and Chico Police, accompanied by an invitation for trades via Instagram.","Mail Call!!; Oregon Department of State Police Headquarters 355 Capitol St NE Salem OR 97301-3372 503-378-3720; 8/4/26; Hi Caleb, Here is a patch for your collection. Thanks! Phil; Oregon Department of State Police Phil Richardson District Trooper - General Patrol...; CHICO POLICE; MARYLAND TRANSPORTATION AUTHORITY POLICE; PROVIDENCE K-9 UNIT DEPARTMENT; WESTMOORE STATION 14 VOLUNTEER FIRE DEPT.",Raw UGC,Vlog,false,yes,,https://www.tiktok.com/@370photographs/video/7672853639500762398
patches,custom patches,2026-08-12,2026-10-02,valleycustomgraphics,Valley Custom Graphics,62700,1294,46,580,DTF 🤝🏻 leather patches #directtofilm #dtftransfers #wfhm #customtransfers #gangsheetsdtf,"A quick, satisfying tutorial on how to apply direct-to-film transfers onto leather patches and attach them to hats using a heat press, created by a custom graphics supplier.",Don't press too long or the patch will get start to adhere!!; KC initials on leather patch; Richardson 112 tag; 112 The Original MD-L/XL; 080 040 digital temperature readout on hat press,Raw UGC,Tutorial,true,yes,,https://www.tiktok.com/@valleycustomgraphics/video/7672993515185474846
patches,(not in thumbnail),2026-08-12,2026-10-01,ohana_shop03,Ohana Shop 🌻,15700,335,11,47,"Cherry blossom patch on bags
#cherryblossom  #patches #irononpatch #embroidery #fyp","A short, satisfying tutorial video by Ohana Shop demonstrating how to apply an embroidered cherry blossom patch to a canvas bag using an iron.",Cherry blossom patch on bags,Raw UGC,Tutorial,true,yes,,https://www.tiktok.com/@ohana_shop03/video/7673116445198535956
patches,iron on patches,2026-08-13,2026-10-01,daisypunchneedle,Daisy Punch Needle,25100,1285,70,129,Punch Needle Patch Tutorial! Make all your punch needle projects patches even Minnie Mouse 💝 #foryoupage #punchneedletutorial #minniemouse #punchneedleembroidery,"A concise, step-by-step DIY tutorial demonstrating how to turn a Minnie Mouse punch needle embroidery piece into an iron-on patch for denim clothing, created by Daisy Punch Needle.","Let's make a punch needle iron-on patch!; Daisy Punch Needle; Watch This!; This is an amazing punch needle tip!; Works on all fabric; Cut around leaving a half inch fabric exposed; No Hot Glue!; Fold the edges inward, then iron flat; Take a piece of iron-on adhesive paper; Trace; Cut slightly larger than the traced design; Place it on the back of the design, paper side up; Press a few seconds; Cut off the excess; Peel off the paper; Your patch!; Iron from the inside of the garment; Happy Patching!",Polished Creator,Tutorial,false,yes,,https://www.tiktok.com/@daisypunchneedle/video/7673547011412479263
patches,chenille patches,2026-08-13,2026-10-02,varsitymade,Varsity Made,332,2,,,Setting your chenille patches the right way. ☝️ #varsitymade #lettermanjacket,"A behind-the-scenes look at custom letterman jacket manufacturing by Varsity Made, highlighting the precise stitching of chenille patches on industrial sewing equipment.",JUKI; Jamie; LETTER JACKET; order paperwork with text,Raw UGC,Behind-the-scenes,true,yes,,https://www.tiktok.com/@varsitymade/video/7673620609439370510
patches,morale patches,2026-08-14,2026-10-02,moorlander_edc,Moorlander_EDC,289,6,,,"Official Moorlander EDC Glow in the dark patches - https://firmguards.com/products/moorlander-edc-x-firmguards-glow-in-the-dark-pvc-morale-patch
.
#fyp #patch #glowinthedark #MoorlanderEDC","A concise product demonstration video by Moorlander EDC showcasing the glow-in-the-dark feature of their PVC morale patch on a tactical backpack, paired with direct e-commerce links.",Moorlander EDC Est. 2018; LIKE; COMMENT; SUBSCRIBE,Polished Creator,Review,true,yes,,https://www.tiktok.com/@moorlander_edc/video/7673850790536187138
patches,patch collector,2026-08-15,2026-10-02,w0lffbite,♤ W0lffBite ♤,609,46,1,,"#onthisday if confused
I got the patch set in 2015 > I filmed this video in 2020 showing what the collection was 5 years from getting that patch. 
Now that's what my collection looks like today... and","A Destiny creator reflects on a six-year collecting journey using the TikTok On This Day feature, showing how a single 2015/2020 patch set evolved into an extensive room-filling gaming merchandise collection.",On this day 15 Aug 2020; DESTINY 3 PATCH SET BUNGIE; HUNTER WARLOCK TITAN; THIS WAS THE THING THAT MADE ME WANT TO START A COLLECTION; 5 YEARS LATER; AND THAT'S NOT ALL OF IT; 6 years later from that video; and again that's not all of it teehee. Read Caption,Raw UGC,Personal-update,false,yes,possible off-topic,https://www.tiktok.com/@w0lffbite/video/7674102563708570901
patches,police patches,2026-08-15,2026-10-02,gc.patchcollection,GC Patch Collection,2726,172,16,5,Its the little things that matter🙂 #policepatches#lawenforcementpatches#policepatchcollection#lawenforcementcommunity#backtheblue,"A law enforcement patch collector showcases personal letters and notes received from various police departments alongside their organized binder collection, highlighting the personal relationships built through the hobby.","POV: You collect more than just the patches; Dear Gavin, Thank you some interest in our Rinded Police Dept. Patch Good luck with your collection. Marce Mallen, Rindfed Police Foundation; Gavin, Here is the patch you asked for. I threw in a challenge coin. Best of luck with your patch wall and quest to be a game collector. You always treat people with respect you will be successful in anything you do! Take Care, S2; Goodluck with your law enforcement journey! Here is a patch and stickers from our department. We had some old patches at P.D. figured they could help with your patch collection! - Hampden PD; SHERIFF DEEDER SANDERS; CHESTER POLICE DEPARTMENT; CITY OF VIRGINIA BEACH; UCONN; OLD TOWN POLICE DEPT. OFFICER STEPHEN BOYD; GREENWICH POLICE; HAWKEDON PLANTATION SECURITY; MAINE OPERATION GAME THIEF; SANFORD POLICE DEPARTMENT; CITY OF PINE LAKE DEF-JAY EBY; GC Patch Collection",Raw UGC,Vlog,false,yes,,https://www.tiktok.com/@gc.patchcollection/video/7674324176177548558
patches,patch collector,2026-08-15,2026-10-02,rcreeder0396,Angel&Cam,489,26,4,2,"Thank you to the departments for the patches and to TDOC for the coin! 
#patchcollection #blueline #firstresponders #backtheblue💙 @cam_cam2003","A short gratitude post displaying a collection of police department patches and a correctional academy challenge coin, targeted at first responder supporters and patch collectors.","City of Greeley Colorado, Greeley Police, Nil Sine Numine, East Bridgewater Massachusetts 1649 Police, Kettering Police Founded on Progress 1955, Citizens Correctional Academy TDOC",Raw UGC,Photo-dump,false,yes,,https://www.tiktok.com/@rcreeder0396/video/7674366596089007373
patches,iron on patches,2026-08-16,2026-10-01,sodarlingscreenprints,So Darling Transfers • Meghan,2897,69,8,7,We just dropped some of the cutest chenille iron on patches of the season! Shop all of our transfers at SoDarlingScreens #girly #spooky #fall #asmr #halloween,"A small business owner showcases new seasonal chenille iron-on patches using a satisfying ASMR POV format, targeting boutique and t-shirt shop owners ahead of the autumn and Halloween season.",POV: you're a t-shirt shop looking for the cutest spooky season patches; M UV 50; M UV 51; M UV 52; M UV 53,Raw UGC,Haul,true,yes,,https://www.tiktok.com/@sodarlingscreenprints/video/7674457870854802702
patches,(not in thumbnail),2026-08-17,2026-10-01,keiyyzzhhh,keiyyzzhhh,1852,13,3,33,Embroidered Iron Patch for canvas bags with holes to hide✨🎀#embroiderypatch #ironpatch #patches #bagaccessories #cutedesign,"A short, aesthetic DIY video demonstrating how to use embroidered iron patches to cover holes in canvas bags, combining practical utility with cute styling.",Embroidered Iron Patch for canvas bags with holes to hide,Polished Creator,Tutorial,true,yes,,https://www.tiktok.com/@keiyyzzhhh/video/7674917150909533461
patches,chenille patches,2026-08-18,2026-10-02,ericab0077,Erica,788,35,1,,#chenillepatches #senioryear #designsistersandblanks #patches #embrioderydesign,"A short, satisfying TikTok video by Erica showcasing organized stacks of custom senior chenille patches in a workshop setting, set to an upbeat vocal track about earning what you have.",Senior patches; P14; P16; PL,Raw UGC,Behind-the-scenes,true,yes,,https://www.tiktok.com/@ericab0077/video/7675180777516076302
patches,iron on patches,2026-08-18,2026-10-01,alphapatchesgo,Patches-Alpha🎀,492,7,,1,Halloween 🎃 patches #irononpatches #diy #patches#halloween #christmas,"A fast-paced TikTok product showcase highlighting new Halloween-themed iron-on patches with a pink and sparkly aesthetic, set to an upbeat trending track.",Halloween patches 👻🩷✨new arrivals !,Polished Creator,Haul,true,yes,,https://www.tiktok.com/@alphapatchesgo/video/7675340393688337677
patches,patch collection,2026-08-18,2026-10-01,yubinhuang984695,Pretty patches,363,8,6,1,Say hi get catalog #diy #patches #falgons,"A short, engaging TikTok product showcase featuring embroidered Atlanta Falcons patches arranged on a plush surface, designed to prompt viewers to request a catalog via direct message.",Falcons patches; Any favorite,Raw UGC,Haul,true,yes,,https://www.tiktok.com/@yubinhuang984695/video/7675385502710648078
patches,custom patches,2026-08-18,2026-10-02,omni.punch,Omni Punch,6273,145,2,15,"We manufacture all types of custom patches with premium quality, fast turnaround & consistent production.
🇺🇸 USA | 🇬🇧 UK | 🇫🇷 France
📦 Free shipping
⚡ 8 business days turnaround

DM “PATCH” to ","A promotional video for Omni Punch showcasing their custom patch manufacturing capabilities, fast 8-day turnaround, and free shipping to the USA, UK, and France, targeted at brands and creators looking for reliable merchandise suppliers.",LOOKING FOR A RELIABLE CUSTOM PATCH SUPPLIER? AT OMNI PUNCH WE MANUFACTURE ALL TYPE OF CUSTOMIZED PATCHES AND OFFER FREE SHIPPING TO USA UK FRANCE FAST PRODUCTION CONSISTENT QUALITY AND DELIVERY IN AS LITTLE AS 8 BUSINESS DAYS. LET'S BRING YOUR DESIGNS TO LIFE. VEGAS DIGITIZING. FedEx. TEENAGE DINOSAUR.,Raw UGC,Tutorial,true,yes,,https://www.tiktok.com/@omni.punch/video/7675430952268549394
patches,custom patches,2026-08-18,2026-10-02,deadbombart,DeadBombArt,9561,2190,14,117,"This is currently the BIGGEST patch I've ever made. I learned a lot from making this 🥰

#embroidery #patches #furryart #custom #battlejacket","An embroidery artist showcases their largest custom furry art patch to date, highlighting intricate thread work, UV-reactive elements, and massive physical scale.",This is currently the BIGGEST patch I've ever made. I learned a lot from making this 🥰,Raw UGC,Behind-the-scenes,true,yes,,https://www.tiktok.com/@deadbombart/video/7675489310845586718
patches,patches,2026-08-18,2026-10-01,xxpushinpretty,M A R L Y N N A E,347700,16900,56,48,Let’s patch together 🫧 #pimplepatches #skintok #acnejourney #fyp #satisfying,A creator shares a casual SkinTok vlog applying Hero Cosmetics pimple patches to emerging blemishes on her forehead and eyebrows.,Hero (on patch packaging),Raw UGC,Vlog,false,yes,possible off-topic,https://www.tiktok.com/@xxpushinpretty/video/7675421478258560286
patches,iron on patches,2026-08-19,2026-10-01,tay_southernshirtshack,Southern Shirt Shack,3045,135,10,6,The trendiest patches!! #fyp #sequinpatch #irononpatch #hatbar #tshirtmaker,"A boutique owner showcases her latest collection of trendy sequin and beaded patches, demonstrating how they apply to hats, t-shirts, and bags to drive traffic to her website and Etsy shop.",,Raw UGC,Tutorial,true,yes,,https://www.tiktok.com/@tay_southernshirtshack/video/7675789708634426638
patches,iron on patches,2026-08-20,2026-10-01,pani_xx,Stephanie⁷ ⊹ ࣪ ˖,7360,118,4,13,"Here is my highly requested video of how I removed my NIKE x BTS embroidered patches! I used my patches for my concert outfit, the DIY Killin’ It Girl jacket. 💜

Please do not use or alter these patc","Stephanie⁷ ⊹ ࣪ ˖ presents a comprehensive, transparent tutorial on how to safely remove Nike x BTS embroidered patches from customized apparel at home, complete with necessary tools, step-by-step instructions, and clear warnings about potential fabric damage.","HOW TO Remove Iron-on Patches; DISCLAIMER: This tutorial is only to remove, NOT ALTER, the exclusive NIKE X BTS patches...; WHERE DID I GET MY NIKE BTS PATCHES?; NIKE HOUSE OF INNOVATION (NYC); MY PRICE BREAKDOWN; Preview of my concert outfit; THE ANSWER IS NO.; REMOVE AT HOME; WHAT ARE IRON ON EMBROIDERED PATCHES?; 'IRON-ON'; HOW IT WORKS; IMPORTANT TO KNOW; EASY TO REMOVE, BUT-; 'MARK' COULD MEAN: Color fading, Color change, Sticky glue residue, Some scorch around the surrounding material; HIGHLY SUGGEST: Not placing your patches on any clothing you plan to re-wear because of the mark it will leave; WHAT TOOLS DO YOU NEED?; PREPARE: Iron, Ironing board, A thin cotton cloth; 1. PREP: Put the thin cotton cloth over the patch to protect the design.; 2. PRESS: Keep/Hold the hot iron firmly on top for about 30-45 SECONDS!; 3. COOL: Carefully set your hot iron to the side.; FOR EASIER REMOVAL, I RECOMMEND USING TWEEZERS; IF DONE CORRECTLY, THE PATCH SHOULD REMOVE SMOOTHLY!; STILL STUCK? No worries! PUT THE CLOTH AND IRON BACK!; 15-30 SECONDS MAX!; THERE GOI :) YOU DID IT! :D; UNFORTUNATELY, THERE IS GOING TO BE A MARK.; COMPLETELY NORMAL!; LET ME KNOW IF YOU HAVE ANY QUESTIONS! HAVE FUN :)",Raw UGC,Tutorial,false,yes,,https://www.tiktok.com/@pani_xx/video/7675954820590685471
patches,patches,2026-08-20,2026-10-01,dangitalicia,dangitalicia,277800,1215,8,28,"OOTD pimple patches ⭐️ #StarPatch #OOTDBeauty #Kbeautypatch #AcnePatch
#Skintonepatch","A beauty creator reviews OOTD Beauty's new skin-toned star acne patches, demonstrating why they are superior to traditional transparent patches by matching them to her skin tone.",still using THIS in 2026??; it's not even the same colour as ur skin bestie; 5 new shades; Warm vanilla; Blush pink; Sand beige; Rich taupe; Soft cocoa; no popping; no scarring; gentle on skin; transparent patch; skin tone patch,Raw UGC,Tutorial,true,yes,possible off-topic,https://www.tiktok.com/@dangitalicia/video/7676038453938720008
patches,chenille patches,2026-08-21,2026-10-02,savannahraeshandmade,SavannahRaesHandmadeBoutique,8456,842,14,38,"Shop The Look 👀 ❤️! Rep UGA in style this football 🏈 season. 

#chenillepatches #georgiafootball #collegefootball #fyp #GoDawgs","A small handmade boutique showcases the creation of a custom University of Georgia football rhinestone patch shirt, utilizing a POV format and close-up detail shots to appeal to college sports fans.",POV: your hoping this video reaches bulldog nation ❤️,Raw UGC,Behind-the-scenes,true,yes,,https://www.tiktok.com/@savannahraeshandmade/video/7676522556370816269
patches,patches,2026-08-21,2026-10-01,staria_brantley,JA’STARIA,2600000,20300,71,689,Pimple patches are official retired! #acne #acnetreatment #pimplepatch #acneskincare #acnetips,"A creator shares a shocking skincare hack in her bathroom, arguing that using large sheets of medical tape instead of expensive small pimple patches extracts more debris and saves money.",STOP wasting money on overpriced pimple patches !!,Raw UGC,Tutorial,false,yes,possible off-topic,https://www.tiktok.com/@staria_brantley/video/7676534647169305887
patches,patch collector,2026-08-21,2026-10-02,police.patch.coll,Patch Collector,1569,155,,3,#policepatch #policepatchcollector #policepatchcollection #thinblueline #sheriff,"A short, silent video showcasing the specialized emergency lighting setup of an unmarked law enforcement SUV, tailored for tactical vehicle enthusiasts and patch collectors.",ROW 6,Raw UGC,Vlog,false,yes,,https://www.tiktok.com/@police.patch.coll/video/7676584505922178335
patches,patch collector,2026-08-23,2026-10-02,tibofootballcloset,TiboFootballCloset,2687,187,7,12,"SHIRTS WITH PATCHES > 

It’s all in the details! Official sleeve patches just take a kit from clean to elite status. 🏆🏷️⚽️

Whether it’s the Champions League starball, World Cup badges, or Premier L","A TikTok video by TiboFootballCloset showcasing a massive collection of football shirts, specifically highlighting the official sleeve patches that elevate them to elite status.",Shirts with patches>,Raw UGC,Collection,false,yes,possible off-topic,https://www.tiktok.com/@tibofootballcloset/video/7677158696660536609
patches,(not in thumbnail),2026-08-24,2026-10-01,cocoavanillabread,cocoa,9843,328,,17,#acnepatches #pimplepatches #skincare #treatment #CapCut,"A silent, aesthetic skincare tutorial demonstrating the application of star-shaped pimple patches, optimized for TikTok's SkinTok community using a CapCut template.",CapCut,Polished Creator,Tutorial,false,yes,possible off-topic,https://www.tiktok.com/@cocoavanillabread/video/7677484881764502802
patches,patch collection,2026-08-25,2026-10-01,omni.punch,Omni Punch,6208,131,1,22,"Premium USA Morale Patches 🇺🇸🔥
Built with high-quality Velcro, sharp details, and consistent finishing. Whether you’re a brand, patch shop, club, or tactical business, Omni Punch is your trusted ma","A B2B showcase of custom USA-made morale patches by Omni Punch, highlighting embroidery quality, Velcro backing, and manufacturing capability for brands and tactical businesses.","MILITARY SURPLUS BROAD STREET ARMY & NAVY STORE EST. 1941 1316 N. 3RD ST. HARRISBURG, PA",Raw UGC,Tutorial,true,yes,,https://www.tiktok.com/@omni.punch/video/7678005513665121554
patches,iron on patches,2026-08-26,2026-10-01,creamercutie,Talkin’ To Talk,933,12,2,,Had a little crafty night and used iron on patches for the first time!! I am not paying $50 for football shirts lololol (sorry @Ohio State Football) but this was so fun to make for my preschooler. Let,"A parent creates a custom Ohio State sweatshirt for a preschooler using iron-on patches and a mini heat press to avoid paying fifty dollars for retail merchandise, blending DIY crafting with relatable consumer commentary.","OHIO STATE, 396F (on heat press digital display)",Raw UGC,Tutorial,false,yes,possible off-topic,https://www.tiktok.com/@creamercutie/video/7678136272136785165
patches,embroidered patches,2026-08-26,2026-10-01,qualitypatches,Quality Patches,32200,856,33,133,"Pac-Man, but make it wearable. 👾🕹️

These embroidered transfers give you all the detail of embroidery without stitching directly onto the garment. Just heat press, peel, and watch your design level ","A short-form tutorial demonstrating how to apply custom embroidered Pac-Man heat-transfer patches to dark denim, combining nostalgic gaming imagery with modern streetwear DIY culture.",OP QUALITY PATCHES; Let is heat transfer this embroidered patch; GAME ON,Polished Creator,Tutorial,true,yes,,https://www.tiktok.com/@qualitypatches/video/7678153004092116257
patches,patches,2026-08-26,2026-10-01,sebastian_gabriel156,Jixirou Trading Beauty,650,13,,,"If you’re struggling with stubborn dark spots, you need to see how these patches work. 👀✨

#tiktokmademebuyit #skincare #beautyhacks #darkspotremover #acnepatches #skincaretips #musthaves #viralprodu","A short promotional skincare video demonstrating the use of dark spot removal patches through satisfying peel-away visuals, targeting acne-prone viewers on TikTok.",SHOP NOW >; Hubskut DARK SPOT REMOVAL PATCH; 144 pcs; udh ga galau kalo lg jerawatan; kalo patchnya udh ada putih2 tinggal cabut deh,Raw UGC,Tutorial,true,yes,possible off-topic,https://www.tiktok.com/@sebastian_gabriel156/video/7678274868139347231
patches,patch collector,2026-08-27,2026-10-02,ulscards,Upper Level Sports Cards,1573,47,3,3,"Game worn pieces make these hit different 🧵🔥 Here are our top 3 patch cards in the shop right now! Which one are you adding to the collection? 👀

#patchcards #sportscards #cardcollector #footballca","A sports card shop representative counts down three premium game-worn patch cards from their current inventory, highlighting high-value pieces featuring Keon Coleman, Justin Fields, and legendary baseball players.","Top 3 patches 😳🔥
ROOKIE
COLLEGE MATERIALS SIGNATURE
NATIONAL TREASURES
Cap
Capital
FLAWLESS
RC
JUSTIN FIELDS
OHIO STATE
11/15
Fabled Four
1/2
WILLIE MAYS
MICKEY MANTLE
HANK AARON
TED WILLIAMS
ULTIMATE SPORTS
Leaf
SPORTS CARDS",Raw UGC,Review,true,yes,possible off-topic,https://www.tiktok.com/@ulscards/video/7678541544604896525
patches,patches,2026-08-27,2026-10-01,afspotted,Af ☁️,1200000,12000,62,800,Ultra thin basically invisible spot patches #spotpatches #acneprone #acnepatches #drmelaxin,"A beauty creator shares a tutorial and review for Dr. Melaxin ZERO-FIT ultra-thin acne patches, demonstrating how they remain invisible under liquid foundation while treating breakouts.",These are not Gen X's pimple patches; 2-ZINC ZERO-FIT ULTRA THIN BLEMISH SPOT PATCH; MICRO TYPE 0.013mm; DR. MELAXIN,Raw UGC,Tutorial,true,yes,possible off-topic,https://www.tiktok.com/@afspotted/video/7678709688791289110
patches,patch collector,2026-08-27,2026-10-02,police.patch.coll,Patch Collector,2369,123,14,3,#policepatch #thinblueline #policechallengecoin #policepatchcollection #policecar,"A quiet, aesthetic showcase of various US police department patches and challenge coins presented from a first-person perspective.",POLICE NOME ALASKA CITY OF GOLDEN BEACHES 1898; COURAGE VALOR INTEGRITY TRUMBULL POLICE CONNECTICUT HONOR; THE CITY OF BOULDER POLICE DEPARTMENT 1805 33RD STREET Boulder CO 80301; DELAWARE STATE POLICE LIBERTY AND INDEPENDENCE; EXPLOSIVES DETECTION K9 DELAWARE STATE POLICE; POLICE DEPARTMENT OF THE INTERIOR BUREAU OF INDIAN AFFAIRS,Raw UGC,Vlog,false,yes,,https://www.tiktok.com/@police.patch.coll/video/7678769295052033310
patches,iron on patches,2026-08-27,2026-10-01,_lovelycreationsslv,Lovely Transfers,18500,459,23,56,The perfect fall patch DOES exist.. 👻🍂 bio in link to 🛍️ #irononpatches #ironon #htv #fall #spookyszn,"A silent, aesthetically pleasing product showcase of large, detailed fall-themed ghost patches designed for crafting and apparel customization.",The perfect fall patch DOES exist.. 👻🍂 bio in link to 🛍️,Polished Creator,Haul,true,yes,,https://www.tiktok.com/@_lovelycreationsslv/video/7678840943633501471
patches,custom patches,2026-08-28,2026-10-02,ayleen.daily,ayleen.daily,6801,323,51,49,CUSTOM PATCHES >> DUCKS ✨ #fyp #bronco #pvcpatch #ford #patchswap,"A Ford Bronco creator humorously contrasts the popular jeep/bronco duck-trading trend with her preferred hobby of collecting and trading custom PVC morale patches, showcasing an extensive board of colorful designs inside her vehicle.",TRADING DUCKS IS CUTE & ALL...; BUT BRONCO OWNERS TRADE PATCHES; Ayleen Creates; @ayleen.daily @ayleen.creates; SASQUATCH & MISBY; SURVIVOR BADLANDS; BELLATRIX STAR WARRIOR NOT JUST PASSIONATE FEARLESS; HIS HERS; Bronco Babe; @loriannsz; @BramBamBonelli; @midmightthebronco; TOP TETHER,Raw UGC,Vlog,true,yes,,https://www.tiktok.com/@ayleen.daily/video/7678869135299710239
patches,patch collection,2026-08-28,2026-10-01,acr.accessories.5,Emma DIY,485,26,2,1,Designer patches #vendor #patches #designer#diy#pretty,"A silent, aesthetically pleasing video showcasing an extensive collection of designer-inspired embroidered patches neatly organized in trays and baskets, highlighted by close-up shots of individual pieces.",1 dollar per piece price tag visible in wire basket; designer logo shapes on patches,Raw UGC,Haul,true,yes,,https://www.tiktok.com/@acr.accessories.5/video/7678879930460933407
patches,patch collection,2026-08-28,2026-10-01,astoldbyindie,astoldbyindie,2417,90,6,4,"If you are looking for fall activities, turn your fall bucket list into patches you actually have to earn. Pick an iron on patch for each thing you want to do this fall, then add it to your tote only ","A creator introduces a creative fall bucket list hack where friends earn embroidered iron-on patches for completing seasonal activities and add them to a tote bag, promoting snappylogos.com.",FALL ACTIVITY HACK 🎃; TIE DYE; BASEBALL NIGHT; SNAPPY LOGOS; Fall Product Sale '26; Item #: 11203; SALE $0.80; ADD TO CART; Fall Camp '26; Halloween '26 (Ghost),Raw UGC,Tutorial,true,yes,,https://www.tiktok.com/@astoldbyindie/video/7679056569476107534
patches,iron on patches,2026-08-29,2026-10-01,ryome_designs,Ryome_Designs,12200,275,22,50,I’m so ready for fall… 🍁#houstons1stTruckerhatbar #patchbar #htxvendor #fall #irononpatches,"A short, aesthetic crafting tutorial demonstrating the creation of an autumn-themed custom trucker hat using embroidered and glitter patches, produced by Houston-based Ryome Designs.",PUMPKIN SPICE; Ryome Designs Trucker Hat Bar,Polished Creator,Tutorial,true,yes,,https://www.tiktok.com/@ryome_designs/video/7679277004218289439
patches,morale patches,2026-08-29,2026-10-02,victoriotober,MoralePatchHub,380,1,,,Your backpack needs this grim reaper vibe 🔥 Tactical morale patch that *actually* sticks ✨ #SohoChic #MoralePatch #BackpackPatch #EDCGear #VelcroPatch,"A polished product showcase for a grim reaper tactical morale patch, highlighting its detailed embroidery, hook-and-loop backing, and compatibility with everyday carry backpacks.","[UNSEEN RESOLVE], [TACTICAL MINDSET], [HOOK-AND-LOOP] [REUSABLE], [WEAR YOUR MINDSET]",Polished Creator,Review,true,yes,,https://www.tiktok.com/@victoriotober/video/7679492091587661069
patches,patches,2026-08-29,2026-10-01,nvmxless,nvmxless,125,5,,,So thin can barely see the patch😍 #patches #drmelaxinskincare #skincare #blemish,"A short, aesthetically pleasing unboxing video showcasing Dr.Melaxin ultra-thin spot patches, targeting skincare enthusiasts on TikTok with satisfying tactile product presentation.","Dr.Melaxin Spot Patch, ORIGINAL TECH & PRO FORMULA, MELA-C-E ZERO-FIT ULTRA THIN DARK SPOT PATCH, MICRO TYPE 0.013mm, Helps protect and care for areas of skin concern areas with Vitamins C, E, and Ferulic Acid, INVISIBLE DARK SPOT CARE PRE-MAKEUP FIT, VITAMIN C + E + FERULIC ACID, 12 mm x 72 Patches, S-ZINC ZERO-FIT ULTRA THIN BLEMISH SPOT PATCH, MICRO PATCH powered by FRANZ",Raw UGC,Haul,true,yes,possible off-topic,https://www.tiktok.com/@nvmxless/video/7679542056624147734
patches,morale patches,2026-08-29,2026-10-02,bluyellow.patches,Bluyellow.patches,981,7,,1,"PRESS patch for your milsim or airsoft kit 🎥 hook-and-loop backed, tight stitch, sticks to any panel. for the reporter role only — keep it on the field. 🛒 tap the cart — grab yours #presspatch #airs","A silent, satisfying product demonstration of tactical press patches for airsoft and milsim kits, utilizing first-person POV and close-up tactile visuals to drive e-commerce engagement.",PRESS,Raw UGC,Tutorial,true,yes,,https://www.tiktok.com/@bluyellow.patches/video/7679585961759509774
patches,patch collection,2026-08-30,2026-10-01,believe.gigi,Believe.GiGi💕,3447,238,,30,"HD Patches! Message me for your own hat, crossbody, koozie or pouch 😉 #harleydavidsonmotorcycles #patch #yumaaz #truckerhat #custom","A short, aesthetic TikTok video showcasing a collection of custom embroidered Harley-Davidson patches in diverse patterns and colorways, inviting viewers to message the creator for custom hats, crossbodies, koozies, and pouches.","HD Patches! Message me for your own hat, crossbody, koozie or pouch 😉 #harleydavidsonmotorcycles #patch #yumaaz #truckerhat #custom",Raw UGC,Haul,true,yes,,https://www.tiktok.com/@believe.gigi/video/7679617197215452446
patches,patch collection,2026-08-30,2026-10-01,patchstyle,✨patch up style🧢,525,9,5,,"Sports team patches overload 🔥 DM me for wholesale prices! 📥
#chenillepatch #chenillepatches #embroideryfactory #b2bembroidery #b2b #varsitypatches #embroiderypatches #sequinpatches #customembroider","A B2B supplier showcases a bulk inventory of sequin-embellished NFL sports team patches, targeting custom apparel makers with an invitation to inquire about wholesale pricing via direct message.",sports team patches; HOT! sports team patches,Raw UGC,Haul,true,yes,,https://www.tiktok.com/@patchstyle/video/7678983264836554015
patches,patch collection,2026-08-31,2026-10-01,nostalgicjunkyard420,NostalgicJunkyard official,333,12,2,,"my patch collection.  i literally have small collections of weird  $hit. lol 

#patches #vintagepatches #patchwork","A creator showcases their extensive vintage patch collection kept inside an old suitcase, highlighting various pop culture, corporate, and scout patches while maintaining a casual, nostalgic tone.","CONNECTICUT, NAVAJO TRAIL, NIAGARA FALLS, NEW YORK, NEBRASKA, MASSACHUSETTS, OHIO, IOWA, SAN DIEGO, SUPER XXII BOWL, BOSTON MILITIA, ANTHRAX, 7UP, SHELL, BASEBALL BUNNY",Raw UGC,Haul,false,yes,,https://www.tiktok.com/@nostalgicjunkyard420/video/7680076314472140045
patches,chenille patches,2026-08-31,2026-10-02,dsllc90,Designsistersandblanks2,603,41,9,,Help a sister out which color. #patches #suddenly #newdropalert🚨 #designsistersandblanks I@Pastormikejr I would love to send you one. #christiantiktok,A small business owner uses POV footage to showcase a new drop of faith-based sequin patches and asks her TikTok community to vote on whether the accompanying sweatshirts should be cream or red.,Suddenly the patches just drop on the site run; GOD CAN DO IT Suddenly; Which color sweatshirt y'all feeling?,Raw UGC,Haul,true,yes,,https://www.tiktok.com/@dsllc90/video/7680179639817375006
patches,police patches,2026-09-01,2026-10-02,akobersteen,Alex Kobersteen,9339,1037,22,80,"FRESNO JUST BROKE PATCH PATROL.

102 PATCHES. ONE WEEKEND. 🤯

I started this series hoping I’d meet a few people in every city and trade some patches along the way.

I never imagined a single stop wo","Durham police officer and Cosmic Baseball player Alex Kobersteen recaps a record-breaking weekend in Fresno, California, where he traded for 102 first responder patches, engaging with local fans and agencies before teasing his next stop in Charlotte, North Carolina.","FRESNO JUST BROKE PATCH PATROL 
 102 PATCHES 
 ONE WEEKEND 
 102 PATCHES, FRESNO, CA 
 EVERY. SINGLE. ONE. 
 FRESNO, CA 102 PATCHES NEW PATCH PATROL RECORD 
 FAVORITE PATCH? 
 NEXT STOP → CHARLOTTE, NC 
 PATCH PATROL FIVE-O PITCHER COSMIC POLICE DEPARTMENT GP",Raw UGC,Vlog,true,yes,,https://www.tiktok.com/@akobersteen/video/7680354699878403359
patches,morale patches,2026-09-01,2026-10-02,pvcpatch_com,PVCpatch_com,4995,64,3,1,"Do you need PVC patches? We have 2000+ styles in stock and ready to ship. 

Contact us if you need patches supplies!

#moralepatch #velcropatch #tacticalpatch #pvcpatch #custompatches",A supplier showcases massive physical inventory of American flag PVC patches on warehouse shelves to prove ready-to-ship stock availability for wholesale and retail buyers.,American Flag PVC patches are Restock; info@PVCpatch.com; 20# GQ2119,Raw UGC,Behind-the-scenes,true,yes,,https://www.tiktok.com/@pvcpatch_com/video/7680460441381915918
patches,patch collector,2026-09-01,2026-10-02,hxrtley_aviation,Hxrtley Aviation,680,55,3,10,"Tell me you collect patches without telling me! @RUNWAY25
#Patches #Military #Collector #FYP #AvGeek",A humorous TikTok video by Hxrtley Aviation utilizing the tell-me-without-telling-me meme format to showcase an extensive patch collection while joking about spending money on new releases.,"ME: Babe runway25 have released some new patches! 
WIFE: Do we have any money left for food shopping? 
ME: 
No.",Raw UGC,Meme,true,yes,,https://www.tiktok.com/@hxrtley_aviation/video/7680569462092860694
patches,patch collection,2026-09-01,2026-10-01,momsdontsaythat,momsdontsaythat,175400,631,37,863,"School is back and Focus is one of the patches my girls have been wearing because ADHD + sitting in a classroom all day trying to stay on task is a struggle over here.

Focus is meant to support atten","A mother shares a personal testimonial on TikTok advocating for wearable sensory patches to help children with ADHD focus at school, directing viewers to her bio link for more information.",I will not stop posting until 20 million parents are aware that this impacted my daughter is life.,Raw UGC,Review,true,yes,,https://www.tiktok.com/@momsdontsaythat/video/7680636539554057485
patches,patch collection,2026-09-02,2026-10-01,patchcollectionofficial,patchcollectionofficial,15800,684,42,80,"Help us build our dream battle jacket! 🧷🖤

We’ve got the jacket… now YOU decide what goes on it. 👀
Tell us your patch ideas below ⬇️

Check out our website for all the rock patches patchcollection.","A patch retailer engages its audience by building a custom rock battle jacket piece by piece based on viewer comments, utilizing Bohemian Rhapsody as the soundtrack.","We are making a new Battle Jacket and we need suggestions on what to add next, comment your favorite bands and we will add them, QUEEN, Korn, SLEEP TOKEN, GREEN DAY, AVENGED SEVENFOLD, PANTERA, METALLICA, NIRVANA, GHOST, THE BEATLES.",Raw UGC,Challenge,true,yes,,https://www.tiktok.com/@patchcollectionofficial/video/7680943059105844493
patches,chenille patches,2026-09-02,2026-10-02,rugged_sunshine_designs,Rugged•Sunshine•Designs,163,3,2,4,Thank you @madyson🐆✨🤍 for your Christmas patch order!! #chenillepatches #sequinpatches #christmaspatches #wholesaler,A small business owner showcases their massive inventory of colorful holiday chenille patches while thanking a customer named Madyson for her wholesale order.,,Raw UGC,Behind-the-scenes,true,yes,,https://www.tiktok.com/@rugged_sunshine_designs/video/7680973727005265183
patches,patch collector,2026-09-02,2026-10-02,makocardz,MakoCardz,1224,67,10,3,"💙 5/5 Malo Gusto.
Player-Worn Patch Auto. 🔥
Love this Chelsea anniversary lineage design such a clean card!🙌
A recent Addition to the PC🫡
#sportscards #topps #chelseafc #footballcards #cardcollect","Creator MakoCardz showcases a rare 5/5 Malo Gusto Topps 120th Chelsea anniversary player-worn patch autograph card rotating on a display stand, accompanied by a beat-driven soundtrack and descriptive collector caption.",Topps 1905 - 2025 120th Chelsea FC Malo Gusto 27 Lineage 120th,Polished Creator,Aesthetic,false,yes,possible off-topic,https://www.tiktok.com/@makocardz/video/7680996030829038880
patches,patches,2026-09-02,2026-10-01,holliedolli94shopsugc0,holliedolli94shopsugc0,1193,5,2,,These are absolutely brilliant. I highly recommend. #spotpatches #pimplepatch #pimplestreatment #pimples #flashsaletiktok,"A creator delivers an authentic, enthusiastic review of COSRX AC Collection Acne Patches, demonstrating their effectiveness on her own acne-prone skin to build strong viewer trust and drive sales.","The best spot patches I have ever used. 
+의약외품
AC
Collection
Acne
Patch
COSRX

Perfect size for intensive care
[ The largest oval shape patch & Tapered Edge ]

26 Patches
Small 9 x 13 mm (9 ea)
Medium 11 x 16 mm (9 ea)
Large 15 x 23 mm (8 ea)",Raw UGC,Review,true,yes,possible off-topic,https://www.tiktok.com/@holliedolli94shopsugc0/video/7681014237342338326
patches,police patches,2026-09-03,2026-10-02,370photographs,whacker1171,646,38,5,1,Which is your favorite?? I think my favorite is the Detroit FPIU Explorer #police #policepatchcollection #firstresponders #policepatches #fyp,"A collector shares a mail call haul of police and first responder patches and enamel pins on TikTok, inviting viewers to select their favorite item.",Mail Call 09/02/2026; BEVERLY HILLS POLICE 90210; GRAND CANYON AIRPORT CRASH RESCUE FIRE DEPT; GREEN BAY POLICE WISC; FORT BRAGG POLICE COMPASSION CONCERN COURAGE 1889; 260 CYPRESS STREET; NORTH & SOUTH FIRE/EMS PHOTOGRAPHY; RETRO; Reaper,Raw UGC,Haul,false,yes,,https://www.tiktok.com/@370photographs/video/7681142548642958605
patches,patch collector,2026-09-03,2026-10-02,police.patch.coll,Patch Collector,472,17,9,,#policepatch #thinblueline #policechallengecoin #policepatchcollection #policepatchcollector,"A fast-paced showcase of an extensive police and sheriff patch collection set to rock music, highlighting detailed embroidery work and official municipal letters.","Text visible on official letters including 'CITY OF ATLANTA POLICE DEPARTMENT', 'August 13, 2026', 'Enclosed is the shoulder patch worn by the men and women of this Department', 'Sincerely, D B Schierbaum Chief of Police', and text on various patches such as 'WYOMING HIGHWAY PATROL', 'MAUI FIRE RESCUE HAWAII', 'VIRGINIA BEACH SHERIFF'S OFFICE', 'HILLIARD POLICE', 'PORT HURON POLICE', 'CITY OF SANDY SPRINGS GEORGIA', 'CLARKSVILLE POLICE', 'SHERIFF CHRISTIAN COUNTY MO', 'DOOR COUNTY STATE OF WISCONSIN SHERIFF'S OFFICE', 'SECURITY OFFICER FORD'S COLONY WILLIAMSBURG VIRGINIA', 'RED LODGE POLICE', 'WEST YELLOWSTONE BIG SKY COUNTRY POLICE', 'CORPORATION OF NEWPORT NEWS VIRGINIA POLICE', 'GUILFORD COUNTY SHERIFF'S OFFICE', 'BLACKSBURG VIRGINIA POLICE', 'DESOTO COUNTY MISSISSIPPI SHERIFF POLICE', 'TOBACCO ENFORCEMENT DEPARTMENT OF REVENUE POLICE', 'VIRGINIA PORT AUTHORITY POLICE', 'COVINGTON POLICE STATE OF LOUISIANA BOGUE FALAYA TCHEFUNCTE', 'MIAMI-DADE COUNTY FLORIDA POLICE DEPARTMENT', 'TOWN OF BILTMORE FOREST NC POLICE', 'DEPUTY SHERIFFS DEPT ORANGE', 'GEORGETOWN A KENTUCKY TREASURE POLICE', 'FLORIDA HIGHWAY PATROL'",Raw UGC,Collection; Showcases; Hobby,false,yes,,https://www.tiktok.com/@police.patch.coll/video/7681145922440498463
patches,patch collector,2026-09-03,2026-10-02,police.patch.coll,Patch Collector,1196,109,10,,#policepatch #thinblueline #policechallengecoin #policepatchcollection #policepatchcollector,"A TikTok post by a patch collector showcasing an extensive assortment of police and sheriff department patches and challenge coins, set to an inspiring rock soundtrack.","BARROW COUNTY SHERIFF'S OFFICE Winder, Georgia 30680; SERVING OUR CITIZENS; BOONE COUNTY SHERIFF'S OFFICE INDIANA; ATLANTIC AVIATION AMERICA'S SEMICENTENNIAL 2026; MARYLAND WILDLIFE CRIME STOPPERS 443-433-4112; COUNTY OF ROCKBRIDGE 1778 VIRGINIA SHERIFF'S OFFICE; SMYTH COUNTY VIRGINIA 1832 SHERIFF'S OFFICE; WASHINGTON COUNTY FOUNDED 1776 SHERIFF WASHINGTON COUNTY; GETTYSBURG POLICE JULY 1-3, 1863 GEN. LONGSTREET MASON-DIXON; TOWN OF PULASKI POLICE 1886 VIRGINIA; BLUEFIELD POLICE K-9 UNIT 1886; TOWN OF COEBURN VIRGINIA 1894 POLICE DEPT.; THE CITY OF WAYNESBORO, VA. HOSPITALITY IN THE VALLEY SHERIFF'S OFFICE; CHARLOTTESVILLE VIRGINIA SHERIFF'S OFFICE",Raw UGC,Showcase,false,yes,,https://www.tiktok.com/@police.patch.coll/video/7681340830975659295
patches,patches,2026-09-03,2026-10-01,xxpushinpretty,M A R L Y N N A E,546100,38900,58,173,Dark spot patches ? #fyp #skintok #darkspots,"A beauty creator films a candid review of Mighty Patch dark spot patches on TikTok, showing how they look overnight, peeling them off with tweezers, and evaluating the results on her forehead blemishes.",MIGHTY PATCH Micropoint for dark spots 8 patches,Raw UGC,Review,false,yes,possible off-topic,https://www.tiktok.com/@xxpushinpretty/video/7681192199450578207
patches,chenille patches,2026-09-04,2026-10-02,thebusymomshop,thebusymomshop,1134,25,1,3,"Another pack an order with me video 🫶🏻thank you so much for all your support 

Our sale will end Sunday Sep 6th so make sure to restock all your products for a low price ✨

Shop⬇️ www.busymomshop.co","A small business owner shares an order-packing vlog featuring glittery chenille patches, combining aesthetic workspace visuals with a time-sensitive sale announcement to drive web traffic.",@MJ.CUSTOMPRINTS; sharp; dull; SALE ENDS SUNDAY SEP 6TH MAKE SURE TO RESTOCK ALL YOUR PRODUCTS FOR A LOW PRICE; ME CUSTOM PRINTS; Thank you for shopping with us! MJ Custom Prints; USPS GROUND ADVANTAGE; G; 0001; 9300 1105 9720 5004 5055 72; HANDLE WITH LOVE DO NOT CRUSH BEND OR FOLD THANK YOU,Raw UGC,Vlog,true,yes,,https://www.tiktok.com/@thebusymomshop/video/7681479759745912094
patches,chenille patches,2026-09-04,2026-10-02,rbatransfer,RBA Transfers | DTF Transfers,1212,6,,,"🎀 Pressing a patch is just as easy as pressing a transfer.

Place it. Press it. Flip the garment. Press again. Done. ✨

In this video, we’re applying one of our statement sequin bow patches to a swea","A quick, satisfying tutorial video demonstrating how easily a statement sequin bow patch can be applied to a sweatshirt using a heat press, published by a transfer supply brand.",Pressing a patch is just as easy as a transfer,Polished Creator,Tutorial,true,yes,,https://www.tiktok.com/@rbatransfer/video/7681704498548460818
patches,morale patches,2026-09-04,2026-10-02,patchesnplates,PatchesNPlates,327,3,,,morale patch for weight lifting #memes #patches #funny,"A creator showcases a gym-themed tactical morale patch while delivering blunt, humorous advice about fitness and lifting weights.",NOBODY CARES LIFT HARDER,Raw UGC,Review,true,yes,,https://www.tiktok.com/@patchesnplates/video/7681730966649408782
patches,patch collection,2026-09-05,2026-10-01,patchcollection,Patch Collection,9658,1671,38,187,"✨ HIDDEN GEM: DJ Screw ✨

Did you spot this one on our patch wall? 👀

Consider this your sign to find your next favorite patch. 🧵💫

#HiddenGem #PatchCollection #EmbroideredPatches #IronOnPatches","Patch Collection shares a short, rhythmic showcase of its Houston hip-hop and DJ Screw themed embroidered patches, panning across a massive inventory wall to highlight niche cultural items for collectors and fans.",Hidden Gems you didn't know you needed; WELCOME TO Fabulous SCREWSTON TEXAS; Screwston; 713; H-TX; HOU; MOCITTY; SEVEN ONE THREE; SUGAR LAND; SLOW LOUD & BANGIN; SIPPIN LEAN; TRILL,Polished Creator,Haul,true,yes,,https://www.tiktok.com/@patchcollection/video/7681710211152776461
patches,morale patches,2026-09-05,2026-10-02,rooloshop,ROOLO SHOP,893,4,,,🚨 Upgrade Your Gear with This Game-Changing Morale Patch! ✨ #TacticalEssential #sohochic #weeklydeals #payday #TacticalGear #MollePatch #BackpackAccessories #TacticalLife #GearUp,"A cinematic product showcase by ROOLO SHOP highlighting the intricate details of a guardian-themed tactical morale patch, designed to appeal to the tactical EDC community through high-contrast visual storytelling.",[UNSEEN GUARDIAN]; [LIGHT MEETS DARKNESS]; [STRENGTH AND GRACE]; [GUARDIAN PRINTED MORALE PATCH],Polished Creator,Review,true,yes,,https://www.tiktok.com/@rooloshop/video/7681874521170677005
patches,morale patches,2026-09-05,2026-10-02,tacticalpatchshop,Minh Nguyen,1109,1,,,🚨 Upgrade Your Gear with This Game-Changing Morale Patch! ✨ #TacticalEssential #sohochic #weeklydeals #payday #TacticalGear #MOLLEAccessories #MilitaryStyle #TikTokMadeMeBuyIt #BackpackUpgrades,"A short product demonstration video showcasing a tactical morale patch on a black backpack, utilizing clean visuals, a soothing voiceover, and direct call-to-action for TikTok Shop","PLAIN GEAR?;
BOLD DETAIL;
STAND OUT;
PRINTED FABRIC;
SHOP IN TIKTOK SHOP",Polished Creator,Tutorial,true,yes,,https://www.tiktok.com/@tacticalpatchshop/video/7681944026983058702
patches,chenille patches,2026-09-05,2026-10-02,thebusymomshop,thebusymomshop,1510,25,,3,"Thank you to all my local girlies for your orders 🫶🏻🫶🏻🫶🏻 love when small business support another small business 🥹 

Shop your own custom apparel 🔗to our shop is in my B I O ✨

#supportlocals ","A small business owner documents the step-by-step process of pressing, folding, and packaging custom apparel orders for local customers in an aesthetically pleasing, pastel-toned workshop.","BETTERSUR, ADULT, GIRL BOSS, COZY SEASON, Small Business OWNER, 10x13",Raw UGC,Behind-the-scenes,true,yes,,https://www.tiktok.com/@thebusymomshop/video/7681486008059301133
patches,patch collection,2026-09-05,2026-10-01,botchlalil77,🌲🪖THE BIG L ⚾️ᛑᛗᛛ⌯✈︎,2827,173,32,1,MY PATCHES!! A lot of you guys have wanted to see my collection so here it is! #aviationlovers #militarypatches #miltok #fypシ゚viral #gentexhelmet,"A young female creator in a military-style jacket excitedly displays her extensive collection of aviation and military patches from her bedroom, concluding with a call for viewer recommendations.","MY PATCHES!! A lot of you guys have wanted to see my collection so here it is!; A patch I got from the Philippines; OSO- First to Go Last to Know (definitely one of my favorite patches); Air Force Special Operations (I LOVE the colors on this one); This one is the same just different colors; British Special Forces!!; Air Force (Size of a patch but it's actually a pin, still wanted to show it cuz it's cool); DEFINITELY my 2 favorites! Task Force 141 custom patch and a huge ass Special Operations patch. I put them on my CAP notebook; 2 A-10 patches I put on my travel bag (The A-10 is my favorite aircraft); Hell Yeah patch; The other cool ones I have on my wall. Most of them are just squadrons and wings.; I have a lot of patches that are the same squadron just different colors; LEMME KNOW WHAT OTHER PATCHES I SHOULD GET!!",Raw UGC,Vlog,false,yes,,https://www.tiktok.com/@botchlalil77/video/7682174651451149582
patches,morale patches,2026-09-06,2026-10-02,secretsquirrelccwutah,SecretSquirrelSWAG,206,2,,,"Skull reaper, embroidered morale patch features a cloaked figure with glowing red eyes against a camouflage background hook and loop or Velcro backing. Great for any law enforcement veteran, active du","A concise product showcase highlighting the embroidered details, profile thickness, and Velcro backing of a 'Skull Reaper' morale patch targeted at military veterans and law enforcement, set to an emotional patriotic song.",SKULL REAPER MORALE PATCH,Raw UGC,Review,true,yes,,https://www.tiktok.com/@secretsquirrelccwutah/video/7682225174631976205
patches,chenille patches,2026-09-06,2026-10-02,yarnpalsbynina,yarnpalsbynina,77400,7821,42,327,"have you tried this method with chenille yarn yet?? ⋆౨ৎ˚⟡˖ ࣪

Come back for part 2 to see all 3 characters, and what we’ll use these squares for! 🫶🏻#hellokitty #crochetersoftiktok #crochet #crosstit","A cozy, aesthetically pleasing crochet tutorial demonstrating how to cross-stitch on chenille yarn squares to create Sanrio characters, starting with Kuromi and teasing a multi-part series.",can we CROSS STITCH on CROCHET with chenille yarn?; let's try it!; now let's get to the fun part.; have you guessed the character yet??; it's Kuromi!; I'll make 2 more Sanrio characters... SO COME BACK FOR PART 2!; @yarnpalsbynina,Polished Creator,Tutorial,false,yes,,https://www.tiktok.com/@yarnpalsbynina/video/7682265899138665758
patches,patches,2026-09-06,2026-10-01,thebodyloveclub_,The Body Love Club 🤍,2471,28,3,4,"Your daily reminder that we all get spots!!
#pimplepatch #acne #skincare #creatorsearchinsights
Pimple Patch Application, Spot Patch Application, Wearing Pimple Patches In Public Is Not Embarrassing, ","A body-positive UGC compilation by The Body Love Club featuring multiple young women removing hydrocolloid pimple patches from acne-prone skin, supported by upbeat rap audio and text asserting that acne is for healing, not hiding.",we are HEALING not HIDING our spots with pimple patches,Raw UGC,Tutorial,false,yes,possible off-topic,https://www.tiktok.com/@thebodyloveclub_/video/7682433481246362900
patches,iron on patches,2026-09-07,2026-10-01,jcokreations,jcokreations,666,24,5,3,Patches #irononpatches #fyp #patches #crafting #pinklover,"A visually engaging product showcase from a small creator highlighting custom pink-themed embroidered patches, set to an upbeat R&B soundtrack.",PRADA; THAT PART; Believe; FIGHTER; SEEK FIRST THE KINGDOM OF GOD; COACH; Jones Co. Kreations; Boujee Bundle,Raw UGC,Haul,true,yes,,https://www.tiktok.com/@jcokreations/video/7682719316952780045
patches,iron on patches,2026-09-07,2026-10-01,brambles_and_rose_,Brambles And Rose,1302,57,2,3,"How to make Linocut fabric patches with patch specific adhesive 
#linocutprint #linocutpatches #irononpatches #patchadhesive #patchtutorial","A quick DIY tutorial showing how to apply specialized iron-on adhesive to linocut fabric prints to create durable, non-fraying clothing patches.",How to make Linocut fabric patches with patch specific adhesive; Very stuck on and does not fray; Print on your fabric (This is an old canvas bag) Don't forget to let the ink set before you iron it; Patch adhesive from allstitch.com; Lil scrap of adhesive; Iron it with a scrap piece of fabric on top to protect your iron; Cut around patch with paper backing still on; Done :); Now it's ready to be ironed onto clothing,Raw UGC,Tutorial,false,yes,,https://www.tiktok.com/@brambles_and_rose_/video/7682820941637864734
patches,police patches,2026-09-08,2026-10-02,thepanthersgaming18,Panthers Gaming and more,860,62,7,6,Got my first two police patches from Rawlins Wy and Washington state #policeofficer #policepatchcollector #startofsomethingnew #fypシ゚viral #viral,"A creator shares the beginning of their police patch collection, displaying their first two acquisitions from Rawlins, Wyoming and Washington State alongside informative documentation.","History of Patches; Rawlins Police Department - 215 5th Street - Rawlins, WY 82301 - 307-328-4530; The Official Badge of the Rawlins Police Department; This patch adopted: August 2006; RAWLINS POLICE PROTECTING RAWLINS SINCE 1886; IN SERVICE; WY; WASHINGTON STATE PATROL; THE SEAL OF THE STATE OF WASHINGTON 1889",Raw UGC,Vlog,false,yes,,https://www.tiktok.com/@thepanthersgaming18/video/7683198182083415309
patches,embroidered patches,2026-09-08,2026-10-01,omni.punch,Omni Punch,3762,107,5,14,"🇺🇸🦅 Philadelphia Eagle patches, made to stand out!
Premium custom patches crafted with detail and durability.

#PhiladelphiaEagles #EaglesPatches #NFLPatches #CustomPatches #EmbroideredPatches","A fast-paced, satisfying behind-the-scenes video showcasing the manufacturing of custom Philadelphia Eagles embroidered patches by Omni Punch, designed to appeal to sports fans and merchandise buyers.",PHILADELPHIA Eagles,Polished Creator,Behind-the-scenes,true,yes,,https://www.tiktok.com/@omni.punch/video/7683205559599762706
patches,patch collector,2026-09-08,2026-10-02,henryspatchproject,henryspatchproject,463,19,7,3,"huge thank you to @Jace’s Fire Photography he was so excited to open this. 

#policepatch #MotherSonProject #PatchCollecting #policepatchcollection #policepatchcollector","A young patch collector shares an unboxing video of mail received from Jace's Fire Photography, showcasing various police and memorial patches and challenge coins on a wooden floor.","UNITED STATES POSTAL SERVICE, PRIORITY MAIL, VISIT US AT USPS.COM, OFFICER DOWN MEMORIAL PAGE ODMP, PROJECT ACTIVE ARMOR 2023 LEU, NATIONAL POLICE WEEK 5K, THANK YOU",Raw UGC,Vlog,false,yes,,https://www.tiktok.com/@henryspatchproject/video/7683297703295569182
patches,embroidered patches,2026-09-09,2026-10-01,qualitypatches,Quality Patches,3946,90,11,12,"A little crazy, but make it puff ✨ 

This gold puff embroidered patch has that raised, dimensional look that makes even the simplest design stand out. Custom colors, shapes, fonts, and designs… you dr","A short, satisfying product showcase by Quality Patches highlighting the 3D dimension of a gold puff embroidered patch, encouraging viewers to order custom merchandise.","RAISED THREADS, BOLD STATEMENTS, ZERO COMPROMISES; #PUFF",Polished Creator,Behind-the-scenes,true,yes,,https://www.tiktok.com/@qualitypatches/video/7683319768891297056
patches,morale patches,2026-09-09,2026-10-02,armadilloco.us,ArmadilloCo.us,248,5,,,"Operation Epic Fury Morale Patch 🦅💥

Some missions deserve a patch, and this is definitely one of them. Featuring a cool eagle chilling in the shade up front, a camel in the background, and explosiv","ArmadilloCo.us showcases its new Operation Epic Fury morale patch on TikTok, using deadpan humor and a physical product demonstration to drive e-commerce sales to tactical gear collectors.",OPERATION EPIC FURY; TO ME I THINK IT'S OVER; new from ArmadilloCo.us Operation Epic Fury Eagle morale patch; fully embroidered hook backing; you get an idea of the size from the tape measure; but it's in centimeters not freedom units; eagle in the shades with explosions; camel in the back just doing what camels do; the top says Operation Epic Fury; and in the bottom we got to me; I think it's over; yet another piece of comedy gold from a man Trump; slap it on your pack hat; or carrier let everyone know you think it's over as well; some missions deserve a patch; this is one of them ArmadilloCo.us link in bio; built for the bold and the slightly unhinged thank you for watching,Raw UGC,Review,true,yes,,https://www.tiktok.com/@armadilloco.us/video/7683460420497181960
patches,patch collection,2026-09-09,2026-10-01,patchesgoalpha,PatchesGoAlpha-Jade,450,5,2,1,College!!#patches #diy #fyp #sequins #sports,"A vibrant TikTok video showcasing a large restock of sequin and chenille patches geared toward college game days and DIY fashion, highlighting popular sports teams and characters with high visual impact.",Newest patches!!; BULLDOGS; 321; 323; Dodgers; 18; A; NFL; Game Day; 4,Raw UGC,Haul,true,yes,,https://www.tiktok.com/@patchesgoalpha/video/7683503241266580766
patches,embroidered patches,2026-09-09,2026-10-01,omni.punch,Omni Punch,2396,77,,4,"🦅 Looking to add custom Philly Eagles-inspired patches to your collection?
We manufacture premium embroidered patches for brands, shops & merch businesses.
📩 DM Omni Punch to start your next order.
",A short B2B promotional video showcasing custom embroidered patch manufacturing capabilities by Omni Punch.,,Raw UGC,Behind-the-scenes,true,yes,,https://www.tiktok.com/@omni.punch/video/7683558433722846482
patches,embroidered patches,2026-09-09,2026-10-01,plexicosplay,Plexi Cosplay,25800,3735,74,162,"Got a good start on Sesshomaru from Inuyasha! Here’s how I made all of his design patches - I did custom make the hakima and top as well. Next is armor, sash, fur, wig 😮‍💨 #inuyasha #sesshomaru","A skilled cosplayer demonstrates the step-by-step process of designing, embroidering, and assembling custom hexagonal patches for a Sesshomaru cosplay from Inuyasha.","Making Sesshomaru's Custom Patchwork; Set up the embroidery hoop; Applique tack down stitch first; Cut close to stitch leaving stabilizer; Remove excess carefully; Iron on patch adhesive to back and cut close to stitch lines; Next up: armor, sash, fur!",Raw UGC,Tutorial,false,yes,,https://www.tiktok.com/@plexicosplay/video/7683565188871654669
patches,patch collection,2026-09-09,2026-10-01,atticus_apparel,Atticus Apparel,650,27,6,,"Organizing, stocking and prepping patches for my event this weekend...can't wait!❤️
#irononpatches #oregon #truckerhat #vendor #patches","Atticus Apparel showcases its massive inventory of humorous and branded embroidered patches organized in acrylic bins, prepping for a weekend vendor event in Oregon.","Organizing, stocking and prepping patches for my event this weekend...can't wait!❤️
#irononpatches #oregon #truckerhat #vendor #patches
Budweiser
Coors
Old No. 7
FOX
Marlboro
LAKE
MINER GANG
PORTLAND
JACK DANIELS
ROUTE 66
COWBOYS AND BEER
FUCK YOU
SMOKE SHOW
SINKIN DRINKIN
BOUJEE BITCH",Raw UGC,Behind-the-scenes,true,yes,,https://www.tiktok.com/@atticus_apparel/video/7683686547857706254
patches,morale patches,2026-09-10,2026-10-02,inthreadable,inThreadable,9858,233,5,140,"Splish Splash, Modern Welfare #patches #custom #military #fun","A short promotional video by inThreadable revealing a new custom morale patch titled 'Splish Splash Toaster Bath - Self Care Morale Patch', targeted at military and tactical gear collectors with a sense of humor.","Splish Splash Toaster Bath Self Care Morale Patch, 9.99 USD, Free U.S. shipping on $55+, Shipping policy, Pay over time for orders over $35 with Shop, Chat",Raw UGC,Behind-the-scenes,true,yes,,https://www.tiktok.com/@inthreadable/video/7683711818409446686
patches,patches,2026-09-11,2026-10-01,zwcsm5,Joey’s store,2209,20,,2,These thin pimple patches are incredible! #pimplepatch,"A beauty creator reviews Dr. Melaxin ultra-thin pimple patches on TikTok, demonstrating their invisibility under makeup and promoting a TikTok Shop deal.",Dr. Melaxin MELA-C ZERO-FIT ULTRA THIN DARK SPOT PATCH MICRO TYPE 0.013mm 12mm x 72 Patches ORIGINAL TECH & PRO FORMULA; ZINC ZERO-DOT,Raw UGC,Review,true,yes,possible off-topic,https://www.tiktok.com/@zwcsm5/video/7684179195718618390
patches,patch collection,2026-09-11,2026-10-01,thepanthersgaming18,Panthers Gaming and more,504,22,1,,Mail call #policepatchcollection #collector #policeofficer #patches #fyp,"A silent unboxing video showcasing police patches, official letters, and departmental brochures from Bellevue and Fullerton police departments for a community of patch collectors.","CITY OF BELLEVUE POLICE DEPARTMENT Post Office Box 90012 Bellevue WA 98009-9012; BELLEVUE POLICE CITY OF WASHINGTON SINCE 1953; FROM: FULLERTON POLICE DEPARTMENT CITY OF FULLERTON 237 WEST COMMONWEALTH AVENUE FULLERTON, CALIFORNIA 92832-1881; Fullerton Police Department Orange County, California United States of America; POLICE OFFICER FULLERTON POLICE 24",Raw UGC,Aesthetic,false,yes,,https://www.tiktok.com/@thepanthersgaming18/video/7684332222542859534
patches,custom patches,2026-09-11,2026-10-02,qualitypatches,Quality Patches,3605,65,4,4,"Leather patches don’t always have to be black 👀 We love experimenting with different colors and finishes, and this one might be our favorite yet.

The border stitching gives it that sewn-in look, lik","A short-form promotional video by Quality Patches demonstrating the heat-press application of custom metallic grey leather lettering onto dark denim jeans, targeting streetwear creators and brands.",pov you wanted leather patches but not in basic black; QP QUALITY PATCHES; close-up incoming; SUPER COOL; COMMENT FOR MORE INFO; UNTAMED,Polished Creator,Behind-the-scenes,true,yes,,https://www.tiktok.com/@qualitypatches/video/7684336757814480161
patches,morale patches,2026-09-12,2026-10-02,ynachoo2,MPHPatches,3136,19,,,"No loop surface? No problem. Each patch comes with hook backing and a FREE iron-on loop patch. Attach it, switch it, make it yours. #SohoChic #MoralePatch  #BackpackPatch  #EDCGear #velcropatch","A quick product demonstration showing how a tactical morale patch attaches to a backpack loop field, emphasizing the included hook backing and iron-on loop solution.",WITH BAD PEOPLE WE ARE WOLVES; NFU,Raw UGC,Tutorial,true,yes,,https://www.tiktok.com/@ynachoo2/video/7684467985792191758
patches,custom patches,2026-09-12,2026-10-02,ajuniquecreationsllc,AJ Unique Creations LLC,837,24,1,,"Creating, creating, and showing some unique products! ✨💪🏽

This custom embroidered patch came out SO GOOD! 🔥 3” x 2”, olive green with a gold trim border, finished with adhesive backing so it’s rea","A time-lapse process video by AJ Unique Creations showing the creation of a custom 'KSU' embroidered patch on a professional multi-needle embroidery machine, set to an upbeat rap soundtrack.","Ricoma machine branding, Mighty Hoop warning text on blue frame reading 'Keep Away From Electronic Devices, and Credit Cards' and 'Pacemakers', certificate on wall reading 'Certificate'",Raw UGC,Behind-the-scenes,true,yes,,https://www.tiktok.com/@ajuniquecreationsllc/video/7684603848199015693
patches,embroidered patches,2026-09-12,2026-10-01,lifebrandhq,Life Brand,2353,52,1,9,Learn the difference between woven and embroidered patches. #patches #apparel #embroidery,An apparel manufacturing expert demonstrates the physical differences between woven and embroidered patches to educate creators and promote custom merchandise services.,Patches: woven vs embroidered; MOST PEOPLE THINK THIS; IS AN EMBROIDERED PATCH; BUT IT'S NOT; THIS IS CALLED A WOVEN PATCH; THE LOGO IS WOVEN RIGHT INTO THE ACTUAL MATERIAL; AND THESE HANDLE SMALL DETAILS AND SMALL LETTERS REALLY WELL; THIS IS AN EMBROIDERED PATCH; WHERE IT'S ACTUALLY EMBROIDERED THREADED; THIS ACTUALLY HAS SOME PUFF IN IT AS WELL; THIS DOES NOT HANDLE LITTLE LETTERS WELL AT ALL; THIS DOES; IF YOU NEED SMALL DETAIL IN PATCHES; YOU WANT A WOVEN PATCH; MY NAME'S DUSTIN; HERE FROM LIFE BRAND; WE HELP BRING BRANDS TO LIFE; IF YOU NEED HELP WITH PATCHES; SEND US A DM,Raw UGC,Tutorial,true,yes,,https://www.tiktok.com/@lifebrandhq/video/7684615544263200013
patches,iron on patches,2026-09-12,2026-10-01,lashayeerose,EE5,9324,801,27,67,"I’m loving the patch look more than the pins .. now I need more !💖 @Curves by Sean Brown.                           
.
.
 Patches from @Hobby Lobby Pins from  @Amazon #curvestote #decoratewithme #iro","A creator demonstrates how to customize a hot pink Curves by Sean Brown tote bag by applying iron-on patches from Hobby Lobby and pins from Amazon, resulting in a vibrant and personalized fashion accessory.","For Temporary Use: Carefully peel off backing paper to reveal adhesive, then position right side up on project. Press firmly to adhere. For Permanent Use: 1. Preheat iron on cotton setting and turn off steam. 2. Carefully peel off backing paper to reveal adhesive. 3. Position right side up on project and press firmly to adhere. Cover with cloth, then iron for 10-15 seconds. 4. Turn project inside out and iron again for 20-25 seconds. 5. Let cool completely. Check for full adhesion and repeat steps 3-4 if necessary. Tip: For synthetic materials, use glue to adhere. Paper Studio 301302 219159 Sticker / Patch 2.5 in x 2.75 in The Paper Studio 261852 171999 Sticker / Patch 2 in x 2.38 in 1.49 2.49 1.99",Polished Creator,Tutorial,true,yes,,https://www.tiktok.com/@lashayeerose/video/7684730410986753310
patches,morale patches,2026-09-13,2026-10-02,ynachoo2,MPHPatches,4385,25,2,,"No loop surface? No problem. Each patch comes with hook backing and a FREE iron-on loop patch. Attach it, switch it, make it yours. #SohoChic #MoralePatch  #BackpackPatch  #EDCGear #velcropatches","A silent product demonstration video by MPHPatches showing a detailed tactical morale patch, its hook backing, and how it attaches to a backpack, accompanied by on-target text addressing gear compatibility.","No loop surface? No problem. Each patch comes with hook backing and a FREE iron-on loop patch. Attach it, switch it, make it yours. #SohoChic #MoralePatch #BackpackPatch #EDCGear #velcropatches",Raw UGC,Tutorial,true,yes,,https://www.tiktok.com/@ynachoo2/video/7684859529023982862
patches,patches,2026-09-13,2026-10-01,imogenawx,Imogen,597,7,,,"Find the spot patch 

#tiktokmademebuylt #spotpatches #skincare","Creator Imogen reviews Dr. Molexin spot patches in a casual TikTok video, demonstrating how to apply them and showing how undetectable and makeup-friendly they are.",Dr. Molexin ZERO-BLEMISH VITA-C & E ACNE PATCH 22 SPOTS,Raw UGC,Review,true,yes,possible off-topic,https://www.tiktok.com/@imogenawx/video/7684644276520733974
patches,morale patches,2026-09-14,2026-10-02,mark_this_working,mark_this_working,1191,47,4,1,"As I travel around teaching, I try to get a Dept patch from the different students. I have been honored to share knowledge with. @Third Alarm Cowboys sent me one of his patches and I couldn’t wait to ","A traveling fire instructor proudly adds a new patch sent by 'Third Alarm Cowboys' to his expansive collection wall, celebrating professional camaraderie within the firefighter community.",The patch wall just keeps getting additions!; THIRD ALARM COWBOYS 2022; RESCUE FISTFIGHTS BACK TO THE FIREHOUSE,Raw UGC,Vlog,false,yes,,https://www.tiktok.com/@mark_this_working/video/7685457303700540685
patches,patches,2026-09-14,2026-10-01,ju5tg1rlyt1ing5,ju5tg1rlyt1ing5,226,10,,,Half the time I struggle to find them #spotpatches #skincare,"A beauty creator shares a relatable review of ultra-thin Dr.Melaxin spot patches, using a close-up visual demonstration of their invisibility on the skin to hook viewers before displaying the product packaging.",The best spot patches EVER,Raw UGC,Review,true,yes,possible off-topic,https://www.tiktok.com/@ju5tg1rlyt1ing5/video/7685465835258875159
patches,police patches,2026-09-14,2026-10-02,legacy.lasersigns,Legacy Laserworks,5161,272,17,14,"I used to wear this patch when I worked for MSP Airport Police… so getting to build it out of wood was pretty damn cool.
Still my favorite patch I’ve made.
Alright Minnesota… whose patch should I buil","A woodworker and former MSP Airport Police officer shares his pride in crafting a large, detailed wooden replica of his old department patch, showcasing the assembly process and asking followers for suggestions on his next project.","CHECK THIS OUT LIKE WHAT, I USED TO WEAR THIS PATCH, AND GETTING TO MAKE IT OUT OF WOOD IS SUPER SPECIAL, AND THIS TURNED OUT AMAZING, IT'S BY FAR THE BEST PATCH I'VE EVER MADE, FOLLOW, AIRPORT MINNEAPOLIS ST. PAUL POLICE",Raw UGC,Vlog,true,yes,,https://www.tiktok.com/@legacy.lasersigns/video/7685498604131274014
patches,patch collector,2026-09-14,2026-10-02,akobersteen,Alex Kobersteen,14600,1121,25,130,"106 patches. One weekend. A NEW Patch Patrol record.

Scranton, you absolutely showed out.

What started as me bringing a few patches on the road has turned into something way bigger than I ever expec","Durham police officer and creator Alex Kobersteen recaps a record-breaking weekend in Scranton, Pennsylvania, where he traded 106 patches and 31 coins with local police, fire, EMS, and fans, celebrating community camaraderie through his Patch Patrol brand.","Scranton, PA 106 Patches! NEW RECORD!; #1 PATCH PATROL STOP; FDNY & NYPD; SALEM TWP PD; DICKSON CITY PD; MOOSIC BOROUGH PD; WILKES-BARRE PD; PENNSYLVANIA STATE POLICE; SCRANTON PD; LACKAWANNA SWAT; 31 Coins!; WHICH ONE IS YOURS?; PATCH PATROL FIVE-O PITCHER POWERED BY GHOST PATCH",Raw UGC,Vlog,true,yes,,https://www.tiktok.com/@akobersteen/video/7685480912397569310
patches,morale patches,2026-09-14,2026-10-02,victoriotober,MoralePatchHub,1526,13,,,"No loop surface? No problem. Each patch comes with hook backing and a FREE iron-on loop patch. Attach it, switch it, make it yours. #SohoChic #MoralePatch  #BackpackPatch  #EDCGear #velcropatch","A silent TikTok product demonstration showing how a tactical morale patch with hook backing attaches to an included coyote brown loop patch, targeted at the EDC gear community.",WITH BAD PEOPLE WE ARE WOLVES,Raw UGC,Tutorial,true,yes,,https://www.tiktok.com/@victoriotober/video/7685541867223665950
patches,patch collection,2026-09-15,2026-10-01,patchesgoalpha,PatchesGoAlpha-Jade,612,12,2,,#patches #diy #fyp #sequins #sports,"A quick retail product showcase highlighting newly stocked sequined sports patches, targeted at NFL fans and DIY crafters through energetic visual pacing.",New patches 🤩🤩🤩; 344; $20; Eagles Fly!; Dallas; 5,Raw UGC,Haul,true,yes,,https://www.tiktok.com/@patchesgoalpha/video/7685733156615425310
patches,patch collection,2026-09-15,2026-10-01,arioniee_,arion,908,43,2,2,"will be repurchasing these Ulta Beauty Collection “Wake Up Call Under Eye Patches” next time I’m at an Ulta!! 

#undereyepatches #eyepatches #ultabeauty #ultabeautycollection #rhodeeyepatches","An influencer shares an enthusiastic, authentic review of Ulta Beauty Collection eye patches while getting ready in a hotel bathroom during LTK Con.",these Ulta Beauty Collection eye patches are my latest obsession...; Another day at LTK Con calls for another set of these; Ulta Beauty Collection Wake Up Eye Patches,Raw UGC,Review,true,yes,possible off-topic,https://www.tiktok.com/@arioniee_/video/7685747581133098253
patches,morale patches,2026-09-16,2026-10-02,victoriotober,MoralePatchHub,718,0,,,"No loop surface? No problem. Each patch comes with hook backing and a FREE iron-on loop patch. Attach it, switch it, make it yours. #SohoChic #MoralePatch  #BackpackPatch  #EDCGear #velcropatch","A short-form product demonstration video by MoralePatchHub addressing how to attach tactical patches to items lacking loop surfaces, highlighting the included free iron-on loop patch.",,Raw UGC,Tutorial,true,yes,,https://www.tiktok.com/@victoriotober/video/7685930019922709791
patches,police patches,2026-09-16,2026-10-02,_eli0s_,🇫🇷 LePacha 🇫🇷,1567,56,8,5,#gendarmerie #ecusson #patches #france #psig,"A silent, aesthetic unboxing and close-up inspection of a French Gendarmerie PSIG Sabre commemorative patch on a green cutting mat, filmed from a top-down POV perspective.","P.S.I.G SABRE, VITRY LE FRANCOIS, 25 ANS",Raw UGC,Aesthetic,false,yes,,https://www.tiktok.com/@_eli0s_/video/7686079265615514913
patches,custom patches,2026-09-16,2026-10-02,bykatiahands,custom patchwork bykatia 🐚🪡,5284,74,,29,"lemme show u a trick!👀🧵🪡 perfect couple top ever right? bykatia new collection “STAR BLANKET” patch ⭐️. now available for order! 

#patchwork #customtshirt #boyfriendgifts #foryou #foryourpage","A short-form TikTok video by custom patchwork bykatia showcasing a DIY-style reveal of matching couple t-shirts adorned with star-shaped letter patches, serving as a promotional post for the STAR BLANKET collection.",lemme show u a trick! 👀🧵🪡; 0.5; 1.3x; VIDEO; FOTO; 23:05,Raw UGC,Tutorial,true,yes,,https://www.tiktok.com/@bykatiahands/video/7686140429238013191
patches,iron on patches,2026-09-16,2026-10-01,ambercreation4,AmberCreation,914,34,12,5,#patches #ironon #eagles #philly #truckerhat which one you like😍 those in stock now💚💚,"A small business creator showcases new arrivals of custom embroidered Philadelphia Eagles and sports-themed patches in a fast-paced, tactile TikTok video, inviting viewers to select their favorite design.","New arrivals 
 Are you ready 
 Pick up your patches now",Raw UGC,Haul,true,yes,,https://www.tiktok.com/@ambercreation4/video/7686150614509686030
patches,patch collector,2026-09-16,2026-10-02,patchcollectionofficial,patchcollectionofficial,6424,302,2,1,"Another classic added to the battle jacket.  🔥

🤘 Shop rock and metal patches at Patch Collection.

#metal #altfashion #ironmaiden","A short-form TikTok video by Patch Collection demonstrating how to hand-sew an Iron Maiden 'Legacy of the Beast' patch onto a denim battle jacket, accompanied by heavy metal music and shop promotional text.",,Polished Creator,Tutorial,,yes,,https://www.tiktok.com/@patchcollectionofficial/video/7686152984127868173
patches,chenille patches,2026-09-16,2026-10-02,jessicanlinn,Jessica Linn,165100,19700,171,1203,"The new large Etta is the perfect bag for fall 🍂 everything on my LtK 🤎

What’s in my bag:
Coach Outlet chenille large flap Etta 
Fall plaid kindle cover
Leather mouse pouch 
Fall bandaids
Bath and ","A lifestyle creator packs her new Coach fall handbag with curated autumn accessories, cosmetics, and tech gear, directing viewers to her affiliate links.",Packing my new fall bag,Polished Creator,Vlog,true,yes,,https://www.tiktok.com/@jessicanlinn/video/7686160807444401421
patches,patch collection,2026-09-16,2026-10-01,she.makes.a.home,Emily | She Makes a Home,2955,135,8,6,"When you have that huge collection... do this!

A dear relative asked me to turn his huge law enforcement patch collection into a decorative keepsake... and this was no small task - there were 126 pat","A creator demonstrates the meticulous process of turning 126 law enforcement patches into a custom keepsake quilt for a relative's birthday, highlighting craftsmanship, family pride, and textile art.","What can we do with all these patches?;
This.;
Jude 1:3 'Contend for the Faith.';
METROPOLITAN POLICE JUSTITIA OMNIBUS DISTRICT OF COLUMBIA;
VIRGINIA BEACH VA. POLICE;
MONTGOMERY SHERIFF'S OFFICE;
DALLAS POLICE DEPARTMENT;
CHATHAM COUNTY SHERIFF'S OFFICE 1770 N.C.;
DEPUTY MARSHAL EST 1789 VILLAGE OF CAMILLUS PROTECT SERVE POLICE;
LEE'S SUMMIT POLICE;
HENRICO POLICE;
KALAMAZOO POLICE;
TUCSON POLICE ARIZONA;
BLACKSTONE VA.;
UNITED STATES MARSHALS;
SHERIFF'S OFFICE;
PORTSMOUTH POLICE;
NASH COUNTY POLICE;
SAN ANTONIO PARK POLICE",Raw UGC,Tutorial,false,yes,,https://www.tiktok.com/@she.makes.a.home/video/7686204816351169806
patches,(not in thumbnail),2026-09-16,2026-10-01,kiasudealssg,KiasuDeals SG,109400,140,2,37,the reason normal pimple patches are ineffective..,A concise product-focused video utilizing a contrarian hook regarding standard skincare efficacy to drive viewer retention.,the reason normal pimple patches are ineffective..,Raw UGC,Review,true,yes,possible off-topic,https://www.tiktok.com/@kiasudealssg/video/7686244479971396871
patches,police patches,2026-09-16,2026-10-02,police.patch.coll,Patch Collector,501,38,1,,#policepatch #thinblueline #policechallengecoin #policepatchcollection #policepatchcollector,A police patch and challenge coin collector showcases a series of embroidered insignia and metallic coins from various departments across the United States while a nostalgic voiceover plays.,BELCHERTOWN POLICE; SCDNR REGION 3 UNIT D; COW CATCHING SINCE 1855; GREENSVILLE COUNTY SHERIFF VIRGINIA; INDIAN RIVER COUNTY SHERIFF'S OFFICE; SMU POLICE DEPARTMENT DALLAS TEXAS; STATE PATROL NEBRASKA; BROS CUSTOMS 250 YEARS OF FREEDOM MIAMI-DADE SHERIFF'S OFFICE,Raw UGC,Vlog,false,yes,,https://www.tiktok.com/@police.patch.coll/video/7686269307981991199
patches,patches,2026-09-17,2026-10-01,emma.diy6,DIY Hazel,244,6,1,,Big patches #patches #Big #diy,"A quick-cut TikTok product showcase displaying a variety of large, sparkly chenille custom patches set to an energetic pop song.","Game Day, Santa Baby, Love, Mama, Bad Witch, The Candy Galaxy, Cheer, Nike",Raw UGC,Haul,true,yes,,https://www.tiktok.com/@emma.diy6/video/7686307475611503902
patches,patch collection,2026-09-17,2026-10-01,shelleyg0430,Shelley Garza,124,4,1,1,"HATS & MORE HATS 🧢✨

“I just need ONE more patch…”
Wait—no, I need that one too.
OH MY GOSH… did you see THAT one?! 👀
Yep. Add it to the collection. 😂

And that, my friends, is exactly how my hat &","Small business owner Shelley Garza humorously documents her growing obsession with collecting custom patches and trucker hats, showcasing a vibrant array of detailed hat designs while prompting viewers to share their own crafting addictions.",HATS & MORE HATS 🧢✨; Porch Goose; MUDDY MAM; unhinged; SALTY; Aspire Marketing & Designs By Shelley; NEW HAT RELEASE COMING...; GOD IS GOOD all the time; MAKE HEAVEN CROWDED; OTTO WORLD FAMOUS FOAM FRONT OSFM; LOVE is like a Butterfly; BOUJEE Redneck; RISE & GRIND COFFEE,Raw UGC,Vlog,true,yes,,https://www.tiktok.com/@shelleyg0430/video/7686338589151497485
patches,patches,2026-09-17,2026-10-01,karlabaldera5,Karla,32,8,,1,Best pimple patches ever!! @Easyderm #pimple #patches #fastacting #face #acne,"A short, silent TikTok product review by Karla showcasing EasyDerm acne patches with close-up macro visuals of the packaging and application.",,Raw UGC,Review,true,yes,possible off-topic,https://www.tiktok.com/@karlabaldera5/video/7686354099259968799
patches,morale patches,2026-09-17,2026-10-02,daily.observer,Daily Observer,196500,12900,288,777,"Aura💪
#patches#ukraine","Commander-in-Chief of the Armed Forces of Ukraine Mykhailo Drapatyi poses next to a large wall display of captured Russian military patches, presented by news outlet Daily Observer with upbeat music.",UNITED24; Commander-in-Chief of the Armed Forces of Ukraine Mykhailo Drapatyi stands next to a wall displaying captured Russian military patches; Photo: Khartiia Corps,News,News,false,yes,,https://www.tiktok.com/@daily.observer/video/7686424060091206942
patches,chenille patches,2026-09-17,2026-10-02,thebusymomshop,thebusymomshop,2432,51,1,2,"Thank you so much for all your orders 🫶🏻 

Sale still going on so run to our webbie 🕸️ and save some 💰 

🔗is in my B I O ✨

#smallbusinessowner #screenprinttransfers #packanorder #chenillepatches","A small business owner demonstrates order fulfillment for chenille patches through a satisfying, aesthetically pleasing overhead POV packing video.",PACK AN ORDER WITH ME,Raw UGC,Vlog,true,yes,,https://www.tiktok.com/@thebusymomshop/video/7686528548084944141
patches,custom patches,2026-09-17,2026-10-02,omni.punch,Omni Punch,3658,101,2,5,"🇺🇸 The US Flag Patch — one of the most produced patches at Omni Punch.

#USFlagPatch #CustomPatches #EmbroideredPatches #OmniPunch #PatchManufacturing","A short, satisfying visual showcase of a custom-manufactured US flag patch by Omni Punch, filmed inside an active embroidery workshop.",,Polished Creator,Behind-the-scenes,true,yes,,https://www.tiktok.com/@omni.punch/video/7686528778205449479
patches,custom patches,2026-09-17,2026-10-02,patchprincess1,PATCHPRINCESS,425,19,,,"YES! We customize.

We just finished a large order of embroidery and bling patches. 

You can order for your school, organization and business.

Email: thepatchprincess.com

Please have a logo or 
We ","Patch Princess breaks down the exact ordering requirements, minimum quantities, and turnaround times for custom embroidery and bling patches in a straightforward explainer video.",ORDER YOUR CUSTOM EMBROIDERY OR BLING PATCHES! ; PATCH PRINCESS,Raw UGC,Tutorial,true,yes,,https://www.tiktok.com/@patchprincess1/video/7686565177772313869
patches,patches,2026-09-17,2026-10-01,anasaurousrex,Rex,1804,62,,1,I still love them tho #starpatches #starface #pimplepatch #rex #ad,"Creator Rex shares a funny, relatable story in a work setting about how she had to stop wearing yellow star pimple patches because a customer mistook them for mustard on her face.",I like wearing the star pimple patches to work but I had to stop wearing the yellow ones cuz a lady came up to me and asked if I had mustard on my face,Raw UGC,Vlog,true,yes,possible off-topic,https://www.tiktok.com/@anasaurousrex/video/7686598002483514655
patches,police patches,2026-09-17,2026-10-02,trooper.ret.gene,❌️ Trooper (Ret.) Gene ❌️,1352,27,5,,#policeofficer #copsontiktok #copsoftiktok #police #fyp,"A retired state trooper shares a close-up photograph of the new shoulder patch for the Kannapolis Police Department in North Carolina, set against a stone background with a heavy rock soundtrack and bold descriptive overlay text.",New Patch: Kannapolis Police Department North Carolina; KANNAPOLIS; NORTH CAROLINA; POLICE; USA,Lo-fi Authentic,Personal-update,false,yes,,https://www.tiktok.com/@trooper.ret.gene/video/7686634676638797087
patches,patch collection,2026-09-18,2026-10-01,tom.patches,Tom patches,609,19,11,1,Say hi get catalog #patches #diy #bengals,"A quick, beat-synced product showcase video displaying multiple styles of Cincinnati Bengals embroidered patches, prompting viewers to message for a catalog.",Bengals; Say hi get catalog,Raw UGC,Haul,true,yes,,https://www.tiktok.com/@tom.patches/video/7686876779281255693
patches,police patches,2026-09-19,2026-10-02,micro.patches,MicroPatches,1640,34,5,5,"There’s fast… and then there’s MicroPatches fast. 🐆⚡

Salt River PD changed their patch. We heard about it. We made it. Same day energy. 👀

#MicroPatches #PolicePatches #PatchCollector #LawEnforceme",MicroPatches demonstrates rapid product development by designing and manufacturing a newly updated Salt River police patch within hours of being notified via a TikTok comment.,"micropatches for law enforcement; Comments 11; Likes 103; Views 4,38K; Ron C: Do you have anything Bureauof Indian Affairs Office of Justice Services; MicroPatches Creator: Not yet! Send over patch photos!; LifelsBeautiful: FYI Salt River police just changed their patch; MicroPatches Creator: Oh snap! Thanks for letting us know!; Auto Layout; Merge Layers; 0%; 100%; SALT RIVER PIMA - MARICOPA POLICE AZ; AVAILABLE NOW; MICRO PATCHES",Raw UGC,Behind-the-scenes,true,yes,,https://www.tiktok.com/@micro.patches/video/7687039472801828126
patches,custom patches,2026-09-19,2026-10-02,summitimprint,summitimprint,488,13,8,,"Making custom UV printed hat patches from start to finish.

The laser cutting them out might be the most satisfying part.

#CustomHatPatches #UVPrinting #LaserCutting #CustomHats #HatBusiness","A hypnotic behind-the-scenes video demonstrating the laser cutting process for custom UV printed hat patches, utilizing satisfying close-up visuals and workshop sounds.",HELLO MY NAME IS JSTAR; PHOTOG,Raw UGC,Behind-the-scenes,true,yes,,https://www.tiktok.com/@summitimprint/video/7687055557961747726
patches,embroidered patches,2026-09-19,2026-10-01,tokiyoembroidery,Tokiyo  embroidery,1800000,22000,390,779,Easy techniques and ideas for fixing torn or holey clothes by applying an embroidered patch over the damage #embroidery #embroidered #crafts #viral #reels,"A mesmerizing craft timelapse showing how to fix a torn piece of clothing by embroidering a layered fabric flower over the damage, appealing to DIY and upcycling enthusiasts.",FACEBOOK @VANNO,Raw UGC,Tutorial,false,yes,,https://www.tiktok.com/@tokiyoembroidery/video/7687065931746397453
patches,patch collector,2026-09-19,2026-10-02,lexingtonpoliceroblox,Lexington Police Dept Roblox,904,46,2,,"Part 4 of collecting all 50 state police patches.  Thank you Iowa State Patrol for the patch y'all gave to me, I am very thankful for y'all dedication to save lives in Iowa and there courtesy! #lawenf","A young creator documents part four of their quest to collect all fifty state police patches, expressing gratitude to the Iowa State Patrol for sending an official worn shoulder patch and an encouraging handwritten note.","Niklaus - We hope you enjoy our ISP patch! <3, Post 1; COURTESY SERVICE PROTECTION; IOWA STATE PATROL; This patch has been worn on the shoulder of an Iowa State Trooper",Raw UGC,Vlog,false,yes,,https://www.tiktok.com/@lexingtonpoliceroblox/video/7687268433318202638
patches,patch collector,2026-09-19,2026-10-02,police.patch.coll,Patch Collector,418,23,1,,#policepatch #thinblueline #policechallengecoin #policepatchcollection #policecar,"A TikTok video by Patch Collector showcasing three detailed 1/64 scale state trooper model cars from Kansas, Washington, and Missouri inside custom presentation boxes, accompanied by an upbeat soundtrack and law enforcement-themed hashtags.",KANSAS RECRUITING & COMMUNITY ENGAGEMENT; 1/64; STATE PATROL WASHINGTON STATE PATROL; MISSOURI STATE HIGHWAY PATROL STATE TROOPER; Rollin,Raw UGC,Collection,false,yes,,https://www.tiktok.com/@police.patch.coll/video/7687308318204857631
patches,police patches,2026-09-19,2026-10-02,code3gr,Code3GrandRapids,687,34,2,1,"Patch Wall Update 9/19/26
-
New patches have arrived! The police cabinet has been added to, and the wall is looking fire as per usual! 
-
#patches #patchcollection #firedept #police #fyp","A TikTok video by Code3GrandRapids documents an update to a first responder patch collection, showcasing new fire department and police patches laid out on a table and pinned to a wooden display wall.",EMERGENCY / HOUSE 51 / KENTWOOD PREVENTING FIRES SAVING LIVES 1967 FIRE DEPT / WARREN FIRE & RESCUE MICHIGAN / MACKINAC ISLAND FIRE DEPARTMENT EST. 1819 MICHIGAN / GRAND RAPIDS POLICE / KENT COUNTY SHERIFF'S OFFICE / ZEELAND POLICE MI. / POLICE DEPARTMENT CITY OF WAYLAND / HAMBURG TOWNSHIP POLICE / BATTLE CREEK POLICE / IONIA COUNTY SHERIFF'S OFFICE,Raw UGC,Vlog,false,yes,,https://www.tiktok.com/@code3gr/video/7687361939596528926
patches,police patches,2026-09-20,2026-10-02,eclecticharlie,EclectiCharliE,312,14,2,,Here’s a few more I got this morning. Our little department collection is growing! #copsoftiktok #patches #policepatchcollection,"A TikTok post by user EclectiCharliE showcasing two new police patches added to a growing departmental collection, filmed from an overhead office desk perspective with background music and on-screen text.",Got 2 more!; The collection is growing.; Avondale POLICE ARIZONA; ALBUQUERQUE POLICE FIELD SERVICES BUREAU,Raw UGC,Personal-update,false,yes,,https://www.tiktok.com/@eclecticharlie/video/7687574200139271454
patches,embroidered patches,2026-09-20,2026-10-01,tokiyoembroidery,Tokiyo  embroidery,84800,1119,20,63,An easy and practical way to fix torn fabric using an embroidered appliqué patch #embroidery #sewing #crafts #reels #viral,"A silent, satisfying tutorial demonstrating how to creatively mend a tear in fabric using a punch needle tool and colorful fabric appliqués shaped like a flower.",FACEBOOK @REVANNO_BORDIR,Raw UGC,Tutorial,false,yes,,https://www.tiktok.com/@tokiyoembroidery/video/7687607026087759118
patches,patch collection,2026-09-20,2026-10-01,elynvibe,Cockpitentransat,931,91,10,3,"Et pas que…

#pourtoi #foryoupage #aviation #patch #collection",A female aviation enthusiast confidently showcases her massive wall-mounted collection of military and flight patches while lip-syncing to a rap song in a short TikTok video.,OBJECTIF : COLLECTIONNER LE PLUS DE Patchs,Raw UGC,Vlog,false,yes,,https://www.tiktok.com/@elynvibe/video/7687610548216696097
patches,iron on patches,2026-09-20,2026-10-01,mk.designz,MK Designz,1440,98,48,7,Baltimore Ravens fans where y’all at? 📣📣📣. New PREMIUM Iron-on Patches have arrived! 🎉🎉. Get yours before they sell out…. #baltimoreravens #football #baltimore #military #fyp,"A short-form promotional video by MK Designz showcasing new custom embroidered Baltimore Ravens iron-on patches, utilizing fast cuts, rhythmic audio, and a direct call-to-action to engage football fans.",,Raw UGC,Haul,true,yes,,https://www.tiktok.com/@mk.designz/video/7687627775959715086
patches,custom patches,2026-09-20,2026-10-02,crafting_auntie,Crafting_Auntie,307,11,2,,"These custom iron-on patches were created for a special project I’m getting ready to bring to life. They make personalizing your items quick, easy, and far from boring—because every project deserves a","A short creator teaser video showcasing detailed custom Michael Jackson iron-on patches on a crafting mat, designed to build anticipation for an upcoming special project.",More Custom Patches,Raw UGC,Haul,false,yes,,https://www.tiktok.com/@crafting_auntie/video/7687652746496871710
patches,patch collection,2026-09-20,2026-10-01,ovallio.nart,ovallion.art,14500,1995,32,39,"Harvest from the Vocaloid Patch 👩‍🌾🚜🌾

Figured if my wallet was already gonna cry getting Neru I might as well go for the whole set

#blindbox #hatsunemiku #akitaneru #vocaloid #figurecollection","A creator unboxes a rare Akita Neru figure from a Vocaloid blind box set, highlighting the high aftermarket cost and teasing a finale.",Time for another harvest from the Vocaloid Patch; 👩‍🌾🚜🌾; ねんどろいどぷち; NENDOROID-PETIT; ボーカロイド #01; SECRET ITEM; GOOD SMILE COMPANY; 12個入り; 全10種 + シークレット1種; Only two left! How exciting ✨; who will it be?; THE YELLOW ONE OMG; *(haha jk it's Neru); warm up the baby; Crest; It's crazy to finally find her she's so expensive now!; Good Smile Company Akit...; $75; Depop; Akita Neru Nendoroid Puc...; $53.99; eBay; 5th ANNIVERSARY; triple baka mentioned; come back for the finale,Raw UGC,Unboxing,false,yes,,https://www.tiktok.com/@ovallio.nart/video/7687678157125684510
patches,custom patches,2026-09-20,2026-10-02,fiberwingfabrics,FiberwingFabrics,144,5,,1,"We make custom patches.

Send a photo. We turn it into stitches.

 5–10 days after we approve the art.
DM the photo.

#custompatches #irononpatches #embroidery #stockton #asmr","A short-form TikTok video by Fiberwing Fabrics showing a high-speed industrial embroidery machine stitching a custom nautical patch, accompanied by ASMR sewing sounds and step-by-step text instructions on how to order custom patches from personal photos.","Custom patches Starting now, Send a photo, We turn it into stitches, DM the photo, we send the quote, Fiberwing Fabrics",Raw UGC,Behind-the-scenes,true,yes,,https://www.tiktok.com/@fiberwingfabrics/video/7687689698197736734
patches,patch collector,2026-09-20,2026-10-02,ghoolzz_,Ghoolz_,826,48,1,1,"I got a lot more stuff, might make another one later #fyp #patchcollecting #lawenforcement #patches #trending","A short, engaging TikTok video showcasing part three of a law enforcement patch collection, displaying various municipal and university police patches sent through the mail to a hobbyist collector.","Mail Call PT 3; FRANKLIN POLICE N.C. SINCE 1855; POLICE 1889 NC WESTERN CAROLINA UNIVERSITY Cullowhee; AKRON POLICE STATE OF OHIO; POLICE MIDDLE TENNESSEE STATE UNIVERSITY; SHERIFF ONEIDA COUNTY; LANCASTER, PA. POLICE RED ROSE CITY; POLICE DEPT. 1905 GARNER, N.C.; CHAPEL HILL POLICE N.C.; POLICE KIRKLAND, IL; POLICE WESTERN SPRINGS ILLINOIS EST. 1886; TOWNSEND POLICE K9; TOWN OF TOWNSEND, MASS. INCORPORATED JUNE 29, 1732; SHERIFF ANDERSON COUNTY TENNESSEE IN GOD WE TRUST",Raw UGC,Collection-showcase,false,yes,,https://www.tiktok.com/@ghoolzz_/video/7687767985511091470
patches,patch collection,2026-09-21,2026-10-01,chanplante,CHAN,573800,47500,190,182,hello kitty eye patch 💗 in honor of the new @Cider USA x Hello Kitty & Friends collection!!,"A creator documents her budget-friendly DIY project crafting a custom Hello Kitty eye patch using a $5 pirate eye patch and hot glue, celebrating the launch of a new Cider collection with humor and enthusiasm.",Hello Kitty & Friends x Cider to be exact!!,Raw UGC,Tutorial,true,yes,possible off-topic,https://www.tiktok.com/@chanplante/video/7687736486766185742
patches,police patches,2026-09-21,2026-10-02,twistedmoose,Twisted Moose Printing,3410,100,40,18,"Another PD patch done. Which do yall think looks better? Matte or standard?

#3dprinting #police #dfw #fyp #foryoupage","A 3D printing creator showcases a newly printed police patch for the town of Celina, Texas, and asks his audience whether they prefer a matte or standard finish by comparing it to a Dallas Police patch.","SOCIETY, K2 PLUS, 350 x 350 x 350, NOTICE, CryoGrip Pro Glacier, CFS, POLICE CELINA TEXAS, DALLAS POLICE DEPARTMENT",Raw UGC,Tutorial,false,yes,,https://www.tiktok.com/@twistedmoose/video/7687797392241970445
patches,patches,2026-09-21,2026-10-01,gracelamarr,GRACE,7361,224,2,2,they’re magical tho #acnetreatment #pimplepatches #skintok #realpost,"A creator shares an unvarnished, highly vulnerable video of herself removing over twenty pimple patches from her acne-covered face in a marble bathroom, fostering deep relatability and community validation within SkinTok.",real post of the day: waking up with 20+ pimple patches on your face,Raw UGC,Personal-update,false,yes,possible off-topic,https://www.tiktok.com/@gracelamarr/video/7687814707138399501
patches,iron on patches,2026-09-21,2026-10-01,julianajaquez_,julianajaquez_,686,35,2,3,Today I learned something new! I covered the hole I cut and ironed on a bear patch! Thank you to everyone who commented recommendations on how to fix my sweater. Can’t wait to wear it #embroidery #iro,"A female creator documents her attempt to fix a cut in her DIY mock-neck sweater using follower recommendations, successfully applying iron-on patches before accidentally scorching the wooden table at the end of the video.",Righting my Wrongs: How to patch on sweaters For baddies By a dummy; How to Patch a sweater; SOS Imaooo; Did it twice btw; Now how do I fix my table; PRAY on shelf mugs,Raw UGC,Tutorial,false,yes,,https://www.tiktok.com/@julianajaquez_/video/7687825928239451423
patches,patch collector,2026-09-21,2026-10-02,370photographs,whacker1171,1030,83,2,1,Some new stuff to add to the collection #patchcollector #policepatchcollection #firstresponder #fyp,"A first-person TikTok video by user whacker1171 showcasing newly arrived police and fire department patches and challenge coins in a 'Mail Call' update, aimed at the first responder collecting community.",Mail Call 09/16/2026; SEASIDE PARK; TRI BORO FIRST AID ASSN ISLAND BEACH SEASIDE PARK NY 19 35; FIRE DEPT TALLAHASSEE; PORTER COUNTY POLICE INDIANA; YORK COUNTY VA 1634 FIRE & LIFE SAFETY; NORTH BERGEN TOWNSHIP OF NORTH BERGEN NJ EST. 1907 POLICE; NEW JERSEY LAW & PUBLIC SAFETY JUVENILE JUSTICE COMMISSION; Ocean City Police Department Mission Statement,Raw UGC,Collection showcase,false,yes,,https://www.tiktok.com/@370photographs/video/7687829156557507870
patches,morale patches,2026-09-21,2026-10-02,victoriotober,MoralePatchHub,289,4,,,Silent guardian? This patch speaks volumes 👀 Angel + soldier = *tactical* vibes ✨ #SohoChic #MoralePatch #tiktokshopstockup#BackpackPatch #EDCGear #VelcroPatch,"A high-production macro product showcase for a tactical morale patch, highlighting intricate PVC engraving, material texture, and backpack application for the EDC community.",SILENT GUARDIAN; DETAILS IN FINE PRINT; 8.5 CM / 3.35 IN; A STORY IN A SINGLE PATCH; STAND OUT SUBTLY; → SHOP,High-Production,Review,true,yes,,https://www.tiktok.com/@victoriotober/video/7687867858436492557
patches,patch collection,2026-09-21,2026-10-01,gueritas.boutique,gueritas boutique,7987,297,35,59,"New Band patches just arrived and I’m obsessed! 😍✨
Whether you’re a proud Band Mom, cheering from the stands, or just Here for the Band, I can create a custom trucker hat just for you! 💕
🎩 Choose y",A short promotional video by Gueritas Boutique showcasing new embroidered patches and custom trucker hat options designed specifically for marching band parents and supporters.,"BAND MOMS... these are for YOU!, HERE FOR THE BAND, BAND MOM, I'M WITH THE BAND, LOUD & PROUD BAND MOM",Raw UGC,Haul,true,yes,,https://www.tiktok.com/@gueritas.boutique/video/7688041481759739167
patches,custom patches,2026-09-21,2026-10-02,qualitypatches,Quality Patches,679,14,4,2,"Sometimes sewing it on is the way to go. 🪡

Our woven labels are lightweight, fully customizable, and made to last wear after wear.

MOQ 10 | ~2 week turnaround

Ready to design your own custom patch","A short-form tutorial and product showcase by Quality Patches demonstrating how their custom woven labels are sewn onto beanies, highlighting product durability, low minimum order quantities, and custom branding potential.","QP QUALITY PATCHES, REDKEY, let's take a custom woven label and apply it directly onto a beanie this one has a sew on backing so we stitch it directly onto the beanie for a secure long lasting finish they're clean lightweight and an easy way to put your branding on just about anything",Polished Creator,Tutorial,true,yes,,https://www.tiktok.com/@qualitypatches/video/7688071129935678752
patches,patch collector,2026-09-21,2026-10-02,police.patch.coll,Patch Collector,11000,406,19,30,#policepatch #thinblueline #policechallengecoin #policepatchcollection #policecar,"A creator showcases recent additions to a law enforcement patch and challenge coin collection, beginning with an official letter from the Cobb County Sheriff's Office and moving through various regional police and sheriff department memorabilia.","COBB COUNTY SHERIFF'S OFFICE, CRAIG D. OWENS SR SHERIFF, RHONDA W. ANDERSON CHIEF DEPUTY, GINA V. HAWKINS ASSISTANT CHIEF, Hello, Thank you for your patch request to the Cobb County Sheriff's Office. Enclosed is the patch you requested. It is our pleasure to share a piece of our agency with you, and we hope it serves as a meaningful reminder of the dedication and commitment of the men and women who proudly serve our community each day. On behalf of Sheriff Craig D. Owens, thank you again for your support of the Cobb County Sheriff's Office. Sincerely, Tareasa M. Johnson. ONE TEAM ONE FIGHT! www.cobbsheriff.org, STATE OF GEORGIA, SHERIFF COBB COUNTY, 1981-2026, SERVING PEOPLE AND WILDLIFE FOR 45 YEARS, VIRGINIA CONSERVATION POLICE, POLICE, SCOTT COUNTY SHERIFF VIRGINIA IN GOD WE TRUST SHERIFF'S OFFICE, SOUTHWEST VIRGINIA REGIONAL DRUG TASK FORCE TM4F, POLICE STATE OF ILLINOIS ISATT STATEWIDE AUTO THEFT TASK FORCE, www.metalpromo.com, CHICAGO POLICE DIVE TEAM, TENNESSEE STATE TROOPER HIGHWAY PATROL, INTERSTATE 840, SHERIFF GREENE COUNTY, SERVICE INTEGRITY RESPECT, NATIONAL PARK SERVICE LAW ENFORCEMENT DRUG RECOGNITION EXPERT, SAN DIEGO COUNTY SHERIFF, WILDLIFE RESOURCES CONSERVATION POLICE VIRGINIA 1903 SINCE VIRGINIA, SINCE 1815",Raw UGC,Vlog,false,yes,,https://www.tiktok.com/@police.patch.coll/video/7688092221337292063
patches,patch collector,2026-09-21,2026-10-02,jblooksforpatches,JBLOOKSFORPATCHES,93,11,,4,THANK YOU SO MUCH TO ALL THE DEPARTMENTS THAT SENT PATCHES MORE TO COME! let me know if you need the emails #lawenforcementcommunity #patches #fyp #fypシ #lawenforcementpatches,"A TikTok video by JBLOOKSFORPATCHES expressing gratitude to law enforcement departments that sent patches for their collection, featuring a rapid showcase of diverse agency insignia.","MY PATCH COLLECTION RIGHT NOW, PENNSYLVANIA STATE POLICE, ARIZONA STATE TROOPER, WESTFIELD POLICE TOWN OF UNION N.J., PARSONS POLICE, MISSISSIPPI DEPARTMENT OF PUBLIC SAFETY STATE OFFICER TRANSPORTATION ENFORCEMENT, ATLANTA FIRE RESCUE EST 1882, OSCEOLA SHERIFF'S OFFICE COUNTY, OCEAN CITY POLICE NEW JERSEY, POLICE CITY OF PARSONS, POLICE DIGNITY HONOR INTEGRITY D'IBERVILLE MISSISSIPPI, TROOPER ALABAMA WE DARE DEFEND OUR RIGHTS, ARKANSAS STATE POLICE, METROPOLITAN POLICE LAS VEGAS, PENNSYLVANIA STATE POLICE TROOPER",Raw UGC,Vlog,false,yes,,https://www.tiktok.com/@jblooksforpatches/video/7688098086006295839
patches,custom patches,2026-09-21,2026-10-02,shirtcoofficial,Shirt Co,10200,120,15,59,"Don't buy a laser engraver (until you watch this video)! Connor experiments with DTF transfers on leather patches to get a similar look, but at a cheaper price and with no minimums!

#dtf #dtfprint #d","A custom apparel workshop owner demonstrates why makers should skip buying an expensive laser engraver and instead use DTF transfers on faux leather patches, candidly showing both a failed test and a successful final product.",Don't Buy A Laser Engraver!; SHIRT.CO; HAT.CO EST. 1975; Ameren; PRESSLY; 8' NAVY; STAHL; 200; 245; PICK UP; SHIRT.CO GROWING & BELONGING; #CURLY,Raw UGC,Tutorial,true,yes,,https://www.tiktok.com/@shirtcoofficial/video/7688110933301890318
patches,patch collection,2026-09-21,2026-10-01,bidibidibombum,Amanda Solis,1154,82,12,,"✨ LOOK AT THIS BEAUTIFUL JACKET! ✨😍❤️

A HUGE thank you to Patch Collection for reaching out to me and wanting to collaborate on something so special! They custom-made and gifted me this AMAZING jack",Amanda Solis shares her excitement about a custom-made jacket gifted by Patch Collection ahead of her performance as a Selena tribute artist for the Chicago White Sox Hispanic Heritage Month pre-game show on September 25th.,"Embedded event flyer reading 'SPECIAL PREGAME PERFORMANCE SELENA TRIBUTE ARTIST AMANDA SOLIS HISPANIC HERITAGE NIGHT MODELLO FRIDAY, SEPTEMBER 25 | 6:40 PM GAME'",Raw UGC,Vlog,true,yes,,https://www.tiktok.com/@bidibidibombum/video/7688140599857253645
patches,chenille patches,2026-09-22,2026-10-02,_lovelycreationsslv,Lovely Transfers,2587,35,,1,The final result 🎃😍 you need this fluffy patch! #ironon #irononpatches #chenillepatches #spookyseason #spookycute,"A silent, ASMR-style DIY craft tutorial showing how to apply a fuzzy black jack-o-lantern chenille patch onto a red sweatshirt using a heat press.",,Polished Creator,Tutorial,true,yes,,https://www.tiktok.com/@_lovelycreationsslv/video/7688268845643189535
patches,police patches,2026-09-22,2026-10-02,bad.billy.crafts,Bad Billy Crafts,755,11,,10,"🚨 SKILLS PATCH COLLECTION — NEXT DROP! 🚨

The next two patches have landed in our Skills Patch Collection 👀

Small, fully embroidered morale patches designed to represent the skills and qualificati","A promotional video showcasing new embroidered morale patches for UK police and tactical professionals, set against an atmospheric background of emergency vehicle lighting.",,Polished Creator,Aesthetic,true,yes,,https://www.tiktok.com/@bad.billy.crafts/video/7688327943428328726
patches,patch collector,2026-09-22,2026-10-02,metalmeadows,MetalMeadows,1779,167,13,1,"Such an incredible backpatch, can’t wait to start this project!
#fyp #battlejacket #deathmetal #patches #unboxinghaul","A creator unboxes a shipment of death metal band patches and a backpatch destined for a new custom vest, sharing the haul with fellow metalhead TikTok users.",Come unbox the backpatch for my next vest+3 free patches with me; Toadeater logo patch; Free patches; Devil Master-Ecstasies of never ending night patch; Undeath-More insane patch; Outer Heaven-Infinite Psychic Depths backpatch,Raw UGC,Haul,false,yes,,https://www.tiktok.com/@metalmeadows/video/7688368122310495510
patches,police patches,2026-09-23,2026-10-02,henryspatchproject,henryspatchproject,466,19,1,,"Y'all, Henry had one of the best days today. They literally stopped their training for Henry, had us come in with the binders. He got invited to the state police academy to tour it, see the K9s, the h","A mother shares a heartwarming video detailing her son Henry's exciting visit to a state police academy where officers stopped training to show him K9 units, a helicopter, and view his extensive patch collection.",3; 2; 1; GILMER COUNTY SHERIFF WV; PETERSBURG POLICE MOUNTAINEERS W.VA. ARE ALWAYS FREE; SUMMERSVILLE POLICE EST. 1824; GRANT COUNTY SHERIFF STATE OF WEST VIRGINIA; CITY OF SUMMERSVILLE WEST VIRGINIA,Raw UGC,Vlog,false,yes,,https://www.tiktok.com/@henryspatchproject/video/7688839530899606814
patches,patches,2026-09-23,2026-10-01,qorvyna.myshopify.com,QORVYNA™,697,80,4,,"shop a variety of pimple patches like this amazing Patch RX in store now!
@qorvyna.myshopify.com 

#pimple #fypシ #viralvideo #tiktokmademebuyit","A beauty creator reviews and compares pimple patches on TikTok, arguing that decorative star-shaped patches are ineffective and recommending Patch RX hydrocolloid patches available on the TikTok shop.",stop giving yourself gold stars for having a pimple...; PATCH RX; 240 PATCHES; HYDROCOLLOID,Raw UGC,Review,true,yes,possible off-topic,https://www.tiktok.com/@qorvyna.myshopify.com/video/7688862114605272327
patches,patch collector,2026-09-24,2026-10-02,police.patch.coll,Patch Collector,427,49,4,2,#policepatch #thinblueline #policechallengecoin #policepatchcollection #policepatchcollector,"A silent, close-up showcase of law enforcement challenge coins, a novelty ICE-themed air freshener, and an Estes Park police patch, tailored for memorabilia collectors.",UNITED STATES OF AMERICA POLICE CHANDLER AMERICA 250 EST. 1776; LOUISIANA STATE PENITENTIARY; PASADENA POLICE DEPARTMENT DETECTIVE VIOLENT CRIMES UNIT; WE WILL NEVER FORGET 25TH ANNIVERSARY 9.11.2001 FLIGHT 93 SHANKSVILLE PA WE REMEMBER HONORING THE HEROES WHO GAVE EVERYTHING 25 YEARS; ICE RAID ENFORCEMENT AND REMOVAL OPERATIONS SENDS ILLEGALS AND TERRORISTS PACKING NO MORE WASTED TAX DOLLARS CLEAN CRUISER SCENT EST. 3.2003; POLICE ESTES PARK COLORADO EST. 1917,Raw UGC,Collection showcase,false,yes,,https://www.tiktok.com/@police.patch.coll/video/7688969486455541022
patches,custom patches,2026-09-24,2026-10-02,lucie.petit90,Lucie Petit,256,3,,,"Custom Medicated Patches #custompatches #medicatedpatches #custommanufacturing
#patchcustomization #healthbrand","A B2B showcase by Lucie Petit demonstrating customizable medicated patches designed to relieve joint pain and discomfort, highlighting product texture, packaging, and application.",Fully customizable Medicated patches; Relieve joint pain and discomfort,Polished Creator,Tutorial,true,yes,possible off-topic,https://www.tiktok.com/@lucie.petit90/video/7689026370952793376
patches,chenille patches,2026-09-24,2026-10-02,rugged_sunshine_designs,Rugged•Sunshine•Designs,30,1,,,One of our best sellers every year! #chenillepatches #sequinpatches #grinchy #grinchygrinch,"A small business creator shares a wordless, visually driven showcase of their top-selling holiday GRINCHY sequin patches and custom sweatshirts, leveraging bright textures and high-energy background music to drive commercial interest.","Price tags on patch packages reading 2,50 and 3,00",Raw UGC,Haul,true,yes,,https://www.tiktok.com/@rugged_sunshine_designs/video/7689062968079961374
patches,patch collector,2026-09-24,2026-10-02,police.patch.coll,Patch Collector,144,8,5,1,#policepatch #thinblueline #policechallengecoin #policepatchcollection #policepatchcollector,"A silent TikTok video showcasing a personal collection of law enforcement challenge coins and embroidered patches, utilizing rhythmic cuts and detailed close-ups to appeal to hobbyists and enthusiasts.",FORT MYERS FIELD OFFICE; PATROL PROTECT PRESERVE; FROM THE DEPTHS TO THE DUMP; BUSTIN NETS CREEPIN WHILE YOU'RE SLEEPING; SHERIFF'S OFFICE INTEGRITY & HONOR COUNTY OF GREENSVILLE VA; LOUDOUN COUNTY SHERIFF'S OFFICE VA; CARTER COUNTY SHERIFF,Raw UGC,Collection,false,yes,,https://www.tiktok.com/@police.patch.coll/video/7689177527545335071
patches,patch collector,2026-09-24,2026-10-02,police.patch.coll,Patch Collector,146,7,2,,#policepatch #thinblueline #policechallengecoin #policepatchcollection #policepatchcollector,"A short TikTok video showcasing detailed 1/64 scale model police cars from Wisconsin and Connecticut state agencies, accompanied by dramatic cinematic dialogue and relevant collector hashtags.",WISCONSIN STATE PATROL STATE PATROL Proudly Serving Since 1939 1/64 Rollin CONNECTICUT 1903 STATE POLICE STATE POLICE 1/64,Raw UGC,Collection-showcase,false,yes,,https://www.tiktok.com/@police.patch.coll/video/7689195514998377759
patches,patches,2026-09-24,2026-10-01,carlee.skincare,Carlee | Skincare,177600,2357,13,262,"These pimple patches are seriously insane!!!!! 

@Dr.Melaxin 

#drmelaxin #melaxinpartner #zeorfitpatch #pimplepatch #acnepatch","A skincare creator demonstrates the invisibility and makeup-compatibility of Dr. Melaxin S-Zinc Zero-Fit pimple patches by applying lipstick over them and peeling them off with tweezers, driving conversion through a sponsored product review.","Can you find the Dr. Melaxin Pimple patch???, Dr. Melaxin, S-ZINC ZERO-FIT, MICRO TYPE 0.01mm",Raw UGC,Review,true,yes,possible off-topic,https://www.tiktok.com/@carlee.skincare/video/7689204981966163230
patches,patch collector,2026-09-24,2026-10-02,ljthepegleg,ljthepegleg,67700,4062,34,1448,"I was finally able to get my patch from Salem PD! The hardest part was picking which patch to get ☺️🧙🐕‍🦺

#salemma #witchcity #salempd #salem #justabunchofhocuspocus","A creator visits the Salem Police Department to purchase a custom novelty patch from a unique police patch vending machine, highlighting the city's playful embrace of witch folklore in municipal spaces.",CHIEF ROBERT M. ST. PIERRE POLICE HEADQUARTERS; SALEM POLICE; WITCHCITYPOLICE.COM; SALEM POLICE 'In Service to the Community'; SALEM THE WITCH CITY K9 1626 K9 NARCOTICS K9; SALEM MASS; SALEM POLICE DIVE TEAM; SALEM POLICE BIKE UNIT; HAPPY HALLOWEEN 2023; 95,Raw UGC,Vlog,false,yes,,https://www.tiktok.com/@ljthepegleg/video/7689208613285399838
patches,police patches,2026-09-24,2026-10-02,bad.billy.crafts,Bad Billy Crafts,861,9,,1,"🚨 PSU BAG PATCHES — MAKE YOUR KIT IMPOSSIBLE TO MISS! 🚨

What better way to identify your kit amongst a van full of identical PSU holdalls? 👀

Our custom PSU bag patches feature bold, high-visibili",A promotional product video by Bad Billy Crafts showcasing custom embroidered tactical bag patches designed for UK police officers to easily identify their gear in shared operational vehicles.,LB 1234; CK 1234; HB 1234; LF 1234,Polished Creator,Review,true,yes,,https://www.tiktok.com/@bad.billy.crafts/video/7689216032166202646
patches,iron on patches,2026-09-24,2026-10-01,jesslyn.tubbs,Jess 🤍,109200,5495,34,1963,These simple DIY custom hats with @Hobby Lobby iron on patches turned out so cute! ✨ #customhats #hobbylobby #diyfashion #darlin #pray,"A short, engaging DIY tutorial showing how to make custom trucker hats using Hobby Lobby supplies, featuring a clean aesthetic and satisfying close-up reveals.","Back at Hobby Lobby to make CUSTOM HATS, 2616423, 1000167, 4 pc, 1000164, 4 pc, $4.99, $6.99, DARLIN', PRAY",Raw UGC,Tutorial,false,yes,,https://www.tiktok.com/@jesslyn.tubbs/video/7689239168953699614
patches,custom patches,2026-09-25,2026-10-02,patchcollection,Patch Collection,255,4,,2,"Your idea. Your design. Your custom patch. ✨🧵

Wondering how custom patches work? Here’s a quick look at the process, from sharing your idea and choosing your style to bringing your design to life wi","A short promotional explainer video by Patch Collection demonstrating the custom patch ordering process, showcasing extensive design varieties, and featuring industrial manufacturing facilities to drive B2B and B2C sales.",Have you ever wondered? (0.0); How an idea in your head (1.0); Can become a (2.0); reality? (3.0); Clean Embroidered Designs (5.0); Or Something Completely Unique (6.0); we're here to help you bring your vision to life (7.0); simply reach out to our support email (9.0); SUPPORT@PATCHCOLLECTION.COM (10.0); with the design (13.0); quantity (14.0); and sizing (14.0); and our team will reach out with pricing (15.0); and further steps to complete your order (16.0); We can't wait to see what you will create next ;) (18.0),Polished Creator,Tutorial,true,yes,,https://www.tiktok.com/@patchcollection/video/7689256920481287437
patches,chenille patches,2026-09-25,2026-10-02,_lovelycreationsslv,Lovely Transfers,4022,104,3,9,Pull a patch order with me. ✨ bio in link! #irononpatches #ironon #chenillepatches #tshirtdesigns,"A short, silent TikTok video showing a small business owner pulling custom holiday chenille and sequin patches from organized white storage drawers, highlighting product texture and scale for an audience of crafters.",,Raw UGC,Behind-the-scenes,true,yes,,https://www.tiktok.com/@_lovelycreationsslv/video/7689306588225621278
patches,chenille patches,2026-09-25,2026-10-02,luqman.patch.manu,luqman patch manufacturing,16200,124,2,2,"Welcome to Luqman Patch Manufacturing, your trusted partner for high-quality custom patches and branding solutions. We manufacture embroidered patches, PVC patches, woven patches, leather patches, che","A B2B promotional video showcasing industrial YUEMEI embroidery machines manufacturing custom patches and patterned textiles, accompanied by a Punjabi audio track and detailed textual description offering custom patch manufacturing services for clothing brands.","YUEMEI on embroidery machine heads; numbers 15, 16, 17, 19 on machine units",Raw UGC,Behind-the-scenes,true,yes,,https://www.tiktok.com/@luqman.patch.manu/video/7689387445225409812
patches,iron on patches,2026-09-25,2026-10-01,msstylistic8,Leslie Goss Stevens,112,1,,,God is good embroidery iron on patches. These patches took 2 hours 🤦🏽‍♀️🤦🏽‍♀️🤦🏽‍♀️ on the machine but it was worth the wait. #irononpatches #embroidery #foryoupage #ilovewhatido #custom,"A creator showcases the two-hour production process of custom faith-based embroidered patches on an industrial machine, accompanied by a reflective voiceover about competing only with oneself.","GOD IS GOOD, Institch Cloud, Keep Away From Computer Disks and Hard Drives, Made in the USA",Raw UGC,Behind-the-scenes,true,yes,,https://www.tiktok.com/@msstylistic8/video/7689484405315734815
patches,custom patches,2026-09-25,2026-10-02,hermistonlibrary,Hermiston Public Library,1067,70,2,6,"Let your creativity shine and design your very own custom patch!
📅 September 29th, 5:30PM
📍 Hermiston Public Library
🎟 https://forms.gle/jNzwJp2UqSP77PfD6","The Hermiston Public Library shares a quick TikTok tutorial demonstrating how to make a custom patch using makerspace equipment, inviting local patrons to an upcoming crafting event on September 29th.",This is how to make a patch :) If you are interested in making one join us! September 29th 5:30 - 6:30pm First we pick the design and apply heat tape for the image to transfer properly Now time for the Heat Press! 380 F 50 s 90 F HTVRONT Now we just cut off the tape it's that easy:) MAKERS SPACE ESPACIO CREATIVO 03 Don't forget! September 29th In the MakerSpace :) welcome to the MAKERSPACE Sign up for an appointment to use makerspace equipment including: 3D Printer Laser Engraver Paper & Vinyl Cutter Sublimation Printer Sublimation Oven Heat Press bit.ly/HPLMS HERMISTON PUBLIC LIBRARY A-SUB,Raw UGC,Tutorial,false,yes,,https://www.tiktok.com/@hermistonlibrary/video/7689538627587788045
patches,patch collection,2026-09-25,2026-10-01,omni.punch,Omni Punch,2192,35,,4,"Built to stand out, made to last. ⚡
Custom PVC patches by Omni Punch — sharp details, durable finish, and made exactly to your design.
📦 Custom orders | Worldwide shipping#unitedstates #CustomPatches","A short, engaging product showcase reel highlighting the durability, texture, and precision molding of custom PVC patches produced by Omni Punch.",ARCTIC Snow & Ice Products Snowjobs Nation Keep Pushing,Polished Creator,Tutorial,true,yes,,https://www.tiktok.com/@omni.punch/video/7689557824040389906
patches,custom patches,2026-09-25,2026-10-02,patchesbybob,Patches By Bob,75,0,1,,"This fighter almost didn't make it past sampling. ⚔️
Fine details like that blade and this guy's expression are where custom patches usually fall apart. 😬
Sharp edges and small facial features tend t","A custom patch maker demonstrates the production quality and fine detail retention of a warrior mascot chenille patch, offering viewers a transparent look at sampling challenges and finished apparel application.",Custom Patches BY BOB; Bold patches for bold brands.; Luxury in every thread.; Turn your artwork into premium chenille.; Your design. Our craftsmanship. Let's make it happen.,Polished Creator,Behind-the-scenes,true,yes,,https://www.tiktok.com/@patchesbybob/video/7689598401800850701
patches,police patches,2026-09-25,2026-10-02,gspurbex,GSPUrbex,2277,231,12,60,Got some Michigan State Police Patches and Met some cool troopers. They loved our cars. More to come #ppv #georgiastatepatrol #michiganstatepolice #michigan #lawenforcementcommunity @dcfpis @Hamoperat,"A short video showcasing parked Michigan State Police vehicles accompanied by text detailing an encounter with troopers and patch acquisitions, aimed at the law enforcement vehicle enthusiast community.",,Raw UGC,Vlog,false,yes,,https://www.tiktok.com/@gspurbex/video/7689623532476566797
patches,custom patches,2026-09-26,2026-10-02,kissing.parasites,Kissing Parasites,28400,2691,21,53,"The Crewneck Method 3/6.  

The idea with this patch is to give you the ability to customize your garment. The patch is the only branding on the crewneck. I myself don’t love wearing loud branding, so","An independent clothing creator demonstrates part three of a garment construction series, detailing how to sew a customizable hidden-brand patch onto the back of a crewneck sweatshirt. The tutorial covers fabric preparation, stamping, topstitching, and the option to distress the patch to reveal hidden red branding.",The Forbidden Patch; KISSING PARASITES,Raw UGC,Tutorial,true,yes,,https://www.tiktok.com/@kissing.parasites/video/7689638861609143583
patches,iron on patches,2026-09-26,2026-10-01,gucciaholic,LEA★,815,8,,1,More is more ! #maximalism #canvastotebag diy iron on patches,"A short, satisfying top-down crafting video showing the preparation of custom patches for a maximalist canvas tote bag, set to upbeat music.",Canvas tote patches loading ...,Raw UGC,Tutorial,false,yes,,https://www.tiktok.com/@gucciaholic/video/7689643537586998542
patches,chenille patches,2026-09-26,2026-10-02,tanya60644,Dtsccs,113,3,,,"🚨💥 $5 BIG INSPIRED PATCHES — BABY, THEY GOTTA GO! 💥🚨

Yep, you read that right… ALL BIG INSPIRED-STYLE PATCHES ARE NOW JUST $5 EACH! 😮‍💨🔥

I’m clearing them OUT and I will NOT be restocking the","An e-commerce promotional video for Dtsccs announcing a clearance sale where all large inspired patches are marked down to five dollars, featuring rapid cuts of individual patch designs and store policy details.","$5 Big Patches
Www.Dtscc.com
ALL INSPIRED BIG PATCHES $5 EACH
$20 MINIMUM ORDER
WILL NOT be restocked once sold out!
Perfect for shirts, blazers, jackets, denim, bags & custom creations!
SHOP NOW Www.Dtscc.com
Pay in 4 Available
Free Shipping on Orders $100+
Processing Time 24-48 Business Hours
CLEARANCE MEANS CLEARANCE!
GET THEM BEFORE THEY'RE GONE!",Polished Creator,Haul,true,yes,,https://www.tiktok.com/@tanya60644/video/7689672750616595742
patches,custom patches,2026-09-26,2026-10-02,therusticpearlboutique,TheRusticPearlBoutiqueOfTexas,266,5,,1,"Boutique owners… stop overpaying for patches 👀💀

We make our OWN custom patches right here at Rustic Pearl 💅🔥
No middleman. No crazy wait times. Just quality patches ready to SELL 💰

Need wholesa","A Texas-based boutique supplier uses high-contrast B-roll of an industrial embroidery machine in action to pitch custom wholesale patches directly to boutique and hat-building business owners, cutting out middlemen.","WARNING: Keep away from computer disks and credit cards; Made in the USA; Smartstitch Smart Machine, Amazing Stitch; Girl BYE; Bougie ISH; rusticpearlshop.com",Polished Creator,Behind-the-scenes,true,yes,,https://www.tiktok.com/@therusticpearlboutique/video/7689468922361384223
patches,morale patches,2026-09-26,2026-10-02,tacticalpatchshop,Minh Nguyen,17,0,,,Guardian Angel patch that *slaps* 🔥 Tactical morale for your gear bag ✨ #SohoChic #MoralePatch #tiktokshopstockup#BackpackPatch #EDCGear #VelcroPatch,"A silent, high-aesthetic product showcase video featuring a tactical morale patch with a guardian angel and operator design, targeted at EDC enthusiasts and gear collectors via TikTok Shop.",,Polished Creator,Review,true,yes,,https://www.tiktok.com/@tacticalpatchshop/video/7689707844010167566
patches,patch collection,2026-09-26,2026-10-01,spotter07nico,𝒩𝒾𝒸𝑜,1067,120,15,1,"Patch Collecting >>>

#patchcollector
#patches
#planespotting","A planespotter showcases their massive collection of military aviation patches accumulated over 11 months, kicking off the video with cinematic footage of a German Luftwaffe Airbus A400M transport aircraft.",My Patch collection since i started with it 11 months ago ---->; 54+08; LUFTWAFFE; MIGHTY; P-8A POSEIDON; LAPPLAND; WOC MISSION PLANNING; WE PLAN - YOU FLY; F-16 FIGHTING FALCON TORNADO 50 YEARS; RAMSTEIN FLAG 2026; F-35 LIGHTNING II; CH-53 SIKORSKY; RHIN-RHEIN; WTD 61 WE TRUST; LTG 62; EIFFEL POWER BUECHEL AIR BASE,Raw UGC,Vlog,false,yes,,https://www.tiktok.com/@spotter07nico/video/7689740168051379488
patches,iron on patches,2026-09-26,2026-10-01,ance18418,ance18418,13600,583,42,37,#patches #ironon #dallas #cowboys #diyproject,"A craft creator showcases an impressive collection of custom Dallas Cowboys patches in a POV video, using an appeal to the team's fanbase to drive community engagement and algorithmic reach.",POV: your hoping these reaches Cowboys nation,Raw UGC,Vlog,true,yes,,https://www.tiktok.com/@ance18418/video/7689865276174748958
patches,patch collection,2026-09-26,2026-10-01,bidibidibombum,Amanda Solis,926,97,1,1,"Recap on yesterday at the White Sox game and my performance. 
I love you Chicago thank you to everyone who has supported me. @Chicago White Sox @shottysjerseys @Patch Collection #selenaquintanillafans","Tribute artist Amanda Solis records a heartfelt vlog recap in her hotel room following her performance at a Chicago White Sox game, expressing deep gratitude to her fans, sponsors, and the 38,000 attendees.",,Raw UGC,Vlog,true,yes,possible off-topic,https://www.tiktok.com/@bidibidibombum/video/7689877174370766094
patches,custom patches,2026-09-26,2026-10-02,housedelachic,House De La Chic,1037,25,3,1,DIY custom design #Junkblazer #patches #CustomClothing,"A striking visual showcase of a custom DIY reconstructed blazer by House De La Chic, highlighting upcycled fashion and maximalist patch artistry.",LIMITED EDITION; BLESSED highly favored; FAITH OVER FEAR,Editorial,Aesthetic,true,yes,,https://www.tiktok.com/@housedelachic/video/7689967435578969358
patches,police patches,2026-09-27,2026-10-02,heather.jones241,Heather Jones,104,6,1,,Let me tell ya folks 🤓 Never have I felt so blessed and honored... now I'm collecting patches 😎 #walkwithauntie #tiktokpromotecontest #police #goviral #policechallenge @Georgia State Patrol,"Heather Jones shares a lighthearted personal update celebrating her collection of a Georgia State Patrol patch, set to a confident rap song, blending self-deprecating humor with support for law enforcement.",STATE TROOPER; GEORGIA STATE PATROL; GEORGIA DEPARTMENT OF PUBLIC SAFETY STATE PATROL,Raw UGC,Personal-update,true,yes,,https://www.tiktok.com/@heather.jones241/video/7690059654474337566
patches,police patches,2026-09-27,2026-10-02,bluyellow.patches,Bluyellow.patches,819,7,,,"POLICE patch set 🟢 large for the back so you're spotted fast, small for the chest for up-close ID. hook-and-loop — sticks to any vest or jacket you already own, comes off before the wash. 🛒 tap the ","A short promotional demonstration of an olive green tactical POLICE patch set for vests and jackets, highlighting size options, hook-and-loop backing, and ease of removal.","POLICE patch set large for the back so you're spotted fast, small for the chest for up-close ID. hook-and-loop — sticks to any vest or jacket you already own, comes off before the wash. tap the cart — grab the set.",Raw UGC,Review,true,yes,,https://www.tiktok.com/@bluyellow.patches/video/7689955993207180558
patches,patch collector,2026-09-28,2026-10-02,halopatchcollector,HaloPatches,519,9,,1,#halo #elitecore #funny #patches,"A creator showcases a collection of custom embroidered Halo morale patches featuring humorous phonetic dialogue and meme text, filmed in a close-up POV style to highlight product quality and fandom humor.",IAMTHEMEH; WORT; AWWUBADUGH; MOMBSEY; HE WAS INDEED MY ENEMY BUT IN TIME I NAMED HIM ALLY,Raw UGC,Vlog,true,yes,,https://www.tiktok.com/@halopatchcollector/video/7690379978361277726
patches,patch collection,2026-09-28,2026-10-01,socalpatchcollector,socalpatchcollector,691,62,3,,"Lots of new stuff

#policepatches #police #lawenforcementpatches #lawenforcementcommunity #policepatchcollection","A silent TikTok video showcasing a new haul of law enforcement patches, challenge coins, and die-cast police vehicles, targeted at patch collectors and enthusiasts.","IDAHO FALLS; CITY OF ATLANTA; ALAMEDA DEPUTY SHERIFF; ARAPAHOE COUNTY SHERIFF; SAN BERNARDINO COUNTY SHERIFF; POLICE CITY OF IRVINE; WASHINGTON THE STATE OF WASHINGTON 1889; SNOWFLAKE-TAYLOR POLICE; LOS ANGELES GND K-9; DALLAS INDEPENDENT SCHOOL DISTRICT; ANAHEIM POLICE; AIR SUPPORT DIV; SAN DIEGO; POLIZEI; HOT PURSUIT SERIES 47 WHITESTOWN POLICE WHITESTOWN, IN; 2023 FORD POLICE INTERCEPTOR UTILITY; HIGHWAY PATROL 2021 FORD BRONCO WILTRAK MAISTO",Raw UGC,Vlog,false,yes,,https://www.tiktok.com/@socalpatchcollector/video/7690416995967274270
patches,patch collection,2026-09-28,2026-10-01,370photographs,whacker1171,433,20,2,2,Won a giveaway a couple months ago. Here’s what I got! Forgot to include the fallen officers coin at the end.. whoops. #policepatchcollection #challengecoins #police #firstresponder #fyp,"A creator shares a haul of law enforcement challenge coins and patches won in a giveaway, showcasing each item in detail on a textured blue surface with a casual voiceover.","Giveaway Haul; FUCK DEATH; ST. LOUIS POLICE MISSOURI; 250; ST. LOUIS POLICE OFFICERS MEMORIAL FUND; IN HONOR OF THE FALLEN HEROES NATIONAL LAW ENFORCEMENT OFFICERS MEMORIAL NATIONAL POLICE WEEK 2026; THANK YOU FOR YOUR SUPPORT OF OUR SMALL LEO OWNED BUSINESS; ST. LOUIS M P 1861; METROPOLITAN POLICE ST. LOUIS, MO. ESTABLISHED MARCH 27TH, 1861; ST. LOUIS POLICE PIPES AND DRUMS; HOMICIDE SECTION JUSTICE IS THE DEBT WE OWE THE DEAD; ST. LOUIS METROPOLITAN POLICE; K9 UNIT EST. 1864; POLICE TELEPHONE ST. LOUIS FIRE AND POLICE TELEGRAPH DEPARTMENT 1914; DIAL 0 OPERATOR",Raw UGC,Haul,false,yes,,https://www.tiktok.com/@370photographs/video/7690422665701575967
patches,patches,2026-09-28,2026-10-01,dannilouise_93,DANNI || TikTok finds 🛍️,474,5,1,,Girl got a patch for everything 🩷 #fyp #kindpatch #patches #foryoudays #tiktokmademebuylt @Kind Patches,"A creator enthusiastically shares her large collection of Kind Patches wellness patches, framing her consumption as a fun, colorful obsession in a sponsored TikTok video.","Stress Down Patches, MB Patches, Unpuffy Patches, Berberine Patches, Super Glow Patches, NAD+ Patches, Energy Patches, Mood Patches, Boost Patches, Period Patches, Kind Patches",Raw UGC,Haul,true,yes,possible off-topic,https://www.tiktok.com/@dannilouise_93/video/7690510881158925590
patches,patches,2026-09-28,2026-10-01,joooooooooolia,juliajaskot,431,7,,,#pimplepatches,"A beauty creator demonstrates applying star-shaped pimple patches in a short, upbeat tutorial video captioned with a product hashtag.",I wish I knew about pimple patches earlier...,Raw UGC,Tutorial,true,yes,possible off-topic,https://www.tiktok.com/@joooooooooolia/video/7690573198353583373
patches,police patches,2026-09-28,2026-10-02,underdogpatch,Underdog Patch Designs,377,14,1,,MTA Police Halloween patch 2026 is available at www.underdogpatchdesigns.com,"A promotional video by Underdog Patch Designs showcasing their 2026 Halloween MTA Police embroidered morale patch, featuring heavy metal audio and direct website purchasing information.",STATE OF NEW YORK MTA POLICE; HAPPY HALLOWEEN; WWW.UNDERDOGPATCHDESIGNS.COM,Polished Creator,Aesthetic,true,yes,,https://www.tiktok.com/@underdogpatch/video/7690582370453425422
patches,iron on patches,2026-09-28,2026-10-01,user79760921493028,Ambercreation patches,870,29,9,5,#patches #ironon #philly #eagles #footballtiktok,"A short, engaging TikTok video by Ambercreation patches using a popular meme format ('When I have those My friends be like') to showcase an extensive collection of embroidered Philadelphia Eagles iron-on patches, combining relatable social humor with satisfying product visuals.",When I have those My friends be like; GO BIRDS; EAGLES; PHILADELPHIA; EXCITING WHITES; FLY EAGLES FLY; TOUGH DOWN; NFL,Raw UGC,Meme,true,yes,,https://www.tiktok.com/@user79760921493028/video/7690634055976586527
patches,custom patches,2026-09-28,2026-10-02,dtownvinyl,Dtown Vinyl,1643,155,11,24,New patche..... Restock..... and inventory updated in store and online. #detroit #patches #crafters #custom,A short promotional product showcase highlighting newly restocked custom Detroit-themed embroidered patches available in-store and online through DTown Vinyl.,new and restock DTown Vinyl; Town Vinyl; DETROIT 313; Lions; What Up Doe!,Raw UGC,Haul,true,yes,,https://www.tiktok.com/@dtownvinyl/video/7690663816845167886
patches,chenille patches,2026-09-28,2026-10-02,dannidtransfers,𝙳𝙰𝙽𝙽𝙸𝙳𝚃𝚁𝙰𝙽𝚂𝙵𝙴𝚁𝚂,629,39,10,4,"We have an all new release is happening Thursday 11 AM EST. I wanted to sneak peek all of the full colors single color, puff print and chenille patch that we have dropping everything is ready to ship ","A screen print transfer vendor provides an energetic preview of their upcoming Thursday product drop, showcasing an extensive collection of holiday-themed designs, puff prints, appliques, and glitter patches while emphasizing their next-day shipping promise.",SNEAK PEEK NEW RELEASES THURSDAY 11 AM EST; Z13; Z14; Z15; Z16; Z17; Z18; Z19; Z22; Z23; Z24; Z25; Z26; Z29; CHRISTMAS TREES; FOOTBALL SEASON; DIET COKE,Raw UGC,Haul,true,yes,,https://www.tiktok.com/@dannidtransfers/video/7690683280449899806
patches,patch collection,2026-09-29,2026-10-01,patchcollection,Patch Collection,172,4,,,"1 new follower = 1 new patch 👀🧵

We’re starting a new series where every new follower helps us create another patch! How far can we take this? 👀✨

Follow along and become part of the collection! 🫶","Patch Collection launches a new series where every new follower triggers the creation of a new custom patch, using talking-head footage and high-end B-roll of embroidery work to drive comments and follows.",Do you have ideas but don't know how to execute?; COLLECTION; A PATCH; THAT; WHAT; BE SOMEONE; SPACE CITY; We want to make your design next.; Comment down below any ideas that you have.; And that follow button.,Polished Creator,Behind-the-scenes,true,yes,,https://www.tiktok.com/@patchcollection/video/7690587868682620174
patches,custom patches,2026-09-29,2026-10-02,clpatchlab,ClpatchLab,335,3,,,"These little daisy patches on gold glitter fabric are just everything.
 So bright and cheerful! ✨
#embroideryprocess #daisypatch #glitterfabric #satisfyingvideo #crafts #patchmaker #embroidery #proces","A satisfying behind-the-scenes video of an industrial embroidery machine producing cheerful daisy patches on sparkly green fabric, accompanied by enthusiastic text and craft-focused hashtags.",MAYA with flame graphic,Raw UGC,Behind-the-scenes,true,yes,,https://www.tiktok.com/@clpatchlab/video/7690388396233018637
patches,patches,2026-09-29,2026-10-01,meeca_suner,merida 👩🏽‍🦱,6963,269,2,3,New and Improved patches is out!! 😍✨#pimplepatches #acne #luxeorganixph,"A beauty creator reviews the new and improved Luxe Organix Acne Pimple Hydrocolloid Patches and Acne Mood Patches, demonstrating their application and 6-hour results on her hormonal acne.",Ako lang ba???!; NEW & IMPROVED; 60 + 30 FREE; MEDICAL GRADE PATCHES; LUXE ORGANIX; ACNE PIMPLE HYDROCOLLOID PATCH; Invisible 0.03mm thickness; 60-day bacterial control; Anti-Blemish + Niacinamide; ACNE MOOD PATCH,Raw UGC,Review,true,yes,possible off-topic,https://www.tiktok.com/@meeca_suner/video/7690935399480364308
patches,patch collection,2026-09-29,2026-10-01,handbageyecandy,HandbagEyeCandy,1258,151,10,1,"Bag number 3 in my journey to fall back in love with my Coach collection...

Coach Rogue 25 with Varsity Patches

#COACH #coachretail #bagcollection #bagcollector #pursecollector","A lifestyle creator and handbag enthusiast shares a casual update on her journey to fall back in love with her Coach collection by rotating her bags every few days, showcasing her current Rogue 25 and upcoming charm accessories.",@HandbagEyeCandy watermark visible on screen,Raw UGC,Vlog,false,yes,,https://www.tiktok.com/@handbageyecandy/video/7690978768545975583
patches,patch collection,2026-09-29,2026-10-01,akobersteen,Alex Kobersteen,986,73,3,2,"🚔⚾️ PATCH PATROL: HOUSTON / SUGAR LAND RECAP

Houston absolutely delivered.

Another huge weekend of patches, challenge coins, selfies, and meeting people from departments and agencies all over the a","Alex Kobersteen recaps a successful Houston stop on his 2026 Patch Patrol tour, celebrating surpassing 600 patches and 300 challenge coins traded, while calling on the Las Vegas community for his final tour destination.","PATCH PATROL FIVE-O PITCHER COSMIC POLICE DEPARTMENT; Houston, TX; Sugar Land Police Department; Sheriff Pride of Texas; Harris County Sheriff; Houston Fire-EMS Rescue; Texas Game Warden; Operation Lone Star; US Border Patrol; Valero VPP Houston; Bomberos Chile; Blinn College Police Department; Pasadena Fire Department; Rice University Football; FBI Houston; Barons",Raw UGC,Vlog,true,yes,,https://www.tiktok.com/@akobersteen/video/7690990206509387039
patches,embroidered patches,2026-09-29,2026-10-01,qualitypatches,Quality Patches,4836,114,7,26,"POV: your embroidery needed a little extra dimension. 👀

This custom patch mixes bold black embroidery with shiny silver puff details for a raised finish you can actually see. The contrast, the textu","A short promotional tutorial showcasing the application and texture of a custom metallic puff embroidery patch on a grey hoodie, targeting custom apparel creators.",PUFF EMBROIDERY; don't miss styling; MONOTONE; LOOK AT THAT; COMMENT TO GET STARTED,Polished Creator,Tutorial,true,yes,,https://www.tiktok.com/@qualitypatches/video/7691001379019623713
patches,patch collection,2026-09-29,2026-10-01,thecoffeebean_us,The Coffee Bean & Tea Leaf,360300,245,7,75,"Happy National coffee day ☕️

Score a limited-edition tote and 1 patch with a $15 purchase from 12pm today.

Starting 9/30, we’re dropping 4 NEW patches every Wednesday with a $12 spend. 

Keep your e",A promotional TikTok video by The Coffee Bean & Tea Leaf announcing a National Coffee Day tote bag giveaway and a subsequent weekly collectible patch drop series.,"Text on tote bag reads: 'THE COFFEE BEAN & TEA LEAF Est. 1963'. Text on patches includes 'FLAVOR', 'SIMPLY THE BEST', and various drink labels.",Polished Creator,Announcement,true,yes,,https://www.tiktok.com/@thecoffeebean_us/video/7691003250098572574
patches,patch collection,2026-09-29,2026-10-01,akobersteen,Alex Kobersteen,7670,403,55,67,"🚔⚾️ LAS VEGAS — I NEED YOUR HELP.

Patch Patrol has officially passed 600 patches and 300 challenge coins this season.

Now there are only three cities left:

Las Vegas ➡️ Sacramento ➡️ Albuquerque

","Durham police officer and Cosmic Baseball player Alex Kobersteen updates his followers on his tour to collect 1,000 law enforcement patches and challenge coins, appealing directly to the Las Vegas community to help him reach his final goal of 390 remaining patches before the season ends.","LAS VEGAS — I NEED YOUR HELP.; 390 TO GO. 3 CITIES. ROAD TO 1,000.; FRESNO – 102 SCRANTON – 106; 600+ PATCHES 300+ COINS GOAL: 1,000 PATCHES; CAN VEGAS SET THE RECORD?; SACRAMENTO; ALBUQUERQUE; ROAD TO 1,000; TAG THEM 👇 DM ME TO TRADE; PATCH PATROL; FIVE-0 PITCHER; POWERED BY GHOSTPATCH",Polished Creator,Vlog,true,yes,,https://www.tiktok.com/@akobersteen/video/7691018310250466591
patches,chenille patches,2026-09-29,2026-10-02,priorfandomdesigns,Prior Fandom Designs,536,34,1,3,"🩷🏈 IN OCTOBER, WE WEAR PINK! 🏈🩷

Pink gameday merch is HERE! 🎀 Show your team spirit while supporting Breast Cancer Awareness Month. 💗

✨ Shop your pink gameday favorites before they’re gone! ✨
","A boutique owner showcases new arrivals of pink sequin-patched gameday sweatshirts on TikTok, using an exaggerated, humorous voiceover expressing an obsessive love for pink to drive immediate shopping intent.",FANDOM DESIGNS neon sign visible in reverse on the wall; circular brand logo on clothing swing tags reading PANDA FANDOM DESIGNS,Raw UGC,Haul,true,yes,,https://www.tiktok.com/@priorfandomdesigns/video/7691027631445216543
patches,patches,2026-09-29,2026-10-01,nyxcurations,Nyx Curations | Acne +Wellness,4068,13,,1,Those were some STUBBORN ones too 😭🙏🏾 #bestpimplepatches #raelpimplepatches,"A short, highly satisfying TikTok skincare UGC video where a creator demonstrates the removal of Rael hydrocolloid pimple patches from her breakout-prone face, establishing high authenticity and product trust through raw visual evidence.",In Rael pimple patches we trust; Rael MIRACLE PATCH INVISIBLE SPOT COVER ADVANCED BLEMISH CARE WITH HYDROCOLLOID; Those were some STUBBORN ones too 😭🙏🏾 #bestpimplepatches #raelpimplepatches,Raw UGC,Tutorial,true,yes,possible off-topic,https://www.tiktok.com/@nyxcurations/video/7691033333182106893
patches,patch collector,2026-09-29,2026-10-02,rcreeder0396,Angel&Cam,195,11,,1,"4 day mail haul. thank you to everyone for the patches and coins. 
#patchcollection #firstrespondersupport #redline #blueline #coincollection @cam_cam2003","A creator shares a four-day mail haul showcasing an extensive collection of law enforcement patches and challenge coins sent by supporting departments and traders. Set to an upbeat rock track with dynamic photo transitions, the video expresses gratitude to the contributing agencies and community members.","Weekend Mail Call; CALIFORNIA HIGHWAY PATROL EUREKA 2019; PENNSAUKEN POLICE NJ; JEFFERSON UNIVERSITY POLICE PA; SHERIFF'S OFFICE CABARRUS COUNTY N.C.; CONSERVATION OFFICER MINNESOTA LAW ENFORCEMENT Since 1887 Natural Resources; OREGON FRATERNAL ORDER OF POLICE; BERKELEY SHERIFF WV; MISSISSIPPI POLICE STATE CAPITOL; BROOKLYN CENTER POLICE; POLICE ROCKTON ILLINOIS 1835; LOXLEY POLICE DEPARTMENT TO SERVE AND PROTECT ALABAMA; STATION 60 Loxley FIRE DEPARTMENT; ALABAMA SHERIFF BALDWIN COUNTY 1809; POLICE MOUNTAIN BROOK ALABAMA; GARFIELD COUNTY SHERIFF; CULVER CITY POLICE HEART OF SCREENLAND; Front; Back; THE WICKED FLEE WHEN NO MAN PURSUES BUT THE RIGHTEOUS ARE BOLD AS A LION; BLESSED ARE THE PEACEMAKERS REMEMBER THE FALLEN FAITH HONOR COURAGE; THANK YOU FOR YOUR SERVICE; ROCK RAPIDS FIRE DEPARTMENT RRFD IOWA; INVESTIGATIONS NARCOTICS BANNOCK COUNTY S.W.A.T. K-9 PATROL; PER JUS AD JUSTITIAM DEFENSOR PACIS; RUN WITH US OR FROM US; K-9 LILLEY BRINKY SHERIFF'S K-9 UNIT; CULVER CITY POLICE DEPARTMENT 1918 HEART OF SCREENLAND CALIFORNIA; Thank you to all the departments who contributed a patch and/or coin.
Also, thank you to the folks for trading and adding to the collection!",Polished Creator,Haul,false,yes,,https://www.tiktok.com/@rcreeder0396/video/7691048123019332877
patches,morale patches,2026-09-29,2026-10-02,stabritetok,Sta-Brite,557,14,,,"From the mountains of Puerto Rico to communities across the island, the Puerto Rico National Guard carries a proud tradition of service.

Represent that legacy with Puerto Rico National Guard patches,","A professional product showcase by STA-BRITE presenting the Puerto Rico National Guard patch in Full Color and OCP variants, targeting military personnel and emphasizing heritage, readiness, and pride.","STA-BRITE, Army Puerto Rico National Guard OCP Patch with Hook Fastener, Army Puerto Rico National Guard Full Color Patch with Hook Fastener, Shop today at www.stabriteinsignia.com",Polished Creator,Tutorial,true,yes,,https://www.tiktok.com/@stabritetok/video/7691053896306937102
patches,chenille patches,2026-09-29,2026-10-02,dsllc90,Designsistersandblanks2,789,31,5,3,#designsistersandblanks #chenillepatches #chenillepatch #tshirtbusiness #shirtmaker @Erica,"A small business owner gives followers a preview of upcoming chenille patch inventory releasing Wednesday at 9 a.m. EST, showing off Thanksgiving and Christmas designs, announcing discounts, teasing a Facebook group, and displaying a finished sample t-shirt.",Shop Designsistersandblanks.com; Design Sisters & Blanks; What y'all think? I'm glad I waited until I found the perfect garment.,Raw UGC,Tutorial,true,yes,,https://www.tiktok.com/@dsllc90/video/7691085510726454558
patches,chenille patches,2026-09-29,2026-10-02,dsllc90,Designsistersandblanks2,268,7,,1,#designsistersandblanks #chenillepatches #chenillepatch #tshirtbusiness #christmascountdown  @Erica,A small business creator teases a new holiday sequin chenille patch by asking followers to vote on t-shirt color combinations ahead of a scheduled drop.,OMG SHE IS SOOO CUTE. WHAT COLOR WOULD YOU PRESS IT ON?; SHE WILL DROP TOMORROW AT 9 AM EST,Raw UGC,Tutorial,true,yes,,https://www.tiktok.com/@dsllc90/video/7691089405682994462
patches,patch collection,2026-09-30,2026-10-01,browninglyons43574,Pretty patches,952,64,7,3,#raiders #diy#patches,A short-form promotional video by a custom patch vendor showcasing various Las Vegas Raiders embroidered designs to drive direct message catalog requests from sports fans.,"Say hi get catalog, RAIDERS, Cerveza Modelo Especial, Las Vegas, INAUGURAL SEASON LAS VEGAS 2020, WIN LOSE OR TIE RAIDERS TILL I DIE",Raw UGC,Haul,true,yes,,https://www.tiktok.com/@browninglyons43574/video/7691115001548901646
patches,patches,2026-09-30,2026-10-01,ogconeacia,COCOnut🌴🥥,1401,28,1,,"🤍🥥🌴

These types of patches were NOT it. 😩 I’m honestly highly disappointed because I really feel like brands could’ve done better.

Yes, a cute pimple patch is fun, but at the end of the day, I n","A candid creator review venting frustration over decorative pimple patches that prioritize cute shapes over acne-fighting effectiveness, urging brands to focus on results.",DEAR PIMPLE PATCH BRANDS; superstar patches MIDNIGHT MAGIC; HYDROCOLLOID; SALICYLIC ACID; TEA TREE; 250 PATCHES; CapCut ID: 6328501984,Raw UGC,Rant,false,yes,possible off-topic,https://www.tiktok.com/@ogconeacia/video/7691135368342687007
patches,patches,2026-09-30,2026-10-01,glowjournalmamata,glowjournalmamata,75100,1450,5,5,"Replying to @jalapeno102 I changed SO many pimple patches on the same spot 😭 but here’s why my skin didn’t get irritated. As a skin picker, sometimes the patch is less about the gunk and more about k","A skincare creator responds to a follower's comment about whether changing pimple patches frequently on the same spot causes irritation, explaining that patches help prevent her from skin picking.",Reply to jalapeno102's comment: Can too much pimple patch irritate the skin? (Same spot?) plus auto-generated yellow subtitles throughout.,Raw UGC,Tutorial,false,yes,possible off-topic,https://www.tiktok.com/@glowjournalmamata/video/7691160835728657684
patches,patches,2026-09-30,2026-10-01,jenuinefinds,Jenn✨,1184,5,,1,The best pimple patches out there !,"Creator Jenn demonstrates the extreme invisibility of Dr. Melaxin pimple patches by losing track of one under her foundation, turning a relatable minor annoyance into an effective, authentic product review for skincare enthusiasts.",I can't find my pimple patch 🥺; Dr. Melaxin 2-Zinc ZERO-FIT Ultra Thin Blemish Spot Patch; MELA-CE ZERO-FIT Ultra Thin Dark Spot Patch,Raw UGC,Review,true,yes,possible off-topic,https://www.tiktok.com/@jenuinefinds/video/7691173005841485087
patches,iron on patches,2026-09-30,2026-10-01,tiktoklovetracydiy,Tracydiy service,388,19,1,2,#tracydiy #irononpatches,"A short-form product showcase reel by a small business displaying a variety of custom embroidered iron-on patches featuring themes of faith, Black womanhood, and empowerment, set to an assertive musical track.","'PROVERBS 31 WOMAN', 'ANOINTED', 'Jaddie Jumbo', 'Baddie With A Bible', 'UNAPOLOGETICALLY BLACK', 'I AM BLACK CHILD MAGICAL INTELLIGENT RESILIENT LOVED AMAZING CREATIVE BLESSED EDUCATED POWERFUL UNAPOLOGETIC', 'T&CO.', 'RATED B FOR BAD & BOUJEE'",Raw UGC,Haul,true,yes,,https://www.tiktok.com/@tiktoklovetracydiy/video/7691251684734979359
patches,morale patches,2026-09-30,2026-10-02,tactical_helmet_kd,tactical equipment,179500,3221,38,85,"Factory workshop moment!
Applying velcro hook‑and‑loop onto ballistic helmet shell.
Precise pasting for tactical helmet.
Prepare for all your morale patches.

#BallisticHelmet #HelmetProduction #Tacti",A satisfying behind-the-scenes video showing manual velcro application on tactical ballistic helmet shells in a factory workshop setting.,,Raw UGC,Behind-the-scenes,true,yes,,https://www.tiktok.com/@tactical_helmet_kd/video/7691253982865411342
patches,custom patches,2026-09-30,2026-10-02,clpatchlab,ClpatchLab,326,2,,,"Watch these neat little stars come together line by line.
 Such a satisfying manufacturing process. 🧵
#machinembroidery #starpatch #satisfyingvideo #process #embroideryart #textile #embroidery #proce","A mesmerizing behind-the-scenes video showcasing a commercial YUEME multi-head embroidery machine producing custom gold and white star patches on glitter fabric, designed to engage viewers through satisfying manufacturing aesthetics.",YUEME brand logo on machine head,Raw UGC,Behind-the-scenes,true,yes,,https://www.tiktok.com/@clpatchlab/video/7690388934500683022
patches,morale patches,2026-09-30,2026-10-02,tj4n6646,tj4n6646,2124,81,3,3,"Military patches can be earned through various experiences, but it's important to not risk your life for them. Understand the significance behind earning patches, from airborne jumps to stationing in ",A military service member uses internet slang to warn against 'patch crashouts'—people who risk their lives purely to collect badges for their uniform.,OCP PATCH PLACEMENT; AIRBORNE; RANGER; RECO; FIRST IN LAST OUT; DEATH FROM ABOVE; INFANTRY; ARMY; SFC; SMITH; Earning patches in the military; AIR FORCE,Raw UGC,Opinion,false,yes,,https://www.tiktok.com/@tj4n6646/video/7691303384850222349
patches,patch collection,2026-09-30,2026-10-01,gbutterflytv,Gbutterfly TV,2852,166,12,72,I'll definitely go back. I purchased some very cute patches for my jacket #houston #patches,"A creator takes viewers on a first-person tour of Patch Collection in Houston, showcasing an enormous wall display packed with thousands of embroidered patches for jackets, jeans, and accessories.","HOUSTON, 11718 C, WARNING ADVANCE NOTICE 713-688-1988, Patch Collection",Raw UGC,Vlog,false,yes,,https://www.tiktok.com/@gbutterflytv/video/7691312592077344031
patches,patch collection,2026-09-30,2026-10-01,mk.designz,MK Designz,196,8,,,Large Patch Sale‼️🎉🎉🎉. Help me make room for the new inventory!  PLEASE😎😎😂😂😂 #clearance #sale #patches #fyp #crafting,"MK Designz posts a TikTok video advertising a large patch clearance sale, using an upbeat electronic instrumental track and a top-down visual pan of various tactile chenille patches to encourage followers to buy and make room for new inventory.",Large Patch Sale‼️. Help me make room for the new inventory! PLEASE.,Raw UGC,Haul,true,yes,,https://www.tiktok.com/@mk.designz/video/7691335546320276749
patches,patch collection,2026-09-30,2026-10-01,whatsinmycartnj,whatsinmycartnj,1051,85,7,25,"ICYMI!!! @American Girl and @Stoney Clover Lane teamed up for the most amazing collection!!! 

To celebrate American Girl’s 40th anniversary, Stoney Clover Lane has a massive collection coming out! 

","A creator breaks down the upcoming American Girl and Stoney Clover Lane collaboration collection, highlighting the products for each historical character, release dates, and purchasing channels while sharing her personal excitement.","ICYMI!!! @American Girl and @Stoney Clover Lane teamed up for the most amazing collection!!! To celebrate American Girl's 40th anniversary, Stoney Clover Lane has a massive collection coming out! The collection includes the original six girls, plus a fan favorite! 💙 Kirsten Larson ❤️ Samantha Parkington 👓 Molly McIntire (MY FAVE!) 🍎 Felicity Merriman 💗 Addy Walker 🤍 Josefina Montoya 💚 Kitt Kittredge 🗓️ Release Date & Where to Shop The collection releases online and in stores on 10/1 at 10 a.m. ET! Shop the multi-doll patchwork backpack, tote, and patches at stoneycloverlane.com and select Stoney Clover Lane stores. The collection includes special patterns for each doll in pouches, pouchette bags, totes & more. American Girl Doll accessories and the American Girl pouchette 01 will be available exclusively at AmericanGirl.com and American Girl stores. #americangirl #stoneyclover #stoneycloverlane #mollymcintire #newrelease American Girl x SCL American Girl x Stoney Clover Lane",Raw UGC,Review,true,yes,,https://www.tiktok.com/@whatsinmycartnj/video/7691346031371373854
patches,iron on patches,2026-09-30,2026-10-01,charmedwholesale2,CharmedWholesale2,50,1,,,#irononpatches #patches #diysupplies,"A wholesale craft supplier showcases an extensive collection of luxury-inspired iron-on patches via a slow, top-down flat-lay video set to an energetic rap song.",empowered women empower women; Clock That Tea; COACH NEW YORK; Tiffany & Co.; LOUIS VUITTON; CHANEL; GUCCI,Raw UGC,Haul,true,yes,,https://www.tiktok.com/@charmedwholesale2/video/7691358998137769246
patches,custom patches,2026-09-30,2026-10-02,lisa2craft,Lisa Xun,152,0,,,"Custom PVC Military Patches — Built for Tactical Use! 🛡️

Durable PVC material + strong hook & loop backing, designed for easy attachment and repeated use.

✔ Custom 2D & 3D designs
✔ Hook & loop bac","A slick product showcase video highlighting custom 3D PVC military and morale patches manufactured by Sinowell, emphasizing durability, hook-and-loop backing, and small-batch OEM/ODM customization.","Sinowell, WhatsApp: +8613592713612, OFFICE OF THE MAYOR 391ST FIGHTER SQUADRON, 336EFS AEF 2017-2018 LET US TO THE BATTLE ROCKETEERS, 335TH AGGRESSORS CHIEFS, Military patch",Polished Creator,Showcase,true,yes,,https://www.tiktok.com/@lisa2craft/video/7691173067116055830
patches,patch collection,2026-09-30,2026-10-01,victoria.peraltaa,victoria 🧸🌟🍓,693,98,,1,yes it all eyepatches🛍️🌟 #ultabeauty #ultahaul #eyepatches #skincare #beauty @Pixi Beauty @The Crème shop @Ulta Beauty  @Patchology,"A creator shares a mini Ulta Beauty shopping haul focusing on cute, character-collaboration eye patches and skincare items, presented through an aesthetic top-down flat lay video set to upbeat background music.",mini ulta haul; Pixi skintreats - since 1999 - DETOXIFEYE Caffeine & Cucumber Depuffing Eye Patches 5 pairs / paires; ULTA BEAUTY COLLECTION Gold Magic Eye Gels GOLD + CAFFEINE + OR CAFEINE Hydrogel Eye Masks / Masques hydrogel pour les yeux 15 Pairs/Pairs (30 Patches/Masques); CRÈME Gelly BRIGHTENING under eye patches; ULTA BEAUTY COLLECTION NIGHT SHIFT Watermelon Overnight Lip Mask Masque de nuit pour les lèvres au melon d'eau Poids Net Wt. 0.3 oz.; patchology EYE WANT CAKE SMOOTHING & HYDRATING NO-SLIP EYE PATCHES marshmallow + coconut + vanilla bean / guimauve + noix de coco + vanille de polynésie; THE CRÈME SHOP x miffy color your world smil caling cloud HYDROGEL UNDER EYE PATCHES hylaronic acid + lavender; THE CRÈME SHOP x HELLO KITTY Chill Reset Hydrogel Under Eye Patches Chamomile: Powerful Antioxidant Cucumber Extract Aids in Hydrating; 2 patches,Casual Snapshot,Haul,true,yes,possible off-topic,https://www.tiktok.com/@victoria.peraltaa/video/7691381779516722463
patches,police patches,2026-09-30,2026-10-02,ash.baker2008,Ashley.baker2oo8,257400,31300,114,7340,#salemmassachusetts #hocuspocus #salemma #salempolicedepartment,"A short vlog documenting a visit to the Salem Police Department to purchase a collectible patch from their specialized vending machine, featuring a young boy showing off his new patch.",Chief Robert M. St. Pierre Police Headquarters; SALEM POLICE; WITCHCITYPOLICE.COM; Salem; Made a stop at the Salem Police Department for a patch from the vending machine; CAUTION Wet Floor; Please Watch Your Step; In Service to the Community; VISA; Mastercard; AMERICAN EXPRESS; DISCOVER,Raw UGC,Vlog,false,yes,,https://www.tiktok.com/@ash.baker2008/video/7691392629136821534
patches,chenille patches,2026-09-30,2026-10-02,_lovelycreationsslv,Lovely Transfers,3645,77,2,,HO HO HO 🎄 #ironon #irononpatches #chenillepatches #christmas #christmasvibes,"A small craft business showcases its new holiday inventory through a satisfying, ASMR-style unboxing video highlighting glittery Grinch-themed chenille patches.",,Raw UGC,Haul,true,yes,,https://www.tiktok.com/@_lovelycreationsslv/video/7691409310089268511
patches,embroidered patches,2026-09-30,2026-10-01,jpcocreations,JP & Co,922,32,3,2,#embroidery #embroideredpatches #applique #appliqueembroidery #heatandbond,"A crafting creator breaks down the differences between HeatnBond Lite and HeatnBond Ultra, explaining when and why to use each for appliqués versus embroidered patches.","Appliqués, embroidered patches & HeatAndBond; I AM MY BROTHERS LEGACY; JPM; MY BROTHERS LEGACY",Raw UGC,Tutorial,false,yes,,https://www.tiktok.com/@jpcocreations/video/7691413901744885022
patches,patch collection,2026-09-30,2026-10-01,b_woodard,Bella Woodard,27800,4263,25,59,@VSPINK GAME DAY collection AND the eye patches?! UNREAL 🎀🪽🧡 @Victoria's Secret @Patchology,"Creator Bella Woodard visits a shopping mall to preview newly dropped Victoria's Secret and Pink collections, highlighting Patchology eye patches, University of Tennessee game day apparel, and crystal-accented satin pajamas.",VSPINK just dropped the cutest eye patches; PINK; VICTORIA'S SECRET; Foot Locker; UNIVERSITY OF TENNESSEE; VAZIZ MAKEUP PATCHES; TEAM SPIRIT COLLECTION; ORANGE SPECKLES; GLITTER FRECKLES; PINK COLLEGE,Raw UGC,Vlog,true,yes,possible off-topic,https://www.tiktok.com/@b_woodard/video/7691422594184006925
patches,patch collection,2026-09-30,2026-10-01,embroidprintnowmn,"Embroid Print Now,LLC🧵🪡🇺🇸",357,16,2,1,"More orders to fulfill 🏈 patches getting ready.
#footbpatches #embroidery #custom #etsyorders #patches","A silent behind-the-scenes video documenting an independent embroidery business fulfilling custom football-themed Etsy orders, featuring satisfying machine stitching, finished patches, and ready-to-ship packages.",Working on Etsy orders; WARNING Fear of serious injury. Keep fingers away from needles while the machine is running; VIKINGS; SKOL; USPS GROUND ADVANTAGE; 5.5 Mighty Hoop; G; 1219 1210 0987 6784 00,Raw UGC,Behind-the-scenes,true,yes,,https://www.tiktok.com/@embroidprintnowmn/video/7691431777973341454
patches,custom patches,2026-09-30,2026-10-02,patchesbybob,Patches By Bob,16,0,1,,"That horn detail almost got simplified before production.
Curved horns with visible texture are one of the harder things to translate into design. 🐐
Fine ridges and shading like this usually get flat","A behind-the-scenes showcase of complex digitizing and manufacturing for a custom chenille goat patch, highlighting high-end texture and attention to detail for apparel brands.","Texture that speaks louder than words; Premium feel, street appeal; Built to stand out, stitched to last; Detail you can feel; Custom chenille patches available, DM now; Custom Patches By Bob",Polished Creator,Behind-the-scenes,true,yes,,https://www.tiktok.com/@patchesbybob/video/7691453465783995661
patches,patch collection,2026-09-30,2026-10-01,alexpremiumtshirts,Premium TShirts & More,487,30,,1,"Looking to add some leather patches to your menu. Hit us up.
#leatherpatchhats #embroidery #embroiderytutorial #embroiderymachine #fyp","An apparel business owner pitches custom leather patch manufacturing services to fellow embroiderers, demonstrating sample hats and outlining a low-cost sample offer to drive direct messages and B2B sales.",JESUS IS KING; PREMIUM EMBROIDERY; PATCHES COLOR MENU; CHOOSE THE PERFECT PATCH COLOR FOR YOUR LOGO!; STANDARD; HONEY/BLACK; BLACK/SILVER; BLACK/WHITE; HOLOGRAPHIC/BLACK; BROWN/SILVER; BROWN/RUSTIC GOLD; RED/BLACK; SILVER METALLIC/BLACK; GOLD METALLIC/BLACK; GRAY/BLACK; ORDER CUSTOM COLOR PATCHES FOR YOUR HATS; PREMIUM LOOK; DURABLE LEATHER PATCHES; CUSTOM COLORS; PERFECT FOR ANY HAT STYLE; SEND US YOUR LOGO; CUSTOM DIE CUT PATCHES; MULTIPLE COLOR OPTIONS; NATIONWIDE SHIPPING; Make Your Hats Stand Out!!,Raw UGC,Tutorial,true,yes,,https://www.tiktok.com/@alexpremiumtshirts/video/7691482141942746398
patches,police patches,2026-10-01,2026-10-02,glendalepd,Glendale Police Department,1630,61,1,7,"This year, every pink GPD patch comes with a sticker where you can write a message of encouragement or in honor of someone special. 💗

Our pink police vehicle will be outside the Glendale Police Stat","The Glendale Police Department presents their annual pink patch campaign for Breast Cancer Awareness Month, detailing how patches and custom stickers can be purchased to support research while encouraging local community participation.",GLENDALE POLICE DEPARTMENT; M. PANU; GLENDALE POLICE; We Love You!!,Polished Creator,Inform,true,yes,,https://www.tiktok.com/@glendalepd/video/7691501596902968589
patches,patches,2026-10-01,2026-10-01,libby_mercer,Libby,36000,6895,40,753,"happy 1st october to all who celebrate 🕸️👻🖤🎃⭐️ 

here’s to a month of visiting pumpkin patches, hot chocolates, cosy crafts and reading all the spooky books (or wholesome autumnal reads for me🤭) ","A lifestyle creator celebrates the arrival of October 1st with a cozy, aesthetically rich montage of pumpkin patches, iced coffees, reading spots, and autumnal rituals, captioned with enthusiastic expressions of seasonal romanticization.",happy october 1st to all who celebrate 🎃👻🖤; BLANK; RHS; Tulleys; OUI 833; THE STEPMOTHER,Raw UGC,Vlog,false,yes,possible off-topic,https://www.tiktok.com/@libby_mercer/video/7691580431199898903
patches,custom patches,2026-10-01,2026-10-02,zookashop,Zooka Shop - Custom Patches,51,0,,,"🔥 From Digital Design to Stitched Perfection! 🧵

Watch the embroidery machines bring these custom patch designs to life with detailed stitching, bold colors, and professional craftsmanship. Send us ","A mesmerizing factory-floor showcase of industrial embroidery machines mass-producing custom embroidered patches, utilized as a promotional showcase by Zooka Shop.","ZOOKA CUSTOM PATCHES EST. 2016, ricoma, 1800 SPM, custompatches.zookashop.com",High-Production,Behind-the-scenes,true,yes,,https://www.tiktok.com/@zookashop/video/7691409489882336525
patches,chenille patches,2026-10-01,2026-10-02,dsllc90,Designsistersandblanks2,581,29,2,3,Run shop the site for $4.65 patches. #designsistersandblanks #chenillepatch #patches #screenprintvendor #shirtmaker @Erica,"A small business vendor showcases extensive holiday inventory and highlights $4.65-$4.75 chenille patches in a fast-paced, energetic TikTok shop promo.","This is your sign... 
 Don't miss the last day to shop patches today for as low as $4.75",Raw UGC,Haul,true,yes,,https://www.tiktok.com/@dsllc90/video/7691710381135301919
patches,chenille patches,2026-10-01,2026-10-02,fabrico_pro,Fabrico,80,7,,,"your clothing brand finally has the perfect jacket line 🧥🔥
Custom varsity + puffer jackets — your logo, your colors, chenille patches & embroidery. Low MOQ, free quote in 24 hours.
WhatsApp: +1 954-","A high-energy promotional video by custom apparel manufacturer Fabrico demonstrating their varsity and puffer jacket line for clothing brand owners, utilizing crisp macro shots, professional models, and a beat-driven rap soundtrack to drive WhatsApp inquiries.","your clothing brand finally has the perfect jacket line 🧥🔥
Custom varsity + puffer jackets — your logo, your colors, chenille patches & embroidery. Low MOQ, free quote in 24 hours.
WhatsApp: +1 954-483-8877",Polished Creator,Tutorial,true,yes,,https://www.tiktok.com/@fabrico_pro/video/7691711555041365261
patches,embroidered patches,2026-10-01,2026-10-01,transferslayer,Transfer slayer,102,4,,1,"Letterman Jacket patch…
I’m the one they call when they need something one of a kind… keep watching…#miami ##customembroidery #patches #embroiderymachine #embroiderybusiness","A custom embroidery business showcases a close-up clip of an industrial machine crafting a detailed letterman jacket patch, using an exclusivity hook and hip-hop soundtrack to drive high viewer retention and engagement.","Letterman Jacket patch...
I’m the one they call when they need something one of a kind… keep watching...",Raw UGC,Behind-the-scenes,true,yes,,https://www.tiktok.com/@transferslayer/video/7691714180189031711
patches,iron on patches,2026-10-01,2026-10-01,ambercreation4,AmberCreation,164,4,,,#patches #ironon #bag #billsmafia #buffalo let’s go buffalo,"An energetic product haul showcasing custom Buffalo Bills chenille and rhinestone patches and wristlet bags, designed to drive viewers to an active livestream sales event.","Are you ready
Join my livestream now
BILLS
Amber patch diy",Raw UGC,Haul,true,yes,,https://www.tiktok.com/@ambercreation4/video/7691720258045988110
patches,chenille patches,2026-10-01,2026-10-02,patchesbybob,Patches By Bob,63,0,1,,"The eagle isn't separate from the text — it's built into it. 🦅
Look again at ""EAGLES"" — the wing and head aren't sitting below the letters as a separate graphic, they're stitched into the bottom edge","A short-form video showcasing the intricate craftsmanship and design precision of a custom chenille eagle patch on a sweatshirt, targeting sports teams and streetwear brands.","Custom Patches BY BOB; Rise Above. Stand Out.; Eagle spirit, chenille style.; Built for those who lead, not follow.; Fly bold. Wear confidence.; Premium quality, custom-made just for you. DM for a quote.",Polished Creator,Tutorial,true,yes,,https://www.tiktok.com/@patchesbybob/video/7691723453648473358
patches,police patches,2026-10-01,2026-10-02,mattchpatch,mattchpatch,737,12,,,"That tiny detail? It’s a whole eagle. 👀

A closer look at the Brandenburg police exchange patches we produced for members of Norfolk Constabulary taking part in an International Police Association ex","A satisfying macro zoom video showcasing the intricate manufacturing detail of custom Brandenburg police exchange patches made for Norfolk Constabulary, highlighting small business craftsmanship and inviting custom inquiries.",That tiny detail? It is a whole eagle. 👀,Polished Creator,Behind-the-scenes,true,yes,,https://www.tiktok.com/@mattchpatch/video/7691724734567927062
patches,custom patches,2026-10-01,2026-10-02,designedbydes4s,Designed by Des 💗,947,49,9,,Patch pressing process. #hatpatches #custompatches #4sbrandingco #customhats,"A small business owner provides a tutorial on how she presses hat patches, sharing tips on temperature, pre-pressing, and avoiding overheating texture builds.",Patch pressing 🫶; 4S BRANDING CO,Raw UGC,Tutorial,true,yes,,https://www.tiktok.com/@designedbydes4s/video/7691750445856951583
patches,custom patches,2026-10-01,2026-10-02,printintheuk,Print in the Uk,232,7,2,,"It’s all in the details.

A custom embroidered patch can take a simple beanie and turn it into something that properly represents your brand.

Clean embroidery, sharp details and a professional finish","A short-form behind-the-scenes video by Print in the UK showcasing the precision embroidery process on a custom beanie, emphasizing quality craftsmanship and local production.",PRINT IN THE UK; That embroidered patch just changed the whole beanie.,Raw UGC,Behind-the-scenes,true,yes,,https://www.tiktok.com/@printintheuk/video/7691750995428166934
patches,iron on patches,2026-10-01,2026-10-01,kimberlyj_king,Kimberly / mom + lifestyle,482,14,,,Your sign to make a fall coded tote bag with bag charms  🧸🤎🍂 everything is in my Amazon storefront under “crafts” #fall #girlsnight #craftideas #easycrafts #diy fall girls night craft idea cute eas,"A lifestyle creator shares a cozy fall-themed DIY craft tutorial demonstrating how to customize quilted gingham tote bags using iron-on chenille patches and beaded bag charms, driving viewers to an Amazon storefront for supplies.","your next girls night craft, THANK YOU JESUS, HOWDY, BABY",Polished Creator,Tutorial,true,yes,,https://www.tiktok.com/@kimberlyj_king/video/7691751306314272013
patches,custom patches,2026-10-01,2026-10-02,qualitypatches,Quality Patches,374,8,2,2,"What’s not to love about puff embroidery?

Ready to customize your own patch? Comment below or DM us!

www.qualitypatches.com

#custompatches #puffpatch #customembroidery","A short, satisfying TikTok video by Quality Patches demonstrating the tactile 3D texture of custom puff embroidery on a pink garment, paired with a trending audio track and a clear call-to-action to order custom patches.",STITCHED WITH A LITTLE EXTRA DIMENSION!; #PUFF; 59,Polished Creator,Tutorial,true,yes,,https://www.tiktok.com/@qualitypatches/video/7691755862238514465
patches,police patches,2026-10-01,2026-10-02,sanluisazgov,"City of San Luis, AZ",1617,34,,3,"In October, the San Luis Police Department is showing its support in pink! 💗👮‍♀️
 
In recognition of Breast Cancer Awareness Month, our officers are wearing pink patches to help spread awareness, sh","The City of San Luis, AZ published a TikTok post on October 1, 2026, featuring the San Luis Police Department's participation in Breast Cancer Awareness Month. The video displays an officer in a patrol vehicle, transitioning with pink color filters to reveal campaign text and a pink police patch graphic.",IN OCTOBER WE WEAR PINK; BREAST CANCER AWARENESS MONTH; OFFICER SAN LUIS POLICE AZ; POLICE; 1050; sanluispolice.org; SAN LUIS,Polished Creator,Behind-the-scenes,false,yes,,https://www.tiktok.com/@sanluisazgov/video/7691758766823394574
patches,custom patches,2026-10-01,2026-10-02,graciebrandingco,Gracie Branding Co.,2103,55,3,3,"Gino’s East 🧵🪡

#customembroidery #custompatches #patches #embroiderybusiness #restaurantlife","A satisfying, fast-paced vertical video documenting the step-by-step creation of a custom embroidered patch for Gino's East, highlighting professional tools and meticulous finishing techniques.","Text on hoop: 'U.S. PAT. NOS. 7,807,399 & 7,918,169', 'Pacemakers', 'Keep Away From Computer Discs and Hard Drives', 'Made in the USA', 'WARNING Strong Magnets', 'Pinch Hazard', '5.5' Mighty Hoop'. Text on patch: 'GINO'S EAST OF CHICAGO THE ORIGINAL'.",Raw UGC,Tutorial,true,yes,,https://www.tiktok.com/@graciebrandingco/video/7691766939668073742
patches,patch collector,2026-10-01,2026-10-02,police.patch.coll,Patch Collector,280,17,3,,#policepatch #thinblueline #policechallengecoin #policepatchcollection #policepatchcollector,"A TikTok video by a patch collector displaying various law enforcement challenge coins and embroidered patches, set to the song 'My Hero' by Foo Fighters.","Drug Recognition Expert; Guardians of Wonder Department of Homeland Security Where Imagination Meets Protection; Chattanooga District; Sheriff Bonneville County Est. 1913 Honesty Integrity Trust Respect Accountability; Bonneville County Sheriff We are proud of our badge a symbol of what we stand for and believe in out. Respect, Accountability. www.BonnevilleSheriff.com; Department of Defense USALEE Police; Route 66 Kingman AZ 1952 Police; Florida Department of Natural Resources Marine Patrol",Raw UGC,Collection showcase,false,yes,,https://www.tiktok.com/@police.patch.coll/video/7691807681501269278
patches,police patches,2026-10-01,2026-10-02,370photographs,whacker1171,208,9,1,,#policepatch #policepatchcollection #firstresponder #oceancountynj #fyp,"A TikTok video by whacker1171 showcases a mail call of police and first responder patches from New Jersey and South Carolina, organized visually on a gray mat to indie music.","Mail Call 09/20/2026; BEACHWOOD VOL FIRE CO; OCEAN COUNTY N.J.; SHERIFF'S OFFICE GREENVILLE COUNTY, S.C.; TOMS RIVER POLICE NEW JERSEY STRENGTH AND JUSTICE; ISLAND HEIGHTS POLICE UNITY AUTHORITY PROSPERITY NEW JERSEY; BERKELEY TOWNSHIP POLICE N.J.; DEPARTMENT OF CORRECTIONS NJ; ORANGE POLICE LAW-ORDER NJT 1881 NEW JERSEY; FAIR LAWN AUXILIARY OFFICE OF EMERGENCY MANAGEMENT POLICE 136; GLOUCESTER TOWNSHIP POLICE; MAPLEWOOD POLICE N.J.; UNION, NJ EMERGENCY MEDICAL UNIT EST. 1956; LAKEWOOD EMERGENCY MEDICAL SERVICES 19 79 NJ; BRICK TOWNSHIP POLICE DEPARTMENT EMS EST. 2006; NEW JERSEY EMS TASK FORCE",Raw UGC,Collection showcase,false,yes,,https://www.tiktok.com/@370photographs/video/7691809768628964621
patches,custom patches,2026-10-01,2026-10-02,legitprints,Legit Decisions Printing,284,18,3,,Make some UV patches with us! #custompatchesforhats #uvprintedpatches #smallbusiness,"A short-form behind-the-scenes video by Legit Decisions Printing showing the creation of custom UV-printed patches for hats, highlighting the printing and laser-cutting process with a satisfying aesthetic.",UV Patches!; CADILLAC RANCH SPEED SHOP; LEGIT GANG SHEET BUILDER,Raw UGC,Behind-the-scenes,true,yes,,https://www.tiktok.com/@legitprints/video/7691827551295048974
patches,chenille patches,2026-10-01,2026-10-02,sawgrassink,sawgrassink,139,0,,,"Chenille patches are Halloween shorthand. They also come with a ceiling, and VersiFlex does not.

A real chenille patch is solid yarn in a handful of colors. No fades, no fine lines and every patch in","Sawgrass Ink demonstrates how their VersiFlex product overcomes the design limitations of traditional chenille patches by enabling detailed, multicolored, gradient-rich prints to be pressed onto cotton in a single pass.","SAWGRASS, Letter 8.5 x 11 in, 100 sheets feuilles, VersiFlex LIGHT, 20250718, SG500, Menu, Job Reset, Wi-Fi, Data In, Alert, OK, Escape, Power, INSTA",Polished Creator,Tutorial,true,yes,,https://www.tiktok.com/@sawgrassink/video/7690699443489738014
patches,custom patches,2026-10-01,2026-10-02,patsmagats,SolCalCreations,231,16,5,,"Replying to @🖤Dell🩶 You asked for cowgirl patches, and we’re making it happen! 🌵✨ Saddle up and come build your next favorite hat! 💖🤠💋 

#CowgirlEra #CowgirlPatches #CustomHatBar #Yeehaw #Custom","A small business creator responds to a follower comment by showcasing a large, vibrant collection of cowgirl-themed embroidered patches laid out on a cowhide rug, soundtracked by an upbeat country-pop song.",Reply to 🖤Dell🩶\'s comment Cowgirl; NOT YOUR BABE; ROAM FREE; JUST A SMALL TOWN GIRL,Raw UGC,Haul,true,yes,,https://www.tiktok.com/@patsmagats/video/7691832840803192077
