topic,search_term,post_date,pulled_date,handle,account_name,views,likes,comments,shares,caption,ai_summary,onscreen_text,production_style,content_type,is_commercial,has_adology_analysis,flag,url
watches,watchtok,2025-10-03,2026-10-02,sumirvn,Sumirvn,722700,21100,620,602,"Why do they scratch so easily 😥 

#rolex #watch #watchtok #watches #trend","A TikTok video showing a macro close-up of a heavily scratched Rolex watch clasp after five months of daily wear, accompanied by a frustrated text overlay and hip-hop background audio to engage the WatchTok community.",POV: 5 months of daily wear 😭😭,Raw UGC,Meme,false,yes,,https://www.tiktok.com/@sumirvn/video/7556785353772846343
watches,luxury watches,2025-10-03,2026-10-01,cantwinnow.uk,Cant Win Now,157900,8648,12,1144,i love watches ❤️ #fyp #motivation #moodboard #rolex #watches,"A fast-paced TikTok montage displaying an array of ultra-luxury watches from brands like Rolex, Audemars Piguet, Richard Mille, and Cartier. Accompanied by upbeat audio and a central text overlay confessing an expensive watch addiction, the post targets watch enthusiasts and luxury lifestyle aspirers.",an expensive addiction i need>>>; ROLEX; OYSTER PERPETUAL DATE; SUBMARINER; 1000ft=300m; SUPERLATIVE CHRONOMETER OFFICIALLY CERTIFIED; Audemars Piguet Le Brassus; CARTIER,Curated Aesthetic,Aesthetic,false,yes,,https://www.tiktok.com/@cantwinnow.uk/video/7557046580918930710
watches,luxury watches,2025-10-06,2026-10-01,outpump,Outpump,2600000,99000,1570,7677,"#PharrellWilliams just wore the RM UP-01 Ferrari, the 1.75 mm marvel that costs nearly $2 million.

#RichardMille  #LuxuryWatch #pfw #WatchTok","Outpump shares a short, punchy TikTok spotlighting Pharrell Williams wearing the $1.9 million RM UP-01 Ferrari watch in the front row at Paris Fashion Week, appealing directly to luxury watch enthusiasts and fashion fans.",Pharrell wearing a $1.9M watch in Paris 📍,Raw UGC,Meme,false,yes,,https://www.tiktok.com/@outpump/video/7558038890368601366
watches,watch collection,2025-10-06,2026-10-01,thecologneboy,TheCologneBoy,326000,11500,190,338,"$100,000 watch collection #cologne #fragrance #thecologneboy","A young creator with a prominent fragrance channel expands into watch content by showcasing a portion of his purported $100,000 watch collection, featuring brands like Rolex, Omega, and Cartier.","$100,000 Watch Collection",Raw UGC,Vlog,false,yes,,https://www.tiktok.com/@thecologneboy/video/7558216462612139282
watches,vintage watches,2025-10-11,2026-10-01,vintagewatches01,Vintage Watches,271,16,,,Benrus watch #watches #watch #fyp,"A silent, aesthetically pleasing unboxing video showcasing a Benrus watch with a blue dial and mesh strap, emphasizing craftsmanship and tactile details for watch enthusiasts.",BENRUS NEW YORK; BENRUS.COM; BENRUS ESTD 1921; AUTOMATIC 200M; 019/700,Raw UGC,Unboxing,false,yes,,https://www.tiktok.com/@vintagewatches01/video/7559758612051102990
watches,watches,2025-10-15,2026-10-01,roiaobjects,Roia Objects,507700,49400,114,9104,"This one is off to a smart buyer.. what a timepiece 😮‍💨

#rolex #daydate #rolexwatch #watches #vintagewatch","A luxury watch dealer showcases a vintage Rolex Day-Date on an olive green suede strap against a grey sweater, accompanied by atmospheric music and a brief appreciative caption.",ROLEX / OYSTER PERPETUAL / DAY-DATE / SUPERLATIVE CHRONOMETER OFFICIALLY CERTIFIED / T SWISS T,Curated Aesthetic,Aesthetic,true,yes,,https://www.tiktok.com/@roiaobjects/video/7561448876910054688
watches,watch collection,2025-10-16,2026-10-01,nicktuinenberg,nick,17700000,2200000,3974,164800,"thx grandpa

#watchcollection #chromehearts #richardmille #rolex #frankmueller",A creator uses a humorous and sarcastic caption about their grandfather to flex an expensive and highly customized collection of luxury watches housed in a designer box.,,Polished Creator,Haul,false,yes,,https://www.tiktok.com/@nicktuinenberg/video/7561917614042205453
watches,watches,2025-10-24,2026-10-01,watchingtimepassmeby,Watchingtimepassmeby,240400,4885,202,233,40 dollar Rolex maybe 35 with a promo code from AliExpress  #rolex #watches #flex #money #rich,A short TikTok meme video where a creator uses a rap song audio track and an on-screen text overlay to humorously reveal that their watch is a 40 dollar AliExpress purchase rather than an expensive luxury item.,"She looked at my wrist
And she looked at $40",Raw UGC,Meme,false,yes,,https://www.tiktok.com/@watchingtimepassmeby/video/7564624853148454164
watches,watches,2025-10-25,2026-10-01,vampire_dragon_,vampiredragon666,4594,9,6,11,Just saw this and had to post video to confirm if that code works and it is still up! Get it while it’s hot! #discounts #watches #deals #christmasshopping,"A creator shares a screen recording demonstrating a working discount code that reduces an $1,800 luxury watch to $90, encouraging followers to try it out for holiday shopping.","VALERIO PIANNA HERITAGE WATCHES, Explore our exceptional watches, Discover, Astra Grey - Valerio Pianna, $1,750.00 USD, Sold out, Black Royale - Valerio Pianna, $1,385.00 USD, Silver Royale - Valerio Pianna, $1,500.00 USD, Sole Nero - Valerio Pianna, $1,800.00 USD, Time as a Signature, At Nicolo Pianna, we design more than just, 1/2, 2/2, Taxes included, Shipping calculated at checkout, Quantity, Add to cart, Buy with shop, More payment options, VISA, Mastercard, Apple Pay, Shop, Klarna, Item added to your cart, View cart (1), Check out, Continue shopping, Order summary, Express checkout, PayPal, Google Pay, Contact, Sign in, Email or mobile phone number, Delivery, Country/Region, United States, First name (optional), Last name, Address, Apartment, suite, etc. (optional), City, State, California, ZIP code, Shipping method, Enter your shipping address to view available shipping methods, Payment, All transactions are secure and encrypted, Credit card, Card number, Expiration date (MM / YY), Security code, Name on card, Use shipping address as billing address, Remember me, Save my information for a faster checkout with a Shop account, Mobile phone number, Discount code, TESTSTAFF123, Subtotal, Shipping, Total, TOTAL SAVINGS $1,710.00, $90.00, Pay now, Your info will be saved to a Shop account. By continuing, you agree to Shop's Terms of Service and acknowledge the Privacy Policy., Refund policy, Shipping, Privacy policy",Raw UGC,Tutorial,false,yes,,https://www.tiktok.com/@vampire_dragon_/video/7565046106913115423
watches,watch collection,2025-10-26,2026-10-01,laymedownliam,Liam Gallagher,112200,5058,17,148,"Collection getting there. All budget watch rotation ♻️⌚️

#watches #menwatches #watchesoftiktok","A TikTok watch enthusiast showcases a diverse seven-piece watch rotation ranging from luxury icons to budget-friendly pieces, presented through crisp wrist shots set to a relaxed beat.",7 WATCHES For All Budgets; Rolex Explorer; Cartier Santos Dumont; Omega Geneve; Retro Chic Vatican Majesty; Aura Memento Mori; Casio Digital Bracelet; Filippo Loreti Venice Moonphase,Polished Creator,Collection showcase; Watch collection; Haul,false,yes,,https://www.tiktok.com/@laymedownliam/video/7565489635216919830
watches,watch collection,2025-10-27,2026-10-01,dudjssjsk,dudjssjsk,64900,2670,44,72,My 2025 INSANE watch collection!! #fypシ゚ #watch #fashion #collection,"A luxury watch collector showcases his 2025 timepiece rotation, featuring high-end brands like Richard Mille and Patek Philippe, while asking viewers for suggestions to complete his collection.",MY 2025 WATCH COLLECTION!!; OFFICIALLY POOR; I HAVE ALMOST NO COMPLAINTS ABOUT IT; THIS ONE IS BY FAR MOST EXPENSIVE; IT'S THE WHITE CERAMIC I MISS THIS WATCH; SEE IT AIN'T SLIM; JUST SLEEK CLASSY; TELL ME WHAT MY COLLECTION'S MISSING,Polished Creator,Vlog,false,yes,,https://www.tiktok.com/@dudjssjsk/video/7565754434987314448
watches,luxury watches,2025-10-28,2026-10-01,thedealden25,The Deal Den,143600,3013,12,97,You guys need these they are so clean and the price is such a steal 🤩 #watch #luxurywatch #classy #tiktokshopfinds #tiktokshop,"A creator uses a dramatic hook of a mother discovering a shoebox full of cash and watches to review affordable Poedagar timepieces from TikTok Shop, proving their high-end look, stainless steel build, and water resistance for a price of only ten Euros.",My mom found my shoe box; Buy Here for you guys and you may be able to quickly grab one if you see an orange button; Poedagar; QUARTZ; 10 EURO; UB4205718308,Raw UGC,Review,true,yes,,https://www.tiktok.com/@thedealden25/video/7566183538391911702
watches,watches,2025-11-04,2026-10-01,yaya_schndr,yaya_schndr,588600,42800,358,2215,the second one is coming… #rolex #watches #fyp,"A TikTok flex video featuring a first-person POV shot of a Rolex Datejust watch, accompanied by rap audio and text overlays exaggerating the watch's monetary value from 10k to 100k.","she looked at my wrist and she looked at 10k / she looked at my wrist and she looked at 100,000",Raw UGC,Flex,false,yes,,https://www.tiktok.com/@yaya_schndr/video/7568948792804887830
watches,luxury watches,2025-11-08,2026-10-01,theparisianindubai,Jodie,179800,3596,36,394,"Watch brand: Normal, Millionaire or Billionaire✨

#luxurylifestyle #watches",,,,,,no,,https://www.tiktok.com/@theparisianindubai/video/7570379921827073302
watches,watch collection,2025-11-09,2026-10-01,the.watch.chronic,Andy’s Watches,2800000,285800,2397,6826,Rating watch collections #fypシ゚viral #andyswatches #trending #watchesoftiktok #watchcollector,"A watch creator humorously reviews and rates another creator's collection of budget and microbrand watches without permission, offering praise for affordable horological finds while injecting comedic, deadpan critique.",RATING WATCH COLLECTIONS WITHOUT PERMISSION; My entire watch collection; What's the watch?; MOST REQUESTED; @therealprofessorx; Meridian Manual Wind Rally; Momentum Sea Quartz 30; Vaer Watches,Raw UGC,Reaction,false,yes,,https://www.tiktok.com/@the.watch.chronic/video/7570546535172279607
watches,vintage watches,2025-11-09,2026-10-01,adriianamariie0,adriianamariie0,145700,9623,38,612,Does anyone know anything about this watch? #vintagewatch #vintage #vintagefashion #ysl #yslreverso,"A short-form video showcasing a rare vintage YSL Reverso watch in detail, accompanied by an on-screen caption asking the community for more information about the piece.",Vintage YSL Watch,Raw UGC,Review,false,yes,,https://www.tiktok.com/@adriianamariie0/video/7570566791110462750
watches,luxury watches,2025-11-10,2026-10-01,bondsofbrentwood,Bonds of Brentwood,44700,1322,21,134,The Rolex Milgauss #rolex #watch #fyp #viral #luxury,"A professional luxury watch dealer showcases a rare, discontinued Rolex Milgauss, highlighting its unique green crystal and orange lightning bolt hands to appeal to collectors.",ROLEX OYSTER PERPETUAL MILGAUSS SUPERLATIVE CHRONOMETER OFFICIALLY CERTIFIED SWISS MADE ROLEX BONDS OF BRENTWOOD,Polished Creator,Review,true,yes,,https://www.tiktok.com/@bondsofbrentwood/video/7571180489441135894
watches,luxury watches,2025-11-14,2026-10-01,kidt.grails,timmo,928500,30800,250,3708,"It’s a theme song at this point…

Audemars Piguet Royal Oak Ref. 15450ST.OO.1256ST.03
•
•
•
•
•
#watchesoftiktok #luxurywatches #audemarspiguet #royaloak #fyp","A short-form luxury watch flex video featuring a close-up POV demonstration of an Audemars Piguet Royal Oak set to a synchronized hip-hop track, designed to appeal to watch enthusiasts on TikTok.",How life sounds after buying first AP,Polished Creator,Vlog,false,yes,,https://www.tiktok.com/@kidt.grails/video/7572520934746213652
watches,watchtok,2025-11-15,2026-10-02,watchgold.de,WatchGold GmbH,33600,615,24,69,In love with this one… #breitling #fyp #watchtok,"A luxury watch dealer showcases a Breitling timepiece in a POV autumn setting, using ASMR-style mechanical sounds and visual aesthetics to highlight the watch for an enthusiast audience.",How life sounds when you wear a Breitling,Polished Creator,Aesthetic,true,yes,,https://www.tiktok.com/@watchgold.de/video/7573086513076948246
watches,watch collection,2025-11-18,2026-10-01,lukewesleypearson,Luke Wesley Pearson,148600,4483,21,509,"I get asked for this every time I show my watch box, so now it’s “time” to share. ⌚️🙂‍↕️

This is most of my collection, but not all. The prices range from $65-$800.

1. Gentleman - @TISSOT
2. Sinatr","A rhythmic, top-down showcase of a ten-piece watch collection ranging from $65 to $800, featuring brands like Tissot, Fossil, and Timex.","My Watch Collection, Tissot Gentleman, Bulova Young at Heart, Tissot Swissmatic Classic Dream, VERO Meridian Manual Wind, Movado BOLD Quest, Orient Bambino, Fossil Harlow, Tissot PRX, Fossil Carraway, Timex Easy Reader",Polished Creator,Collection,false,yes,,https://www.tiktok.com/@lukewesleypearson/video/7573905333849050399
watches,watch collection,2025-11-21,2026-10-01,lucawatchesinv,Lucawatchesinv,1100000,27600,117,1443,"The best sound 
-
Contact us today!
-
#watchesinvestments #luxurywatch #luxurylifestyle #watchcollector #rm","A luxury watch dealer showcases the sensory experience of putting on a Richard Mille timepiece through a POV ASMR video accompanied by ethereal choral music, designed to appeal to high-end collectors and enthusiasts.",How Life sounds when you put on your Richard Mille:,Polished Creator,Flex,true,yes,,https://www.tiktok.com/@lucawatchesinv/video/7575219150231014670
watches,watches,2025-11-26,2026-10-01,jamesjoshuawatchesuk,James Joshua,367000,4816,51,818,The best watch dial 🤌🏻 #watches #watchesformen #giftsforhim #jamesjoshua #menswatches,"A stylish POV showcase of a James Joshua silver watch with a striking blue dial, set within a sophisticated lounge atmosphere and paired with luxury lifestyle cues, designed to evoke desire and aesthetic appreciation among watch enthusiasts.",My Most complimented Watch; Lavazza; AMERICAN EXPRESS,Curated Aesthetic,Vlog,true,yes,,https://www.tiktok.com/@jamesjoshuawatchesuk/video/7577089895500467478
watches,watch collection,2025-12-01,2026-10-01,thedndcircus,DND,269600,27800,111,1421,"my weird watch collections. 
i have a very specific niche ❤️😂 i like silly watches. they're also RARE btw 
👁👄👁 

#rolex #niche #mycollection #vintagefashion #watch","A creator showcases a curated selection of rare, whimsical vintage Swatch watches, subverting luxury expectations with playful and unique aesthetic pieces.",do you have a rolex?; no but i have these vintage swatches; adam & eve theme; the faux snake skin is adorable; burgundy strap in velvet; it's giving goth academia; grass strap the watch face is a lake and you can move the red car; niche & camp,Raw UGC,Collection,false,yes,,https://www.tiktok.com/@thedndcircus/video/7578870226800987399
watches,watch collection,2025-12-01,2026-10-01,hermesdoesstuff,HermesNotHermès,235900,13500,155,165,My Personal Watch Collection/Roation after collecting watches for a year! #watches #watchesoftiktok #fyp #viral #collection,"A watch enthusiast shares his current four-month watch rotation, featuring pieces from Seiko, Mido, Hamilton, and Zelos, blending technical appreciation with personal anecdotes and self-deprecating humor.",My Personal Watch Collection,Raw UGC,Vlog,false,yes,,https://www.tiktok.com/@hermesdoesstuff/video/7579007392810061086
watches,luxury watches,2025-12-06,2026-10-01,luxstoreeu,LUX STORE,70800,54,2,2,"✨ Timeless Elegance by Cartier ✨
A masterpiece of precision, heritage and luxury — crafted for those who appreciate true sophistication.

Discover our Cartier watch collection and elevate your style w","A polished promotional video by LUX STORE showcasing a Cartier watch resting on a marble pedestal under dramatic lighting, designed to drive traffic to their e-commerce store through high-end aesthetic appeal.",LUX STORE (top left with crown icon); CARTIER WATCHES (top center in bordered box); Cartier (script logo on pedestal); Worldwide Shipping | 100% Authentic (bottom banner),High-Production,Aesthetic,true,yes,,https://www.tiktok.com/@luxstoreeu/video/7580683623947390230
watches,watches,2025-12-06,2026-10-01,citizenwatch,Citizen Watch,1000000,31200,191,1891,"🔊The sound of your newest addition to the collection: the Super Titanium(tm) Zenshin 60 automatic! 
#asmr #unboxing #watchcollection #watchesoftiktok #EmClimaUltraLeve","A TikTok post by Citizen Watch featuring an ASMR unboxing and feature demonstration of the Super Titanium Zenshin 60 automatic watch, highlighting its lightweight durability, mechanical movement, and aesthetic design.","ASMR Zenshin 60.Mechanical, Super Titanium case, and bracelet so it's, 40% lighter than stainless steel and 5x stronger, In-house automatic movement with, 60 hours of power reserve, bright lume, Gradient textured dial, Geometric bezel, Strong materials, Powerful looks",Polished Creator,Review,true,yes,,https://www.tiktok.com/@citizenwatch/video/7580777580890967326
watches,vintage watches,2025-12-12,2026-10-01,sydneyyyydiana,syd,41000,2915,18,179,I was a little scared after the first few but it did not disappoint #mysteryjewelryjar #vintagewatch #vintagejewelry #vintagefinds #jewelryhaul,"A creator unboxes a mystery bag of vintage wristwatches, showcasing various metallic bands and classic watch faces in an aesthetically pleasing, calm presentation.",opening a vintage watch mystery bag,Raw UGC,Haul,false,yes,,https://www.tiktok.com/@sydneyyyydiana/video/7583055531397483789
watches,vintage watches,2025-12-17,2026-10-01,morefromminaa,mina,74300,2374,16,121,the yummiest vintage watches ever hehe @The Kismet Reserve #fyp #vintagewatch #thekismetreserve #vintagefashion #haul,"A fashion creator shares her curated collection of vintage watches, highlighting unique design details and directing viewers to her shop, The Kismet Reserve.","vintage watch collection; starting off with the one; i'm already wearing; i love a big dial; skinny band; we have this watch ring; the best conversation starter; these ones are my absolute favourite; the detail is immaculate; they don't make watches like this anymore; and i don't know why; seiko with some red rubies; do i even need to explain this one; then we have some more simple; classic silhouettes; particularly love this two-tone; i think it is so sleek; these vintage watches have insane aura; if any of these watches caught your eye; i do sell them on @thekismetreserve; @thekismetreserve; The Kismet Reserve; 278 posts; 135K followers; 195 following; Vintage Reshop; vintage & pre-loved jewelry based in the US; international shipping; next drop: Saturday, 12/21 at 11:30 AM EST; linktr.ee/thekismetreserve; Followed by 4:39 others",Polished Creator,Haul,true,yes,,https://www.tiktok.com/@morefromminaa/video/7584943478589672735
watches,watch collection,2025-12-22,2026-10-01,olliekettleclub1,ollie,373300,27500,118,2406,"Gotham is saved🦇

Rolex GMT Master II ‘Batman’ 

📍Shop Address📍
53 Liverpool Street, London, EC2M 7QN
📍Next to the Andaz hotel📍
Parking on Liverpool street
⚪️
Kettle club watches est 2015
⚪️
Shop","A short, aesthetic TikTok video showcasing a Rolex GMT-Master II 'Batman' watch on a person's wrist in a moody indoor setting, accompanied by practical shop details and inventory information in the caption.",,Curated Aesthetic,Aesthetic,true,yes,,https://www.tiktok.com/@olliekettleclub1/video/7586700318210034966
watches,vintage watches,2025-12-30,2026-10-01,vintagewatches01,Vintage Watches,1080,58,1,2,Seiko 5 SRPK29 #watch #seiko #watches #fyp,"A clean, hands-only ASMR unboxing video of the Seiko 5 SRPK29 automatic watch, showcasing packaging, documentation, and wrist placement for watch enthusiasts.","SEIKO text embossed on outer sleeve, instruction booklet, warranty card, and clasp; 3-YEAR LIMITED WARRANTY text on warranty card; Seiko 5 Automatic text on watch dial",Raw UGC,Unboxing,false,yes,,https://www.tiktok.com/@vintagewatches01/video/7589728167896616223
watches,watch collection,2025-12-31,2026-10-01,mikey_sokyanz,Moe Htet Kyal,513100,26800,246,485,"Replying to @mtheoriginal_ ကျွန်တော့ရဲ့ Watch Collection လေးပါ။ 2026 အတွက် Goal ကတော့ DD or Aquanaut ပတ်ဖို့ပါပဲ။ 😅
#moehtetkyal #fyp #carsoftiktok #knowledge #tiktokmyanmar","Creator Moe Htet Kyal responds to a follower comment by presenting his luxury watch collection, detailing four specific timepieces, their approximate purchase prices, and his future collection goals.",Reply to @mtheoriginal_s Watch collection ပိုပြပေးပါလားဆိုပြီး ကျေးဇူးတင်ပါတယ်။; Thank you & see u in next video. Instagram - @its_mikeyang Facebook - @Moe Htet Kyal,Raw UGC,Personal-update,false,yes,,https://www.tiktok.com/@mikey_sokyanz/video/7589854275426225428
watches,watches,2026-01-01,2026-10-01,myconciergeriee,Myconciergeriee,779400,17000,178,2437,"25,000,000$ Jacob&Co Billionaire Watch 💎 #watch #aura #watches #luxury #jacobandco","A luxury concierge account showcases the fastening of a twenty-five million dollar Jacob & Co. Billionaire watch onto a client's wrist, utilizing extreme macro cinematography of rainbow baguette gemstones and a hip-hop instrumental beat to deliver an impactful luxury flex.","25,000,000$",Polished Creator,Aesthetic,true,yes,,https://www.tiktok.com/@myconciergeriee/video/7590474260053822742
watches,watch collection,2026-01-02,2026-10-01,watchgirlsclub,Vic | The Watch Girls Club,49500,1776,61,59,Collecting watches is actually so fun !! #watchcollector #vintagewatch #cartierwatch #ladieswatch #luxurywatches,"A lifestyle creator shares Part 1 of her watch collection, highlighting pieces ranging from family heirlooms and vintage finds to luxury staples like the Cartier Panthere and playful accessories.","My Watch Collection 
 Part 1 
 Let's look at 
 my watch collection. 
 When it comes 
 to watches, I'm 
 all about high 
 and low. I have some 
 watches that cost 
 $40 
 and some that 
 cost a few 
 thousand. 
 But I do 
 have quite a few 
 vintage pieces 
 that I'm so 
 excited to show 
 you. 
 So let's get 
 started. The first 
 watch is actually 
 my grandpa's watch, 
 um 
 which was given 
 to me by my dad. 
 It's from 
 Emile Pequignet, 
 which is a 
 French brand, 
 so it's made 
 in France. 
 It's 
 quartz, 
 and it's 
 really giving me 
 Cartier 
 Santos vibe. 
 And it's such 
 a beautiful watch. 
 I love 
 the case, 
 and I think 
 it's so special. 
 It really is 
 a conversation starter. 
 And I actually 
 wear it quite a lot. 
 The next piece 
 I wanted to 
 talk about today 
 is this super 
 fun bangle watch 
 is by Mortima, 
 which is a 
 brand that my 
 great... great 
 grandfather started 
 back in the days, 
 back in 1929. 
 So, 
 you know, 
 vintage. 
 Um, this one, 
 I think is 
 more from like 
 the 60s or 
 70s. 
 Um, but such a 
 fun watch 
 once again, 
 and I don't 
 know, 
 it is 
 stunning. 
 My everyday watch 
 is my Cartier 
 Panthere, 
 uh 
 that I wear 
 absolutely everyday. 
 I have the 
 two-tone 
 in 
 the small model. 
 This is honestly 
 the most comfortable 
 watch that I've 
 ever worn. 
 You barely feel 
 it. And I 
 think that's why 
 I always gravitate 
 back to it 
 so often. 
 Um, and plus, 
 it's extremely 
 classy. 
 I know it's like",Raw UGC,Vlog,false,yes,,https://www.tiktok.com/@watchgirlsclub/video/7590854397219949855
watches,watch collection,2026-01-04,2026-10-01,watch.collection03,Watch Collection.,663,30,4,,"#shock #watch #gshockwatches #casiowatch #casio
Send me a private message telling me which style you want, and I'll send you the pictures and prices together.-",A promotional showcase of Casio G-Shock watch models utilizing fast-paced cutting and close-up angles to drive viewers to direct message the creator for purchasing information.,"G-SHOCK, PROTECTION, LIGHT, ADJUST, START, MODE, W.R. 20BAR, SINCE 1983, BLUETOOTH, CASIO, PRO EDITION",Raw UGC,Haul,true,yes,,https://www.tiktok.com/@watch.collection03/video/7591473488242806038
watches,watchtok,2026-01-04,2026-10-02,patrickzangardi,Patrick,4915,368,51,7,My submission to #watchtok - my watch collection and the stories behind them,"Creator Patrick participates in the #watchtok trend by presenting his watch collection, detailing the emotional stories, family history, and life milestones attached to each timepiece from an intimate home setting.",,Raw UGC,Vlog,false,yes,,https://www.tiktok.com/@patrickzangardi/video/7591556488406027550
watches,watches,2026-01-05,2026-10-01,1eth._,Eth,1200000,147700,965,10500,"Some watches chase attention This one earns respect
#patek #watches","A short-form luxury flex video featuring a close-up of a high-end rose gold watch, paired with a confident voiceover about dedication and respect.",PATEK PHILIPPE on the watch dial,Raw UGC,Flex,false,yes,,https://www.tiktok.com/@1eth._/video/7591884193525714179
watches,vintage watches,2026-01-06,2026-10-01,wrist.daddy,Joshua Tasdemir,122300,4533,56,226,"The Seiko Credor lineup is one of my favorite lineups from the neo vintage era of watches. Ultra thin design, beautiful, build, quality, and premium materials. These watches have withstood the test of","Creator Joshua Tasdemir highlights the neo-vintage Seiko Credor watch lineup, detailing their ultra-thin design and historical value before inviting viewers to join his watch collecting community.",Credor Seiko on watch dial,Polished Creator,Review,true,yes,,https://www.tiktok.com/@wrist.daddy/video/7592280711499959583
watches,vintage watches,2026-01-08,2026-10-01,emileyer,emily,20600,267,17,64,"Japan Series: i was on a MISSION to find vintage watches, luckily found some really pretty pieces from the flea market 

#japanhaul #vintagewatch #tokyofleamarket","Creator Emily shares a budget-friendly vintage watch haul from the Tokyo flea market, featuring pieces from Burberrys, Citizen, and Alba, highlighting their aesthetic stacking potential and low cost.",Japan Series vintage watch haul,Raw UGC,Haul,false,yes,,https://www.tiktok.com/@emileyer/video/7592893517819645191
watches,watchtok,2026-01-08,2026-10-02,dialed_in0,DIALED IN,7116,75,21,3,"Expensive ≠ worth…. Especially Gucci 

	#W#WatchTok#W#WatchHumor#W#WatchCommunity#W#WatchGuys#WatchAddict","A watch creator humorously confesses to blowing a $10,000 budget gifted by his dad on a Gucci watch, triggering instant regret and off-camera disbelief.",Gucci,Raw UGC,Comedy-skit,false,yes,,https://www.tiktok.com/@dialed_in0/video/7593031198675373367
watches,watch collection,2026-01-09,2026-10-01,watch.collection112,Watch Collection.,1050,43,2,,"#shock #watch #gshockwatches
T
#casiowatch #casio
Send me a private message telling me which style you want, and I'll send you the pictures and prices together.-","A watch vendor showcases a diverse collection of Casio G-Shock watches on TikTok, highlighting a translucent white and rose-gold model in detail while inviting viewers to send direct messages for catalog and pricing information.",G-SHOCK; PROTECTION; FRI; 21:18,Raw UGC,Review,true,yes,possible off-topic,https://www.tiktok.com/@watch.collection112/video/7593419063670394134
watches,watch collection,2026-01-11,2026-10-01,watch.luca,Watch Luca,189600,12800,294,276,Get to know me a bit more! This is the story behind each watch in my collection #watchcollector #watchtok #watchesoftiktok,"A watch enthusiast shares the deeply personal, milestone-driven stories behind the eight timepieces in his collection, blending horology with autobiographical storytelling about career moves and friendships.","Get to know me a bit more! This is the story behind each watch in my collection #watchcollector #watchtok #watchesoftiktok; Tudor Black Bay 58; Seiko SJE093 62MAS; Seiko DIVER 17 jewels, self-winding, guaranteed waterproof up to 150 meters of water...; Cal. 6217 Automatic with Calendar (Diver's Watch) 17j Nov't Diameter 28.0 m/s; Grand Seiko SBGV245; Citizen NB1060; Timex Q GMT; Rolex Datejust 36; Seiko SSB479P1; watch.luca Watch Luca 50 Following 1583 Followers I really likes watches youtube.com/@watch-luca; Watch Luca @watch-luca 574 subscribers 8 videos Rantings about watches ...more tiktok.com/@watch.luca; Omega MoonSwatch Mission to Mercury",Polished Creator,Vlog,false,yes,,https://www.tiktok.com/@watch.luca/video/7594193234578935062
watches,watch collection,2026-01-14,2026-10-01,cancranedoit,Michael Crane Can Do It,42000,2660,161,37,A beginner’s journey into watch collecting. State of my watch collection #watchcollector #watchtok #watchesoftiktok #watchcollection #showandtell,"A creator presents the current state of his budget watch collection, reviewing twelve different accessible timepieces from brands like Casio, Seiko, Timex, Citizen, and Islander while sharing personal anecdotes and reflecting on his collecting habits.","Kamier branding on watch box; visible dial text on watches such as Casio, Seiko, Citizen, Timex, Islander, Indiglo, Water Resistant, Quartz, Eco-Drive, Solar",Raw UGC,Show-and-tell,false,yes,,https://www.tiktok.com/@cancranedoit/video/7595143116290673951
watches,watch collection,2026-01-14,2026-10-01,watch.collection112,Watch Collection.,694,58,3,,"#shock #watch #gshockwatches #casiowatch #casio
Send me a private message telling me which style you want, and I'll send you the pictures and prices together.-","A watch seller showcases a vibrant metallic blue Casio G-Shock watch on a table filled with diverse models, prompting viewers to message for styles and pricing.","G-SHOCK CASIO, PROTECTION, ADJUST, LIGHT, MODE, START, WATER RESIST 20BAR, MUTE ALM SIG",Raw UGC,Haul,true,yes,,https://www.tiktok.com/@watch.collection112/video/7595157929645460758
watches,watch collection,2026-01-15,2026-10-01,watch.collection03,Watch Collection.,900,21,,,"#shock #watch #gshockwatches #casiowatch #casio
Send me a private message telling me which style you want, and I'll send you the pictures and prices together.-","A silent, high-detail product showcase of a metallic blue G-Shock watch, highlighting its texture, finish, and wrist presence to drive direct message inquiries for purchase.",,Polished Creator,Review,true,yes,,https://www.tiktok.com/@watch.collection03/video/7595576138521693443
watches,watch collection,2026-01-16,2026-10-01,watch.collection112,Watch Collection.,1222,89,5,2,"#shock #watch #gshockwatches #casiowatch #casio
Send me a private message telling me which style you want, and I'll send you the pictures and prices together.-","A watch reseller showcases a matte black Casio G-Shock in a close-up POV video while displaying a large collection of alternative models in the background, prompting viewers to direct message for prices and styles.",G-SHOCK CASIO LIGHT ADJUST MODE LIGHT START PROTECTION,Raw UGC,Review,true,yes,,https://www.tiktok.com/@watch.collection112/video/7595917552769977603
watches,watch collection,2026-01-18,2026-10-01,watch.collection112,Watch Collection.,775,45,6,2,"#shock #watch #gshockwatches #casiowatch #casio
Send me a private message telling me which style you want, and I'lI send you the pictures and prices together.-",A short product showcase video presenting a silver metal Casio G-Shock watch with a call-to-action directing viewers to send a private message for style options and pricing.,"G-SHOCK; CASIO; MODE; LIGHT; CONNECT; FIND; SHOCK RESIST; Send me a private message telling me which style you want, and I'll send you the pictures and prices together.",Raw UGC,Haul,true,yes,,https://www.tiktok.com/@watch.collection112/video/7596665171305663766
watches,watch collection,2026-01-18,2026-10-01,watch.collection112,Watch Collection.,973,31,3,,"#shock #watch #gshockwatches #casiowatch #casio
Send me a private message telling me which style you want, and I'll send you the pictures and prices together.-","A watch reseller showcases an assortment of Casio G-Shock models on a rotating stand and provides a detailed hand-held inspection of a black rainbow-indexed model, accompanied by French rap music and a prompt to message for prices.",G-SHOCK; CASIO; ADJUST; LIGHT; MODE; START; PROTECTION; 20BAR; #shock #watch #gshockwatches #casiowatch #casio,Raw UGC,Review,true,yes,,https://www.tiktok.com/@watch.collection112/video/7596771047207308546
watches,watch collection,2026-01-19,2026-10-01,glitzgrace.watch,glitz&grace.watch.pk,119200,1134,37,636,"order now 30% off 
Dm on whatsapp for order now #frankmullerwatch #watchbusiness #mencollection #glitz&grace.watch.pk #trending","A promotional TikTok video by a watch seller showcasing an iced-out luxury timepiece with a 30 percent discount offer, directed at buyers via WhatsApp.",order now,Raw UGC,Haul,true,yes,,https://www.tiktok.com/@glitzgrace.watch/video/7596940129965477141
watches,watch collection,2026-01-22,2026-10-01,watch.collection112,Watch Collection.,894,31,3,,"#shock #watch #gshockwatches #casiowatch #casio
Send me a private message telling me which style you want, and I'lI send you the pictures and prices together.-","A dynamic product showcase video presenting a diverse collection of G-Shock and Omega watches, designed to drive direct message inquiries for catalog pictures and pricing.","G-SHOCK; CASIO; OMEGA; CHRONOMETER CERTIFICATE; SINCE 1983; SHOCK RESIST; W.R. 20BAR; Send me a private message telling me which style you want, and I'll send you the pictures and prices together.",Raw UGC,Haul,true,yes,,https://www.tiktok.com/@watch.collection112/video/7598243909722066198
watches,watches,2026-01-23,2026-10-01,watches.all,watches all,275700,3709,216,321,#watch #watches,"A short promotional video showcasing a large gold-colored watch with claims of factory-direct pricing and worldwide shipping, directing viewers to WhatsApp via the comments.","the designer factory outlet store, the cheapest price, the highest quality, free shipping to worldwide, Click on the comment to contact me via WhatsApp or follow me",Raw UGC,Review,true,yes,,https://www.tiktok.com/@watches.all/video/7598552422646074654
watches,watchtok,2026-01-26,2026-10-02,expertyco,expertyco,1000000,22500,103,1436,"Every day, you may damage your watch without even knowing it.
These small habits protect what matters most: the look and the movement.

1. Lay it on its side when you take it off, it helps protect the","A concise, high-end educational tutorial by Expertyco on WatchTok demonstrating five essential dos and don'ts for luxury mechanical watch care, utilizing macro cinematography and crisp instructional text.","WRONG 
 Lay it flat 
 © Expertyco 
 RIGHT 
 Lay it on the side 
 WRONG 
 Hit the watch 
 RIGHT 
 Gently shake it 
 WRONG 
 Turn counter-clockwise 
 RIGHT 
 Turn in the correct direction 
 WRONG 
 Leave the crown loose 
 RIGHT 
 Screw the crown down fully 
 WRONG 
 Wind on the wrist 
 RIGHT 
 Wind off the wrist",Polished Creator,Tutorial,true,yes,,https://www.tiktok.com/@expertyco/video/7599743590234852630
watches,watch collection,2026-01-26,2026-10-01,theafricanmanpodcast,The African Man,9905,805,31,30,My Personal Watch Collection/Roation from cheapest to the most expensive ! #watches #watchesoftiktok #fyp #viral #collection,"The African Man walks viewers through his personal wristwatch collection, moving from cheapest to most expensive, while offering practical style advice on watch sizing, personal branding, and dressing for one's body type.",My personal wristwatch collection,Polished Creator,Opinion,false,yes,,https://www.tiktok.com/@theafricanmanpodcast/video/7599748750629817630
watches,watch collection,2026-01-26,2026-10-01,watch.collection112,Watch Collection.,845,48,1,2,"#shock #watch #gshockwatches #casiowatch #casio
Send me a private message telling me which style you want, and I'll send you the pictures and prices together.-","A short product showcase video presenting a metallic G-Shock style watch with an orange face, prompting viewers to send a direct message for pricing and style options.",,Raw UGC,Review,true,yes,,https://www.tiktok.com/@watch.collection112/video/7599768354966097174
watches,watches,2026-01-27,2026-10-01,scentbyjohnny,Scent by Johnny,1400000,81400,583,1144,This is my affordable watch collection. #watchtok #watchesoftiktok #watches #fragrancetiktok #fragrance,"A popular fragrance creator expands into WatchTok by reviewing his affordable watch collection, offering brutally honest critiques of budget brands, highlighting his favorites and failures, and sharing his luxury watch wishlist.",@Andy'sWatches,Raw UGC,Collection; Review; Personal-update,false,yes,,https://www.tiktok.com/@scentbyjohnny/video/7600035562451504414
watches,watch collection,2026-01-29,2026-10-01,shruums1,Shruums,13600,281,11,22,"A tour of my small watch collection. 
- Rolex Datejust 31 (yellow rolesor)
- Cartier Tank 
- Cartier Panthere (two-tone)
- Rolex Oyster Prepetual - Tiffany 

#watchtok #rolex #cartier #watches #watchc","A female creator presents her luxury watch collection—featuring Rolex and Cartier timepieces—while sharing the personal stories and milestones behind each acquisition, engaging the WatchTok community.","So I was never really into watches until I met my husband and, of course, I'm a supportive wife and he's really into watches, and so I got into watches. So first up, we have the Rolex Datejust 31. This is in yellow rolesor, meaning that it is stainless steel and 18-carat gold. And this is with the fluted bezel and the Jubilee bracelet. This one was a gift for my 30th birthday, and so it's really special to me. Next, we have the Cartier Tank Francaise — I actually don't know how to say it — but this is in the size small in stainless steel. And this was a gift to myself after a promotion at work a few years ago, and I wanted a classic, timeless watch that I could wear to work and be a reminder of my achievements. So that's when I got this. Next up, we have the Cartier Panthere in the size small. And this one is also two-tone, meaning it is stainless steel and 18-carat gold. And this one was also for a milestone at work. I've been wanting this watch for years, and I told myself that I wouldn't buy it until I hit this particular milestone. And I ended up hitting that last year, so this was a gift to myself for hitting that milestone. And thank God I ended up hitting it right before that massive price increase last year, because right after I bought it, it went up, like, $900. With tax, it would've been, like, over $1,000. Um, so thank God for that. And last, but certainly not least, we have the Rolex Oyster Perpetual. This is in the size 31 in the turquoise dial, also known as th",Raw UGC,Vlog,false,yes,,https://www.tiktok.com/@shruums1/video/7600895664045739277
watches,watch collection,2026-02-02,2026-10-01,ianhugen,ianhugen,456400,25900,205,400,Not the biggest collection but I really treasure all of my watches 🫶🏻,"A fashion creator shares five luxury watches from her personal collection, discussing their versatility, sentimental value, and how she styles them for different occasions.",my watches collection; cartier santos; cariter tank; hermes huere H watch; hermes kelly watch; bvlgari serpenti,Raw UGC,Vlog,false,yes,,https://www.tiktok.com/@ianhugen/video/7602162465887063314
watches,watch collection,2026-02-03,2026-10-01,watch.collection03,Watch Collection.,1080,26,,,"Send me a private message telling me which style you want, and I'll send you the pictures and prices together.-#shock #watch #gshockwatches #casiowatch #casio","A TikTok post by Watch Collection showcasing an extensive assortment of G-Shock watches on display, highlighting one specific metallic model up close and inviting viewers to direct message for style catalogs and pricing.","Send me a private message telling me which style you want, and I'll send you the pictures and prices together.",Raw UGC,Haul,true,yes,,https://www.tiktok.com/@watch.collection03/video/7602704448003034371
watches,vintage watches,2026-02-08,2026-10-01,yiyayuu,yiya,24900,240,6,60,"am obsessed with vintage watches now 😵 & his prices are really good!! 
@qy 

#vintage #vintagewatch #vintageshopping #watch #fyp","A creator shares an aesthetic shopping haul showcasing a massive, affordable collection of vintage women's watches at a specialty location, highlighting specific pieces and unexpected perks like free candy.",Vintage watch shopping with us!!; crazy lot of options!!; so many pretty pieces!!; our favourite table!!; BAAAHH; SEIKO EXCELINE MOP!!; free gummies too!!,Raw UGC,Haul,false,yes,,https://www.tiktok.com/@yiyayuu/video/7604446652874624264
watches,luxury watches,2026-02-09,2026-10-01,timedealer_hattie7,timedealer_hattie,203700,690,22,116,"1 or 2?

#realvsfake #luxurywatch #rolex #oysterperpetual #watchlover",A fast-paced interactive watch authentication challenge where viewers must guess which of two Rolex Submariner watches is real based on the sound and feel of the bezel click.,1; FAKE VS REAL; 2; Rolex logo on watch dials and background box,Polished Creator,Challenge,true,yes,,https://www.tiktok.com/@timedealer_hattie7/video/7604743816439958806
watches,watchtok,2026-02-10,2026-10-02,tickingpulse,tickingpulse,221400,5525,52,1584,"The Citizen Tsuyosa in black is the safest pick in this price range. Ref: NJ0150-81E
#citizenwatch #datejust #watchtok #fyp","A TikTok watch review featuring a wrist roll of the Citizen Tsuyosa black dial model (Ref: NJ0150-81E), highlighting its value proposition in the affordable watch market.",The Citizen Tsuyosa in black is the safest pick in this price range. Ref: NJ0150-81E #citizenwatch #datejust #watchtok #fyp,Raw UGC,Review,false,yes,,https://www.tiktok.com/@tickingpulse/video/7605189770162998550
watches,vintage watches,2026-02-10,2026-10-01,jordantaylorcollections,jordantaylorcollections,397900,25500,43,882,"Vintage watches you’ll fall in love with ✨💖 Shop the bio link — jordantaylorcollections.com 
#vintagewatch #daintygoldwatch #daintyjewelryg","A short, aesthetically polished product showcase featuring a flat-lay of six delicate vintage gold watches on a white fleece background, aimed at driving traffic to an online vintage collection shop via the bio link.",Day dreams of the perfect vintage watch ✨,Curated Aesthetic,Aesthetic,true,yes,,https://www.tiktok.com/@jordantaylorcollections/video/7605300325079059742
watches,watch collection,2026-02-12,2026-10-01,amalficollection,Amalfi Collection,131900,3171,290,174,#fyp #watches #watchtok #tagheuer #affordablewatches,"A TikTok post by Amalfi Collection featuring a first-person POV shot of a luxury watch on a wrist, synchronized with a rap audio track and text stating the watch is worth $6000, targeting the WatchTok community.",She looked at my wrist and She looked at $6000,Raw UGC,Meme,false,yes,,https://www.tiktok.com/@amalficollection/video/7605780707201305878
watches,watchtok,2026-02-12,2026-10-02,thewatchdawgg,TheWatchDawGG,571,91,3,2,@Watch_ing the Internet 3 watches from my collection I’d recommend for you. #fyp #watchtok,"A watch enthusiast uses a roleplay format on TikTok to recommend three specific timepieces—a Bulova Lunar Pilot, a Laco Augsburg, and a Christopher Ward Trident—for a hypothetical first-time watch buyer.","Let's play a game!, @watch_ingtheinternet, ALRIGHT, WATCH TALK. LET'S PLAY A GAME. LET'S PRETEND THAT WATCHING THE INTERNET DOESN'T KNOW ANYTHING., SAY I WAS LOOKING TO GET MY FIRST PROPER WATCH. WHAT PIECES ARE YOU RECOMMENDING THAT ARE IN YOUR OWN COLLECTION?, MONTANA WILDERNESS PRESERVATION ROCKY MOUNTAIN FRONT, DAWGG APPROVED, THE WATCH DAWGG, LONGINES, PANERAI, AP, AUDEMARS PIGUET, VICTORINOX, SWISS ARMY, TISSOT, ZENITH, CARTIER, PHILIPPE EL, ULYSSE NARDIN, CASIO, THEX, TIMEX, MAURICE LACROIX, PIAGET, TUDOR, BVLGARI, BELL & ROSS, ORIE, BLANCPAIN, GWO+, SWATCH, BAUME & MERCIER, SEIKO, TAG HEUER, TISSOT, OMEGA, JAEGER-LECOULTRE, ROLEX, IWC",Raw UGC,Vlog,false,yes,,https://www.tiktok.com/@thewatchdawgg/video/7605837498408914190
watches,luxury watches,2026-02-12,2026-10-01,mrlucy.gallery,LUCY GALLERY,782700,54700,229,4114,#luxurystyle #luxurywatch #timepieces #luxury #lucytimepieces,"A creator showcases the unboxing and wrist placement of an 18-karat pink gold Audemars Piguet Royal Oak Chronograph, utilizing POV ASMR aesthetics to appeal to luxury watch enthusiasts.","AUDEMARS PIGUET 
 Le Brassus 
 INTERNATIONAL SALES WARRANTY 
 WATCHES 
 INTERNATIONAL WARRANTY CARD 
 ROYAL OAK",Polished Creator,Haul,true,yes,,https://www.tiktok.com/@mrlucy.gallery/video/7605852304830500104
watches,vintage watches,2026-02-13,2026-10-01,jacob_cue,Jacob Cue 🕰️,1500000,42800,1127,834,One of the most hyped watches on everyone list #greenscreen #vintage #watches #casio,"A watch creator questions the overwhelming popularity of the Casio F-91W and showcases alternative models like the A171, A168, Poptone, and F201 to spark discussion among collectors.",Better Alternatives?; CASIO F-91W; ALARM CHRONOGRAPH; LIGHT; PM; MO 27; 8:41 22; WATER WR RESIST; CASIO ALARM CHRONOGRAPH; LAP RESET; SA 23; 7:25 10; LIGHT; CASIO ALARM CHRONOGRAPH; 3:54 12; WE 7; 2:05 48; R ADJ 12/24 MODE L LIGHT; CASIO ALARM CHRONOGRAPH; FRI 10 4; 1:5954,Raw UGC,Opinion,false,yes,,https://www.tiktok.com/@jacob_cue/video/7606167436420861214
watches,watch collection,2026-02-17,2026-10-01,katebartlett,kate bartlett,198900,16800,98,338,short & sweet with room to growwww ⏱️ #watchcollection,"Lifestyle creator Kate Bartlett presents her luxury watch collection, detailing five specific timepieces from Rolex, Cartier, Chanel, and Ferragamo, along with the personal stories and milestones behind acquiring each piece.",my watch collection 🤍; Summer Fridays,Polished Creator,Vlog,false,yes,,https://www.tiktok.com/@katebartlett/video/7607623398621072671
watches,luxury watches,2026-02-17,2026-10-01,bigmoewatches,Big Moe | +971 58 530 3766,177300,3364,67,452,"Why is every celebrity obsessed with the Rolex Explorer?👀🤔

Reach out to me for your next Rolex!

#bigmoewatches #dubai #rolex #explorer #luxurywatches","A watch dealer in Dubai breaks down why celebrities like Brad Pitt, Tom Hanks, and Matt Damon wear the Rolex Explorer 1, exploring its 1953 heritage and Everest history before inviting viewers to purchase through him.",WHY IS EVERY CELEBRITY WEARING THIS WATCH?; BRAD P/TT; TOM HANKS; ALL WEAR; THE ROLEX EXPLORER 1; BUT WHAT MAKES THIS WATCH SO SPECIAL; IT WAS FIRST LAUNCHED IN 1953; TO WITHSTAND THE TOUGHEST CONDITIONS; IT WAS EVEN WORN DURING THE HISTORIC EVEREST EXPEDITION!; I LOVE THE CLEAN BLACK DIAL; AND BOLD WHITE HOUR MARKERS; THE WATCH IS TIMELESS; AND OFFERS LUXURY FOR EVERYDAY WEAR; WOULD YOU WEAR IT?,Polished Creator,Tutorial,true,yes,,https://www.tiktok.com/@bigmoewatches/video/7607828190035234068
watches,vintage watches,2026-02-18,2026-10-01,dannysdustydials,Danny's Dusty Dials,6640,230,10,4,"A timeless and classy 1950's Girard Perregaux Gyromatic. A true gentlemans watch with history and that vintage look that'll put any modern dress watch in the room to shame.

#wristwatch #wristcheck #w","A silent, high-aesthetic wrist check video showcasing a vintage 1950s Girard-Perregaux Gyromatic watch with a champagne dial and brown leather strap, appealing to watch enthusiasts through smooth movement and classic styling.",1950's Girard Perregaux Gyromatic,Polished Creator,Vlog,false,yes,,https://www.tiktok.com/@dannysdustydials/video/7608176269586435341
watches,watches,2026-02-18,2026-10-01,seikomasterr,SEIKO,253000,29000,149,1213,"Show me a Seiko with this majestic dial 🤷🏾‍♂️ 

#watches #vira #seiko #luxury 
#goviral","A short-form watch showcase video featuring a custom Seiko mod with an abalone shell dial, designed to engage horology enthusiasts on TikTok through a synchronized beat drop and clean wrist reveal.",,Raw UGC,Vlog,false,yes,,https://www.tiktok.com/@seikomasterr/video/7608209445587488023
watches,luxury watches,2026-02-19,2026-10-01,aviandco_,Avi & Co. ®,37000,950,,104,"Fifteen Rolex statements. One collector’s box. 💎
 
Day-Dates. Daytonas. Sky-Dweller. GMT. Yacht-Master. Pearlmaster.
Gem-set bezels. Rare dials. High jewelry execution.
 
Color. Craftsmanship. Rarity","A high-end luxury watch dealer showcases a collection of fifteen rare, gem-set Rolex watches housed inside a custom branded box to engage watch collectors and luxury enthusiasts.","15 Rolex. One box. 
AVI & CO.",High-Production,Haul,true,yes,,https://www.tiktok.com/@aviandco_/video/7608683254190705933
watches,watches,2026-02-21,2026-10-01,sirepic911,Sirepic,540300,34800,267,4449,#audemarspiguet #ap #skeleton #watches,"A short, high-impact luxury flex video featuring a close-up wrist roll of an Audemars Piguet skeleton watch inside a Lamborghini, designed to signal high status and appeal to watch collectors.",,Polished Creator,Flex,false,yes,,https://www.tiktok.com/@sirepic911/video/7609454253857344782
watches,luxury watches,2026-02-22,2026-10-01,mywatchllc,Danny Tiwaini,323800,8106,337,772,"Rolex Day-Date 40mm Presidential Green Ombre Dial🤤😍🔥
-
-

MyWatchLLC.com Pricing & Inventory

#Michiganwatches #detroitluxurywatches 
#watchcollector #watchaddict #watchlover",A luxury watch dealer showcases a Rolex Day-Date 40mm Presidential with a green ombre dial in a close-up product video designed to drive traffic to MyWatchLLC.com.,"MY WATCH, VIST MYWATCHLLC.COM",Polished Creator,Haul,true,yes,,https://www.tiktok.com/@mywatchllc/video/7609758874245008671
watches,watch collection,2026-02-23,2026-10-01,mynameisnotmin,I am not Min,176600,7068,65,337,"Not very familiar with this brand but he seems happy 

#kuronotokyo #unboxingwatch",A creator posts a POV unboxing video of a luxury Kurono Tokyo chronograph watch while using ironic on-screen text claiming it is the cheapest watch in her boyfriend's collection.,Buying my bf the cheapest watch in his collection because it's the thought that counts; BUNKYŌ TOKYO; www.kuronotokyo.com,Raw UGC,Haul,false,yes,,https://www.tiktok.com/@mynameisnotmin/video/7609954199710764295
watches,vintage watches,2026-02-24,2026-10-01,jackroad_and_betty_en,Jackroad and Betty English,5387,54,,2,"Good old Japanese watches! Selection of 5 Vintage Seiko Models.

―――――――――――――――

◆Museum-quality watch selection! Japan's largest inventory of watches at JACKROAD. @jackroad_overseas

This account do","A watch store expert showcases five vintage Japanese watch models from Seiko and Credor, detailing their historical significance, unique design features, and nicknames to engage collectors and drive traffic to the store's online inventory.","King Seiko Ref.5626-7110; Bell Matic Ref.4006-7012; Seiko Second Divers Ref.6105-8110; 5 Sports Speed-Timer Ref.6138-0020; Credor Ref.5A74-5020; The first King Seiko produced by Suwa Seikosha, commonly known as the '56KS.'; It features a one-piece case integrated with the case back, and the simple dial design typical of Seiko offers outstanding usability.; As the name suggests, it is an automatic model with a beautiful alarm sound like a bell.; A collection developed as Japan's first automatic alarm watch, it plays an elegant and pleasant tone described as 'Ri-ri-ri' and 'Ji-'.; A late model affectionately known as the 'Uemura Diver' because it was used by the adventurer Naomi Uemura.; The asymmetrical case design is so popular that reissue models have been released.; It is a piece with excellent visibility due to the thick bar indices.; A chronograph model that was popular among young people at the time and remains a popular collection today.; The unique case shape known as 'Fujitsubo' (Barnacle) and the retro atmosphere accented by the orange chronograph hand are its charms.; A luxury model featuring a bezel with baguette diamonds and pavé diamonds on the outer rim of the dial.; It is a unique piece combining a hexagonal white gold case with a mesh bracelet.; Good old Japanese watches! Selection of 5 Vintage Seiko Models.; If you are interested, please check out our online store!",Polished Creator,Tutorial,true,yes,,https://www.tiktok.com/@jackroad_and_betty_en/video/7610249866945629441
watches,vintage watches,2026-02-26,2026-10-01,timeforiaco,Timeforia,6459,138,3,12,"Ever seen a late-80s digital that still feels this cool today? 👀✨

This Seiko A547-500B (1988) is pure retro tech energy. Clean, sharp, and unapologetically vintage — the kind of piece that instantly","A polished aesthetic showcase of a 1988 Seiko A547-500B vintage digital watch, highlighting its retro design, original bracelet, and functional features to drive direct sales among collectors.","1988 Seiko Digital Vintage Model; SEIKO A547-500B; A classic late-80s Seiko digital featuring alarm, chronograph, and light functions a true everyday vintage utility piece. Its clean rectangular case and original bracelet give it unmistakable retro-tech aesthetic, perfect for collectors who appreciate functional vintage design.; LIGHT; ALARM; TIMER; STOPWATCH; TIME; START-STOP; SELECT; DATE; SET; S M T W T F S; 1:55:51; SEIKO",Polished Creator,Review,true,yes,,https://www.tiktok.com/@timeforiaco/video/7611327868911504660
watches,luxury watches,2026-03-01,2026-10-01,lucywatches.official,lucywatches.official,252800,18500,55,1347,#luxurywatches #luxury #lucytimepieces #unbox #luxurywatch,"A silent, tactile unboxing video of a Patek Philippe rose gold watch, showcasing premium packaging, watch movement details, and wrist placement for a luxury-focused audience.",PATEK PHILIPPE GENEVE,Polished Creator,Haul,true,yes,,https://www.tiktok.com/@lucywatches.official/video/7612259273191476498
watches,vintage watches,2026-03-02,2026-10-01,doreencatacutan,doreencatacutan on ig,2800000,205100,444,17800,found a hidden vintage watch store in makati!,"A fashion creator documents her three-hour visit to Clockwork Vintage, a physical watch store in Makati, trying on various vintage timepieces from luxury and accessible brands, showcasing strap customization, and ending with five purchased watches.","Come Vintage Shopping with me; 📍Clockwork Vintage; Brand: Tissot; Gucci Bezels; 1st pick: Tissot; additional P500 for strap genuine leather; Getting this!; Marie Claire P5,000; Also getting this!; Lots of silver options too!; Everything priced @P650!; All are working!; 📍unit G-14 Makati Executive Tower 3 10am-10pm; Lots of diff vintage watch brands: Seiko, Citizen, Timex, Gucci, Tag Heuer, Longines, Bulova, Cartier, Geneve etc; Got a total of 5 watches! Should we do a haul?",Raw UGC,Vlog,false,yes,,https://www.tiktok.com/@doreencatacutan/video/7612665127875185941
watches,watch collection,2026-03-03,2026-10-01,schmidtviews,Michael,54200,3273,122,46,"current watches in the collection 

#watches 
#watchtok 
#mensstyleguide 
#watchcollection","A watch enthusiast walks viewers through his three-watch rotation in under sixty seconds, pairing each timepiece with a significant life milestone.",Sharing my watches in 60 seconds,Raw UGC,Vlog,false,yes,,https://www.tiktok.com/@schmidtviews/video/7612865140119162125
watches,luxury watches,2026-03-04,2026-10-01,luxury.watches474,Luxury watches,112,1,,,"Which one are you rocking to the party tonight? 🥂✨

#LuxuryWatch #AutomaticWatch #MensWatch #BusinessStyle #ModernGentleman","A short-form luxury watch showcase featuring a Rolex Day-Date rotated in a gloved hand, accompanied by an upbeat electronic track and a caption prompting viewer engagement.","ROLEX OYSTER PERPETUAL DAY-DATE, SATURDAY",Polished Creator,Aesthetic,true,yes,,https://www.tiktok.com/@luxury.watches474/video/7613419407636745503
watches,luxury watches,2026-03-04,2026-10-01,fortevawatches,fortevawatchstudio,105900,578,7,207,So stunning..🤩🔥 #seikomods #watchesformen #affordableluxury #watchcollectors #mensstyle,"A short, aesthetic TikTok video by Forteva Watch Studio showcasing a custom Seiko mod GMT watch worn inside a car, leveraging luxury framing, trending audio, and an engaging text hook to drive audience interest in affordable custom timepieces.",Best Watch of 2026...🤩📸,Polished Creator,Review,true,yes,,https://www.tiktok.com/@fortevawatches/video/7613486037502905622
watches,vintage watches,2026-03-05,2026-10-01,mikenouveau,Mike Nouveau,120000,7118,119,236,Just got back from two weeks in Europe and I have a huge haul of spectacular vintage watches to show you. #vintagewatch #cartier #patekphilippe #cartierlondon #watchdealer,"Watch dealer Mike Nouveau showcases a haul of rare vintage timepieces acquired during a two-week trip to Europe, detailing specific models from Patek Philippe, Cartier, Piaget, and Leroy while promoting sales via an app, direct message, and an upcoming booth at the Miami Beach Antique Show.",JE L... / LES FILMS DU CARROSSE... / FRANCOIS TRUFFAUT / DISTRIBUZIONE CINEMATOGRAFICA (poster text in background); CHANEL (text on display mat); PATEK PHILIPPE & CO. GENEVE / CERTIFICAT D'ORIGINE ET DE GARANTIE (text on paper certificates),Polished Creator,Review,true,yes,,https://www.tiktok.com/@mikenouveau/video/7613838331469663519
watches,(not in thumbnail),2026-03-06,2026-10-01,just_stuffs1,just_stuffs,85700,1523,13,255,black hits diff holy. #watch #leatherwatch #watchformen #watches,A short aesthetic video showcasing a black men's watch on a wrist with a brief appreciative caption and niche hashtags.,,Raw UGC,Aesthetic,false,yes,,https://www.tiktok.com/@just_stuffs1/video/7614151657139522836
watches,watches,2026-03-07,2026-10-01,watchesatl,Christian | Watches & More,12800,397,17,17,"It’s kind of an obsession… and that’s not all of them 😅

#watches #watchesoftiktok #watchlover #rolex","A short, aesthetically pleasing video showcasing a bedside collection of wristwatches through a slow panning POV shot, aimed at fellow watch enthusiasts on TikTok.",POV: You like watches....,Polished Creator,Vlog,false,yes,,https://www.tiktok.com/@watchesatl/video/7614564883773934879
watches,vintage watches,2026-03-09,2026-10-01,chiccharms.np,chiccharms.np,88300,2093,6,676,CUTE And Minimal 𐙚⋆°🦢｡⋆♡ #wristwatch #watchesforwomen #fyp #explore #pinterest,"A stylish accessory showcase featuring a gold vintage watch from Doukou, paired with an ironically dark and deadpan voiceover about murdering birds and deception, targeted at the Pinterest aesthetic community.",Doukou Minimal Vintage Watch with decorative flourishes and bow emojis centered on screen,Polished Creator,Aesthetic,true,yes,,https://www.tiktok.com/@chiccharms.np/video/7615148122808831252
watches,vintage watches,2026-03-10,2026-10-01,cendre.co,CENDRÉ,9642,72,1,20,"The Phoebe Watch, sold out time after time. Prepare your carts. 

#vintagewatch #goldwatch","A promotional TikTok video by accessories brand CENDRÉ showcasing the restock of 'The Phoebe Watch' alongside matching gold jewelry and a black leather handbag, styled on a model against a minimalist studio backdrop.",Prepare your cart,Polished Creator,Haul,true,yes,,https://www.tiktok.com/@cendre.co/video/7615496738165509383
watches,watchtok,2026-03-12,2026-10-02,trobsssss,Taylor🤍,133700,6147,34,328,whoops🥴 #audemarspiguet #ap #watchtok,A creator shares a humorous story in her closet about her husband accidentally chipping a link on his black ceramic Audemars Piguet watch.,,Raw UGC,Vlog,false,yes,,https://www.tiktok.com/@trobsssss/video/7616495194795494669
watches,watch collection,2026-03-14,2026-10-01,diegovvelasco,diegovvelasco,52300,2832,19,70,"Been collecting for a while. Here is my special watch collection 🕰️

#watches #watchcollection #vintagewatch #mensfashion #mensstyle","A stylish collector presents an eclectic, beautiful array of unique wristwatches ranging from playful character pieces to high-end vintage items.",IT'S TIME... TO SHARE MY WATCH COLLECTION,Polished Creator,Collection showcase,false,yes,,https://www.tiktok.com/@diegovvelasco/video/7617144465236561174
watches,watch collection,2026-03-15,2026-10-01,dhikalana_,Dhika Lana,1100000,31900,152,1971,"Basic Casio Rotation, which one is your favourite?

#watchesoftiktok #jamtangan #jamtanganpria #casio #casiowatch","A watch creator showcases a five-piece Casio rotation categorized by style and utility, inviting viewers to select their favorite affordable timepiece.","5 watches rotation
Basic Casio Watches
Collection

Everyday Watch
Casio General
MQ24
+/- Rp185.000 ($11)

Slim Watch
Casio General
A159WA-N1DF
+/- Rp445.000 ($27)

Dress Watch
Casio General
AQ230
+/- Rp605.000 ($36)

Chunky Watch
Casio General
AE 1200-WHD
+/- Rp517.000 ($30)

Special Watch
Casio General
MDV-10D Baby Duro
+/- Rp1.250.000 ($73)",Polished Creator,Collection showcase,false,yes,,https://www.tiktok.com/@dhikalana_/video/7617301428553665813
watches,watch collection,2026-03-18,2026-10-01,carolstrophic,Carol Calapine,8998,166,6,8,love my lil watch collection! currently convincing myself that this is all i need #watches #collection #seiko #fyp,"Creator Carol Calapine shares her newly started collection of vintage and imported Seiko watches in a casual vlog-style video, explaining why she replaced her Apple Watch for a more dainty aesthetic.",seiko watch collection,Raw UGC,Vlog,false,yes,possible off-topic,https://www.tiktok.com/@carolstrophic/video/7618418229932756238
watches,vintage watches,2026-03-22,2026-10-01,didamoonwatch,Didamoon Watch,1613,93,7,,"A little vintage, a lot of charm.
#vintagewatch 
#goldwatch 
#vintagefashion 
#womenswatch 
#classicstyle","A visually appealing flat lay showcasing a curated selection of five vintage women's watches, accompanied by descriptive caption text and relevant hashtags targeting retro fashion enthusiasts.",,Polished Creator,Aesthetic,true,yes,,https://www.tiktok.com/@didamoonwatch/video/7620041083937950990
watches,luxury watches,2026-03-24,2026-10-01,ida793555,Ida,3400000,18700,,2747,"Durable, timeless, versatile and decent-a reliable good watch that you can wear for many years. #luxurywatch #viral #watch #tiktokshop #oferta","A fast-paced TikTok Shop product promotion for an affordable Skmei dual-movement watch, utilizing macro cinematography, urgent voiceover narration, and scarcity tactics to drive immediate purchases.","Text on watch face includes 1/100 CHRONO EL LIGHT, ALARM CHRONO, COUNT DOWN TIMER, WATER 30M 3 TIME, SKMEI; text on back includes WATER RESISTANT 3ATM, 1389, SKMEI, BATTERY CODE CR2016/SR626SW",Raw UGC,Review,true,yes,,https://www.tiktok.com/@ida793555/video/7620757077916503327
watches,luxury watches,2026-03-25,2026-10-01,abwatches7,AB Watches,48200,541,25,268,"Luxury Rose Gold Watch. Rolex in chocolate dial . Very unique and attractive article. Trending article.
Unbeatable price 
Only in Rs 2499 . Delivery all over Pakistan. #upgradeyourstyle #foryou #viral","A short promotional TikTok video by AB Watches displaying a rose gold watch with a chocolate brown dial, accompanied by an upbeat Hindi song and text advertising an unbeatable price of Rs 2499 with nationwide delivery across Pakistan.","Luxury Rose Gold Watch. Rolex in chocolate dial . Very unique and attractive article. Trending article. Unbeatable price 
Only in Rs 2499 . Delivery all over Pakistan. #upgradeyourstyle #foryou #viralvideo #foryoupage #rolexwatch",Raw UGC,Review,true,yes,,https://www.tiktok.com/@abwatches7/video/7621081424396946708
watches,vintage watches,2026-03-28,2026-10-01,icedkopi12,Xoxo_etsy,255,9,5,12,Fave vintage watch!!#vintagewatch #goldwatch #watchforwomen #hypewatch #classywatch,"A short aesthetic video showcasing a vintage gold watch with amber and green gemstone accents against a cozy, well-lit background, emphasizing its design details and tactile appeal.","Can't stop 
 looking at my new vintage watch",Polished Creator,Haul,false,yes,,https://www.tiktok.com/@icedkopi12/video/7622094023829818645
watches,watchtok,2026-04-01,2026-10-02,lonestarwatches,lonestarwatches,143700,6332,302,178,Fiance debut ranking my watch collection - how’d she do @Andy’s Watches?#watchesofinstagram #watchesoftiktok #watchtok #watches,"A watch collector has his fiancé rate his ten-watch collection on camera, resulting in playful banter, harsh critiques of specific models, and an overall score of 8.2 out of 10.",LVF monogram on the watch roll.,Raw UGC,Personal-update,false,yes,,https://www.tiktok.com/@lonestarwatches/video/7623927113829174558
watches,vintage watches,2026-04-04,2026-10-01,timegamble,Timegamble,536200,15200,95,135,"This is the moment I hate the most.

You’re holding a watch…
it’s cheap…
but you’re not sure.

Is it worth it…

or a mistake?

That feeling
every collector knows.

💬 What do you do in moments like th","A watch creator shares the universal anxiety of inspecting a cheap, unverified vintage watch at an outdoor flea market, inviting fellow collectors to share their decision-making strategies.",THIS IS THE MOMENT I HATE THE MOST. YOU'RE HOLDING A WATCH IT'S CHEAP BUT YOU'RE NOT SURE IS IT WORTH IT OR A MISTAKE THAT FEELING EVERY COLLECTOR KNOWS WHAT DO YOU DO IN MOMENTS LIKE THIS? Subscribe and watch the full video.,Raw UGC,Vlog,false,yes,,https://www.tiktok.com/@timegamble/video/7624924398344080661
watches,luxury watches,2026-04-05,2026-10-01,xenia_realestate,Xenia Real Estate,3600000,56100,1202,2108,"Let’s be honest…
Everyone has an opinion when it comes to watches ⌚
So I made it simple:
“This or That?”
And trust me… this is where things get interesting 👇
Rolex or Omega? → Rolex
Audemars Piguet o","A luxury real estate creator hosts a fast-paced 16-brand watch tournament bracket, making definitive head-to-head choices until crowning Vacheron Constantin the ultimate winner, designed explicitly to provoke audience debate and comments.",ROLEX OR OMEGA? ROLEX AUDEMARS PIGUET OR HUBLOT? AUDEMARS PIGUET PATEK PHILIPPE OR TAG HEUER? PATEK PHILIPPE RICHARD MILLE OR CARTIER? RICHARD MILLE SEIKO OR TISSOT? TISSOT VACHERON CONSTANTIN OR BREITLING? VACHERON CONSTANTIN HAMILTON OR LONGINES? LONGINES CASIO OR TUDOR? CASIO,Polished Creator,Challenge,false,yes,,https://www.tiktok.com/@xenia_realestate/video/7625301897250901265
watches,watch collection,2026-04-05,2026-10-01,atelierloubijouterie,Atelier Lou Bijouterie,6400000,108300,2832,12100,Do you agree with our ranking? #watch #watches #rolex #cartier #patekphilippe,"A watch boutique owner ranks ten major luxury watch brands from best to worst, sparking viewer debate via a dynamic on-screen tier list.",WATCHES: BEST TO WORST; 1 through 10 ranking numbers; ROLEX; BREGUET; JLC; CARTIER; PATEK; PIAGET; LANGE; AP; GRAND SEIKO; VACHERON,Polished Creator,Opinion,true,yes,,https://www.tiktok.com/@atelierloubijouterie/video/7625398610376658183
watches,watch collection,2026-04-06,2026-10-01,reginaldfisherjr,reggiejr,65500,3114,1175,13,"Starting this hobby of collecting watches. Give me some good suggestions, put me on 😭 

#watchtok #watches #mensstyle #watchcollection #styleinspo",A TikTok creator starting his watch collection journey shows off his two starter Fossil watches and asks the WatchTok community for intermediate brand recommendations to avoid a bad purchase.,"Watch people... don't gatekeep, please put me on",Raw UGC,Vlog,false,yes,,https://www.tiktok.com/@reginaldfisherjr/video/7625439534750141727
watches,luxury watches,2026-04-06,2026-10-01,solomon,Solomon,1400000,148700,682,9284,"I just bought an AP 🤑😳

#royaloak #audemarspiguet #rolex #dailymotivation #luxurywatches","A creator documents the purchase and unboxing of an Audemars Piguet Royal Oak watch, celebrating financial success and luxury acquisition.","AUDEMARS PIGUET 
 GENEVE; life is short, buy an audemars piguet",Polished Creator,Vlog,false,yes,,https://www.tiktok.com/@solomon/video/7625636987411713302
watches,luxury watches,2026-04-09,2026-10-01,gentry_ph,Gentry Timepieces,90100,7993,52,445,"Rolex Cosmograph Daytona Two Tone Yellow Gold Black 40mm 116523 (2005)
Black dial. Yellow gold. Instant presence.
A classic that never slows down.
Still sharp. Still relevant.
Save this.
#ParengHayb #","Gentry Timepieces presents an aesthetic macro showcase of a 2005 Rolex Daytona Two Tone reference 116523, emphasizing its timeless design, gold accents, and horological detailing for luxury collectors.",Rolex Oyster Perpetual Superlative Chronometer Officially Certified Cosmograph; Units Per Hour; Daytona; Swiss Made,Polished Creator,Aesthetic,true,yes,,https://www.tiktok.com/@gentry_ph/video/7626554609523232007
watches,watch collection,2026-04-09,2026-10-01,thelavenderstore.co,The lavender store. co,347900,10600,94,1493,"Get ready to upgrade your style!!!

Our fresh collection of stainless steel watches features vintage designs that will complement any look!

#stainlesssteelwatch #vintagewatchesonly #watchesforsale #w","A small jewelry business showcases its fresh collection of vintage-style stainless steel watches pre-styled into chic stacks inside a luxury pink velvet box, targeting fashion and accessory enthusiasts on TikTok.",,Polished Creator,Haul,true,yes,,https://www.tiktok.com/@thelavenderstore.co/video/7626668699478428946
watches,luxury watches,2026-04-09,2026-10-01,haircuts.inspiration,Haircuts Inspiration,50300,396,1,35,"#luxurywatches #cruiseships #expensive #watches #celebrities
Expensive Celebrity Watches Compared to Cruis120M
Explore the luxurious world of expensive celebrity watches and cruise ships.
Discover lux","A satirical TikTok meme video comparing the cost of luxury mega cruise ships to absurdly expensive celebrity watches, escalating to a punchline featuring a moderately priced watch.","$230,000,000; PATEK PHILIPPE GENEVE; $120,000,000; J&CO JACOB & CO; $80,000,000; GRAFF; $60,000,000; VALUSIS; $350",Raw UGC,Meme,false,yes,,https://www.tiktok.com/@haircuts.inspiration/video/7626732658990599444
watches,watch collection,2026-04-14,2026-10-01,timegamble,Timegamble,766600,27100,53,414,"This Watch Shouldn’t Exist 🤯 
No brand makes this.

Someone took a normal watch…
and turned it into art.

Hand-painted dial.
One of one.

You can’t search it.
You can’t compare it.

💬 Do you see val","A creator explores an outdoor flea market table filled with vintage watches, demonstrating how seemingly ordinary items can conceal high-end luxury pieces and unique hand-painted custom timepieces, ultimately engaging the audience with a question of perceived value.","Audemars Piguet, Automatic, Swiss Made, Tissot, 12, 3, 9",Raw UGC,Review,false,yes,,https://www.tiktok.com/@timegamble/video/7628605248147295509
watches,watches,2026-04-15,2026-10-01,hafeezsons5,Hafeez.sons,1600000,63600,732,5095,the perfect watch for cars lovers 🥶 #fypシ #fyp #watch #watches #aura,"A slick promotional product video showcasing luxury wristwatches designed to look like supercar wheel rims, targeted at car enthusiasts through satisfying unboxing visuals and automotive styling.","CAR GUY, don't watch THIS... 💀🤯; BMW M8.. 😈; LAMBO AVENTADOR.. 💍; GTR-R35.. 🇯🇵; PORSCHE 911.. 🚓",Polished Creator,Haul,true,yes,,https://www.tiktok.com/@hafeezsons5/video/7628943317547453716
watches,watches,2026-04-16,2026-10-01,tgearofficial,Tgear official🇺🇸,1400000,1788,42,83,#tiktoklive #livehighlights #watchesformen #watch #menswatch,"A TikTok Live highlight video showcasing a live auction for men's watches, featuring a close-up demonstration of a green-bezel timepiece and a sales pitch starting bids at one dollar.",Watches Auction!!!,Raw UGC,Review,true,yes,,https://www.tiktok.com/@tgearofficial/video/7629229018524470541
watches,vintage watches,2026-04-16,2026-10-01,watchbyjuls1,Watchbyjuls,38800,925,18,124,Choose with one you like the most #watches #woman,"A luxury watch curator presents a rapid-fire try-on showcase of rare vintage timepieces from Patek Philippe, Cartier, Piaget, and Rolex, styled to elite aesthetic standards with Italian background music.",Choose your Vintage WATCH; Rare Patek Philippe ELLIPSE with diamonds; DIAMOND GOLD Piaget Jade Dial; CARTIER Mini Vendome Gold Diamonds; PIAGET Polo White Gold; CARTIER Mini Panthere DIAMONDS-LEATHER; Vintage Patek Philippe in Gold; Gold Cartier Mini Santos WITH DIAMONDS; Rare Vintage ROLEX; WHITE GOLD Piaget Jade Dial; Piaget Baguette WITH DIAMONDS; WHITE GOLD Piaget with diamonds; CARTIER Baignoire on leather,Polished Creator,Showcase,true,yes,,https://www.tiktok.com/@watchbyjuls1/video/7629450708848250125
watches,watches,2026-04-17,2026-10-01,watch.seller62,Watch shop,91,2,,,"Which one of these four watches do you like? Let's chat about it in the comments？
#watch #affordablewatch #budgetwatch #watchtok #mensfashion",A TikTok post by a watch shop showcasing four ultra-luxury timepieces—including a diamond-set Richard Mille and a gold Audemars Piguet—paired with an ironic caption asking followers to choose their favorite in the comments.,Which one of these four watches do you like? Let's chat about it in the comments?; REC; MNL; 1/125; OPEN; 3dB; RICHARD MILLE; SWISS 30 MADE; AUDEMARS PIGUET,Polished Creator,Review,false,yes,,https://www.tiktok.com/@watch.seller62/video/7629587813532454157
watches,watch collection,2026-04-18,2026-10-01,jeffyamazaki,Jeff Yamazaki,111500,2286,36,106,"A watch for every occasion⏱️
—
#watches #mensfashion #mensstyle #seiko #grandseiko",Creator Jeff Yamazaki presents five essential watch categories using a curated collection of Seiko and Grand Seiko timepieces.,"5; 5 WATCHES EVERY MAN SHOULD HAVE; THE STATEMENT PIECE
GRAND SEIKO SBGA413; THE BEATER WATCH
SEIKO SPIRIT 7N48-7A10; THE DRESS WATCH
KING SEIKO KS1969 SJE111; THE SENTIMENTAL PIECE
SEIKO LORD MATIC 5606-7000; THE VINTAGE WATCH
SEIKO LORD MARVEL 36000; THE EVERYDAY WATCH
SEIKO DOLCE TANK",Polished Creator,Tutorial,false,yes,,https://www.tiktok.com/@jeffyamazaki/video/7629888579795258638
watches,luxury watches,2026-04-19,2026-10-01,maison_rm,RMAtelier,54300,1748,14,226,"Timeless luxury on the wrist.
Rolex Day-Date in 18ct Everose gold featuring a rich chocolate dial, diamond hour markers, and a fully iced bezel ✨

Day & date display. Presidential bracelet. Statement ","A luxury watch dealer showcases a high-end Rolex Day-Date in Everose gold with a diamond bezel and chocolate dial through a sleek POV wrist shot, inviting direct message inquiries for purchase.",,Polished Creator,Aesthetic,true,yes,,https://www.tiktok.com/@maison_rm/video/7630466139843415318
watches,vintage watches,2026-04-20,2026-10-01,bunbunoclock,🌻bunbunoclock🌻,315000,36000,47,2439,"Releasing: 04/25, 12pm pst! In my previous posts, a lot of you were asking for silver options since most of the prettier vintage pieces tend to be gold, so we finally have some now ୭˚⋆✴︎˚｡⋆

We also h","A boutique vintage jewelry curator showcases upcoming silver and gold watch options for an April 25th drop, highlighting a rare Kirk's Folly Frog Charm watch and engaging the audience with a question about their favorite pieces.",vintage watches like these (at the top center),Curated Aesthetic,Haul,true,yes,,https://www.tiktok.com/@bunbunoclock/video/7630667049756265741
watches,vintage watches,2026-04-20,2026-10-01,coach_angelbeck,Coach Angel Beck,139300,3415,43,260,Vintage rolex! With its rare & original clamshell box! Ladies precision cocktail watch. So gorgeous!  #vintagerolex #ladiesprecisioncocktailrolexwatch #rolexwatchclamshellbox,"A silent, high-aesthetic unboxing video showcasing a rare 1940s Rolex ladies solid gold cocktail watch in its original green clamshell box, priced at £1950 and dropping at 8pm UK time by Coach Angel Beck.","Unboxing the prettiest ladies' Rolex you'll ever see...; Complete with its rare and original clamshell box...; A 1940s Rolex Ladies' solid gold Cocktail Watch; £1,950!; Available at 8pm UK time!",Polished Creator,Review,true,yes,,https://www.tiktok.com/@coach_angelbeck/video/7630681409954385183
watches,luxury watches,2026-04-22,2026-10-01,honest.dealer5,Honest dealer,135100,3215,57,270,Check this#luxury #patekphilippe #watches #men #fyp,"A close-up product showcase of a luxury rose gold watch, framed as the ultimate non-verbal status symbol for successful individuals.","HOME, LOCAL, PATEK PHILIPPE GENEVE",Polished Creator,Review,true,yes,,https://www.tiktok.com/@honest.dealer5/video/7631476360107691287
watches,vintage watches,2026-04-24,2026-10-01,nataliebejarano13,Natalie Bejarano,7094,169,6,21,"When you find the one and only Seiko Half Moon 
#seikowatch #seikohalfmoon #vintage #vintagefinds #thrifting",Natalie Bejarano shares her excitement over making an impulsive purchase of a rare vintage Seiko Half Moon watch while sitting in her car.,best vintage find of my life ✨; SEIKO; AIR BAG WARNING,Raw UGC,Vlog,false,yes,,https://www.tiktok.com/@nataliebejarano13/video/7632113173805403423
watches,watch collection,2026-04-25,2026-10-01,aidenswatches,Aidens Watches,161400,8916,51,215,Grandpa had some crazy watches! 😂 #watchcollection #fyp,"A TikTok video by Aidens Watches showing the unboxing of an inherited vintage watch collection containing fourteen distinct timepieces, ranging from Seikos and Tag Heuers to rare triangular Masonic watches.",I Found Grandpas Old Watch Collection,Raw UGC,Collection showcase,false,yes,,https://www.tiktok.com/@aidenswatches/video/7632485747093736717
watches,watches,2026-04-25,2026-10-01,bondsofbrentwood,Bonds of Brentwood,59800,1830,65,172,Have You Seen This Rolex Daytona Before? 🤔 #watches #watch #watchesformen #fyp #viral,"A luxury watch dealer showcases the Rolex Daytona reference 116503, detailing its bimetal construction, silvery grey dial, and market appeal through professional macro videography and an informative voiceover.",Have You Seen This Rolex Daytona Before? 🤔; ROLEX OYSTER PERPETUAL SUPERLATIVE CHRONOMETER OFFICIALLY CERTIFIED COSMOGRAPH; UNITS PER HOUR; SWISS MADE; BONDS OF BRENTWOOD,Polished Creator,Review,true,yes,,https://www.tiktok.com/@bondsofbrentwood/video/7632744423738051862
watches,vintage watches,2026-04-29,2026-10-01,2adults,wehavenoidea,100600,2527,11,232,"for my silver girlies out there ! #fyp #accessories #inspo #watch #casiovintage 

Keywords: vintage casio watch, silver, silver stack","A short-form aesthetic video showcasing a silver jewelry stack featuring a vintage Casio watch, targeted at Gen Z fashion enthusiasts and silver jewelry wearers.",cool girl watch,Raw UGC,Aesthetic,false,yes,,https://www.tiktok.com/@2adults/video/7634255187271601438
watches,vintage watches,2026-05-01,2026-10-01,imawristocrat,Metta Tan,117100,5657,86,122,Replying to @Ash Kenzie Best vintage watches to buy for every budget #watches #watchtok #luxurywatches #watchfam #watchcollector,"Creator Metta Tan presents a structured guide to the best vintage watches across escalating budget tiers ranging from $300 to $6,000, featuring brands like Tag Heuer, Omega, and Rolex.","Best vintage watches at every price point 🧐; Replying to @Ash Kenzie lol guys, don't buy a civic, just get the ferarri",Raw UGC,Tutorial,false,yes,,https://www.tiktok.com/@imawristocrat/video/7634852519969115410
watches,watchtok,2026-05-02,2026-10-02,hermesdoesstuff,HermesNotHermès,475400,45100,641,515,The Best Watches To Start A Collection For Beginners #fyp #watches #watchtok #hermeswatches,"A watch creator gives blunt, no-nonsense advice to beginners, arguing that overthinking specs doesn't matter and recommending Casio, Timex, or Seiko as the best first watch brands.",THE BEST WATCHES TO START A COLLECTION; WHICH WATCH IS BETTER?; WHICH WATCH THE BEST VALUE?; CASIO F-91W; WR WATER RESIST; Citizen Tsuyosa; Orient Bambino,Raw UGC,Opinion,false,yes,,https://www.tiktok.com/@hermesdoesstuff/video/7635136793028922654
watches,watchtok,2026-05-03,2026-10-02,zipswatches,ZIP’s watches,1037,100,64,27,"Watchtok this video is for you guys ,it’s long but I hope you can take a few minutes of your day to watch it.I love you all ❤️.Also thank you again Mike ,you are awesome brother ❤️@Bezel-Bandit    #wa","A watch enthusiast posts an emotional, long-form community appreciation video on TikTok from his garage workshop, thanking fellow creators and showcasing a surprise gifted Orient Mako XL watch from a friend named Mike (Bezel Bandit).","Milwaukee logo on cap and neon sign, Reebok logo on shirt, Orient logo on watch box and dial",Raw UGC,Personal-update,false,yes,,https://www.tiktok.com/@zipswatches/video/7635550163989204238
watches,watchtok,2026-05-03,2026-10-02,the_geektom,geektom,1203,120,66,29,Will no one stop this man? The audacity to post a 15 minute video about #watches! Even #watchtok has a limit to their patience! @Blue @La Touraine Watches ⌚️ @Adam @CaptainMandy @Pretty Dials @JensWat,"A watch enthusiast shares the second half of his 12-watch budget collection on TikTok, reviewing six specific timepieces, discussing budget lessons, mistakes, and unexpected favorites with a humorous and engaging tone.","My Watch Collection: Part 2; * 15 minutes; (No, seriously); Ask me about my timepiece; CITIZEN; SEIKO; TIMEX; FARER; UNIVERSAL; DEEPWATER",Raw UGC,Vlog,false,yes,,https://www.tiktok.com/@the_geektom/video/7635657989357194510
watches,vintage watches,2026-05-04,2026-10-01,gemstone.jamboree,JL Jewelers,11700,1422,60,48,"Today’s feature: A 14k rose gold 1950s peekaboo watch with diamonds and rubies. Where would you wear this if you owned it? 

#jljewelers #retrofashion #1950s #vintagejewelry #rosegold","JL Jewelers presents a detailed spotlight on a rare 1950s 14k rose gold Bulova peekaboo watch featuring diamonds and rubies, combining expert craftsmanship education with store promotion.",JL Jewelers logo on display pad; Bold on-screen caption text transcribing spoken dialogue word-by-word.,Polished Creator,Tutorial,true,yes,,https://www.tiktok.com/@gemstone.jamboree/video/7636122749592685838
watches,watch collection,2026-05-09,2026-10-01,rygotwt,Appreciated Treasures,50800,3369,105,55,This is one of the three watch boxes I have. Hope you like my collection and I’ll make a video for the other two soon 🔥 #watchtok #watchcollector #watchcollection #watchenthusiast #watchcollectors,"A watch enthusiast presents part one of his watch collection, showcasing ten distinct timepieces from his watch box while sharing personal stories about each piece.","My watch collection!!































































































































































































































































































































































cher",Raw UGC,Collection showcase,false,yes,,https://www.tiktok.com/@rygotwt/video/7637961012876004638
watches,watches,2026-05-10,2026-10-01,top.watches25,Top watches,2800000,59100,478,2645,#watches #luxurywatch #frankfurtVIbes,A silent POV video showing the unboxing and wrist placement of a luxury two-tone watch surrounded by branded green packaging and paperwork.,YOUR ROLEX OYSTER printed on gold inner box lid; ROLEX printed on green card holder; numbers visible on blue invoice document,Raw UGC,Haul,true,yes,,https://www.tiktok.com/@top.watches25/video/7638327711533894944
watches,watches,2026-05-12,2026-10-01,adamreelz,￴￴,227700,7695,73,638,I’m boutta be iced out 🤣 #audemarspiguet #ap #watches,"A viral-style flex video featuring a heavily tattooed creator showing off custom supercars, stacks of cash on the driveway, and massive diamond jewelry while boasting about luxury watch purchases.",How I'm finna flex all my new $300 ap's when they drop 🤯🙌; TikTok @6ix9inee.vx,Raw UGC,Flex,false,yes,,https://www.tiktok.com/@adamreelz/video/7639103203795045662
watches,luxury watches,2026-05-13,2026-10-01,davidwatkins2516,jack watches,62800,811,144,139,#watch #watches #watchtillend #watchmegrow #luxury,"A promotional video showcasing a two-tone Rolex Sea-Dweller watch with packaging and guarantee card, highlighting factory outlet pricing and worldwide shipping while directing potential buyers to WhatsApp.","ROLEX, OYSTER PERPETUAL DATE, SEA-DWELLER, 4000ft = 1220m, SUPERLATIVE CHRONOMETER OFFICIALLY CERTIFIED, SWISS MADE, Model M126603, Serial 005P119338",Raw UGC,Review,true,yes,,https://www.tiktok.com/@davidwatkins2516/video/7639269128276020511
watches,watch collection,2026-05-15,2026-10-01,brianwolfcreative,Brian Wolf,159500,12100,256,260,My watch collection. #watchtok #rolex #tudor,"Watch collector Brian Wolf walks viewers through the current state of his luxury timepiece collection, sharing detailed storytelling anecdotes about where and how he impulsively acquired each watch during international travels.",LONDON ENGLAND N 51 30 W 00 07 20 on the creator's t-shirt,Raw UGC,Vlog,false,yes,,https://www.tiktok.com/@brianwolfcreative/video/7639906418446896414
watches,watches,2026-05-15,2026-10-01,beaucoupbeaumont,ც,31600,2202,1,161,#targetaudience #luxury #watches #ap #fyp,"A stylish TikTok montage showcasing various Audemars Piguet luxury watches in different settings, punctuated by an ironic shot of watches on penguin plushies, targeting the watch enthusiast and luxury lifestyle community.",audemars piguet.; AUDEMARS PIGUET,Polished Creator,Meme,false,yes,,https://www.tiktok.com/@beaucoupbeaumont/video/7639973862167366933
watches,watches,2026-05-15,2026-10-01,oddhourwatches,oddhourwatches,56400,1435,30,388,Retro Digi watches😮‍💨 #watch #2000s #digitalwatch #y2k,"A short product showcase by oddhourwatches featuring five retro Y2K digital watches with colorful faces, styled on an open palm and a white tabletop to appeal to vintage watch collectors and aesthetic enthusiasts.",Retro Digi watches😮‍💨,Raw UGC,Haul,true,yes,,https://www.tiktok.com/@oddhourwatches/video/7640176174081019158
watches,vintage watches,2026-05-15,2026-10-01,nazjaa,nazjaa,41500,4335,18,46,"it’s hard to pick a favorite 🫣 HUGE VINTAGE WATCH SHOW 5/16 🪽 on @Whatnot @whatnotfashion at 4 pm EST, username: @nazjaa",Creator @nazjaa showcases her curated collection of vintage watches in a haul-style video to promote her upcoming live selling show on Whatnot on May 16th.,"Vintage Watch Haul; 5/16, 4:00 PM; THE VINTAGE WATCH SHOW PT. 2!; Women's Jewelry • Vintage, W...",Polished Creator,Haul,true,yes,,https://www.tiktok.com/@nazjaa/video/7640195456068373791
watches,vintage watches,2026-05-19,2026-10-01,wontuanxsoup_fits,Tuan,33000,1725,97,20,"Seiko Dolce has to be my absolute favorite line from Seiko. Which watch are yall rockin with? Also open to recommendations on vintage watches to look out for 👀

Most watches sourced by the homie @Joe","A TikTok creator shares his beginner vintage watch collection, heavily featuring Seiko Dolce models, while disclaiming any technical watch knowledge and focusing purely on outfit aesthetics and styling.",My Vintage Watch Collection; Vintage Seiko 7431 6090 (1984); Vintage Seiko Dolce 8J41-6130 (1997); Vintage Seiko Dolce 8J41 0A10 (2001); Vintage Seiko Spirit Tank 7N01-5A50 (1991); Pascal Oval Bubble Diamond Watch (not vintage); Seiko Essentials Tank (2023) Not vintage; Tissot PRX 40mm (not vintage); BONE RUCKLES ELECTRIC,Raw UGC,Vlog,false,yes,,https://www.tiktok.com/@wontuanxsoup_fits/video/7641625370470403358
watches,watches,2026-05-20,2026-10-01,watches2117,Watches,116,1,,,#watches #luxurywatch,"A high-production-value aesthetic showcase of a Richard Mille luxury carbon watch, utilizing macro videography and a creative thermal opening hook to captivate watch enthusiasts.","RICHARD MILLE, 12, 9, 3, 6, SWISS MADE, W, D, H, OFF, ON, SMALL",Polished Creator,Aesthetic,true,yes,,https://www.tiktok.com/@watches2117/video/7641798785298992397
watches,watches,2026-05-21,2026-10-01,official.sette,Sette | Watches in bio,1800000,13800,79,1386,#fyp #supplier #reselling #vendor #watches,"A short-form promotional review showcasing affordable moissanite watches from shinyvendors.com, highlighting their low price and high-shine quality to drive profile link clicks.","Shop All Watches; Shop all; Watches; View all; Moissanite Watch; $49.99; Moissanite Thorn Watch; Moissanite Skeleton Watch; Moissanite Arabic Watch; Moissanite Gold Watch; Rated 4.8/5 reviews; shinyvendors.com; See what our customers are saying about our products; David, 17; Verified Buyer; These watches are fire. I wore this to prom and shipping was quick.; Decided to get this; Only 50 bucks; Order summary; Express checkout; shop; PayPal; Pay; Google Pay; Show more options; Contact; Sign in; Email; Email me with news and offers; Payment; All transactions are secure and encrypted; Credit card; VISA; Mastercard; AMEX; +5; Card number; Expiration date (MM / YY); Security code; Name on card; Shop Pay; Pay in full or in installments; Billing address; Country/Region; United States; First name (optional); Last name; 4 days later; This quality is crazy; Look at that shine; The site is on my profile",Raw UGC,Review,true,yes,,https://www.tiktok.com/@official.sette/video/7642199374834978061
watches,vintage watches,2026-05-21,2026-10-01,krios.vintagewatch,Krios Vintage Watch 🇸🇬,73600,3481,25,305,"POV: you didn’t fall for the AP × Swatch hype.

If you’re a fan of Royal Oak-like designs, dodge the plastic Swatch and get this instead.
SEIKO KING QUARTZ 5856-8080 Snowflake Dial — integrated bracel","A vintage watch dealer showcases a Seiko King Quartz 5856-8080 as a superior alternative to plastic hype watches, utilizing macro product cinematography and anti-hype messaging to engage watch collectors.",pov: you didnt fall for the ap swatch hype; KRIOS VINTAGE WATCH; SEIKO KING QUARTZ; 水13; JAPAN 5856 - 8080 R,Curated Aesthetic,Review,true,yes,,https://www.tiktok.com/@krios.vintagewatch/video/7642283761194896647
watches,vintage watches,2026-05-21,2026-10-01,tdbjewellery,TDBJewellery,89900,1238,22,293,"Just me and my vintage Rolex against the world 🤩🌍✨

This lovely little 1979 vintage DateJust 26mm is available now 

#ladiesrolex #womensrolex #goldrolex #rolexwatches #rolexwatch","A short, aesthetically polished TikTok video by a jewelry account showcasing a 1979 vintage gold Rolex DateJust 26mm being modeled on the wrist and unboxed from a green velvet pouch, accompanied by dreamy instrumental music and luxury hashtags.",Just me and my vintage Rolex against the world; ROLÉX,Polished Creator,Haul,true,yes,,https://www.tiktok.com/@tdbjewellery/video/7642322608972680470
watches,vintage watches,2026-05-21,2026-10-01,watchmebabe_,watchmebabe,2947,172,1,11,The kind of collection you dream about #vintagewatch #fashioninspo #daintywatch #musthaves #thrift,"A visually hypnotic TikTok showcasing an extensive, impeccably organized collection of vintage women's watches housed in a white velvet display case, designed to inspire fashion enthusiasts and vintage collectors.",The kind of collection you dream about #vintagewatch #fashioninspo #daintywatch #musthaves #thrift,Curated Aesthetic,Aesthetic,false,yes,,https://www.tiktok.com/@watchmebabe_/video/7642460696382377246
watches,watch collection,2026-05-22,2026-10-01,the.watch.chronic,Andy’s Watches,527000,52700,844,1009,My Current Watch Collection #fypシ゚viral #andyswatches #trending #watchesoftikok #watchcollection,"A watch creator delivers an extensive, detailed walkthrough of his entire watch collection, split between gifted pieces from followers and brands, and watches he purchased himself.",My Current Watch Collection,Raw UGC,Collection,false,yes,,https://www.tiktok.com/@the.watch.chronic/video/7642581183699619086
watches,vintage watches,2026-05-25,2026-10-01,vicalsx,vicalsx,2615,46,4,4,This Tuesday 5/26 at 7 pm est huge women’s vintage watch showwww eeee I am so excited! Whatnot : @ vicals #whatnot #whatnotseller #vintagewatch,A small business vintage watch reseller uses smooth overhead aesthetic B-roll and an enthusiastic voiceover to announce a major live shopping event on Whatnot featuring over 50 curated women's vintage watches.,"If you are a lover of vintage watches, especially gold, dainty women's vintage watches, this is your sign, stop scrolling. Follow me on whatnot. This Tuesday, May 26th at seven PM Eastern, I'm doing a huge women's vintage watch show with over 50 watches. Link in bio.",Curated Aesthetic,Haul,true,yes,,https://www.tiktok.com/@vicalsx/video/7643638213206215950
watches,watches,2026-05-27,2026-10-01,connorxmc,Connorxmc,347300,12400,44,412,"8 watches you need to have in your summer rotation ♻️ ⌚️ 
.
.
#menswatches #watches #mensfashion #mensaccessories #mensjewellery","A visually polished TikTok video by creator Connorxmc showcasing eight affordable summer watches, featuring popular accessible models like the Tissot PRX and Timex x Margiela presented through clean POV wrist shots and an organized watch box.",8 AFFORDABLE WATCHES TO OWN; TISSOT PRX Powermatic 80; About Vintage 86 1904 Chronograph; Timex x Margiela T80 34mm,Curated Aesthetic,Tutorial,false,yes,,https://www.tiktok.com/@connorxmc/video/7644646679072886038
watches,vintage watches,2026-05-28,2026-10-01,fashionbytamar,FashionByTamar,31000,692,16,86,my dreammmm watch ✨ #vintagewatch #cartierwatch #vintagecartierwatch #cartiersantos #fyp,"A short, aesthetic TikTok POV video by creator FashionByTamar showcasing a coveted vintage gold Cartier watch with diamond details, accompanied by a breathless whispered reaction expressing awe and perfection.",pov you finally found your dream vintage watch,Curated Aesthetic,Aesthetic,false,yes,,https://www.tiktok.com/@fashionbytamar/video/7645038139072957709
watches,watch collection,2026-05-30,2026-10-01,swisswatchexpo,SwissWatchExpo,13300,579,4,10,"Every collector has a distinct role for every piece, from the daily reliability of your most-worn Rose Gold olive green dial Rolex Day-Date to the raw technical intrigue of a Titanium skeleton dial Ze","SwissWatchExpo showcases five premium pre-owned luxury watches—Vacheron Constantin, Tudor, Rolex, Zenith, and Patek Philippe—categorized by collector roles through sleek POV wrist shots and clean typography.","THESE ARE THE WATCHES IN YOUR COLLECTION, YOUR FAVORITE WATCH, YOUR LATEST WATCH, YOUR MOST WORN WATCH, YOUR MOST INTERESTING WATCH, YOUR MOST EXPENSIVE WATCH",Polished Creator,Review,true,yes,,https://www.tiktok.com/@swisswatchexpo/video/7644458557462564126
watches,watches,2026-05-30,2026-10-01,coltsorlinx7q326,Mara Makes Monsters,5381,1249,394,12,Would you buy my watches? #goth #handmade #gothgirl,"An independent goth creator responds to alleged online hate by showcasing her intricate, handmade gothic wristwatches and asking her audience for honest feedback on whether they are ugly, successfully driving high engagement through vulnerability and product display.","NOBODY will ever buy your stupid Gothic watch, just giveup 💔 😭; I've been making these For 2 years now.. 🥺; But allllget ishate comments; Please be honest, Do you Think they'reugly? ❤️",Raw UGC,Personal-update,true,yes,,https://www.tiktok.com/@coltsorlinx7q326/video/7645691039495261453
watches,watches,2026-05-31,2026-10-01,valerppp6s1,joker watch01,1200000,12900,349,977,#watch #watches #watchmymagic #watchmegrow #fyp,"A silent, high-detail POV product showcase of a luxury sports watch being unclasped, inspected, and put on the wrist, accompanied by watch-related hashtags.",ROLEX; GENEVA; SWISS MADE; 750; ROLEXSA; OYSTERFLEX; YACHT-MASTER; SUPERLATIVE CHRONOMETER OFFICIALLY CERTIFIED,Polished Creator,Review,true,yes,,https://www.tiktok.com/@valerppp6s1/video/7645934294040382753
watches,watchtok,2026-05-31,2026-10-02,scatoladeltempous,Scatola Del Tempo US,33200,75,2,4,No better feeling #watches #larp #watchtok #luxury #luxurylife,"A sleek TikTok video by Scatola Del Tempo US showcasing a red watch winder holding a Rolex Daytona, set to atmospheric music with text overlay highlighting the luxurious experience of owning one.",How life starts sounding once you get one of these winders:,Polished Creator,Aesthetic,true,yes,,https://www.tiktok.com/@scatoladeltempous/video/7646090526613081375
watches,luxury watches,2026-06-01,2026-10-01,lucywatches.official,lucywatches.official,1700000,85300,381,4305,"""A series of beautiful watches every day - Today, I invite you to join me in unboxing a very famous Submariner """"HULK"""" on the market.....""

#lucytimepieces #collections #timpieces #watch #luxurycolle","A polished silent unboxing video showcasing the iconic Rolex Submariner 'Hulk' watch, designed to appeal to luxury watch collectors and enthusiasts through tactile ASMR-style presentation.","ROLEX on box and dial, SUBMARINER, OYSTER PERPETUAL, SUPERLATIVE CHRONOMETER OFFICIALLY CERTIFIED",Polished Creator,Unboxing,true,yes,,https://www.tiktok.com/@lucywatches.official/video/7646374769255795988
watches,vintage watches,2026-06-01,2026-10-01,megankothari,Megan | Founder @ AARYAH,8937,152,7,12,I love love my Piaget polo vintage watch. She’s so pretty and took almost half a year to service!,"A fashion founder and watch enthusiast casually shares her favorite vintage gold Piaget Polo watch, explaining how long it took to service and how she styles it with her brand's bracelets for the summer.",,Raw UGC,Vlog,true,yes,,https://www.tiktok.com/@megankothari/video/7646575523535031565
watches,watch collection,2026-06-02,2026-10-01,plutojjosh,Wrist Check Josh,455600,44500,203,3810,Beat the game 👀 #wristcheckjosh #watchesoftikok #viraltiktok #collection #fyp,"A high-impact luxury watch flex video by creator 'Wrist Check Josh', showcasing a massive collection of fifteen elite timepieces housed in a custom designer travel case.",,Polished Creator,Flex,false,yes,,https://www.tiktok.com/@plutojjosh/video/7646866956988992799
watches,watch collection,2026-06-02,2026-10-01,rexilexi_2,Alexis Cylena,1400000,138600,4299,5418,He is their #1 fan 🤣 #WatchCollection #BeNice #invicta #lol @treilain1 @INVICTA ORIGINAL @Invicta Racing,"A TikTok video featuring a woman opening a yellow Invicta protective tool case to reveal her fiancé's diverse watch collection, while he narrates the details and history of each piece with playful enthusiasm.",My fiancé's watch collection 🤣🤣,Raw UGC,Vlog,false,yes,,https://www.tiktok.com/@rexilexi_2/video/7646951489616809230
watches,watchtok,2026-06-05,2026-10-02,sweniustime,SWENIUS TIME,2100000,98100,8871,4015,"When I see this brand on someone’s wrist I already know we can skip the small talk and go straight to the deep end of the conversation.

#rolex #tudorwatch #swisswatches #seiko #watchtok","A watch enthusiast creator shares his hot take on WatchTok that wearing brands like Tudor, Grand Seiko, or specific Seikos signals genuine horological knowledge rather than just wealth, prompting viewers to chime in with their own picks in the comments.","Top banner logos: BLANCPAIN, AUDEMARS PIGUET, VACHERON CONSTANTIN, ROLEX, HUBLOT, OMEGA, GIRARD-PERREGAUX, BREITLING, CARTIER, ULYSSE NARDIN, CHOPARD, PIAGET, IWC SCHAFFHAUSEN, LONGINES, TAG HEUER, BELL & ROSS, BULGARI, PANERAI, BREMONT, TISSOT, BALMAIN, TUDOR, VICTORINOX, TIMEX, SWATCH, CASIO, SEIKO, ORIENT, CITIZEN. Lower third text: What Watch Brand Tells Me You Actually Know Watches?",Raw UGC,Opinion,false,yes,,https://www.tiktok.com/@sweniustime/video/7647911161500863775
watches,watch collection,2026-06-07,2026-10-01,streamingextras,streamingextras,8170,82,5,8,#n3on #tomholland #watchcollection #expensivewatch #fyp,"A short-form video clip capturing a celebrity showing a 20-million-dollar Jacob and Co. yellow diamond watch to content creator N3on, emphasizing extreme luxury and celebrity proximity.",Tom holland shows N3on the most expensive watch in the world 😳,Raw UGC,Vlog,false,yes,,https://www.tiktok.com/@streamingextras/video/7648633046689729823
watches,vintage watches,2026-06-07,2026-10-01,bunbunoclock,🌻bunbunoclock🌻,16900,1321,9,73,"I’m right here you guys! Link in bio or www.bunbunoclock.com

#vintagejewelry #watchcollection #jewelryinspo #summer #whimsical","An aesthetically pleasing showcase of rare vintage floral watches and jewelry targeted at the vintage community on TikTok, directing viewers to the creator's shop.",Posting this so all the vintage girlies can find my account this summer 98° ˚ ༘♡ ⋆｡˚; 170 FIFTY-FOUR FORTY ... the shoe which was left on the other one-and found nothing in it! ... granted this one...,Curated Aesthetic,Aesthetic,true,yes,,https://www.tiktok.com/@bunbunoclock/video/7648714032953789709
watches,watchtok,2026-06-08,2026-10-02,maxs_watches,Max’s Watches,249200,3679,292,201,Watch brand tier rankings! What would you change? #watches #watchesformen #watchtok EDIT: FP Journe should be S tier on here!,"A watch creator reviews an online tier ranking chart, breaking down brand placements from S to E tier while detailing his own agreements and disagreements.",Watch brand tier ranking; S TIER; A TIER; B TIER; C TIER; D TIER; E TIER; PATEK PHILIPPE; AUDEMARS PIGUET; VACHERON CONSTANTIN; PIAGET; ROLEX; RICHARD MILLE; A. LANGE & SOHNE; BREGUET; BLANCPAIN; ULYSSE NARDIN; OMEGA; CARTIER; BREITLING; IWC SCHAFFHAUSEN; TUDOR; JAEGER-LECOULTRE; CHOPARD; PANERAI; BVLGARI; GRAND SEIKO; HUBLOT; FRANCK MULLER; GIRARD-PERREGAUX; ZENITH; BELL & ROSS; NOMOS; LONGINES; ORIS; RADO; MIDO; TISSOT; MAURICE LACROIX; BAUME & MERCIER; GLASHUTTE ORIGINAL; CERTINA; HAMILTON; FREDERIQUE CONSTANT; JUNGHANS; UNION GLASHUTTE; SEIKO; CITIZEN; CASIO; TIMEX; BULOVA; DANIEL WELLINGTON; MICHAEL KORS; GUESS; EMPORIO ARMANI; SKAGEN DENMARK; DIESEL; FOSSIL; NIXON; POLICE; LACOSTE; STOHRLING ORIGINAL; MEGRIR; BUREI; KUREN; N. VIFORCE; FITRON; PARNIS; OCUSTIN; TEVISE; CADISEN; SMAEL; BOBO BIRD; SHARK WATCH; XERC; AFOR F TRON; EYKI; WENGER; WINNER; AKRIBOS XXIV; WEIDE,Raw UGC,Opinion,false,yes,,https://www.tiktok.com/@maxs_watches/video/7648825786996198670
watches,luxury watches,2026-06-10,2026-10-01,nicovanderhorst,Nico Leonard,254000,12000,40,121,"Best watch for under $15K

#watches #fyp #Luxury","Luxury watch expert Nico Leonard outlines his top recommendations for timepieces under fifteen thousand dollars, highlighting models like the Omega Speedmaster, Tudor Black Bay Pro, and pre-owned Chopard while emphasizing second-hand value.","1700 PACIFIC AVENUE, $15,000, FOUR, SPEEDMASTER, HAS TO BE, A GMT WATCH, THE TUDOR, BLACK BAY PRO, AFFORDABLE, WELL, RELATIVE TERM, AS A DRESS, I WOULD SAY, A PRE-OWNED, CHOPARD, THE ONLY BIG, THAT MAKES, PICK THEM UP, 60%, RETAIL PRICE, $5,000",Polished Creator,Review,false,yes,,https://www.tiktok.com/@nicovanderhorst/video/7649022111096343830
watches,watch collection,2026-06-10,2026-10-01,watchcash,Watchcash,132500,5264,43,38,"From Cartier to AP, Miami’s finest wrist game on display. 🔥⌚ 

Which watch are you picking?

#Rolex #Cartier #AudemarsPiguet #LuxuryWatches #WatchCollection #MiamiWatches #WatchFam #WatchCollector #M","A fast-paced street interview video in Miami where various individuals showcase their luxury watches—including Cartier, Audemars Piguet, Rolex, and Bell & Ross—and discuss their market values, capped with an engagement prompt for viewers.","Watchcash logo on mic flag, green text overlays naming watch models and prices (Cartier, AP, Rolex TwoTone Submariner, Bell & Ross BR-03, Rolex Datejust 41, $20,000, $32,000, 55, $18k)",Raw UGC,Interviews,true,yes,,https://www.tiktok.com/@watchcash/video/7649898438900960519
watches,watchtok,2026-06-10,2026-10-02,aj.fulgencio,AJ,150700,4774,247,86,"Rocking the Seiko 5 Sports SKX SRPL85 so far this month. It’s a great daily driver and it gets compliments 😎

#seiko #army #miltok #military #watchtok","A military service member posts a POV wrist check showcasing their Seiko 5 Sports watch on a balcony, prompting viewers to share their own field watch choices.",What's your garrison/field watch?,Raw UGC,Vlog,false,yes,,https://www.tiktok.com/@aj.fulgencio/video/7649901306399689998
watches,vintage watches,2026-06-11,2026-10-01,mayufine,Mayu Fine,133400,23000,117,1769,"Finally sourced this super rare Yves Saint Laurent Reverso from the ’90s for @Lorinaté 

Love what I do😩✨🫶

#vintagewatch #yslwatch #reversowatch #vintageysl","Mayu Fine showcases a newly sourced 1990s Yves Saint Laurent Reverso watch in a quiet restaurant setting, highlighting professional success and access to rare vintage luxury pieces through a polished POV video.",Finally sourced this super rare YSL reverso watch from the ’90s,Curated Aesthetic,Vlog,true,yes,,https://www.tiktok.com/@mayufine/video/7650249830236769550
watches,luxury watches,2026-06-13,2026-10-01,timemarkett,Time Market,30400,104,10,17,"Check my profile for more watches 😉

#rolex #luxurywatch #menswatches #superclone #vsf","A slick, POV-style product showcase video unboxing a luxury-style black watch from a green Rolex presentation box, designed to drive traffic to a TikTok shop and creator profile.",Now available in our TikTok shop 🛍️🤫; ROLEX; OYSTER PERPETUAL; YACHT-MASTER; SUPERLATIVE CHRONOMETER OFFICIALLY CERTIFIED; SWISS MADE,Polished Creator,Review,true,yes,possible off-topic,https://www.tiktok.com/@timemarkett/video/7650788848263351582
watches,luxury watches,2026-06-14,2026-10-01,viral.mosaic,Viral Mosaic,8517,115,1,2,"🔥 @rihanna FLEXES $42K Custom Rolex King Midas Gifted By Ambani 💎⌚

When luxury meets history.

After receiving a special gift from Anant Ambani, Rihanna was spotted showing off a truly unique piece","A viral news clip highlighting Rihanna showing off a custom $42,000 Rolex King Midas gifted by Anant Ambani, combining celebrity footage with price and specification overlays.","RIHANNA AMBANI'S GIFTS; $42,000 ROLER KING MIDAS; SUBSCRIBE TO WATCH MORE; VM logo",Raw UGC,News,true,yes,,https://www.tiktok.com/@viral.mosaic/video/7651329913164746005
watches,luxury watches,2026-06-15,2026-10-01,the_truth_table,Follow Me,768700,4679,1806,1956,The Hidden Status Symbols of Popular Watch Brands #watchlifestyle #watchcollector #rolex #luxurywatches #watchbrands,"A watch enthusiast uses a printed physical list and a red pen to humorously categorize major watch brands into personality stereotypes, ending with a call-to-action for comment engagement.","Watch Brand = Your Status
Watch / Trait / Meaning
Rolex / Fake rich
No watch / Minimalist
Apple Watch / Geek
G-Shock / Tough
Decathlon / Broke
Omega / Discreet
Audemars Piguet / Millionaire
Richard Mille / Billionaire
Seiko / Elegant
Cartier / Bourgeois
Hublot / Show-off
Patek Philippe / Elite
Garmin / Athletic
Rolex Submariner / Diver
Casio / Adventurer
Tissot / Nostalgic
You / ???",Raw UGC,Listicle,false,yes,possible off-topic,https://www.tiktok.com/@the_truth_table/video/7651471534736919830
watches,vintage watches,2026-06-15,2026-10-01,watchsparecollection,WatchSpareCollection,1182,77,,1,A true vintage piece 🍷 - Excelsior Park Vintage Chronograph from the 1940 in great condition🦚. The dial aged like wine! Check it out now on our website #watch #watchaddict #fyp #vintagewatch #vintag,"A visually polished showcase of a 1940s Excelsior Park vintage chronograph watch, highlighting its aged dial and tactile suede strap for watch enthusiasts.",Excelsior Park (on watch dial); TELEMETRE; WATCH SPARE (at end),Curated Aesthetic,Aesthetic,true,yes,,https://www.tiktok.com/@watchsparecollection/video/7651631007359192342
watches,watches,2026-06-17,2026-10-01,jinfashionsupplychain,Jin_Fashion_Supplychain,192200,13700,106,128,"Huawan Watch Factory is a professional OEM/ODM watch manufacturer based in Shenzhen, China, with over 20 years of expertise in precision watch design, development, and mass production.
 
We specialize","A Shenzhen watch factory representative named Jin showcases mass inventory, quartz and mechanical watch models, and order fulfillment logistics for international B2B wholesale buyers.",Hello this is Jin; So today we; this is the quote watch; mechanical watch; Huawan Watch; AIMANA; A8634 0105 = 30pcs; A8641 305 = 20pcs; A8600 = 500pcs; 货拉拉; 粤B·DT7652; 保安部: 136602,Raw UGC,Behind-the-scenes,true,yes,,https://www.tiktok.com/@jinfashionsupplychain/video/7652259658513566994
watches,watchtok,2026-06-17,2026-10-02,the.time.workshop,Time Workshop,82700,2852,68,82,Theee watches I could wear forever. Expensive edition. #watchtok #rolex #cartier #watches,"A professional watchmaker shares his top three luxury watch picks for a lifelong one-watch collection in an expensive edition, featuring the Rolex Explorer 36, Grand Seiko SBGM221, and Cartier Santos.","Three Watches for the rest of my life... (expensive version) Rolex Explorer, 36 Grand Seiko SBGM221 Cartier Santos",Polished Creator,Review,false,yes,,https://www.tiktok.com/@the.time.workshop/video/7652280326265343254
watches,watch collection,2026-06-17,2026-10-01,chaus.jn,Chaus.jn,83600,7665,330,46,"An overview of my watch collection. @Andy’s Watches 🙅🏾‍♂️

#watchtok #watchcollection #rolex #tudor #gshock","A watch enthusiast walks viewers through his seven-watch collection, sharing the backstory, purchase location, and personal significance of each timepiece, ranging from vintage G-Shocks to Rolex and Tudor.",My Watch Collection 7 Watches,Raw UGC,Vlog,false,yes,,https://www.tiktok.com/@chaus.jn/video/7652470716423589150
watches,vintage watches,2026-06-18,2026-10-01,wwiiiillllllll,Will Phillips,13700,544,24,33,"Replying to @user9465207004138 one of my favorite purchases from japan last year

seiko dolce is a beautiful watch model and the vintage one’s are even better

#menswatch #vintagewatch #seiko #vintage","Creator Will Phillips replies to a follower's comment by reviewing his 1990s Seiko Dolce vintage watch purchased in Japan, detailing its slim aesthetic, rarity in Western markets, and Italian-inspired name.",Replying to @user9465207004138 what model is the Seiko watch?; A Great Vintage Watch; #menswatch #vintagewatch #seiko #vintage #watchesformen,Polished Creator,Review,false,yes,,https://www.tiktok.com/@wwiiiillllllll/video/7652708783373749518
watches,watch collection,2026-06-18,2026-10-01,valcourwatches,Valcour Watches,190900,9845,48,427,Sylvester Stallone Mac Daddy's watch collection,"Sylvester Stallone reviews a rare diamond-bezel Patek Philippe Nautilus 5711 from his personal collection in a Sotheby's-branded video, highlighting its historic significance and value for serious watch collectors.","5711, This, daddy, started, The, Nautilus, this is, faced, valuable, time, diamonds, steel, it makes, a statement, serious, collector, one, whisper",Polished Creator,Review,true,yes,,https://www.tiktok.com/@valcourwatches/video/7652747263617322261
watches,watchtok,2026-06-18,2026-10-02,vacherontok,vacherontok,24700,256,5,22,"Everyone was listening to Brad Pitt.

Watch collectors were staring at his wrist.

The Vacheron Constantin Overseas

Worth over $100,000.

Would you wear this over a Rolex?

#BradPitt #VacheronConstan","A short horology-focused video identifying Brad Pitt is expensive Vacheron Constantin watch worn during a podcast appearance, prompting audience debate on luxury watch preferences.","Vacheron Constantin 222 Historique; $100,000; HEMCO",Raw UGC,Review,false,yes,,https://www.tiktok.com/@vacherontok/video/7652804538163924246
watches,watch collection,2026-06-18,2026-10-01,timemasterwatch,TimeMasterWatch,236,10,,,Here we go! 🔥 Let me show you my watch collection. I really love these timepieces—does anyone else share this passion? Come and have a chat with me！#Watches #Rolex #WatchCollection,A luxury watch collector showcases an impressive assortment of high-end timepieces—primarily Rolex and Audemars Piguet models—housed in a polished wooden box. The post uses clean macro cinematography and an inviting caption to prompt engagement from fellow watch enthusiasts.,ROLEX OYSTER PERPETUAL DAY-DATE; ROLEX OYSTER PERPETUAL COSMOGRAPH DAYTONA; AUDEMARS PIGUET,Polished Creator,Haul,false,yes,,https://www.tiktok.com/@timemasterwatch/video/7652804516173122830
watches,watchtok,2026-06-19,2026-10-02,theisaiahjones,Zay Jones,38900,3382,386,24,valid? #fyp #watchtok #zayjones,"A tattoo artist introduces his first-ever watch, a Seiko 5 automatic, asking his TikTok audience to validate his choice and advise him on starting a watch collection.",first watch,Raw UGC,Vlog,false,yes,,https://www.tiktok.com/@theisaiahjones/video/7653252654251937054
watches,vintage watches,2026-06-20,2026-10-01,gienbustamante,Gien Bustamante,1700000,31400,487,9286,come vintage watch shopping with me!!! 20k php budget! let me know if you want a haul of my final picks hehe @@clockworkvintage on ig #vintageshopping #watchshopping #vintagewatch #budgetshopping #vlo,"Creator Gien Bustamante takes viewers on a vintage watch shopping trip in Makati with a strict 20,000 PHP budget, showcasing various watch styles, trying them on her wrist, and calculating totals in real time.","Come Vintage Watch Shopping With Me on a 20,000 PHP budget; clockwork.vintage; 839 posts; 106K followers; 365 following; Jewelry & Watches Store; Makati Executive Tower 3, Unit G-14; Curated timepieces from Japan, US & Paris; WARNING PROTECTED BY CCTV 24-Hour Video Surveillance; OPEN; WATCH REPAIR; GLASS BUFFING; REPLATING RESTORATION; BATTERY",Raw UGC,Vlog,false,yes,,https://www.tiktok.com/@gienbustamante/video/7653344483915910420
watches,luxury watches,2026-06-20,2026-10-01,laliejewelz,LalieJewelz,57700,6035,105,215,"Dear Bruce 

#moissanite #luxurywatches #laliejewels #customwatch","A custom iced-out watch is showcased on a wrist while a dramatic voiceover delivers a breakup letter to Bruce Wayne in favor of Harvey Dent, combining luxury product marketing with internet meme culture.",,Raw UGC,Meme,true,yes,,https://www.tiktok.com/@laliejewelz/video/7653614124735139086
watches,vintage watches,2026-06-21,2026-10-01,whisperingseconds,whisperingseconds,241400,47800,131,3291,POV: You just discovered a beautiful vintage peek-a-boo watch #vintagewatches #jamtanganvintage #vintagewatch,"A silent, aesthetic POV video showcasing the mechanical reveal of a vintage cameo peek-a-boo watch, appealing to collectors and lovers of vintage accessories.",POV: You just discovered a beautiful vintage peek-a-boo watch,Curated Aesthetic,Aesthetic,false,yes,,https://www.tiktok.com/@whisperingseconds/video/7653753091266825492
watches,luxury watches,2026-06-22,2026-10-01,nicovanderhorst,Nico Leonard,2100000,102500,240,544,"J Balvin’s RM! 

#watches #Luxury #fyp","Watch expert Nico Leonard analyzes J Balvin's rare blue Richard Mille watch, debunking the rumored $7,000,000 valuation while estimating its true market worth between $3,000,000 and $5,000,000 and its original purchase price between $1,000,000 and $1,500,000.","J Balvin's RM!; $7,000,000.00; Watch expert exposes the true value of J Balvin's RM",Polished Creator,Review,false,yes,,https://www.tiktok.com/@nicovanderhorst/video/7651679409790897430
watches,vintage watches,2026-06-22,2026-10-01,marahuberman,Mara,72100,4220,14,1548,Such a special souvenir for our wedding anniversary. World Vintage had an amazing selection of watches — even some that were 100 years old. If you’re looking for vintage watches in Osaka this is a mus,"A travel creator documents purchasing matching vintage Seiko watches as a wedding anniversary souvenir at World Vintage in Osaka, combining personal milestone sharing with an actionable local recommendation.","this is your sign to get matching vintage seiko watches in osaka 🤪; fairly priced & incredibly helpful; we went with 1980s seikos for their japanese heritage & sleek unique looks; happy shopping; FREE MARKET WORLD VINTAGE; 2-chōme-8-29 澤井マンション, Osaka; WATCH ACCESSORY ZIPPO POSTER SOUVENIR; TOY FIGURE SANRIO CLOTHES OLD LAMP etc.; OSAKA JAPAN WORLD VINTAGE COAT & BAG; STOP; 大阪帝国ホテル",Raw UGC,Vlog,false,yes,,https://www.tiktok.com/@marahuberman/video/7654291252690619662
watches,watchtok,2026-06-22,2026-10-02,my.horology,my.horology,90000,2498,175,106,"I think a preowned Tudor Blackbay 58 is the best value watch at $3000 or less. Tell me I’m wrong. 

The ultimate daily? 🕰️ Full specs on the Tudor Black Bay 58 below:
• Case: 39mm
• Thickness: 11.9mm","A watch enthusiast makes a passionate, specification-backed case for the pre-owned Tudor Black Bay 58 as the best luxury watch value under $3,000, prompting viewers to challenge his opinion in the comments.","I'm just gonna come right out and say it. A pre owned Tudor Black Bay 58 is the best value in watches under $3,000. Fight me. 39 millimeters. It's perfect size. It can fit almost anybody. 200 meter water resistance. It's only 12 millimeters thick. It's totally reasonable. Like 47 millimeter lug to lug. Fits amazingly well on the wrist. It has got an awesome in house caliber Tudor movement that is the engine for many, many of their watches. COSC certified, which you don't see that much at this price range. The reason I say pre owned is because new these are pushing like 5k now. But at pre owned you see them all over the web around $3,000. Um, FTW collective regularly just under 3k. I got this locally, uh, from a. A watch group that I'm in. Um, box and papers met in person for 2600 bucks. So it is possible. And yes, of course Tudor is owned by the same non profit, same foundation that owns Rolex. They don't share the same manufacturing, but Tudor does get the benefit of a lot of Rolex R&D. So if there's an internal movement component that Rolex, uh, their, their R&D division and their scientists and engineers discover, it can find its way into Tudor manufacturing. So this is one of the best made watches there is, and for under 3 k. I don't think there's a better value in watchmaking than a pre owned Tudor Black Bay. If I'm wrong, please let me know. Drop in the comments.",Raw UGC,Opinion,false,yes,,https://www.tiktok.com/@my.horology/video/7654338939414777102
watches,watches,2026-06-24,2026-10-01,kenneekksjz,Joker watch,32000,836,56,66,#watch #watches #watchmymagic #watchmegrow #fyp,"A silent, high-detail unboxing and wrist demonstration of a limited-edition rose gold Hublot Big Bang watch, targeting luxury collectors and horology enthusiasts.","Text visible on warranty card and watch case back including 'HUBLOT', 'BIG BANG', 'MP-09', 'LIMITED EDITION', '071/150', and multilungual warranty text in French, German, and Japanese",Polished Creator,Haul,true,yes,,https://www.tiktok.com/@kenneekksjz/video/7654879806475095318
watches,luxury watches,2026-06-24,2026-10-01,werger.foiles,TimeRhythm,818900,77400,245,4506,"Rolex Datejust

Black / dark grey sunburst dial

Baton hour markers + date magnifier (Cyclops lens)

Fluted bezel

Low-key, but you can tell it’s not ordinary at first glance.

The sunburst black dial","A silent, high-aesthetic unboxing video of a Rolex luxury watch, emphasizing craftsmanship, tactile interaction, and status.","ROLEX, Rolex Oyster Perpetual, Day-Date, SUNDAY, words on guarantee card holder",Polished Creator,Unbox,true,yes,,https://www.tiktok.com/@werger.foiles/video/7654889040193293601
watches,watchtok,2026-06-24,2026-10-02,preston_vorasarn,Preston,112000,6484,116,562,"Watch of the day - Seiko Alpinist on a jubilee bracelet. 

My first watch that got me super addicted into this hobby. I’ve had so many adventures and stories with this watch. I’ll never let it go.
#se","A short TikTok wrist roll by creator Preston showcasing a Seiko Alpinist automatic watch on an aftermarket jubilee bracelet, filmed outdoors in natural sunlight with a relaxing instrumental soundtrack.",,Raw UGC,Vlog,false,yes,,https://www.tiktok.com/@preston_vorasarn/video/7655034280032111903
watches,watch collection,2026-06-25,2026-10-01,radwatchman,Rad Watch Man,1400000,123500,1041,1111,"My watch collection so far. @Andy’s Watches I mean it, you don’t have permission to rate this. | #watchcollection #movado #seiko #hamiltonwatch #christopherward","A creator shares his four-watch beginner collection from his car while playfully forbidding a well-known watch TikToker from rating it, blending personal sentimental history with watch enthusiast culture.","A beginner's watch collection one min in. 
 ROTHWELL 
 MOVADO 
 SWISS 
 SEIKO 
 Seiko Sportsmatic 
 30 PROOF 
 21 JEWELS 
 WATER RESISTANT 
 Hamilton 
 KHAKI AUTOMATIC 
 SWISS MADE 
 Andy's Watches 
 Rating Collections Continued #fyp viral #andyswatches #trending",Raw UGC,Vlog,false,yes,,https://www.tiktok.com/@radwatchman/video/7655449244286946574
watches,vintage watches,2026-06-25,2026-10-01,shopwithbrookie,shopwithbrookie,9432,70,5,9,small wrist approved ! #vintagewatch #goldwatch #goldjewelry #goldjewelryaesthetic #bredawatch @BREDA Watch,"A fashion influencer reviews a Breda vintage slim gold watch in her car, praising its aesthetic appeal and highlighting its fully adjustable mesh band as ideal for small wrists.","dainty gold watch 
*small wrist approved*",Raw UGC,Review,true,yes,,https://www.tiktok.com/@shopwithbrookie/video/7655449330232462623
watches,watchtok,2026-06-26,2026-10-02,isaac.day.by.day,Isaac Day By Day,142700,2330,91,23,Do you know why? #watches #watchtok,"A TikTok video by Isaac Day By Day uses a slow-zoom POV format on a wall clock with an 'IIII' numeral error, playing on niche watch-collector humor to drive engagement among horology enthusiasts.",,Raw UGC,Meme,false,yes,,https://www.tiktok.com/@isaac.day.by.day/video/7655487788535598350
watches,luxury watches,2026-06-26,2026-10-01,vemoralaluxury_g,Vemoralaluxury_g,23800,468,3,10,Quality Check#luxurywatches #watch #luxury,"A short, silent technical demonstration showcasing the quality check of a silver Cartier Santos watch using a professional Weishi timegrapher machine, establishing brand trust and mechanical precision for luxury watch enthusiasts.","Weishi No. 1000, MULTIFUNCTION TIMEGRAPHER, Patent No. ZL201430044196.5, Vemoralaluxury, Beat Rate Auto Detect, +5s/d 300 deg 0.0ms 52.0 deg, +4 +5, 28800",Raw UGC,Review,true,yes,,https://www.tiktok.com/@vemoralaluxury_g/video/7655701864033406222
watches,watchtok,2026-06-28,2026-10-02,nilla.wafercookie,Nilla,26600,385,49,49,prx 25 mm is the new love of my life. #womenswatches #entrylevel #watches #watchtok #prx,"Creator Nilla shares her excitement over purchasing her first 'big girl watch', a 25mm gold Tissot PRX, comparing its aesthetic to a high-end Audemars Piguet while seeking validation from her TikTok audience.",My first watch,Raw UGC,Review,false,yes,,https://www.tiktok.com/@nilla.wafercookie/video/7656261371927055646
watches,watchtok,2026-06-28,2026-10-02,dillonanddials,Dillon and Dials,25000,539,424,5,"I think G-Shocks are great! Just not for me other than a select few, what’s that watch for you? Let me know in the comments 🧐 #watches #watchesoftiktok #watchtok #newwatch #watchcollection","A watch creator shares his personal dislike for G-Shock watches despite their widespread popularity, prompting viewers to share their own polarizing watch opinions in the comments.",Hyped watch just don't like?,Raw UGC,Opinion,false,yes,,https://www.tiktok.com/@dillonanddials/video/7656443609478089998
watches,watchtok,2026-06-29,2026-10-02,ryehn,Ryan Ong,172700,6694,68,504,"Send this to someone you believe in 👆

#rolex #fyp #watches #watchtok #watchesoftiktok","A TikTok video by Ryan Ong showing a first-person perspective of trying on a blue dial Rolex Oyster Perpetual at a boutique and receiving the watch in its green presentation box, accompanied by an inspirational call-to-action caption.","Do you mind if I try this on? 
 Congratulations on your new Rolex! 
 ROLEX 
 OYSTER PERPETUAL 
 SUPERLATIVE CHRONOMETER OFFICIALLY CERTIFIED",Polished Creator,Vlog,false,yes,,https://www.tiktok.com/@ryehn/video/7656693205471202580
watches,vintage watches,2026-07-01,2026-10-01,generationalvintage,Generational Vintage,1700000,60600,300,244,Listen I’m all for standing your ground and knowing what your stuff is worth… but these 1) don’t have batteries 2) are dirty and need to be cleaned 3) some need repairs 4) are not guaranteed to work. ,"A vintage reseller shares a frustrating encounter with an inflexible flea market vendor who refuses to negotiate on unpriced, non-working watches, sparking a debate on second-hand pricing etiquette.",She was unwilling to negotiate at the flea market on watches that weren't working. What would you have done? MYRTLE BEACH,Raw UGC,Vlog,false,yes,,https://www.tiktok.com/@generationalvintage/video/7657367702054489375
watches,watch collection,2026-07-01,2026-10-01,chad.alexander,CHAD,70700,5362,46,459,Harry Kane’s Watch Collection 🏴󠁧󠁢󠁥󠁮󠁧󠁿            #harrykane #england,"A watch enthusiast breaks down twelve luxury timepieces worn by English footballer Harry Kane, detailing specific Patek Philippe and Rolex models alongside their secondary market valuations.","Harry Kane’s Watch Collection 🏴󠁧󠁢󠁥󠁮󠁧󠁿, $160,000 MARKET VALUE, $290,000 MARKET VALUE, $420,000 MARKET VALUE, $440,000 MARKET VALUE, $55,000 MARKET VALUE, *5271, $350,000 MARKET VALUE, $180,000 MARKET VALUE, $225,000 MARKET VALUE, $475,000 MARKET VALUE, $140,000 MARKET VALUE, $150,000 MARKET VALUE, $190,000 MARKET VALUE, $550,000 MARKET VALUE",Polished Creator,Review,false,yes,,https://www.tiktok.com/@chad.alexander/video/7657679040396004622
watches,watch collection,2026-07-02,2026-10-01,doshsznnn,doshsznnn,287400,19400,211,568,"All in the “watch” spreadsheet 
Stay tuned for more hauls 
#fashion #haul #richardmille #watch #haultok","A creator unboxes and reviews replica luxury watches purchased from Taobao, specifically featuring a white Richard Mille and a rose gold Rolex, offering candid quality impressions and asking viewers for watch model identifications.",Upgrading my Taobao Watch Collection; RICHARD MILLE; ROLEX,Raw UGC,Haul,true,yes,possible off-topic,https://www.tiktok.com/@doshsznnn/video/7657774852354460949
watches,watchtok,2026-07-02,2026-10-02,meetminuteske,Watchfluencer.ke,44800,5326,147,60,"CS Murkomen and some of his watches. What do you think?

#kenya #watches #watchreview #watchtok #watchspotting","A Kenyan watch creator humorously breaks down and reviews the luxury watch collection worn by Cabinet Secretary Kipchumba Murkomen, identifying specific models like the IWC Portuguese and Rolex Yacht-Master while engaging the audience for more sightings.",,Raw UGC,Review,false,yes,,https://www.tiktok.com/@meetminuteske/video/7657860095455415573
watches,luxury watches,2026-07-02,2026-10-01,itsjamie_1,itsjamie_1,103300,648,4,114,"Alternative options to luxury watches ⏱️

#mensstyle #mensstyleguide #mensfashiontips","A concise and stylish fashion creator guide presenting five affordable alternatives to iconic luxury watches, pairing high-end horology with accessible everyday options through rapid-fire visual comparisons.","ROLEX, SEIKO, RRP: £9,850, RRP: £420, PATEK PHILIPPE, MAEN, RRP: £35,380, RRP: £887, CASIO MTP-1302PD-3AVEF, RRP: £49.90, RICHARD MILLE, WISHDOIT, RRP: £90,000, RRP: £351, AP AUDEMARS PIGUET, RRP: £27,600, RRP: £101.64",Polished Creator,Tutorial,false,yes,,https://www.tiktok.com/@itsjamie_1/video/7657960954621136150
watches,vintage watches,2026-07-02,2026-10-01,saritasbookshelf,sarita 🧸🍧,4277,562,3,12,I’m obsessed 🌷#vintage #vintagewatch #watchcollection #womenswatches #watches,"Creator sarita 🧸🍧 shares a short, aesthetic showcase of four unique vintage gold watches styled together on her arm and laid out flat, accompanied by dreamy music and romantic overlay text.",pov you found the most gorgeous vintage watches,Curated Aesthetic,Haul,false,yes,,https://www.tiktok.com/@saritasbookshelf/video/7658070519341698334
watches,watch collection,2026-07-05,2026-10-01,anticks_np88,Anticks.np,55000,1975,8,265,"A delicate rectangle dial wrapped in a golden bracelet — Its petite shape sits gracefully on the wrist, making it perfect for both everyday wear and special moments

A Classic timepiece from Casio wat",A short product showcase video by a Nepali accessories account displaying a restocked gold Casio watch styled with an old money aesthetic.,Restocked your fav Casio,Curated Aesthetic,Haul,true,yes,,https://www.tiktok.com/@anticks_np88/video/7658849356719607061
watches,watch collection,2026-07-06,2026-10-01,timegamble,Timegamble,86300,2508,21,64,"I buy vintage watch collections from flea markets, restore them, and give them a second life.

Every day I list restored watches on eBay, and every auction starts at just $1.

⌚ You never know which r","A watch restoration creator shares their unique business model of buying broken flea market watches, restoring them by hand, and auctioning them on eBay starting at $1, driving traffic via social media.",PROBABLY WEIRDEST WORLD I BUY DIRTY BROKEN VINTAGE WATCHES SPEND HOURS BRINGING THEM BACK TO LIFE THEN I LIST THEM ON EBAY STARTING AT JUST ONE DOLLAR IT DOESN'T MAKE MUCH SENSE BUT IT'S A LOT OF FUN MORE VINTAGE WATCHES ARE COMING TO AUCTION SOON THE LINK IS IN THE DESCRIPTION Active Orders Inactive Views 95 8 14 Bid actions watches tracking Vintage Casio Quartz Blue Dial Men's Watch 50M Date Stainless... 1.00 $US Current bid or Best Offer + shipping (buyer pays 18.00 $US) Placed yesterday Remaining 9 days 5h 27 views 4 tracking 1 bid Vintage Tissot PR 50 Swiss Made Quartz Watch White Dial Date Me... 4.25 $US Current bid or Best Offer + shipping (buyer pays 18.00 $US) Placed 3 days ago Remaining 7 days 6h 220 views 12 tracking 21 bids ORIENT Vintage Japan Watch!! SERVICED!! 24.50 $US Current bid or Best Offer + shipping (buyer pays 18.00 $US) Placed 3 days ago remaining 7 days 4h 160 views 16 tracking 10 bids,Raw UGC,Vlog,true,yes,,https://www.tiktok.com/@timegamble/video/7659455811458010388
watches,watches,2026-07-08,2026-10-01,watchedit.dh1,Watch Edit1,71,3,,,Choose Wristwatches That Truly Represent Your Elegant Aesthetic #fashionjewelry #blingbling #jewels #watches #fashionaccessories,"A polished aesthetic showcase of two distinct wristwatches, transitioning from a classic steel Seiko to an iced-out diamond luxury piece, accompanied by atmospheric music and minimalist text overlays.",SEIKO 5 AUTOMATIC 21 JEWELS; Precision you can see.; CHRONO; XXIV; XI; IX; X,High-Production,Aesthetic,true,yes,,https://www.tiktok.com/@watchedit.dh1/video/7659940240659909902
watches,luxury watches,2026-07-08,2026-10-01,vswatches3gogo,VS watches,1600000,24300,760,1113,#watches #rolex #luxury #daytona #submarine,"A silent, close-up product showcase of a luxury Rolex Daytona watch being unbagged, inspected, and placed on the wrist, targeting watch enthusiasts through high-detail aesthetic visuals.","White label on plastic bag with printed text '4131机'; engraved clasp text 'STEELINOX', 'ROLEXSA', '72200'",Raw UGC,Haul,true,yes,,https://www.tiktok.com/@vswatches3gogo/video/7660074601476623648
watches,luxury watches,2026-07-08,2026-10-01,timeless_fit1,TIMELESS FIT | WristWatch⌚️,37700,1491,35,271,"POV: You still think looking expensive has to be expensive. ⌚🔥

10 premium watches. One box. Endless style.

✨ Luxury designs  
🎁 Perfect for gifts  
📦 Nationwide delivery  
💯 Quality you can trus","A promotional TikTok video by TIMELESS FIT displaying a box of ten diverse watches, leveraging a budget-luxury POV hook to drive engagement and direct message orders.","POV: You still think looking expensive has to be expensive. ⌚🔥

10 premium watches. One box. Endless style.

✨ Luxury designs  
🎁 Perfect for gifts  
📦 Nationwide delivery  
💯 Quality you can trust

Which one are you choosing? Comment the number 👇

📩 DM to order before your favorite sells out.",Raw UGC,Haul,true,yes,,https://www.tiktok.com/@timeless_fit1/video/7660183043985919240
watches,watches,2026-07-11,2026-10-01,okkwatches10,OKK WATCHES,1800000,27000,682,1782,#watch #watchformen #luxury #fyp #watches,"A silent, aesthetic POV showcase of a luxury diamond-encrusted Hublot watch being unboxed and fastened onto a wrist, targeting watch enthusiasts with high-end visual appeal.",HUBLOT; 5 DAYS POWER RESERVE,Polished Creator,Haul,true,yes,,https://www.tiktok.com/@okkwatches10/video/7661230470549572886
watches,luxury watches,2026-07-12,2026-10-01,imperial_time,Imperial Time UK Ltd,364800,8781,106,2988,"The colour of the summer. 🤍☀️
The Huit Blanc from the AP x Swatch Royal Pop collection is one of those timepieces that just works with everything...
Fresh, clean and easy to wear 🤩
We're also one of","Imperial Time UK Ltd showcases the Huit Blanc watch from the AP x Swatch Royal Pop collection in their Kensington showroom, highlighting its summer-ready versatility and rare stock availability.",,Polished Creator,Haul,true,yes,,https://www.tiktok.com/@imperial_time/video/7661623272747896097
watches,watch collection,2026-07-12,2026-10-01,braddotwatch,brad.watch,928200,91900,665,15000,I love @Mr Jones Watches. The design approach is fun. It’s affordable. And they’re arty. Wanted to highlight some of the other brands taking a similar approach to watches. @BENLYWATCH Asterisk Watches,"A watch creator reviews artistic and unique alternatives to Mr Jones Watches, showcasing specific models from Benlywatch, Asterisk Watches, and Anicorn.",We make unforgettable watches; A perfectly useful afternoon; $295.00; BENLYWATCH; ASTERISK; Charley Harper Limb Ju; Olympic Sunset Jump Hour Automatic; $350.00; Gates of the Arctic Day Night; Out of Stock or Sold Out; $300.00; Arches Day Night; $275.00; Happiness is Fleeting Jump Ho Automatic; Hawaii Volcanoes Jump Hour; Charley Harper Puffins Passing Day & Night; OLIVER JEFFERS x ANICORN Watch; $980.00; TIME AND SPACE; M/M Paris x Anicorn - Timepiece '2LAZY'; $930.00; 100pcs worldwide,Raw UGC,Review,false,yes,,https://www.tiktok.com/@braddotwatch/video/7661786088310082829
watches,watches,2026-07-13,2026-10-01,andiotwatche,ANDIOT WATCHES,305,10,,1,#luxurywatch #watches #watches #luxury #fyp,"A silent, polished unboxing video showcasing a 1:1 replica Omega chronograph watch from Guangzhou, emphasizing packaging quality, mechanical details, and wrist fit.",Guangzhou China Super Clone 1:1; OMEGA; Tachymetre; Co-Axial Master Chronometer,Polished Creator,Unboxing,true,yes,possible off-topic,https://www.tiktok.com/@andiotwatche/video/7662035369269005581
watches,vintage watches,2026-07-14,2026-10-01,ryngrg88,Ryan George,402800,7118,230,672,"thrift find of the century 😳

#thrifting #thriftfinds #rolex #vintagewatch #fypシ","A creator shares a viral-style thrift store success story of purchasing a 1969 Rolex Oyster Perpetual Date for $250 at Value Village, servicing the authentic movement, and wearing the verified vintage timepiece.",I bought a ROLEX from Value Village; gambled on $250; and hit the jackpot!; was running but had never been serviced; got it serviced + authenticated; 1969 Rolex Oyster Perpetual Date Ref. 1500; $249.99; No Exchange Jewelry; Montres Rolex S.A. Geneva Switzerland; Stainless Steel; 1500; IV69; 557; 26 Jewels; Swiss,Raw UGC,Vlog,false,yes,,https://www.tiktok.com/@ryngrg88/video/7662503620037938439
watches,watchtok,2026-07-15,2026-10-02,arilikeswatches,AriLikesWatches,531,60,14,19,"This is what WatchTok is all about! 🥰

Such an amazing time with everyone! I know I missed a bunch of you in here but know you're still loved too! 

@Corey-UnsupervisedTime @dudeprincipal @Who.lee.o ","An enthusiastic event recap video by creator AriLikesWatches celebrating in-person meetups with fellow WatchTok creators at an industry gathering, emphasizing community warmth and shared horological passion.",CHICAGO LIMITED EDITION sign visible in one background frame; Brew and Windup Europe logos on bags,Raw UGC,Vlog,false,yes,,https://www.tiktok.com/@arilikeswatches/video/7662887689045265677
watches,luxury watches,2026-07-16,2026-10-01,okkwatches10,OKK WATCHES,1600000,28100,939,2030,#watch #watchformen #luxury #fyp #watches,"A silent, high-aesthetic showcase of an Omega Seamaster watch on an orange strap, targeting watch enthusiasts with satisfying tactile close-ups and vibrant luxury branding.",OMEGA / SEAMASTER / PROFESSIONAL / CO-AXIAL / MASTER CHRONOMETER / 600m / 2000ft / 12 / 9 / 6 / SWISS MADE,Polished Creator,Review,true,yes,,https://www.tiktok.com/@okkwatches10/video/7663093566662544662
watches,vintage watches,2026-07-16,2026-10-01,dearrosier,Dear.Rosier,1205,64,,3,I just found the largest collection of vintage watches in all of Houston.. and it will be back this Saturday! @resilientflea #fleamarket #vintage #watches #vintagestyle #womenswatch,"A creator shares a breathtaking visual showcase of a massive vintage watch collection found at a Houston flea market, utilizing top-down POV videography and bold text to generate hype for the upcoming Saturday market event.",I THINK I FOUND VINTAGE WATCH HEAVEN..,Raw UGC,Haul,true,yes,,https://www.tiktok.com/@dearrosier/video/7663161134635158798
watches,vintage watches,2026-07-17,2026-10-01,frahman524,Farhana Rahman,16600,679,30,59,The most insane Piaget stone dial collection I’ve seen in one sitting!! Shopping vlogggg. #vintagewatch  #watchtok #spendthedaywithme #luxurywatches #browngirl,"Farhana Rahman takes viewers on a luxury shopping vlog in London, highlighting rare vintage Piaget, Rolex, and Patek Philippe watches, dining at Dishoom, visiting a perfumery, and ending the day relaxing.",,Raw UGC,Vlog,false,yes,,https://www.tiktok.com/@frahman524/video/7663579526588419342
watches,watch collection,2026-07-18,2026-10-01,daozalt,daoz,30500,532,13,31,"Upgrading my Chinese watch collection with Taobao Part 1! 
#watches #taobao #daoz #hipobuy #finds","A fashion creator showcases the latest addition to his budget watch collection from Taobao, unboxing a Cartier skeleton watch, swapping it into his rotation box, and directing viewers to his updated spreadsheet.",Upgrading my Chinese watch collection part one; LIKE THE VID; Cortiez; https://www.zpl.ae; various spreadsheet pricing and link rows,Polished Creator,Vlog,true,yes,,https://www.tiktok.com/@daozalt/video/7663690234625903892
watches,watches,2026-07-18,2026-10-01,swisswatchsexpo,swisswatchsexpo,117,1,,,#creatorsearchinsights #elegantstyle #luxurywatches #watchenthusiast #watchcollection,"A fast-paced luxury watch showcase featuring multiple Rolex models, designed to capture the attention of collectors and drive shopping intent.","Looking for a quality wristwatch? We've got stylish designs, reliable performance, and unbeatable value. Shop now!",Polished Creator,Showcase,true,yes,,https://www.tiktok.com/@swisswatchsexpo/video/7663987283674025247
watches,luxury watches,2026-07-19,2026-10-01,tfeftvkoi.yiijhgr,Watchinnshow,33800,633,42,61,Effortlessly elevated.#watches #luxury #luxurywatches #watchesformen #watchtok,"A silent, high-aesthetic showcase of an IWC luxury chronograph watch, emphasizing mechanical movement, precision finishing, and wrist presence for watch enthusiasts.","Engraved text on watch caseback including 'IWC SCHAFFHAUSEN', '7030588', '10 BAR', 'INTERNATIONAL WATCH CO.', 'PILOT'S WATCH CHRONOGRAPH EDITION AMG PETRONAS FORMULA ONE TEAM', and 'SWISS MADE' on the strap.",Polished Creator,Review,true,yes,,https://www.tiktok.com/@tfeftvkoi.yiijhgr/video/7664146696070319363
watches,luxury watches,2026-07-19,2026-10-01,vnhthyvn541,WatchLull,48,0,,,Ultimate Luxury ✨  #LuxuryWatches #WatchCollection #LuxurySeries,"A fast-paced, highly aesthetic showcase of luxury Omega watches targeted at horology enthusiasts, utilizing ASMR-style visual handling and rhythmic editing to drive engagement.","OMEGA, SPEEDMASTER, Professional, Tachymetre",Polished Creator,Haul,true,yes,,https://www.tiktok.com/@vnhthyvn541/video/7664210023039372574
watches,luxury watches,2026-07-19,2026-10-01,lvnhuyn44,WatchHush,286,6,,,Ultimate Luxury ✨  #LuxuryWatches #WatchCollection #LuxurySeries,"A fast-paced, highly polished aesthetic showcase of various Rolex luxury watches set to dramatic music, targeting watch enthusiasts and luxury consumers.","ROLEX OYSTER PERPETUAL, DATEJUST, SUBMARINER, SUPERLATIVE CHRONOMETER OFFICIALLY CERTIFIED, SWISS MADE",High-Production,Aesthetic,true,yes,,https://www.tiktok.com/@lvnhuyn44/video/7664228151463054623
watches,watches,2026-07-20,2026-10-01,wrist_elagace,Modern Watch Wholesaler,556300,9146,218,1101,"#creatorsearchinsights 
Looking for a premium look without the premium price tag? We got you! 🔥✨
Check out this absolute stunner—a sleek men’s watch featuring a bold magenta strap that completely red","A watch wholesaler in Pakistan pitches an affordable men's wristwatch line priced at a flat Rs. 500, demonstrating various silicone strap colors and magnetic clasps while directing viewers to order via WhatsApp or visit Modernwatch.fun.",Modernwatch.fun; Urdu automated captions across lower third and center frame,Raw UGC,Tutorial,true,yes,,https://www.tiktok.com/@wrist_elagace/video/7664652790660156694
watches,vintage watches,2026-07-20,2026-10-01,dearrosier,Dear.Rosier,1155,69,2,2,If these vintage watches are your vibe… you’ve come to the right place! #vintage #watches #vintagestyle #womenswatch #watch,"A short, aesthetically polished showcase of vintage women's watches presented by curator Dear.Rosier, using a repeating framed display and satisfying jump cuts to appeal to vintage fashion and watch communities on TikTok.",If this is your vibe... (0:00-0:02); Or this... (0:03-0:04); Or this... (0:05-0:06); Then you're in the right place (0:07-0:09).,Curated Aesthetic,Haul,true,yes,,https://www.tiktok.com/@dearrosier/video/7664699945835924749
watches,watches,2026-07-20,2026-10-01,xander.beseiso,The Jacked Horologist 💪🏼⌚️,3600000,174300,1657,4339,"Save this before you buy your first watch 
#watches #watchtok #watchcollector #luxurywatch #rolex","A watch content creator delivers a rapid-fire list of the top five starter watches inside a car, combining spoken audio, hand gestures, and sequential text overlays to provide high-retention educational value for watch collectors.","Top 5 starter watches
1. Seiko 5
2. Tissot PRX
3. Tudor Black Bay
4. Omega Seamaster
5. Rolex Oyster Perpetual",Raw UGC,Tutorial,false,yes,,https://www.tiktok.com/@xander.beseiso/video/7664763570697014559
watches,luxury watches,2026-07-21,2026-10-01,dripnation.1,dripnation.1,57300,1862,44,160,datejust is the cleanest watch #dripnation #rolexdatejust #luxurywatch #menstyle #rolex,"A short, aesthetic-driven POV video showcasing a Rolex Datejust watch on wrist, accompanied by a hip-hop beat and targeted hashtags celebrating luxury men's style.","Rolex Oyster Perpetual Datejust, Superlative Chronometer Officially Certified, Swiss Made",Raw UGC,Aesthetic,false,yes,,https://www.tiktok.com/@dripnation.1/video/7665116412133838102
watches,vintage watches,2026-07-22,2026-10-01,notjvlianna,Julie’s Evil Twin ⏰,270800,15900,349,225,Replying to @b ♡ excuse the rambling and I might be slightly off on some mechanical details but I’ve been frying my brain at work all day. Also there are TONS of affordable brands these are just 2-3 I,"A WatchTok creator gives structured, beginner-friendly advice on affordable, credible watch brands like Seiko and Tissot, shopping platforms like eBay and Jomashop, and movement types.",Replying to b's comment: what are some relatively affordable watches women can wear (maybe even vintage / used) that would lend some kind of credibility? love your video 🥰,Raw UGC,Response,false,yes,,https://www.tiktok.com/@notjvlianna/video/7665170580366216479
watches,luxury watches,2026-07-23,2026-10-01,preowned_schaapcitroen,Schaap en Citroen Pre-Owned,193300,23100,107,1949,"WIMBLEDON 🎾 

Rolex Datejust 41 reference 126331 in steel and rose gold, featuring the legendary Wimbledon dial 👏

One of the most recognizable Rolex configurations ever made 💚 

#rolex #rolexdatej","A short-form luxury watch showcase featuring a Rolex Datejust 41 Wimbledon dial, presented by pre-owned watch dealer Schaap en Citroen to appeal to collectors and enthusiasts.","WIMBLEDON 🎾 

Rolex Datejust 41 reference 126331 in steel and rose gold, featuring the legendary Wimbledon dial 👏

One of the most recognizable Rolex configurations ever made 💚 

#rolex #rolexdatejust #goldwatch #menswatch #luxurywatch",Polished Creator,Review,true,yes,,https://www.tiktok.com/@preowned_schaapcitroen/video/7665657938840735008
watches,watch collection,2026-07-25,2026-10-01,dylanhaasegolf,Dylan Haase,265700,18700,410,136,My watch collection a little over a year into collecting (caddie watch collection),"A young creator delivers an authentic, unpretentious breakdown of his five-watch collection accumulated over one year, highlighting affordability, personal milestones, and specific mechanical details of each piece.",My current watch collection (~1 year of collecting); SEIKO CHRONOGRAPH 100M SEC; ORIENT Automatic Water Resistant; SEIKO AUTOMATIC 21 JEWELS; VIE 27; OMEGA AUTOMATIC Seamaster COSMIC; SWISS MADE; Sanhart PREVENTOR AUTOMATIC,Raw UGC,Vlog,false,yes,,https://www.tiktok.com/@dylanhaasegolf/video/7666580814699695390
watches,watches,2026-07-26,2026-10-01,ucdaitukv6,smart factory 1,152200,526,12,151,"2026 Large Screen Smart Watch for Men, Wireless Calling, Step Counter, Music Player, Digital Display, Touchscreen, Gift Idea, Sports Smartwatches","An energetic creator unboxes and reviews a men's smartwatch, highlighting its touchscreen, calling capabilities, and step counter as the ultimate gift.",Smart watch; Shop Now,Polished Creator,Review,true,yes,possible off-topic,https://www.tiktok.com/@ucdaitukv6/video/7666657252958326038
watches,luxury watches,2026-07-26,2026-10-01,lvnhuyn44,WatchHush,179,4,,,Ultimate Luxury ✨  #LuxuryWatches #WatchCollection #LuxurySeries,"A rapid-fire aesthetic showcase of high-end Rolex watches, produced with pristine macro cinematography and a moody audio hook to captivate luxury watch enthusiasts.",ROLEX OYSTER PERPETUAL DATE SUBMARINER 1000ft = 300m SUPERLATIVE CHRONOMETER OFFICIALLY CERTIFIED SWISS MADE ROLEX OYSTER PERPETUAL GMT-MASTER II SUPERLATIVE CHRONOMETER OFFICIALLY CERTIFIED SWISS MADE ROLEX OYSTER PERPETUAL LAND-DWELLER SUPERLATIVE CHRONOMETER OFFICIALLY CERTIFIED SWISS MADE ROLEX OYSTER PERPETUAL DATEJUST,Polished Creator,Haul,true,yes,,https://www.tiktok.com/@lvnhuyn44/video/7666789494091271454
watches,vintage watches,2026-07-26,2026-10-01,westhartfordwatches,West Hartford Watches,50300,655,17,9,#WatchTok #vintagewatches #rolex #vintage #antique,"A TikTok video by West Hartford Watches uses a popular POV meme format to showcase an obviously counterfeit Rolex quartz watch found at a flea market, entertaining the WatchTok community with horological humor.",POV: your buddy thinks he struck flea market gold but you have to break the news to him.....; ROLEX OYSTER PERPETUAL; QUARTZ; SWISS; JAPAN; MOVT,Raw UGC,Meme,false,yes,,https://www.tiktok.com/@westhartfordwatches/video/7666796014652706078
watches,vintage watches,2026-07-27,2026-10-01,thailinekolb,Thailine Kolb,22600,444,4,81,"Three more vintage watch brands worth knowing: Elgin, Gruen, and Wittnauer. ⌚️ Always check the name before you leave a vintage watch behind—some models can be surprisingly collectible.

#vintagewatch","A short educational post by creator Thailine Kolb highlighting three collectible vintage watch brands—Elgin, Gruen, and Wittnauer—using close-up product shots and clean text overlays.",Vintage watch brands worth looking for (Part 2); Elgin; Gruen; Wittnauer; Want part 3?,Raw UGC,Tutorial,false,yes,,https://www.tiktok.com/@thailinekolb/video/7667022367482236191
watches,watches,2026-07-27,2026-10-01,okkwatches10,OKK WATCHES,440500,8178,198,645,#watch #watchformen #luxury #fyp #watches,"A silent, high-aesthetic product showcase of a luxury-style chronograph watch being unboxed and fastened onto a wrist, optimized for TikTok watch enthusiasts.",HUBLOT GENEVE visible on clasp and dial,Polished Creator,Haul,true,yes,,https://www.tiktok.com/@okkwatches10/video/7667043764707331350
watches,watch collection,2026-07-27,2026-10-01,luxurygallery1.here,Luxury Gallery,543,4,,,#PatekPhilippe #LuxuryWatch #AIVideo #LuxuryAI #Cinematic #LuxuryLifestyle #Horology #WatchCollector #SwissWatch #FYP,"A visually stunning AI-generated short showcasing the intricate mechanics, diamond-set bezel, and finished presentation of an ultra-luxury gold timepiece, designed to evoke awe and cater to horology enthusiasts.","Chinese characters indicating AI generation watermark in the top left and bottom right corners (e.g., 豆包AI生成).",High-Production,Aesthetic,true,yes,,https://www.tiktok.com/@luxurygallery1.here/video/7667183553792281887
watches,vintage watches,2026-07-27,2026-10-01,watchtimetraveler,watch_time_traveler,52600,1184,35,191,"The SICURA Safari Knife Watch is one of the most unusual and controversial vintage watches ever created. At first glance, it looks like an ordinary timepiece. But with a clever hidden mechanism, a tin","A short-form video showcasing the rare and eccentric 1970s Sicura Safari Knife Watch as its hidden blade springs open on the creator's wrist, framed by dramatic music and playful text.","WHO DARES MESS WITH ME NOW? accompanied by devil, envelope, and knife emojis",Raw UGC,Meme,false,yes,,https://www.tiktok.com/@watchtimetraveler/video/7667228617394359574
watches,vintage watches,2026-07-27,2026-10-01,soniaasper,sonia asper,434100,37700,637,5065,It’s truly the most beautiful thing own #vintagewatch #audemarspiguet #apcobra #watchtok,"Creator Sonia Asper shares her prized vintage Audemars Piguet Cobra watch bought in Japan, detailing its features, low-profile bracelet, and appreciation in value while offering to curate a list of similar vintage pieces for interested viewers.",It’s truly the most beautiful thing own #vintagewatch #audemarspiguet #apcobra #watchtok,Raw UGC,Vlog,false,yes,,https://www.tiktok.com/@soniaasper/video/7667229374273309960
watches,vintage watches,2026-07-27,2026-10-01,dearrosier,Dear.Rosier,1126,66,5,2,POV: you got to unbox one of the most beautiful vintage watches collections… which one is your favorite #vintage #vintagestyle #watches #vintagewatch #womenswatch,"A visually striking and aesthetically pleasing unboxing video where a creator reveals an entire collection of vintage Citizen women's watches, laying them out on a retro magazine spread and inviting viewers to choose their favorite.",POV: you bought someone's entire collection of vintage citizen watches; Make this a time to remember; A gift to cherish--now is more perfect; SWITZERLAND; The Watchmakers Of Switzerland--October 10th to 24th,Curated Aesthetic,Haul,false,yes,,https://www.tiktok.com/@dearrosier/video/7667269725524725006
watches,watches,2026-07-27,2026-10-01,watchedit.dh1,Watch Edit1,53,0,,,Luxury Watches That Elevate Your Presence 🔥 #LuxuryWatch #PresenceStyle #MensFashion #LuxuryTrend #WatchLovers,A fast-paced visual compilation of premium and luxury watches designed to inspire men's fashion choices and captivate horology enthusiasts on TikTok.,Your outfit was missing this one watch to level up the fit,Polished Creator,Haul,true,yes,,https://www.tiktok.com/@watchedit.dh1/video/7667289437662874894
watches,vintage watches,2026-07-28,2026-10-01,goldammervintagewatches,GOLDAMMER®,31400,1556,33,79,"Golden perfection. 
1966 Omega Constellation Date Ref. 168.005 in 35.5mm solid 18k yellow gold. A beautifully brushed gold dial, rare black onyx hour markers and one of Omega's finest chronometer dres","A cinematic macro product showcase by vintage watch dealer Goldammer highlighting a 1966 Omega Constellation in solid 18k yellow gold, emphasizing its dial, movement, and wrist presence ahead of a Thursday release.","You already know it's an Omega..., OMEGA, AUTOMATIC, CHRONOMETER, OFFICIALLY CERTIFIED, Constellation, SWISS MADE, HANDCRAFTED IN GERMANY, 18, 561, 24 JEWELS, ADJUSTED FIVE (5) POSITIONS AND TEMPERATURE, 24449356, OMEGA WATCH CO SWISS",High-Production,Review,true,yes,,https://www.tiktok.com/@goldammervintagewatches/video/7667491409611509025
watches,vintage watches,2026-07-28,2026-10-01,alwaysvintagewatches,alwaysvintagewatches,928,24,,,"A rare vintage Vacheron with the kind of presence collectors immediately understand.

In the early 1950s, most dress watches measured around 30–33mm. This one comes in at 36mm, making it a true “jumbo","A vintage watch dealer showcases a rare 1950s Vacheron Constantin 4600 Jumbo dress watch in 18k gold, highlighting its oversized dimensions for the era and natural spider patina to attract collectors.",SOME WATCHES DO NOT NEED TO SHOUT THEY ARE EXTRAORDINARY THIS IS VACHERON CONSTANTIN 4600 JUMBO FROM THE 1950S A 36 MILLIMETER IT WAS CONSIDERED OVERSIZED FOR THE TIME A TRUE JUMBO DRESS WATCH IN AN ERA WHERE ELEGANCE WAS USUALLY MUCH SMALLER BUT WHAT MAKES THIS PIECE TRULY SPECIAL IS NOT ONLY THE SIZE IS THE WAY IT HAS AGED THE DIAL HAS DEVELOPED DEEP FADE CHAMPAGNE TONE WITH A NATURAL SPIDER LIKE PATINA THE KIND OF CHARACTER THAT ONLY TIME CAN CREATE; Relojes Vacheron Constantin; 4600; 136 visitas en 48 horas; Vacheron Constantin Jubilee Jumbo Calatrava 1950s 18k gold Free SHIPPING INCLUDED ANYWHERE in the world; Usado (Muy bueno); Ano de fabricacion 1950; Sin estuche original; Sin documentos originales; 6895 €; chrono24.es; Always Watch Collectors; SHOP ONLINE; Chrono24,Polished Creator,Review,true,yes,,https://www.tiktok.com/@alwaysvintagewatches/video/7667506737662004482
watches,watches,2026-07-28,2026-10-01,riwaazun,Riwaaz By UN,398100,11700,287,2594,"Luxury Korean Watches for Girlies 🌺🌺🌺High Quality kitten 🐈 style watch 
Order on watsap now ...
03019614248...
#watches #luxury #viral #korean #girlies","A short product showcase featuring a luxury-style pink smartwatch with decorative charms and a Hello Kitty face, directed at female shoppers with a call to order via WhatsApp.",18:14; 18:12; 18:16,Raw UGC,Haul,true,yes,possible off-topic,https://www.tiktok.com/@riwaazun/video/7667628868416703762
watches,watch collection,2026-07-29,2026-10-01,sampaguitagirly,Sampaguita⌚️💎✨,75400,4597,204,177,"Finding joy in my new obsession: #watch collecting! 
1. @tagheuer Aquaracer 34mm (my absolute favorite)
2. Vintage 1989 #Rolex CPO Lady Datejust 28mm  two tone gold 
3. @Cartier santos de Cartier smal","A lifestyle creator and product designer shares her foundational six-watch luxury collection, detailing the sentimental stories, travel memories, and career milestones attached to each timepiece while teasing a second part featuring her future wishlist.","Sharing my Watch Collection (As a newbie); 1. @tagheuer Aquaracer 34mm (my absolute favorite); 2. Vintage 1989 #Rolex CPO Lady Datejust 28mm two tone gold; 3. @Cartier santos de Cartier small; 4. Rolex Datejust 31mm black dial with Roman Numerals in Oystersteel, fluted bezel, Jubilee strap, crown clasp; 5. #Seiko day date Leather strap; 5. Cartier Panthere Medium two-tone gold; Crying bec i think i still want her. Adding to my next six wishlist!; Was cute but i think a tank Seiko will scratch this itch; This size is a new release in their collection (2025 W&W); part 2 for my wishlist for the next six",Raw UGC,Vlog,false,yes,,https://www.tiktok.com/@sampaguitagirly/video/7668021442843331870
watches,watchtok,2026-07-30,2026-10-02,hermesdoesstuff,HermesNotHermès,201900,18600,224,412,The Best Cheap Watches You Can Get For Under $100 #watches #watchesformen #watchtok #fyp #hermeswatches,"An enthusiastic watch creator breaks down his top recommendations for watches under $100, featuring Casio, Timex, and Militado models with specific pricing and features.",BEST CHEAP WATCHES UNDER $100; Casio MRW200 Case: 43x48mm Price: $55 Can get cheaper 3rd party strap; Casio MDV-106B Case: 46x49mm Price: $90 Can get cheaper 3rd party strap; Timex Weekender Case: 38x46mm Price: $40 3rd party strap; Timex Expedition Case: 40x46mm Price: $90 3rd party strap; Militado D12 Tuxedo Case: 37x43mm Price: $69 Comes in other colors 3rd party strap; Militado D12 Tuxedo Case: 37x44mm Price: $60 Comes in other colors 3rd party strap,Polished Creator,Review,false,yes,,https://www.tiktok.com/@hermesdoesstuff/video/7668213716499942686
watches,watch collection,2026-07-30,2026-10-01,frahman524,Farhana Rahman,115300,7165,284,968,Vintage prices are BONKERS rn. Should I start posting watches again? It’s been a while! #vintagewatch #watchcollector #watches #watchcollection #luxurywatches,"Creator Farhana Rahman showcases her and her husband's extensive, high-end luxury vintage watch collection while commenting on rising market prices and asking viewers to identify a mystery watch.","Entire Watch Collection
Vintage Vacheron, Piaget, Patel Philippe, Audemars Piguet, Cartier, Boucheron, Rolex
1970s Vacheron Constantin Lapis Dial
1970s Vacheron Constantin Tigers eye dial
Vacheron Patrimony Skeleton
1960s Piaget Emperador Jade Dial
1970s Piaget Onyx Dial
Cartier Cristallor Jumbo
AP Royal Oak
1970s Patek Philippe Gondolo
1990s Cartier Baignoire
1960s Boucheron Reflet
1970s Cartier Ceinture Jordanian Crest
1990s Cartier Cloche
MBF?????? No clue lmaooo
1980s Cartier Santos Burgundy Dial
1980s Cartier Santos Octagon, onyx
Cartier Vendome lapis dial
Rolex 31mm
Rolex tuxedo dial Early 2000s
Cartier Santos
Rolex submariner",Raw UGC,Vlog,false,yes,,https://www.tiktok.com/@frahman524/video/7668450281079753997
watches,vintage watches,2026-07-31,2026-10-01,dialarchive,Nolan | The Dial Archive,3361,77,6,4,"5 vintage-inspired watches under $1,000 that look way more expensive than they are: Orient Bambino V1 – Iconic entry-level automatic dress watch with a sweeping domed mineral crystal.
Lorier Roosevelt","A polished top-five watch recommendation video by The Dial Archive showcasing affordable vintage-inspired timepieces under $1,000, combining expert horological commentary with professional product photography and active engagement prompts.",DA logo in top-left; 5 Vintage-Inspired Watches You Need To Buy; Orient Bambino $260 FAC00005W0; Lorier Roosevelt $799; Casio Vintage Digi-Dial $70 AQ800E-3AVT; Brew Retrograph Espresso $375; Baltic HMS 002 $425; The Dial Archive Watches Worth Knowing. dialarchive.com. Show me your favorite watch in the comments!,Polished Creator,Top-list,false,yes,,https://www.tiktok.com/@dialarchive/video/7668511733811760397
watches,luxury watches,2026-07-31,2026-10-01,top.watches25,Top watches,2800000,60300,829,2490,#watch #luxury #luxurylifestyle,"A silent, aesthetic point-of-view video showing a pair of hands unboxing and putting on a two-tone Rolex Submariner watch, targeting luxury watch enthusiasts and status-driven viewers.",ROLEX OYSTER (on box sleeve),Polished Creator,Haul,true,yes,,https://www.tiktok.com/@top.watches25/video/7668756202674752800
watches,vintage watches,2026-07-31,2026-10-01,tomatocrazyworld,tomatocrazy,6281,265,9,3,"all gold and it has her initials on the side 🥹 it’s so gorgeous and actually also fit my tiny wrist finally !!! 

#vintage #watch #vintagewatch #jewelrytiktok","A creator shares a sentimental post showcasing a 1950s gold watch from Argentina that belonged to her grandmother, highlighting its emotional value and perfect fit for a small wrist.","my grandmas watch from the 50's in Argentina, her dad bought it for her 15th bday",Raw UGC,Vlog,false,yes,,https://www.tiktok.com/@tomatocrazyworld/video/7668775709745155359
watches,luxury watches,2026-08-01,2026-10-01,relojesmoissanite_,relojesmoissanite,55400,1149,133,64,Hora de 😴😴 #luxurywatches #moissanitejewelry #relojes,"A short promotional video featuring a first-person POV shot of a dazzling iced-out moissanite watch on a bed, paired with a humorous text exchange answering 'what time is it' with a 900 euro price tag, set to a trendy reggaeton track.","🤔 ¿Qué hora es? 
 👦 Yo: Las 900€ en punto",Raw UGC,Flex,true,yes,,https://www.tiktok.com/@relojesmoissanite_/video/7669120691022695702
watches,luxury watches,2026-08-01,2026-10-01,3mostexpensive,3mostexpensive,8291,222,8,75,"top 3 most expensive watches in the world!😱
#expensive #graffdiamonds #patekphilippe #luxury #top3","A fast-paced TikTok countdown counting down the top three most expensive watches in the world, featuring the Patek Philippe Grandmaster Chime, Graff Diamonds Fascination, and Graff Diamonds Hallucination, designed to shock and engage viewers with multi-million dollar price tags.",Top 3 Most Expensive Watches in the World; number 1 costs more than a private jet; THE; Patek; GRANDMASTER; CHIME; INSANE; WATCH; SOLD; FOR; A; JAW; DROPPING; $31 MILLION; IS; THE; MOST; COMPLICATED; WATCH; THEY; EVER; MADE; WITH; 20; DIFFERENT; INCREDIBLE; FEATURES; HAS; TWO; DIFFERENT; FACES; YOU; CAN; FLIP; AROUND; FASCINATION; GRAFF; DIAMONDS; MASTERPIECE; COSTS; STAGGERING; $40 MILLION; COVERED; OVER; 150; CARATS; WHITE; DIAMONDS; FEATURE; GIANT; PEAR-SHAPED; DIAMOND; CENTER; THAT; TAKE; OUT; WEAR; AS; RING; NOW; FOR; RIDICULOUS; HISTORY; HALLUCINATION; ABSOLUTE; UNIT; MIND-BLOWING; $55 MILLION; PACKED; 110; RAREST; COLORED; EARTH; BUY; IT; OR; COMPLETE; SCAM,Curated Aesthetic,Top-list; Review; Luxury showcase,false,yes,,https://www.tiktok.com/@3mostexpensive/video/7669122770151689485
watches,luxury watches,2026-08-01,2026-10-01,kirakirbyy,KiraKirby,8200000,1100000,1103,36800,Can someone help me girl math this #ladieswatches,"A fashion creator in a luxury jewelry boutique humorously justifies wearing an expensive Bvlgari Serpenti watch, utilizing the girl math trend to engage her audience.",Sorry I'm late I was putting on my 160k Bvlgari Serpenti watch,Raw UGC,Vlog,false,yes,,https://www.tiktok.com/@kirakirbyy/video/7669198625418923295
watches,vintage watches,2026-08-02,2026-10-01,watchesandscratches,Alejandro’s Watches&Scratches,298,32,10,17,"​There is nothing quite like the charm of a true vintage timepiece. ⏳ From the perfect patina on a classic dial to the history behind every detail, these are the finds that make the hunt completely wo","A watch enthusiast and creator named Alejandro shares the historical origin of Caravelle watches launched by Bulova in 1962 to combat low-quality disposable watches, highlighting iconic models like the Devil Diver and encouraging community engagement.",The best kept secret in vintage watches?; 1962: Bulova's answer.; ONLY $24.75 PLUS TAX; NEW BULOVA SVP; LADIES Exquisitely Styled 17 Jewels Unbreakable Mainspring; MENS 17 Precision Jewels Certified Waterproof Unbreakable Mainspring Stainless Steel Case Padded Leather Strap; The famous Devil Diver; 666 FT; SEA HUNTER; CARAVELLE by Bulova; El Segundero PR FUNDADO POR EL OTRO; WATCHES AND SCRATCHES,Polished Creator,Tutorial,false,yes,,https://www.tiktok.com/@watchesandscratches/video/7669395470107610382
watches,vintage watches,2026-08-02,2026-10-01,julientoretto,Julien Toretto,9841,513,14,20,"Vintage Piaget might be the perfect summer watch. 

#watchtok #nichetok #watches #vintage","A short-form WatchTok video by creator Julien Toretto showcasing a vintage gold Piaget watch on a tattooed wrist, accompanied by a witty text overlay and hip-hop audio.",99 problems but vintage gold watches ain't one.,Raw UGC,Vlog,false,yes,,https://www.tiktok.com/@julientoretto/video/7669401507858517281
watches,watch collection,2026-08-02,2026-10-01,ronny.review,ronny.review,32900,1362,16,50,My insane watch Collection- 3 best pieces I own‼️🔥 #oldmoney #jacobandco #rolex #watchcollection,"A creator reviews his top three favorite luxury watches from an eight-piece collection, revealing that they are actually budget replicas costing between $40 and $130, and directs viewers to his spreadsheet on Kakobuy.",Top3 watches That I own!!; 40$ btw; 60$; 130$,Raw UGC,Review,true,yes,possible off-topic,https://www.tiktok.com/@ronny.review/video/7669463975637142806
watches,luxury watches,2026-08-02,2026-10-01,eizen.egm,EGM Luxury Watches,39500,1088,41,110,"Some watches tell time.

Others tell a story.
The Rolex Submariner Date 41 in two tone yellow gold, needs no introduction, an icon that has stood the test of time. Quiet confidence. Timeless design. B","A silent, elegant showcase of a Rolex Submariner Date 41 in two-tone yellow gold, filmed from a close-up POV perspective to highlight its craftsmanship for watch enthusiasts.",@eizen.egm watermark overlay,Polished Creator,Review,true,yes,,https://www.tiktok.com/@eizen.egm/video/7669481122664877333
watches,watches,2026-08-02,2026-10-01,vinzvz,Vinz,300700,48700,85,2783,Watches/characters of culture. #jamesbond #patekphilippe #niche #tagheuer #oldmoney,"A stylistic TikTok edit by creator Vinz linking legendary film characters to luxury watch brands, appealing to watch enthusiasts and the old money aesthetic community.",OMEGA; PATEK PHILIPPE GENEVE; BREITLING 1884; Vinz,Curated Aesthetic,Meme,false,yes,,https://www.tiktok.com/@vinzvz/video/7669510509791546646
watches,vintage watches,2026-08-02,2026-10-01,chloebenyamin,chloebenyamin,125400,13700,202,1528,My iconic skeleton vacheron Constantine watch🤩 #watchcollector #vintagewatch #vacheronconstantinwatch #watch #watches,"A luxury watch creator delivers an enthusiastic, in-depth review of her vintage skeleton Vacheron Constantin watch, highlighting its unique woven gold strap, ruby accents, and diamond bezel while sharing her passion for vintage horology.",,Polished Creator,Review,false,yes,,https://www.tiktok.com/@chloebenyamin/video/7669514876661861645
watches,vintage watches,2026-08-04,2026-10-01,agirlgonemia,Mia𝜗𝜚˚⋆,39700,447,7,76,"ah i adore my vintage two-tone (gold&silver) Seiko oval quartz watch so much ‧₊ ᵎᵎ

i’ve been searching for a vintage watch that fits my slim wrist perfectly & this does because of it’s dainty design~","A creator shares an unboxing and styling video for a vintage two-tone Seiko oval quartz watch, emphasizing its dainty design and suitability for slim wrists.",gifted myself a ✧ Vintage ✧ Seiko ✧ Watch ✧; 337 SR416SW; ‧₊˚‧ how i styled it!; ✧⋅◦ i love the duo-tone detail!; CHARLES & KEITH,Raw UGC,Haul,false,yes,,https://www.tiktok.com/@agirlgonemia/video/7670123123282398485
watches,watch collection,2026-08-04,2026-10-01,jacobandco,Jacob & Co.,4300000,313600,2530,13600,"Astronomia international. Iconic monuments from around the world inside an iconic watch. 

#JacobAndCo #inspiredbytheimpossible","A polished luxury brand post by Jacob & Co. presenting a macro-cinematographic zoom of the Astronomia International watch on a wearer's wrist, emphasizing its intricate architectural dial architecture and ultra-luxury status.",The world on your wrist:,Polished Creator,Aesthetic,true,yes,,https://www.tiktok.com/@jacobandco/video/7670152780413226270
watches,luxury watches,2026-08-04,2026-10-01,okkwatches10,OKK WATCHES,46500,787,40,91,#Watch #menswatches #waterproofwatch #luxurywatches #wristwatch,"A silent, high-definition macro video showcasing the tactile features and mechanical complexity of a gold and black luxury wristwatch against a parchment backdrop, published by OKK WATCHES on TikTok.",HUBLOT (engraved on clasp and dial); SWISS MADE (on dial); 5 DAYS POWER RESERVE (on dial); ...N CONGRESS. July... ...States... (visible on parchment background),Polished Creator,Review,true,yes,,https://www.tiktok.com/@okkwatches10/video/7670253655513140502
watches,vintage watches,2026-08-05,2026-10-01,thearchiverevival,Archive Revival,150800,20900,204,772,I def should have asked for more pictures of the other two watches lol good thing they accept returns! #tomfordgucci #vintagegucci #ebayfinds #ebayroulette #vintagewatches,"A fashion creator plays eBay roulette by ordering multiple Tom Ford-era Gucci watches and a bag, discovering two watches are counterfeit, but scoring a win with a discounted designer handbag.","EBAY ROULETTE; Visual Inspection; There is some wear from use & storage, but overall it is still in good condition. The strap needs replaced. The top of the strap came separated and the foam inside is coming out. If the strap was replaced it would look great! I don't have any of the box/bags, original owner didn't keep them since it was an often used bag.",Raw UGC,Vlog,false,yes,,https://www.tiktok.com/@thearchiverevival/video/7670332830341238047
watches,luxury watches,2026-08-05,2026-10-01,werger.foiles,TimeRhythm,474100,57200,121,3067,"Audemars Piguet Royal Oak Openworked Double Balance Wheel
Model: 15407ST.OO.1220ST.01
Collection: Royal Oak 
A true expression of mechanical artistry. ✨
#RoyalOak #LuxuryWatch #MechanicalWatch #watcho","A high-end ASMR unboxing and wrist placement of an Audemars Piguet Royal Oak Openworked watch, set to dramatic orchestral music.","AUDEMARS PIGUET LE BRASSUS, INTERNATIONAL WARRANTY CARD, Royal Oak, N° 18600, J16407, 1220",Polished Creator,Unboxing,false,yes,,https://www.tiktok.com/@werger.foiles/video/7670537046271823137
watches,watches,2026-08-05,2026-10-01,okkwatches10,OKK WATCHES,6000000,101500,3591,7012,#Watch #menswatches #waterproofwatch #luxurywatches #wristwatch,"A silent, high-definition product showcase of an orange-strapped luxury wristwatch, highlighting its mechanical clasp, tactile operation, and detailed dial design for watch enthusiasts.",OMEGA Seamaster PROFESSIONAL 600m / 2000ft Master Co-Axial Chronometer (on dial); GIN... (on packaging box),Raw UGC,Review,true,yes,,https://www.tiktok.com/@okkwatches10/video/7670566244755557654
watches,watch collection,2026-08-05,2026-10-01,amir.kadiev,amir.kadiev,8800000,283700,4276,13400,"Top 10 Men's Watches⌚️

What's your favorite watch? Let us know in the comments⤵️

#watch #realestate #uae","A luxury watch expert delivers a rapid, authoritative top-10 countdown of men's watches ranging from Rolex and Omega to Patek Philippe, utilizing clean graphic cutaways and inviting audience engagement in the comments.",TOP 10 MEN 'S WATCHES; 1 through 10 numbered list; ROLEX; BASIC; LAST; CO; JEWELLERY; WATCH; CARTIER; SEVEN; CONSTANTIN; RICHARD; MIL; AND; SENSE; HUBLOT; AVAILABLE; NO; JAEGER; LECOULTRE; WATCHMAKER'S; PHILIPPE; ALWAYS; THEM,Polished Creator,Top-10 List; Opinion,false,yes,,https://www.tiktok.com/@amir.kadiev/video/7670614630003150100
watches,watch collection,2026-08-06,2026-10-01,swisswatchexpo,SwissWatchExpo,45600,1134,69,67,How would you build the ultimate three-watch collection by choosing just one heavy-hitter from each price tier? Mix and match absolute legends like the vibrant blue dial of a steel Vacheron Constantin,"SwissWatchExpo presents a watch collection curation challenge, inviting viewers to select one timepiece from each of three price tiers, backed by clear text overlays and detailed product identifications.",BUILD THE PERFECT 3 WATCH COLLECTION; <$30K; <$20K; <$10K; VACHERON CONSTANTIN OVERSEAS; OMEGA SPEEDMASTER ROSE GOLD; REX LAND-DWELLER; IWC INGENIEUR BOUTIQUE EDITION; CARTIER TANK LOUIS; OMEGA SEAMASTER AQUA TERRA; ROLEX EXPLORER 40; OMEGA SPEEDMASTER MOONWATCH; IWC PILOT MARK XX,Polished Creator,Tutorial,true,yes,,https://www.tiktok.com/@swisswatchexpo/video/7670099002573999391
watches,watchtok,2026-08-07,2026-10-02,radwatchman,Rad Watch Man,69500,3980,451,26,"50,000 Follower Rapid Fire Watch Ratings! Rating over 280 watches that have been posted in my comments. If you’ve posted one of your watches in my comments and I haven’t rated it yet. It’s in here! | ","To celebrate reaching 50,000 followers, a TikTok watch creator reviews and rates over 280 subscriber-submitted watches in a rapid-fire marathon video.",RATING THE WATCHES IN MY COMMENTS,Raw UGC,Review,false,yes,,https://www.tiktok.com/@radwatchman/video/7671382727580536078
watches,watch collection,2026-08-07,2026-10-01,matty.mayhem,Matty Mayhem Style,84400,3629,388,37,"I have been on the hunt for a very specific example of this for a while. When I find it, it will enter the collection! #watchcollector #watchcollection #watchtok #watchesoftiktok #rolex","A watch enthusiast outlines his four criteria for an ideal one-watch collection—robustness, a GMT function, a date window, and versatility—and reveals his choice: a vintage Rolex Explorer II reference 16550 with a creamy white dial, inviting audience responses.",What the perfect one watch collection?,Polished Creator,Opinion,false,yes,,https://www.tiktok.com/@matty.mayhem/video/7671422013214297352
watches,luxury watches,2026-08-08,2026-10-01,werger.foiles,TimeRhythm,2200000,213000,633,8539,"Rolex Day-Date 40

Model: M228238-0042
Collection: Day-Date

The white dial paired with classic Roman numeral markers exudes an understated sense of prestige. ✨

The 18K yellow gold case and iconic Pr","A polished POV unboxing and sizing video of a Rolex Day-Date 40 in yellow gold, targeting luxury watch enthusiasts with an ASMR aesthetic.","Rolex Day-Date 40
Model: M228238-0042
Collection: Day-Date
The white dial paired with classic Roman numeral markers exudes an understated sense of prestige. ✨
The 18K yellow gold case and iconic President bracelet complement each other beautifully, with the warm golden tones creating a striking contrast against the crisp white dial—elegant yet powerful.
With its classic 40mm size, it embodies a timeless sense of sophistication and refinement. ⌚✨",Polished Creator,Unbox,true,yes,,https://www.tiktok.com/@werger.foiles/video/7671663611126844704
watches,watchtok,2026-08-08,2026-10-02,notjvlianna,Julie’s Evil Twin ⏰,16600,1269,123,63,Got a new watch! #watches #watchtok #omegaseamaster #shopping,"A lifestyle vlog following creator Julie's Evil Twin as she goes watch shopping in Beverly Hills, explores vintage timepieces at Second Time Around Watch Co., and ultimately purchases a 1958 vintage gold Omega Seamaster.","Watch Shopping In Beverly Hills, OMEGA, GUBELIN, TAVANNES, GIRARD PERREGAUX, ROLEX, AUDEMARS PIGUET, Philz Coffee, The Stronghold Venice Cal.",Raw UGC,Vlog,false,yes,,https://www.tiktok.com/@notjvlianna/video/7671738359382854943
watches,watch collection,2026-08-09,2026-10-01,the.watch.larp.guy,The watch larp guy,41200,1995,142,15,Leaking my collection (RIP my seiko) #fyp #watches #collection,"A teenage creator shares his watch collection, humorously acknowledging his budget constraints, admitting that several pieces are replica watches from the Philippines, and using a hand-drawn paper sketch for his broken Seiko.",watch collection as a broke high school student; 1st. Emporio Armani dress watch; 2nd. nautica chronograph; 3rd. Rolex yacht master (polyester); 4th. Seiko 5 sport srpk29 (my daily favorite); seiko 5 sport srpk29; 5th. Omega seamaster 007 (fake); Fante BY PIERCING PAGODA; 9FIFTY NEW ERA,Raw UGC,Vlog,false,yes,possible off-topic,https://www.tiktok.com/@the.watch.larp.guy/video/7671867504490188045
watches,watch collection,2026-08-09,2026-10-01,reallygoodwatches,Really Good Watches,81000,3708,48,156,Looking to start your own collection? Here are my top 5 picks. DM us if you need help sourcing your first watch (or your third 😉) #luxurywatches #rolex #tudor #iwc #grandseiko,"A watch expert presents a curated guide of five luxury starter watches under ten thousand pounds, combining technical specifications with aesthetic validation.","TOP 5 WATCHES under £10,000; TUDOR BLACK BAY 58; £3,000; - owned by Rolex; - same DNA; - METAS certified movement; IWC Pilot's Watch Mark XX; £4,000; Grand Seiko SBGR253; £2,500; - Embraces Swiss Watches; - Costs 3 - 4x less; Cartier Santos DE CARTIER; £5,500; - Oldest Mens Watch Still in Production; - Launched in 1904; Rolex EXPLORER 124270; £7,000; Let me know which one you choose in the comments below",Polished Creator,Tutorial,true,yes,,https://www.tiktok.com/@reallygoodwatches/video/7671985583702478112
watches,watchtok,2026-08-09,2026-10-02,orphapfingst4315,Bespoke Watch-xy,29300,510,12,31,"Guess how much this iconic watch costs👀
#WatchTok#WatchCollection#Rolex #gentlemanstyle #Timepiece","A luxury watch flex video posted on TikTok featuring a gold chronograph held inside a moving Mercedes-Benz, paired with an engaging caption prompting viewers to guess the price.",Guess how much this iconic watch costs👀,Polished Creator,Vlog,true,yes,,https://www.tiktok.com/@orphapfingst4315/video/7670734461901884703
watches,luxury watches,2026-08-10,2026-10-01,lucywatches.official,lucywatches.official,1100000,47000,243,3075,"Stealth in every detail — RM67-02 Full Black.

#lucytimepieces #luxurycollections #watches #timpieces #watch","A slick luxury watch showcase highlighting the Richard Mille RM67-02 Full Black through unboxing, wrist placement, and macro gear footage set to a rap beat.",RICHARD MILLE on case; RICHARD MILLE on dial; SWISS MADE on dial; LUCY TIMEPIECES watermark logo,Polished Creator,Review,true,yes,,https://www.tiktok.com/@lucywatches.official/video/7672345793575144724
watches,watch collection,2026-08-10,2026-10-01,phiviphivi26,PHI VĨI,263100,3569,115,194,My watch collection. #daily,"A 27-year-old male creator showcases his top three watches—Rolex Submariner, Longines DolceVita, and Seiko Tank—explaining their versatility and pairing them with his personal style and tattoos.","Top 3 đồng hồ ở tuổi 27
1. Sub
2. Dolce vita
3. Seiko tank",Polished Creator,Review,false,yes,,https://www.tiktok.com/@phiviphivi26/video/7672358699318381845
watches,vintage watches,2026-08-10,2026-10-01,vintagegoldwatches,Vintage Gold Watches London,36800,1310,20,39,"""Longines, what did you look like in the 1930s?"" ⌚
Like this. A gold single-button chronograph with a tachymetre and telemetre scale - built at a time when a wrist chronograph was considered a feat of","A cinematic macro showcase of a rare 1930s gold Longines chronograph, presented by Vintage Gold Watches London to highlight mid-century horological craftsmanship.",Longines what did you look like in the 1930s?,High-Production,Aesthetic,true,yes,,https://www.tiktok.com/@vintagegoldwatches/video/7672434720382258464
watches,vintage watches,2026-08-10,2026-10-01,warmdials,warmdials,9610,875,21,8,#audemarspiguet #audemars #vintagewatch #watches #watchesformen,"A watch creator shares the story of how he bought a rare, ultra-thin 1961 Audemars Piguet 5143 in white gold for $1,700 on a Japanese proxy site, breaking down its history, movement, and market value.","A rare AP for $1700; I paid $1,700; 5143; BUYING, SELLING, & COLLECTING The Far-Out Audemars Piguet Disco Volante; Ref. 5093 Ultra-thin $950; Ref. 5143 Ultra-thin $920; 665 Fifth Avenue New York 22, N. Y.; AUDEMARS PIGUET(オーデマピゲ) ディスコボランテ K18; 286,000 YEN; Listings Today",Raw UGC,Tutorial,false,yes,,https://www.tiktok.com/@warmdials/video/7672462743231794446
watches,vintage watches,2026-08-10,2026-10-01,whimsyjenny,Whimsyjenny,134600,12900,90,85,"Just please never ask me for the time, cause there’s no way I can read it from these small hands (Uhrzeiger) 😅 

#whimsyjenny #y2k #lostintranslation #vintagegucciwatch #smalleatch","Creator Whimsyjenny unpacks a vintage 2000s pink-dial Gucci watch bought on Vinted, expressing genuine delight over its petite fit while referencing Pinterest moodboards and the film Lost in Translation.",Unpacking my vintage Gucci watch of my dreams 🦢 💍 🫧 🪷 🐚 🩰,Raw UGC,Vlog,false,yes,,https://www.tiktok.com/@whimsyjenny/video/7672507753268612384
watches,watchtok,2026-08-11,2026-10-02,radwatchman,Rad Watch Man,19100,972,285,11,More rapid fire watch ratings. Over 230 that were posted in my last rating videos. | #watchtok #watches #watchcollector #ratings #fypシ,"A watch enthusiast rapidly rates over 200 viewer-submitted wristwatches in a high-energy TikTok video, leveraging community comments for endless content.","More rapid fire watch ratings. Over 230 that were posted in my last rating videos. | #watchtok #watches #watchcollector #ratings #fypシ; RATING THE WATCHES; Numerical ratings (e.g., 6, 8, 9.3); TikTok comment overlays",Raw UGC,Review,false,yes,,https://www.tiktok.com/@radwatchman/video/7672847600890039565
watches,luxury watches,2026-08-11,2026-10-01,swissmadeofficial,Vertigo1983,733400,39400,204,4211,"Some watches are inspired by cars. This one takes you straight back to 1965. 🇬🇧🏁

Just stepped out of the @Breitling boutique at Place des Bergues in Geneva after spending some time with the new To","A sophisticated luxury watch review showcasing the Breitling Top Time B01 Chronograph 41 Tribute to Aston Martin DB5 inside a Geneva boutique and outdoors on a wrist, emphasizing vintage automotive heritage, mechanical complexity, and refined design.",Some watches tell time. This one takes you back to 1965. 🇬🇧🏁; BREITLING 1884; ASTON MARTIN DB5; CHRONOMETER TOP TIME; SWISS MADE; 20-16 125,Polished Creator,Review,true,yes,,https://www.tiktok.com/@swissmadeofficial/video/7672882649958026529
watches,vintage watches,2026-08-11,2026-10-01,dresswithdani_,𝐃 | Realistic outfits,45900,1614,30,40,"My watch collection 🕰️✨ You can find all the links in my bio or check the details below 🥰

Someone asked if I could show all the watches that I constantly wear in one video, so I definitely wanted t","A fashion creator showcases her collection of eight affordable and vintage watches in response to a viewer request, detailing prices, purchase locations, and styling tips while monetizing through affiliate links.","My chic but inexpensive watch collection you want to see, so let's go through them. 1. Berny $64 (Amazon), 2. Sekonda $85 (Amazon), 3. Timver $26.99 (Amazon), 4. Carlien $27.99 (Amazon), 5. Nine West $29.40 (Amazon), 6. Vintage Gucci (Random NYC Shop), 7. Vintage (Vintage Shop in MI), 8. Porsamo Bleu (Nordstrom Rack), comment 'shop' for links",Polished Creator,Review,true,yes,,https://www.tiktok.com/@dresswithdani_/video/7672898250394914061
watches,luxury watches,2026-08-12,2026-10-01,top5expensive,Top5expensive,62900,3466,37,378,The 5 most expensive watches in the world #top5 #expensive #watch,"A fast-paced, high-production countdown video detailing the five most expensive watches ever sold at auction, ranging from $9.7 million to $55 million, highlighting rare complications, historical provenance, and gemstone encrustations.",THE MOST WATCHES AREN'T INCREDIBLE AUCTION 5 GRANDMASTER CHIME 175 ans 5 17 000 PATEK PHILIPPE $31 PAUL DAYTONA LEGENDARY ACTOR $17.8 NO. 3 1 WORLD'S PERPETUAL CHRONOGRAPH SERIES $11.1 MILLION 5 RARE WORLD TIME AN IT $9.7 MILLION 1 GRAFF DIAMONDS HALLUCINATION IN COLORED VALUED AT $55 MILLION,High-Production,Top-list,false,yes,,https://www.tiktok.com/@top5expensive/video/7673173245784378654
watches,watchtok,2026-08-12,2026-10-02,watchesandwax,WatchesAndWax,1561,28,5,3,#WatchTok #watches #timex #fyp #wristwatch,"A short-form WatchTok video featuring a satisfying wrist roll that showcases a Timex Weekender watch on a granite surface, utilizing minimalist text overlays and community hashtags.","WRIST-ROLL (top overlay); TIMEX WEEKENDER (bottom overlay); TIMEX, INDIGLO, 12, 23, 24, 13, 1, 2, 3, 15, 4, 16, 5, 17, 6, 18, 7, 19, 8, 20, 9, 21, 10, 22, 11 on watch dial",Raw UGC,Vlog,false,yes,,https://www.tiktok.com/@watchesandwax/video/7673187543860448542
watches,watch collection,2026-08-12,2026-10-01,teddy.writes74,‼️𝐓𝐄𝐃𝐃𝐘_𝐖𝐫𝐢𝐭𝐞𝐬 ‼️,74400,3322,83,62,Kim's watch collection worth millions of dollars,"A young creator delivers an enthusiastic vlog-style tour of an extensive, multi-million dollar watch collection and his luxury-decorated room.",Kim's watch collection worth millions of dollars; #THANKYOUGOD; FAKE GRASS,Raw UGC,Vlog,false,yes,,https://www.tiktok.com/@teddy.writes74/video/7673212195924151566
watches,watch collection,2026-08-12,2026-10-01,vince_watches,Vince⏱️,68300,1537,59,74,"These are my top 5 dress watches to buy for men under $1,000! They are all affordable watches that look expensive for their price point @JoMedTok #menswatches #affordablewatches #dresswatch #watchenth","Vince presents his top five men's dress watches under $1,000, combining expert horological commentary, macro product B-roll, and wrist shots to highlight affordable timepieces with luxury aesthetic appeal.","Top 5 Dress Watches To buy under $1,000; 5. Tissot Visodate -$950; 4. Jazzmaster Viewmatic -$945; 3. Sabbia Rosa -$725; 2. Seiko Presage -$475; 1. Baltic Mr. Classic -$625; @noturusualwatches; @WHAT",Polished Creator,Top-list,true,yes,,https://www.tiktok.com/@vince_watches/video/7673253318096882975
watches,watches,2026-08-13,2026-10-01,mooddiaryclub,mooddiaryclub,167300,21200,,1929,Statement. follow the club for daily inspo 🪩 #watches #rolex #moodboard #luxury #richlife,"A stylish TikTok moodboard video celebrating the aesthetic of women wearing oversized luxury watches, compiled with fast cuts, a trending audio track, and consistent text overlays.",big watches on women,Curated Aesthetic,Aesthetic,false,yes,,https://www.tiktok.com/@mooddiaryclub/video/7673432905154153760
watches,watchtok,2026-08-13,2026-10-02,courtzcrisis,Court | CourtzCrisis 🕚,63,11,4,,"Love watchtok so much, just want to be able to participate in this awesome community ❤️ like, comment, save, share if you see this!","Creator CourtzCrisis shares a vulnerable update addressing a sudden drop in views and a suspected shadow ban, asking her WatchTok community for engagement to restore visibility.","SO I'M PRETTY SURE I'M GETTING COMPLETELY SHADOW BANNED, UM, I DON'T REALLY CARE ABOUT GETTING A LOT OF VIEWS OR ANYTHING. I JUST LIKE WANT MY CONTENT TO BE SHOWN TO THE PEOPLE THAT FOLLOW ME, THE PEOPLE WHO ARE IN THE WATCH TALK COMMUNITY. SO IF YOU SEE THIS POST, IF YOU COULD JUST GIVE IT A LIKE, A SAVE, A COMMENT, THAT WOULD MEAN SO MUCH. CAUSE I LIKE POSTING, I LOVE BEING A PART OF THE COMMUNITY, I LOVE HAVING THE CONVERSATIONS AND LIKE WHEN I STARTED I WAS GETTING LIKE AT LEAST 300 VIEWS AND NOW I'M LUCKY IF I GET LIKE 20 VIEWS ON A VIDEO. SO I DON'T REALLY KNOW WHAT'S GOING ON. I DON'T THINK IT'S ANYTHING I'M DOING, BUT IF YOU COULD GIVE ME SOME INTERACTIONS, THAT WOULD BE GREAT. LOVE YOU GUYS. THANK YOU.",Raw UGC,Personal-update,false,yes,,https://www.tiktok.com/@courtzcrisis/video/7673532529567141150
watches,watches,2026-08-14,2026-10-01,halinshdal8,watches,18100,148,15,11,#watch #watches #watchmegrow #watchmymagic #rolexwatch,"A luxury watch showcase featuring a Rolex Cosmograph Daytona, accompanied by a voiceover pitching direct-order savings while maintaining boutique-level presentation.","UNITS PER HOUR, ROLEX, OYSTER PERPETUAL SUPERLATIVE CHRONOMETER OFFICIALLY CERTIFIED, COSMOGRAPH",Polished Creator,Review,true,yes,,https://www.tiktok.com/@halinshdal8/video/7673798026472819998
watches,luxury watches,2026-08-14,2026-10-01,vilster09,Vilster09⌚️,22700,447,24,63,Festina F20059 chrono #festina #swiss #watch #luxury #swissmade,"A short-form watch enthusiast TikTok featuring a wrist roll of the Festina F20059 chrono, introduced with a contrarian hook to spark engagement among watch collectors.",Not a fan of Festina but...,Polished Creator,Review,false,yes,,https://www.tiktok.com/@vilster09/video/7673823292385709315
watches,watchtok,2026-08-14,2026-10-02,natereviewsit,Nate Reviews It | i talk stuff,2413,52,49,,If I have $500 for a watch… why not wait till I have $1000 for a watch? #watchtok #fypシ #watches #wristwatch #mido,"A watch enthusiast uses a car-side vlog format to debate whether he should buy a $500 watch like the Seiko Presage or save up for a $1,000 piece like the Mido Ocean Star, successfully engaging the WatchTok community in a philosophical collecting dilemma.",500 DOLLAR WATCH; VS; SEIKO; MIDO OCEAN STAR,Raw UGC,Opinion,false,yes,,https://www.tiktok.com/@natereviewsit/video/7673854614403386638
watches,luxury watches,2026-08-15,2026-10-01,okkwatches10,OKK WATCHES,310200,4264,162,391,#Watch #menswatches #waterproofwatch #luxurywatches #wristwatch,"A silent, high-aesthetic product showcase of an Omega Constellation watch, emphasizing tactile details like the green leather strap and gold deployment clasp.",Certificate of Origin; NATIONAL WEATHER; JUMP; OMEGA; Constellation; SWISS MADE; IV; V; VI; VII; VIII; IX; X; XI; XII,Polished Creator,Haul,true,yes,,https://www.tiktok.com/@okkwatches10/video/7674277191856803105
watches,luxury watches,2026-08-15,2026-10-01,souleywatches,SOULEY WATCHES ⌚️,339800,19100,90,3223,"pov: you can’t say no to her
#richardmille #couplegoal #watch #fyp #luxurylifestyle","A luxury watch account shares a humorous POV video of a woman bedazzling a $300,000 Richard Mille watch with cheap star and flower stickers while a dramatic saxophone track plays, blending ultra-luxury with absurd casual vandalism.","pov: you can't say no to her
the saxophone gets louder when she starts bedazzling my $300k watch",Raw UGC,Meme,true,yes,,https://www.tiktok.com/@souleywatches/video/7674281029070294293
watches,watch collection,2026-08-16,2026-10-01,average.bro.aesthetic,AverageBroShop,186100,16200,102,188,"Adult male hobbies are basically:

""Join this awesome community!""
joins

""Sweet. Now spend an irresponsible amount of money!""

@ICYBOX has built a 👹 

#watches #mensfashion #rolex #omegaswatch #tisso","A male creator showcases his diverse wristwatch collection in a TikTok video, sharing personal acquisition stories, milestones tied to specific watches, and price points ranging from twenty-dollar Casios to luxury Rolexes.","My Watch Collection; Keep; Sell; Vacheron Constantin Historiques American 1921; $30,200",Raw UGC,Collection; Show-and-tell; Personal-update,true,yes,,https://www.tiktok.com/@average.bro.aesthetic/video/7674451309973556511
watches,watch collection,2026-08-16,2026-10-01,heyitsme_ciaya,heyitsme.ciaya,272500,47500,82,4902,Silver watch on top #silverwatch #futureboyfriend #watchaesthetic #silverwatcollection,"A lifestyle aesthetic video celebrating the visual appeal of men wearing traditional silver watches instead of smartwatches, targeted at fashion-conscious TikTok users through a rapid-fire visual montage.",When he wears silver watch instead of smart watch,Polished Creator,Aesthetic,false,yes,possible off-topic,https://www.tiktok.com/@heyitsme_ciaya/video/7674600049321594130
watches,luxury watches,2026-08-16,2026-10-01,obaluxury_,AURA LUXE,166800,3034,395,52,"Built for speed. Designed to move. 
The RM 67-02 combines its iconic tonneau case, skeletonized dial and unmistakable Italian colorway with a surprisingly lightweight wrist presence.
Would you wear th","A luxury watch dealer showcases several rare Richard Mille RM 67-02 models in various colorways through fast-paced macro videography, prompting viewers to comment and message for purchase details.","BUILT FOR SPEED. 
 MEET THE RM 67-02. 
 AGGRESSIVE BY DESIGN. 
 COMPLEXITY WITHOUT THE WEIGHT 
 ITALY ON THE WRIST 
 LIGHTER THAN IT LOOKS. 
 WOULD YOU WEAR THIS COLORWAY? 
 DM '5968A' for details. 
 Comment · Follow · DM 'RM67' 
 Oba Luxury",Polished Creator,Review,true,yes,,https://www.tiktok.com/@obaluxury_/video/7674659567153761554
watches,watch collection,2026-08-16,2026-10-01,legit0072026,Legit007,2527,49,39,2,This is my favorite watch collection! #watch #watchaddict #fyp #viral #foryoupage,"A TikTok video by user Legit007 showcasing a personal collection of luxury-style watches, rings, and gold coins stored in a carbon-fiber display box. Set to energetic rap music with fast-paced cuts, the video serves as a visual flex of accessories.",My watch Collection,Raw UGC,Haul,false,yes,,https://www.tiktok.com/@legit0072026/video/7674774543809973534
watches,luxury watches,2026-08-17,2026-10-01,watchgalleryco,watchgalleryco,53500,734,20,58,✨Luxury Look Without Luxury Price!!! BussDown Rolex Day Date💎!!! www.WatchGalleryCo.Shop#luxurywatch #bussdown #rolex #icedoutwatch #luxury,"A promotional video by WatchGalleryCo showcasing an iced-out gold Rolex Day-Date style watch, emphasizing its luxury appearance and directing viewers to their online shop.",✨Luxury Look Without Luxury Price!!! BussDown Rolex Day Date💎!!!,Polished Creator,Haul,true,yes,,https://www.tiktok.com/@watchgalleryco/video/7674814661149101326
watches,(not in thumbnail),2026-08-17,2026-10-01,jclyde_,jclyde,1300000,5182,29,402,vintage #vintagewatch #retrowatch #unisexwatch,"A minimalist, aesthetic-focused video showcasing the detailed design of a vintage wristwatch through a close-up POV perspective.",,Curated Aesthetic,Aesthetic,false,yes,,https://www.tiktok.com/@jclyde_/video/7674965713198533909
watches,watch collection,2026-08-17,2026-10-01,mrlucy.gallery,LUCY GALLERY,14900,841,2,43,"VACHERON BLUE DIAL - classic, respectful
#luxurywatch #watchescollections #timepieces #luxury","A polished luxury watch showcase featuring a Vacheron Constantin timepiece, utilizing ASMR-style tactile handling, macro shots of the movement, and a rhythmic edit to engage horology enthusiasts.",VACHERON CONSTANTIN GENEVE; SWISS MADE; 50M; 0826Z9; A5009; LUCY TIMEPIECES,Polished Creator,Review,true,yes,,https://www.tiktok.com/@mrlucy.gallery/video/7675003086741589268
watches,luxury watches,2026-08-17,2026-10-01,osvaldoyuen7,MluxuryWatch,2800000,130300,1279,10300,"Unboxing the legend🖤
The Daytona of my dream⌚️✨
#watch #luxury #luxurywatches #watchcollector #watchoftheday","A first-person luxury unboxing video showcasing a rare Rolex Cosmograph Daytona with a meteorite dial inside a high-end car, targeted at watch collectors and enthusiasts.","ROLEX, OYSTER PERPETUAL, GMT-MASTER II, UNITES PER HOUR",Polished Creator,Haul,false,yes,,https://www.tiktok.com/@osvaldoyuen7/video/7675021563267124502
watches,watchtok,2026-08-17,2026-10-02,prairielandtoks,Kayla,22300,242,15,19,#watchtok #watchesforwomen #watcheslover #rolex #rolexdatejust,"A female creator excitedly shares on TikTok that she successfully resized her Rolex watch herself using a small screwdriver while sitting in her car, engaging the WatchTok community with a relatable DIY success story.",,Raw UGC,Vlog,false,yes,,https://www.tiktok.com/@prairielandtoks/video/7675060551612910862
watches,watch collection,2026-08-17,2026-10-01,cole.coppolino,cole.coppolino,493900,52300,382,990,"This is my full watch collection after 1 year

Ranking them from least expensive to most expensive 👇🏼

Absolutely love every watch in my collection:

@SEIKO ID SWR052
@Bulova 1980 Accutron Quartz
@t","A TikTok video by creator Cole Coppolino showcasing and ranking his watch collection amassed over one year, ranging from a $295 Seiko to a $9,200 Cartier Santos.","MY WATCH COLLECTION AFTER 1 YEAR; Seiko Tank SWR052 - $295; 1980 Bulova Accutron Quartz - ~$300; TAG Heuer 2000 Chronometer (WT5112) - $900; Tissot PRX Powermatic 80 - $950; Rolex Datejust 16233 - ~$7,500; Cartier Santos Large WSSA0062 - $9,200",Raw UGC,Collection-showcase,false,yes,,https://www.tiktok.com/@cole.coppolino/video/7675110096086600974
watches,watch collection,2026-08-18,2026-10-01,thegoldenmod,TheGoldenMods,614700,37300,120,2141,Which one would you choose? 🤔 Let us know in comments! 😉. #Watches #MensStyle #wristwatch,"A creator playfully frames a collection of custom Seiko mod watches as their grandfather's luxury collection, showcasing four distinct models with close-up shots and prompting comment interaction.",Grandpa wanted to show me his watch collection...; Seikodate | Arabic Blue 🧊; Seikoak | Skeleton 💀; GMTeiko | Joker 🃏; Seikojust | Wimbledon 🎾,Polished Creator,Haul,false,yes,,https://www.tiktok.com/@thegoldenmod/video/7675413704883588374
watches,watch collection,2026-08-19,2026-10-01,kamiwatches,KaMi Watches,386600,11000,409,857,"The only 3 watches a man actually needs — one for every occasion, nothing more. Cover your whole life with three: the Longines Master Collection (~$2,000, the timeless dress watch for formal occasions","A concise, expert-led curation of the only three luxury watches a man needs, featuring the Longines Master Collection, Oris Aquis, and Omega Aqua Terra, designed to spark discussion and engagement among watch collectors.","THE ONLY 3 WATCHES A MAN ACTUALLY NEEDS; #1 MAKES THE OTHER TWO POINTLESS; @KAMIWATCHES; #3; LONGINES MASTER COLLECTION ~$2,000; #2; ORIS AQUIS ~$2,600; #1; OMEGA AQUA TERRA ~$6,300",Polished Creator,Review,false,yes,,https://www.tiktok.com/@kamiwatches/video/7675103236168240387
watches,watch collection,2026-08-19,2026-10-01,anthonykruijverfashion,Anthony Kruijver Fashion,183500,6970,78,437,Mijn #AP x Swatch #collectie #ranken en #raten ‼️ #apxswatch,"A watch enthusiast evaluates and ranks his collection of Swatch x Audemars Piguet Bioceramic watches, discussing retail prices, resale values, color combinations, and personal favorites.","AP Swatch, Royal Pop, €385,-, €5,-, Nummer 5, 7.0, Nummer 4, 7.5, 8, Nummer 2, €2000,-, 9.0, 10.0",Raw UGC,Review,false,yes,,https://www.tiktok.com/@anthonykruijverfashion/video/7675809403605454102
watches,vintage watches,2026-08-19,2026-10-01,wattsonwatches,wattsonwatches,531900,33500,139,725,"A 1977 Submariner with everything collectors look for.

This Rolex 5513 features a beautifully preserved pre-COMEX dial, matching creamy tritium across the hands and hour markers, and an excellent vin","A watch dealer showcases a rare 1977 Rolex Submariner 5513 with a pre-Comex dial, original box, and matching paperwork, highlighting its exceptional condition and collector appeal.",IF YOU WERE BORN IN 1977 YOU ARE TURNING 50 NEXT YEAR AND THIS IS YOUR BIRTH YEAR ROL-EX SO LET'S UNBOX IT IT IS A WONDERFUL SET THE ORIGINAL OYSTER YOU HAVE THE LITTLE ANCHOR THAT'S A LITTLE HINT AS TO WHAT THE WATCH IS PURCHASE HISTORY FROM WATCHFINDER COME IN HERE THE ORIGINAL TRANSLATION BOOKLET AND YOU HAVE THE ORIGINAL PAPERS THIS ONE WAS SOLD IN 1977 IN LEICESTER BUT MOST IMPORTANTLY THE WATCH THIS IS ONE OF MY FAVORITE ROL-EX REFERENCES A 5513 NO DATE SUBMARINER THE BOX MY FAVORITE LITTLE DETAILS AS YOU CAN SEE HERE 1976 WAS THE COMMEMORATIVE DATE 50 YEARS OF THE OYSTER AND THIS IS ONE OF THE VERY RARE COMMEMORATIVE BOXES BUT THE WATCH IS THE MOST IMPORTANT PART IT IS ABSOLUTELY SUPERB CASE CONDITION IS FANTASTIC FOR ITS AGE BUT ANYBODY WHO COLLECTS SUBMARINERS WILL KNOW THAT THE HANDS AND THE DIAL ARE THE MOST IMPORTANT COMPONENT THIS ONE HAS A PRE COMEX DIAL THE CONDITION I WOULD SAY IS 10 OUT OF 10 THE LOOM HAS DEVELOPED A WONDERFUL CREAMY TONE ALSO MATCHED BY THE HANDS AS WELL THESE EARLY MATTE DIALS GIVE THESE SUBMARINERS SO MUCH CHARACTER THE LENGTH AND THE CONDITION OF THE BRACELET IS GREAT AND THIS IS AVAILABLE NOW AT wattsonwatches.co.uk,Polished Creator,Review,true,yes,,https://www.tiktok.com/@wattsonwatches/video/7675813020626324758
watches,watch collection,2026-08-19,2026-10-01,wired,WIRED.COM,5100000,282800,7609,57300,"The replica watch industry is in its “super clone” era. Following tips from murky internet forums, we bought three budget fakes that were good enough to pass as real—but ultimately disposable.","A WIRED journalist investigates the 'super clone' watch industry by purchasing three counterfeit Rolexes for $500-$700, taking one into London's flagship Rolex store where staff adjust it free of charge without realizing it is fake, and consulting an expert who identifies inner flaws.",,High-Production,Investigative-journalism,false,yes,possible off-topic,https://www.tiktok.com/@wired/video/7675850623572593933
watches,watches,2026-08-20,2026-10-01,valerppp6s1,joker watch01,139300,2091,73,194,#watch #watchmegrow #watchcollector #watchlover #watches,"A silent, high-detail showcase of a limited edition Hublot luxury watch, emphasizing its mechanical complexity, rose gold construction, and clasp mechanism for watch collectors.","HUBLOT on clasp; MP-05, BIG BANG, LIMITED EDITION, NO.01/150 on case back; various small dial markings",Polished Creator,Haul,true,yes,,https://www.tiktok.com/@valerppp6s1/video/7676104065893289249
watches,watchtok,2026-08-20,2026-10-02,tylertellstime,Tyler - WatchTok!,14800,365,276,12,Just found Henry Archer and the dials are next level. #fyp #watchtok #watchesoftikok #henryarcher #gmt,"A WatchTok creator reacts to a follower comment recommending Henry Archer watches, confesses he is falling down a watch collecting rabbit hole, and asks his audience for reviews and photos of their own watches.","WATCHTOK, WAS A, THIS IN, THE ENDLESS, HENRY ARCHER, RABBIT HOLE, ME, FOR, YOU THAT DO, SHOW ME PUT, A PICTURE?, ONE, OR TWO, 6:50, 5G, 72, + Add your own photo, SKC: Henry Archer would be my recommendation, Replying to SKC",Raw UGC,Review,false,yes,,https://www.tiktok.com/@tylertellstime/video/7676178993518775565
watches,vintage watches,2026-08-20,2026-10-01,caitlynminimalist,Caitlyn Minimalist,704800,10700,44,376,click the link above to rsvp for our most timeless auction yet 🕰️✨ we’re LIVE tomorrow at 9am PST 👀 #tiktoklive #caitlynminimalist #vintagewatches #statementwatch #trendingjewelry,"A short, aesthetically polished promotional video by jewelry brand Caitlyn Minimalist featuring a dramatic reveal of six stacked vintage gold watches adorned with a lace bow, driving viewers to RSVP for an upcoming live auction.","vintage watch auction
tomorrow 8.21 ✨",Curated Aesthetic,Aesthetic,true,yes,,https://www.tiktok.com/@caitlynminimalist/video/7676262055426428173
watches,watch collection,2026-08-21,2026-10-01,geminicollects,geminicollects,60400,1187,58,83,Anyone else in their jewelry hyper fixation era? This is part 1 of my series of hits and misses with jewelry from the 🇨🇳 boyfriend. Let me know which one you like in the comments! #luxuryfinds #jewe,"A lifestyle creator presents part one of her jewelry review series, focusing on luxury watch hits and misses sourced from overseas contacts, offering transparent quality assessments and styling tips.",JEWELRY FROM THE CHINESE BOYFRIEND Part 1 Watches; Part 1 Watches; Mr. Yang graphic logo,Raw UGC,Review,false,yes,,https://www.tiktok.com/@geminicollects/video/7676280160127126815
watches,vintage watches,2026-08-21,2026-10-01,chanelleemarie,Chanelle Marie,3309,154,6,1,My vintage watch collection! The start to an exciting new hobby. Patiently waiting for my first Cartier find… #vintagewatch #vintagegucci #watchcollection #vintagefinds,"Creator Chanelle Marie shares her vintage watch collection, highlighting specific pieces like a Gucci 1400l and items from Portobello Road Market, while expressing her passion for the hobby.",MY VINTAGE WATCH COLLECTION,Raw UGC,Collection,true,yes,,https://www.tiktok.com/@chanelleemarie/video/7676287454554410253
watches,watches,2026-08-21,2026-10-01,thegoldenmod,TheGoldenMods,307400,6773,35,568,Which one is your favourite? 👀 #affordablewatch #seikomods #menwatch #watches #seiko,"A fast-paced TikTok video by TheGoldenMods showcasing the second part of a top 5 affordable Seiko watch mods under 250 euros list, prompting viewers to choose their favorite design.","Top 5 SEIKO Watches Under 250€ 📷🇯🇵
Part 2
Nautiko | Chocolate 🏋️
Seikoak | Blue 🔹
Seitona | Ghost 👻
Seikomariner | Black 👔",Polished Creator,Tutorial,true,yes,,https://www.tiktok.com/@thegoldenmod/video/7676421681019112726
watches,vintage watches,2026-08-21,2026-10-01,darioroia,Dario,17000,1887,30,164,"Vintage watch haul, which one is your favorite ???","A watch enthusiast presents a curated haul of rare vintage timepieces from brands like Audemars Piguet and Carl Bucherer, detailing their history and craftsmanship while inviting viewer engagement.",VINTAGE WATCH HAUL,Raw UGC,Haul,false,yes,,https://www.tiktok.com/@darioroia/video/7676468153215470881
watches,watch collection,2026-08-22,2026-10-01,vince_watches,Vince⏱️,27000,711,31,29,"These are my Top 5 daily watches for men under $1,000! These affordable watches have great specifications and look great for the price! #dailywatch #affordablewatch #menswatches #watchenthusiast","A watch enthusiast counts down his top five everyday GADA watches under $1,000, detailing pricing, movement specs, finishing quality, and personal ownership experiences for each piece.","Top 5 Daily Watches for men / To buy under $1,000; 5. Beaucroft Element - $695; 4. Tissot Gentlemen-38mm -$850; 3. Mido Commander Dato Day -$1090; 2. Henry Archer Vesterhav -$599; 1. Traska Commuter -$690",Polished Creator,Top-list; Review,false,yes,,https://www.tiktok.com/@vince_watches/video/7676973114915294495
watches,vintage watches,2026-08-23,2026-10-01,tess__sullivan,tess__sullivan,1234,85,13,1,I love to know the story behind things. Most vintage Rolex’s have a story and I can’t find anything online about this vintage cocktail watch. Who has any info on this beauty??,"A creator shares a mysterious 1940s vintage Rolex cocktail watch purchased at a flea market, explaining its aesthetic appeal and lack of online documentation while asking watch enthusiasts in the comments for information.",calling all vintage watch nerds,Raw UGC,Storytime,false,yes,,https://www.tiktok.com/@tess__sullivan/video/7677025229310381325
watches,luxury watches,2026-08-23,2026-10-01,timepiece_haven,horological_nest,184000,7442,321,914,"Immerse yourself in the appreciation of Jaeger-LeCoultre's minute repeater watch, a high-end, complex collectible model. Send a private message to obtain detailed specifications #jaegerlecoultre #minu","A silent video showcasing the mechanical beauty and chiming sound of a high-end Jaeger-LeCoultre minute repeater watch, encouraging interested viewers to send a private message for specifications.","JAEGER-LECOULTRE; SWISS MADE; WESTMINSTER; TUE; APR; 22, 24, 26, 28, 30, 1",Polished Creator,Aesthetic,true,yes,,https://www.tiktok.com/@timepiece_haven/video/7677243845775510805
watches,watchtok,2026-08-23,2026-10-02,oddhourwatchess,OddHour,11700,996,13,55,this retro digital watch 😍 #y2kfashion #watchtok #niche,"A brief aesthetic showcase of a vintage-style Y2K digital watch, utilizing a CD as a nostalgic prop and upbeat background music to appeal to fashion and watch subcultures on TikTok.",,Raw UGC,Aesthetic,false,yes,,https://www.tiktok.com/@oddhourwatchess/video/7677263069373844758
watches,vintage watches,2026-08-24,2026-10-01,autocowboy,$1 Live Vintage,775,14,,,"$1 LIVE VINTAGE WATCH AUCTION 
Aug 24th 7pm CST
#watches #timex #seiko #bulova #fossil","A promotional TikTok video for a live vintage watch auction, featuring a massive spread of inventory from brands like Seiko and Timex starting at one dollar, accompanied by an enthusiastic voiceover and giveaway details.",VINTAGE WATCHES EVERYTHING STARTS AT $1; Purchase 1 through Purchase 7 on wheel graphic,Raw UGC,Promotion,true,yes,,https://www.tiktok.com/@autocowboy/video/7677426567420611854
watches,watches,2026-08-24,2026-10-01,imawristocrat,Metta Tan,45300,1821,81,76,What is the best daily watch? #watches #luxurywatches #watchcollector #WatchFam #WatchTok,A watch creator argues why the Rolex Submariner is the ultimate daily watch by establishing a three-point criteria checklist and inviting community engagement in the comments.,"What is the best daily watch? (top header) 
What is the best daily watch? (closed caption 0.0) 
and why is it the Rolex (closed caption 2.4) 
I genuinely believe the black (closed caption 3.4) 
sub is the perfect daily. (closed caption 5.2) 
And to understand why, (closed caption 6.0) 
we need to talk about what is (closed caption 7.4) 
a non negotiable when it (closed caption 8.8) 
comes to a daily watch. (closed caption 10.0) 
I can foresee a few people (closed caption 11.0) 
disagreeing, but number one, (closed caption 12.4) 
the watch needs to (closed caption 13.6) 
have a date complication. (closed caption 14.6) 
I don't care. And before you (15.8) 
oh, you can just check the (17.2) 
date on your phone, (18.2) 
well, you can do that with the (19.4) 
time as well. (20.0) 
So that's kind of an invalid (21.2) 
point. (22.0) 
So for those of you Explorer 1 (22.8) 
fans, (23.4) 
I'm sorry, but it's out. (24.4) 
Number two for me is gonna (25.4) 
be water resistance. (26.6) 
Now of course, you don't (27.6) 
need to have a diver in this (28.8) 
case, (29.2) 
anything like 100 meters or (30.8) 
above is definitely gonna be (32.2) 
completely adequate for a (33.2) 
day to day basis. (34.0) 
As long as you can wash your (35.0) 
hands with it, (36.0) 
it won't get messed up in the (36.8) 
rain, I think you're good to go. (38.0) 
Now number three is honestly just (39.6) 
purely aesthetic, (40.4) 
it's not really a functional (41.4) 
choice, but I feel like a good daily (42.8) 
watch",Raw UGC,Opinion,false,yes,,https://www.tiktok.com/@imawristocrat/video/7677498013203385608
watches,luxury watches,2026-08-24,2026-10-01,rhonacai47,Lisa Wrist watch,29900,410,19,32,"Guangzhou China
watches
#watch #mechanicalwatch #luxurywatches #menswatch #luxurywatch","A silent, high-detail POV product showcase of a luxury-style steel wristwatch being fastened onto a wrist against a car model background, targeted at watch enthusiasts.",ROLEX / GENEVA / SWISS MADE / STEELINOX / OPR / ROLEX OYSTER PERPETUAL AIR-KING,Polished Creator,Haul,true,yes,,https://www.tiktok.com/@rhonacai47/video/7677586823077514518
watches,luxury watches,2026-08-25,2026-10-01,gentry_ph,Gentry Timepieces,59600,6492,32,258,"A spectrum set in gemstones.

Rolex Cosmograph Daytona Full Rose Gold Rainbow Black

The graduated sapphire bezel moves through a vivid range of colors, creating a seamless transition from one shade t",A high-production luxury watch showcase highlighting the Rolex Cosmograph Daytona Full Rose Gold Rainbow Black through extreme macro cinematography and rhythmic editing.,"ROLEX, OYSTER PERPETUAL, SUPERLATIVE CHRONOMETER OFFICIALLY CERTIFIED, COSMOGRAPH, DAYTONA, SWISS MADE",High-Production,Aesthetic,true,yes,,https://www.tiktok.com/@gentry_ph/video/7677857740248665352
watches,watchtok,2026-08-25,2026-10-02,oddhourwatchess,OddHour,228000,31400,201,1460,Can’t stop wearing these 😍 #watchtok #retrofashion #watchfashion #y2k,"A short, silent TikTok fashion flex showcasing two eccentric Y2K-style metal watches with colorful patterned dials, targeting watch collectors and retro style enthusiasts.",,Raw UGC,Haul,false,yes,,https://www.tiktok.com/@oddhourwatchess/video/7677898439149096214
watches,watch collection,2026-08-25,2026-10-01,_aurashine_,AURA SHINE,18300,242,7,38,"💎Premium ledis Watch collection ⌚️
 Gucci | Michael Kors |Olevs |Queen | Rolex 
Instagram: Shine Jewellery Bd
Whatsapp: ‪01834‑284310‬
Material : stainless steel 

✅ long lasting Colour guarantee 
✅ ","A promotional video by AURA SHINE showcasing a collection of premium women's watches featuring brands like Gucci, Michael Kors, and Rolex, accompanied by a Hindi song and direct ordering information.",Shine jewellery bd,Raw UGC,Haul,true,yes,,https://www.tiktok.com/@_aurashine_/video/7677931140128197909
watches,watches,2026-08-25,2026-10-01,thegoldenmod,TheGoldenMods,1200000,29000,104,2280,Which one would you choose? 👀. Link in bio! 🔗 #Watches #MensStyle #seikomods #seiko #affordablewatch,"A short-form TikTok product showcase by TheGoldenMods presenting part 6 of a series featuring four custom men's mechanical watches under euro250. The video uses smooth macro jump cuts, on-screen titles with thematic emojis, and upbeat background music to highlight the luxury aesthetic of each custom timepiece, concluding with a call-to-action to choose a favorite and check the link in bio.","Top 4 Men Watches Under euro250 black_square_button dollar_banknote 
 Part 6 
 Seikoak | Skeleton skull 
 Seikojust | Wimbledon tennis_ball 
 GMTeiko | Pepsi red_circle blue_circle 
 Landteiko | Ice Blue ice_cube",Polished Creator,Review,true,yes,,https://www.tiktok.com/@thegoldenmod/video/7678012926007004438
watches,luxury watches,2026-08-25,2026-10-01,okkwaatches07,OKK WATCHES,11800,230,7,8,#watch #watchformen #luxury #fyp #watchmegrow,"A silent, high-end ASMR unboxing and wrist-wear demonstration of an Omega Seamaster luxury watch by OKK Watches, targeted at watch enthusiasts on TikTok.","okk watches (on circular logo overlay); OMEGA (on clasp); CO-AXIAL MASTER CHRONOMETER 600m/2000ft (on watch dial); 12, 6, 9 (on watch dial); 15 (date window); 20, 30, 40, 50 (on bezel)",Polished Creator,Haul,true,yes,,https://www.tiktok.com/@okkwaatches07/video/7678057407209114911
watches,vintage watches,2026-08-26,2026-10-01,mostlyshopping,mostlyshopping,22600,1563,19,66,Let’s just forget about the years on end I wore an Apple Watch #finejewelry #jewelrytiktok #cartier #vintage #designerwatch #luxurywatch #watchesforwomen #cartiersantos #baignoire #jewelrycontentcreat,"A fashion creator humorously rejects smartwatches by showcasing a rotation of high-end vintage Cartier gold timepieces in a boutique setting, appealing to luxury watch enthusiasts with deadpan wit and high-end aesthetics.",wtf is an Apple Watch ??,Raw UGC,Haul,false,yes,possible off-topic,https://www.tiktok.com/@mostlyshopping/video/7678163041090817311
watches,luxury watches,2026-08-26,2026-10-01,premium_collection420,outfit_collection420,56100,1422,27,154,luxury watch ⌚#watch #fypシ゚viral #trrending #viralvideo,A short-form e-commerce promotional video demonstrating the unboxing and wrist fit of an affordable luxury-style watch available for delivery across Nepal.,DELIVERY ALL OVER NEPAL 🇳🇵; price only 1299/-; luxury watch 🕑#watch #fypɝ️viral #trrending #viralvideo,Raw UGC,Haul,true,yes,,https://www.tiktok.com/@premium_collection420/video/7678384549738351890
watches,luxury watches,2026-08-27,2026-10-01,luxunery.shop,Luxunery Shop,102500,5897,39,559,"Limited Edition 🔥⌚ 
Worldwide shipping ✅
Dm to order 🛍️ 
#anubis #egypt #watchesoftiktok #luxurywatch #elegant","A first-person POV video by Luxunery Shop showcasing the unboxing and wrist-styling of the RD Anubis Diamond watch from a leather travel case, accompanied by promotional caption details for ordering.",RD Anubis Diamond 🕋; ℎ𝑖𝑛𝑎.𝑏𝑔,Polished Creator,Haul,true,yes,,https://www.tiktok.com/@luxunery.shop/video/7678522853045685525
watches,watch collection,2026-08-27,2026-10-01,chroanite,VS Chroanite,7256,73,16,22,"Speedmaster Dark Side of the Moon Apollo‑8
Full ceramic | Moon crater dial | Manual chronograph
Space‑themed collector’s timepiece
#luxurywatch #watches #omega #omega #fyp","A silent, high-aesthetic showcase of the Omega Speedmaster Dark Side of the Moon Apollo-8 watch, highlighting its materials, dial texture, movement, and wrist presence.",TACHYMETRE 500 400 350 300 275 250 225 200 OMEGA Speedmaster CO-AXIAL MASTER CHRONOMETER DARK SIDE OF THE MOON APOLLO 8,Polished Creator,Review,true,yes,,https://www.tiktok.com/@chroanite/video/7678616424050412830
watches,luxury watches,2026-08-27,2026-10-01,chloe_dkwatches,chloe_dkwatches,15200,340,24,59,"4 of our Pink Dial Rolex’s that are still available ! 💕✨ Message me to purchase 

#rolex #rolexwatch #watchesoftiktok #luxurywatches","A luxury watch dealer showcases four available pink-dial Rolex models with detailed specifications and pricing, designed to drive direct purchase inquiries from watch enthusiasts on TikTok.","4 of our Pink Dial Rolex's that are still available ! 💕✨ Message me to purchase; I've had a lot of people asking what pink dial Rolexes that we have; so here are four that are still available; firstly, we have a pink mother of pearl Oyster Day; just in 34 millimiters with a smooth bezel; and this is priced at £4450; then we have this two toned Rolex Datejust in 2 6 millimiters; with a pink diamond dial and bezel; this one's priced at £4750; then we have this Rolex Datejust in 36 millimiters; with a pink mother of pearl diamond dial; diamond bezel and diamond shoulders; this is priced at £4895; and then we also have this Rolex datejust in 34 millimiters; it's got a pink mother of pearl face; diamond dial and on a Jubilee bracelet at £4895; Which watch would you choose?",Polished Creator,Review,true,yes,,https://www.tiktok.com/@chloe_dkwatches/video/7678730135113190678
watches,luxury watches,2026-08-28,2026-10-01,user13832211316222,user13832211316222,1300000,40800,1587,12600,"The $400 Clone That CRUSHED The $15,000 Rolex Submariner
#Rolex #LuxuryWatches #Submariner #WatchMarket #SuperClone","An investigative documentary-style video exploring the high-end watch replica market, specifically arguing that $400 'super clones' match the material, chemical, and mechanical properties of $15,000 Rolex Submariners.","The $400 Clone That CRUSHED The $15,000 Rolex Submariner; Rolex Datejust 36; Rolex Yacht-Master 42; Rolex Day-Date 36; Rolex Explorer; Rolex Submariner Date; Wimbledon Grey Dial Stainless Steel; SUBMARINER 1000ft = 300m; Genuine; Fake; $400; NWBIG; 'NOT WORTH BUYING IN GENUINE.'; PREMIUMS OF 40% TO 50% OVER RETAIL; 904L STAINLESS STEEL; OYSTERSTEEL; LOW AMPLITUDE; 10 OR 20 SECONDS A DAY; CALIBRE 3235 MOVEMENT; 70 HOUR POWER RESERVE; FRANKENSTEIN",High-Production,Documentary,false,yes,possible off-topic,https://www.tiktok.com/@user13832211316222/video/7679000509214231838
watches,watches,2026-08-28,2026-10-01,luxurytimegreece,luxurytimegreece,296300,2274,36,487,"All steel. All style. 
A quick look at our hand-selected, pre-owned steel Rolex inventory currently in stock. 

Ready to ship worldwide.
DM to claim your next piece.

#luxurytime #rolex #luxurywatches","A concise inventory showcase of pre-owned steel Rolex watches featuring visible pricing in Euros, presented by a luxury watch dealer to drive direct message inquiries and global sales.","ROLEX, OYSTER PERPETUAL, SUBMARINER, DATEJUST, €5500, €7200, €7900, €8100, €9900, €11200, €11600, €16800, €16900, €19900",Polished Creator,Haul,true,yes,,https://www.tiktok.com/@luxurytimegreece/video/7679031689225440534
watches,watch collection,2026-08-28,2026-10-01,fryedeggs1,fryedeggs,36700,2302,212,27,#watchtok #andyswatches #watchcollection #watches #nicoleonard,"A first-time TikTok creator shares his personal watch collection, detailing the life milestones, family history, and modifications associated with each timepiece.",,Raw UGC,Vlog,false,yes,,https://www.tiktok.com/@fryedeggs1/video/7679096555420355870
watches,luxury watches,2026-08-28,2026-10-01,werger.foiles,TimeRhythm,429200,37700,82,1134,"Rolex GMT-Master II “Sprite” 
📌 Model: M126720VTNR-0002
Collection: GMT-Master II

The black-and-green ceramic 24-hour bezel creates a bold and instantly recognizable look, complemented by a clean bl","A polished top-down unboxing video of the Rolex GMT-Master II Sprite, showcasing factory plastic removal and wrist placement against a dramatic orchestral soundtrack.","Rolex logo on box lid and dial, watermark 'TimeRhythm'",Polished Creator,Haul,true,yes,,https://www.tiktok.com/@werger.foiles/video/7679099990785936673
watches,watch collection,2026-08-28,2026-10-01,austins.watches,Austin,110900,912,215,137,Omega Seamaster Aqua Terra 🔥 #watchtok #omega #watch #seamaster #collection,"A minimalist WatchTok video by Austin showcasing an Omega Seamaster Aqua Terra wristwatch through a smooth wrist rotation, accompanied by a trending R&B remix audio track.",Watch of the day,Raw UGC,Vlog,false,yes,,https://www.tiktok.com/@austins.watches/video/7679143805899083038
watches,luxury watches,2026-08-28,2026-10-01,user13832211316222,user13832211316222,536600,18300,701,4372,"Rolex's Biggest Threat Isn't Competition, It's China
#rolexstatus #SuperClone #LuxuryWatches #WatchMarket #SwissMade
#Rolex",An investigative breakdown of how Chinese superclone manufacturers are disrupting the luxury watch market by producing virtually indistinguishable counterfeit Rolexes at a massive scale.,"Rolex's Biggest Threat Isn't Competition, It's China; SUBSCRIBED; GMT-MASTER II SUPERLATIVE CHRONOMETER OFFICIALLY CERTIFIED; ROLEX OYSTER PERPETUAL DATE; SUBMARINER 1000ft = 300m SUPERLATIVE CHRONOMETER OFFICIALLY CERTIFIED; SWISS MADE; SEA-DWELLER 39370ft-12000m; Air-King; VICTSING; Witschi MICROMAT C; ROLEX OYSTER PERPETUAL COSMOGRAPH",High-Production,Documentary,false,yes,possible off-topic,https://www.tiktok.com/@user13832211316222/video/7679214485726317854
watches,luxury watches,2026-08-29,2026-10-01,unfilteredgracie,gracie,113700,13700,37,1258,HELLOOOO how is this real life #audemarspiguet #frosted #royaloak #luxurywatch #luxury,"A creator shares an awestruck, close-up reveal of her newly acquired Audemars Piguet Frosted Royal Oak watch in her home, leveraging high-end aesthetic visuals and a breathless vocal delivery to celebrate a major luxury milestone.",my dream watch is finally mine 💕,Polished Creator,Haul,false,yes,,https://www.tiktok.com/@unfilteredgracie/video/7679248711448399117
watches,luxury watches,2026-08-29,2026-10-01,icebergandco,Iceberg&Co,120500,15100,117,1178,"The Legacy In That Name Is Enough.
#icebergandco #explore #nyc #watches #brucewayne","A luxury watch dealer showcases a Rolex GMT-Master II 'Bruce Wayne' on a New York City sidewalk, utilizing sleek POV framing, high-end tailoring, and a confident rap soundtrack to appeal to watch collectors and luxury enthusiasts.",THE BRUCE WAYNE; @ ICEBERG & CO. WHERE LUXURY MEETS TRUST,Polished Creator,Review,true,yes,,https://www.tiktok.com/@icebergandco/video/7678835120505113886
watches,luxury watches,2026-08-29,2026-10-01,iman.esq,IMAN,8223,112,20,7,Thanks to @Time Reborn for the great customer service. Will definitely be buying again in the future. #Tudor #luxurywatch #luxurywatches #tiktokliveauction #timereborn,"Creator IMAN shares a follow-up review of a Tudor Black Bay Heritage 41 watch purchased from Time Reborn via a Chinese live auction, confirming its authenticity through an authorized dealer while candidly noting the fake box and poor prior polishing job.","THIS IS A FOLLOW UP VIDEO ON THE SERIES I'M MAKING ABOUT THE THREE LUXURY WATCHES THAT I BOUGHT ON CHINESE LIVE AUCTIONS. IF YOU HAVEN'T SEEN THE VIDEO FROM YESTERDAY, GO WATCH IT. TWO OF THE WATCHES CAME, ONE OF THEM GOT SUCKED INTO A BLACK HOLE. NO ONE KNOWS WHERE THE PACKAGE IS RIGHT NOW, AND IT'S ABOUT A WEEK LATE. !The one I bought from LuxePreloved1 never arrived! SO THIS IS THE ONE THAT I WAS ACTUALLY MOST EXCITED FOR. I BOUGHT THIS FROM TIME REBORN, AND IT'S A TUTOR BLACKBAY HERITAGE 41. IT'S GOT THE STEEL BEZEL, 41 MILLIMETER IN HOUSE TUTOR MOVEMENT. SO I'M GONNA START WITH THE GOOD NEWS. THE GOOD NEWS IS THE WATCH IS AUTHENTIC. IT IS RUNNING GREAT. IT DOESN'T NEED A SERVICE. I JUST LEFT MY TUTOR AD AND THEY TOLD ME THAT IT'S WORKING IN GREAT CONDITION AND IT'S AUTHENTIC. AND NOW THE BAD NEWS, IT'S NOT TERRIBLE NEWS, BUT ANYWAYS, THE BOX WAS INAUTHENTIC, UNFORTUNATELY. ON THE LIVE THEY SAID THAT IT COMES WITH A GENUINE TUTOR BOX, BUT IT DID NOT. BUT THERE WAS ANOTHER ISSUE WITH IT, AND THEY'VE BEEN GREAT. I'VE BEEN TEXTING THEM BACK AND FORTH, AND THEY'VE BEEN VERY RESPONSIVE. IT'S THAT WHOEVER POLISHED THIS DID SUCH A SHIT JOB THAT THEY GOT RID OF ALL THE ORIGINAL CHAMFERING, AND THE SIDE OF THE CASE HAS BEEN POLISHED HORRIBLY. AND ALSO MY TUTOR AD SAID THAT IT NEEDS A NEW BEZEL INSERT BECAUSE THE BEZEL HAS BEEN POLISHED. AND TO BE FAIR, THEY SOURCE WATCHES FROM ALL OVER THE WORLD, SO I DON'T THINK THAT THEY DID THE POLISHING JOB. I THINK THE OTHER PERSON WHO OWNED ",Raw UGC,Review,true,yes,,https://www.tiktok.com/@iman.esq/video/7679485356982521101
watches,watchtok,2026-08-29,2026-10-02,joiboii,joiboii,41600,609,160,3,Give me tips 💡! #watchtok #watches #watch #trending,"A watch enthusiast uses a POV format to share a minor dilemma regarding the best way to set down a metal-bracelet watch without straining the links or scratching the caseback, prompting viewers in the WatchTok community to share tips.",How do you set down your watch?,Raw UGC,Vlog,false,yes,,https://www.tiktok.com/@joiboii/video/7679493464534371615
watches,luxury watches,2026-08-31,2026-10-01,dak.jewelen,DAK JEWELEN,43,3,,,"✨ Luxury on Your Wrist 💎⌚

A timepiece that doesn’t just tell time — it makes a statement. 💎🔥
Experience the brilliance of a Diamond Watch crafted for those who love luxury, elegance & timeless sty","A polished luxury jewelry showcase video presenting an iced-out diamond chronograph watch rotating 360 degrees to highlight its craftsmanship and brilliance, designed to drive direct message inquiries from potential high-end buyers.",DAK Jewelen; AP; Royal Oak,Polished Creator,Haul,true,yes,,https://www.tiktok.com/@dak.jewelen/video/7680171513269587218
watches,luxury watches,2026-08-31,2026-10-01,chloe_dkwatches,chloe_dkwatches,14800,176,64,28,"The chicest little watch !! 🤍🫧💎 

It’s the Omega Constellation - luxury without the Rolex price 

#omegawatch #rolexwatch #luxurywatches #watchcollectors","A watch dealer presents a pre-owned 22mm Omega Constellation timepiece, emphasizing its elegance, affordable price point under 1,000 pounds, and inclusion of original papers as an alternative to Rolex.",The chicest little watch !! 🤍🫧💎 It's the Omega Constellation - luxury without the Rolex price. DKWATCHES. £995.,Polished Creator,Review,true,yes,,https://www.tiktok.com/@chloe_dkwatches/video/7680192094882843926
watches,watches,2026-08-31,2026-10-01,timecr8,TimeCr8,80900,224,7,9,Luxurious wrist watches #automatic #mechanic,"A silent TikTok product showcase featuring an unboxing of a Bagerle 1833 automatic wristwatch from nested luxury boxes inside a warehouse shipping crate, designed to appeal to watch enthusiasts and e-commerce shoppers.",TRANSFER BOX on wooden crate; FRAGILE handle with care on red label; BAGERLE 1833 logo and typography on red box dial and case back; roman numerals and index markers on watch face,Raw UGC,Haul,true,yes,,https://www.tiktok.com/@timecr8/video/7680194910665952543
watches,luxury watches,2026-08-31,2026-10-01,girliedubai,GirlieDubai,117900,13300,15,1353,The dreamiest watch… 🥹#fyp #patekphilippe #unboxing #viral #luxuryhaul,"A high-end luxury unboxing video showcasing a gold Patek Philippe watch with a purple dial, paired aesthetically with a massive matching bouquet of purple roses and sophisticated wrist-modeling shots.",Unboxing my DREAM watch 🥹; PATEK PHILIPPE GENEVE,Polished Creator,Haul,false,yes,,https://www.tiktok.com/@girliedubai/video/7680260255736958229
watches,vintage watches,2026-08-31,2026-10-01,queenmayjewelry_capemay,Queen May Jewelry,11800,983,9,239,"Rolex Vintage Double Rope Bracelet Mechanical Cocktail Diamond Bezel Ladies Watch Model 8426

Unique beveled-cut sapphire crystal with a three-dimensional design that beautifully captures and reflects",A luxury vintage jewelry seller showcases a rare Rolex mechanical cocktail watch model 8426 with a diamond bezel and double-rope bracelet through an unboxing and wrist-wear demonstration.,ROLEX gold logo inside presentation box.,Polished Creator,Haul,true,yes,,https://www.tiktok.com/@queenmayjewelry_capemay/video/7680296152109026573
watches,watch collection,2026-09-01,2026-10-01,samikindness,Sami Kindness,3700000,331300,991,6737,"Buying My First Omega ⌚ The Iconic James Bond Watch… Nearly £10,000 Later. Huge thanks to Adam for his incredible knowledge, patience and for making the whole Omega experience unforgettable. ✨  #socia","A first-person POV video capturing a customer buying their first Omega James Bond Seamaster watch at a boutique, guided by a notably patient and knowledgeable sales associate named Adam.","Buying my first Omega watch; 300 meters; James Bond double 007; MI6?; £7,900; £9,500; OMEGA",Polished Creator,Vlog,false,yes,,https://www.tiktok.com/@samikindness/video/7680659847917882657
watches,luxury watches,2026-09-02,2026-10-01,the_sensible_wrist,the_sensible_wrist,1600,12,1,1,"Brand: Rolex
Collection: Explorer I
Reference: 124270-0001
Known as the “Explorer I” or informally as the “Explorer 1,” this model is one of Rolex’s iconic sports watches. Its compact 36 mm size gives","A clean, silent unboxing and wrist-mounting video of a Rolex Explorer I 36mm, targeting watch enthusiasts with tactile ASMR and high-end aesthetic presentation.",,Polished Creator,Aesthetic,true,yes,,https://www.tiktok.com/@the_sensible_wrist/video/7680813056376507680
watches,vintage watches,2026-09-02,2026-10-01,itsherasiaaaaa,"It’s her, Asia ♡",16300,334,70,52,"Luxury Watches Restock! No minimum, yes to choosing 💗✨
#businessowner #hustlewithme #watches #watchsupplier #vintagewatch","A short-form promotional clip by a watch supplier displaying a restock of gold-toned women's watches. The video uses bright lighting, close-up product handling, and clean typography to communicate favorable purchasing terms like no minimums and pick-and-choose flexibility to prospective boutique buyers.","luxury watches
YES TO CHOOSING, NO MINIMUM
luxuraysia.co",Polished Creator,Haul,true,yes,,https://www.tiktok.com/@itsherasiaaaaa/video/7680873937575628039
watches,watch collection,2026-09-02,2026-10-01,zahidalikhan2024,𝒵𝒶𝒽𝒾𝒹𝒜𝓁𝒾𝓀𝒽𝒶𝓃 🇵🇰,2400000,74500,1019,14500,Rs.2999 Watch Jewelry Combo Set With Jewelry Organizers #samashacollection #trendinggiftbox #jewelrytiktok,"A short, aesthetic TikTok product showcase featuring a complete rose gold watch and jewelry set inside a white travel organizer priced at Rs.2999, designed to prompt gift-tagging interactions.",ye Gift Dilao Na 😍🌸🥺; Rs.2999 Watch Jewelry Combo Set With Jewelry Organizers #samashacollection #trendinggiftbox #jewelrytiktok,Raw UGC,Haul,true,yes,,https://www.tiktok.com/@zahidalikhan2024/video/7680915694703234318
watches,watch collection,2026-09-02,2026-10-01,preowned_schaapcitroen,Schaap en Citroen Pre-Owned,15100,629,3,29,"Unpopular opinion: vintage Rolex > new Rolex🫢

A vintage Rolex Day-Date has character you simply can’t buy new.

Do you agree?🤔

#rolex #watches #menswatch #watchcollector #vintagerolex","A short-form luxury watch showcase by Schaap en Citroen Pre-Owned presenting a vintage Rolex Day-Date as superior to modern models, designed to spark engagement from watch collectors.",Vintage > new,Polished Creator,Aesthetic,true,yes,,https://www.tiktok.com/@preowned_schaapcitroen/video/7680936276534529313
watches,vintage watches,2026-09-03,2026-10-01,watchbrokalo,Bigbrokalo,69900,3693,152,170,"S Tier Microbrands

Sorry for the absence… 

TAG YOUR FAVORITE MICROBRANDS ⬇️

#watches #watchcollection #fashion #microbrandwatches","A watch creator counts down five top independent microbrand watchmakers—Serica, Nodus, Brew, Dufrane, and Echo/Neutra—offering expert curation for collectors looking beyond mainstream brands, while prompting viewers to comment their favorites for a potential collaboration.",S Tier Microbrands; 1. Serica; 2. Nodus; 3. Brew; 4. Dufrane; 5. Echo/Neutra; TAG YOUR FAVORITE MICROBRANDS; Follow For More; dynamic kinetic captions matching spoken words.,Polished Creator,Top-list,false,yes,,https://www.tiktok.com/@watchbrokalo/video/7681142758127537438
watches,luxury watches,2026-09-03,2026-10-01,johnettebeasley1,Echotime.17,90200,2681,85,169,#watches #luxurywatches #omega,"A silent, high-detail POV showcase of the Omega Speedmaster Silver Snoopy Award watch, highlighting its intricate caseback animation and dial design.","OMEGA; Speedmaster; PROFESSIONAL; TACHYMETRE; NAIAD LOCK; Cal. 3861; CO-AXIAL MASTER CHRONOMETER; SILVER SNOOPY AWARD; APOLLO XIII; APRIL 1970; AWARD OCT. 5, 1970; Eyes on the Stars",Polished Creator,Review,false,yes,,https://www.tiktok.com/@johnettebeasley1/video/7681186962300013855
watches,luxury watches,2026-09-03,2026-10-01,werger.foiles,TimeRhythm,520800,51300,114,3499,"Audemars Piguet Royal Oak 
📌 Model: 26522CE.OO.1225CE.01 | 41mm
Collection: Royal Oak
The all-black ceramic construction creates a sleek and powerful presence, with the tourbillon serving as the watc","An aesthetic unboxing video of an Audemars Piguet Royal Oak Tourbillon 41mm in black ceramic by creator TimeRhythm, set to dramatic orchestral music.",AUDEMARS PIGUET Le Brassus; INTERNATIONAL WARRANTY CARD; 26522CE.OO.1225CE.01; TimeRhythm watermark,Polished Creator,Unbox,false,yes,,https://www.tiktok.com/@werger.foiles/video/7681302315260890401
watches,vintage watches,2026-09-03,2026-10-01,edgyalbert,Albert Muzquiz,51000,2779,37,72,4 Affordable Vintage Watches (that actually don’t suck),"Horology creator Albert Muzquiz presents four affordable vintage watch recommendations under $1,000, detailing specific models from Seiko, Benrus, Omega, and Enicar with price ranges, wrist demonstrations, and marketplace screenshots.","4 Affordable Vintage Watches (that actually don’t suck); Seiko 6119-6020 Or 6119-6023 $199-$700; Benrus Vietnam Watch $500-$600; Omega Constellation Quartz $500-$999; Enicar Ocean Pearl $200-$500; [Near MINT] Vintage Seiko 5 Sport 6119-6020 Automatic Men's Watch From JAPAN; VINTAGE Enicar Ocean Pearl, Ref. 147-01-02, Automatic, Day Date $375.00; OMEGA Constellation 1512.30 (N Mint) 34mm White Dial Roman Men's Quartz Watch U919; 1 of 10",Raw UGC,Tutorial,false,yes,,https://www.tiktok.com/@edgyalbert/video/7681327801034755358
watches,luxury watches,2026-09-03,2026-10-01,vookum,Vookum,257000,19000,235,929,"Great Rolex for $7,500…
#vookum #watches #luxury","Watch dealer Vookum breaks down the reference 16013 two-tone Rolex Datejust, highlighting its features, valuation, and crystal type for a $7,500 budget.",,Raw UGC,Review,true,yes,,https://www.tiktok.com/@vookum/video/7681449154547158302
watches,watchtok,2026-09-04,2026-10-02,preston_vorasarn,Preston,72700,6902,90,448,"Watch of the day - Seiko Alpinist (white coat edition)

Had a couple cancellation this morning so I was taking wrist roll and pictures to burn the time. Here’s a shot of my first watch every and one o","A watch enthusiast sharing a wrist roll of his Seiko Alpinist watch with a green dial while at work in a medical office, captioned as his first watch and a personal favorite.",,Raw UGC,Vlog,false,yes,,https://www.tiktok.com/@preston_vorasarn/video/7681710153619524895
watches,luxury watches,2026-09-04,2026-10-01,johnettebeasley1,Echotime.17,334100,5027,234,249,#watches #luxurywatches #rolex #daytona,"A silent, high-detail POV showcase of a stainless steel luxury chronograph watch, emphasizing tactile mechanics and aesthetic appeal for watch enthusiasts.",ROLEX OYSTER PERPETUAL SUPERLATIVE CHRONOMETER OFFICIALLY CERTIFIED CHRONOGRAPH; UNITS PER HOUR; 400; 300; 250; 240; 220; 200; 190; 180; 170; 160; 150; 140; 135; 130; 125; 120; 115; 110; 105; 100; 95; 90; 85; 80; 75; 70; 65; SWISS MADE; DAYTONA; 44,Raw UGC,Review,false,yes,,https://www.tiktok.com/@johnettebeasley1/video/7681735087192362271
watches,watch collection,2026-09-05,2026-10-01,big.frank4444,Big Frank,22500,722,21,21,"MY FIRST WATCH FOR SALE… At 971 Watch Co we can buy and supply all watch models and brands. Get in touch if you are interested or need me to source you a new timepiece…
#halal #watch #timepiece #uae #","Luxury watch dealer Big Frank introduces his first watch for sale on TikTok, presenting a Rolex Datejust 41mm in stainless steel with a green ombre dial priced at 58,000 AED, emphasizing its halal status and inviting inquiries.","DATE JUST 41MM; 971 WATCH CO LUXURY WATCH DEALER; 58,000 AED; @971WATCHCO",Polished Creator,Review,true,yes,,https://www.tiktok.com/@big.frank4444/video/7682011778217282836
watches,watches,2026-09-05,2026-10-01,kanitime,KaniTime,19100,713,7,28,#watch #watchesformen #affordablewatch,"A visually satisfying first-person POV unboxing video showcasing an affordable silver mechanical skeleton watch, designed to appeal to watch enthusiasts and style-conscious male audiences on TikTok.",POV: you finally found a good mechanical watch,Raw UGC,Unboxing,true,yes,,https://www.tiktok.com/@kanitime/video/7682112065560956182
watches,watch collection,2026-09-06,2026-10-01,vince_watches,Vince⏱️,21100,1347,98,36,"This is my official watch collection as of September 2026! My watch collection consists of watches from microbrands, luxury watch brands and more! @Andy’s Watches you do not have permission to rate my","Vince presents his curated 10-watch collection for September 2026, showcasing a balanced mix of microbrand pieces and luxury heritage watches while sharing personal stories and praising build qualities.","MY 10 WATCH COLLECTION!; watch collection as of September 2026; let's get into it; Traska Venture with the arctic white lacquered dial; watch under $1,000 that has a better bracelet than this Traska Venture; Studio Underd0g Burnt Pepperoni; Jack Mason Strato-Timer in the red and blue colourway; Santurce Piccola; Audemars Piguet Royal Oak Offshore collaboration with Swatch; Rolex Submariner 124060; Tudor Black Bay 39mm with the sunburst blue dial; Omega Seamaster 2531; titanium Tissot PRX 38mm; Longines Spirit 37 in the champagne colourway",Polished Creator,Collection,false,yes,,https://www.tiktok.com/@vince_watches/video/7682210281514208543
watches,watches,2026-09-06,2026-10-01,mysterywatchguy,Mystery Watch Guy,73300,2455,55,412,"The Hamilton Khaki Field Murph 38mm has just had a seriously good update.

This is the new Hamilton Murph H70405140, with a blue-to-black gradient dial inspired by an interstellar comet. The bright bl","A polished and informative WatchTok review of the new Hamilton Khaki Field Murph 38mm with a blue-to-black gradient dial, detailing its specifications, pricing, and aesthetic appeal.",THE HAMILTON MURPH JUST GOT A BLUE DIAL; HAMILTON; H-10 AUTOMATIC; SWISS MADE; KHAKI FIELD,Polished Creator,Review,true,yes,,https://www.tiktok.com/@mysterywatchguy/video/7682333961753791762
watches,watchtok,2026-09-06,2026-10-02,natereviewsit,Nate Reviews It | i talk stuff,13700,191,35,8,"Calling all watch lovers, collectors, and buyers #watchtok #watches #ratings #wristwatch #fypシ","Nate introduces himself as a beginner watch collector on TikTok, inviting both fellow novices and seasoned experts to follow along as he shares his journey and learns about watches.","videos for watch collectors; I post daily. I'm a beginner watch collector and I make videos for other beginner watch collectors, or if you want to help me learn and teach me something and you are an expert at watches or you've been collecting for years, please follow along. Me and the other beginners would appreciate it. I'm nate and I'm gonna post about my watch collecting journey. It's gonna be fun. I like to have fun with watches. Give me a follow if you want to have fun with watches",Raw UGC,Personal-update,false,yes,,https://www.tiktok.com/@natereviewsit/video/7682408166667144462
watches,watch collection,2026-09-06,2026-10-01,gotsole,Got Sole,975600,47000,354,4202,Are these the rarest sneakers in the world?? 👀 Watch the full Big Boy Cheng collection video on our channel #sneakers #bigboycheng #sneakercollection #fyp,"An energetic TikTok video from Got Sole featuring an exclusive walkthrough of Big Boy Cheng's ultra-rare sneaker collection, highlighting sample pairs and player exclusives valued in the tens of thousands of dollars.","Show us 1 sneaker that nobody else has..., Mahal Kita, Got Sole, 45,000, 25,000, Off-White Air Force 1 'Lemonade' Sample Only 2 Pairs Made, Jordan 1 Retro High Off-White Canary Yellow, 70,000, 60,000, Victory Lap Jordan 3, Why Not, Eminem Jordan 3 Slim Shady on the Back, 50,000, 500,000, Interscope, Jayson Tatum PE, Alshon Jeffery Jordan 11 PE only three pairs ever made, Travis Scott Baseball Cleat, 40 Acres and a Mule Film Works, 20,000, Eminem Air Max, 5 of 8 in the World",Polished Creator,Vlog,true,yes,,https://www.tiktok.com/@gotsole/video/7682224669931474206
watches,watch collection,2026-09-06,2026-10-01,hidden.closetdiaries,hidden.closetdiaries,7132,199,24,26,A great find of accessories to elevate any outfit ✨🤍 #unboxinghaul #affordablefashionfinds #womenwatches @Extreme fashion,"A fashion creator unboxes an affordable two-tone luxury-style watch, praising its heavy feel, classy aesthetic, and versatility for dainty wrists, while instructing viewers to check the caption and mention 'Tina' for a discount.","unboxing dainty jewelry, unboxing dai, in my bee - I - ohh, Extreme fashion",Raw UGC,Review,true,yes,,https://www.tiktok.com/@hidden.closetdiaries/video/7682500500184468766
watches,watches,2026-09-06,2026-10-01,artvangarde,ArtvanGarde,8400000,1300000,7279,108700,"Kardia is an experimental design project developing watches that transform the mechanics of timekeeping into something that looks strangely biological.
Inside the prototype, a miniature anatomical hea","An avant-garde artisan showcases experimental prototypes of mechanical watches and jewelry pendants featuring miniature, hyper-realistic anatomical hearts, blending luxury horology with surreal biological aesthetics.",,Raw UGC,Behind-the-scenes,true,yes,,https://www.tiktok.com/@artvangarde/video/7682535697777020192
watches,watchtok,2026-09-07,2026-10-02,mysterywatchguy,Mystery Watch Guy,660400,26900,275,4997,"The new Casio G-Shock 2500 Series is already getting a huge reaction, and I think this full-metal version might be the best one yet.

This is the G-Shock GMC-2500D-1A2, combining Casio’s new fully ana","A visually polished product showcase introducing the new full-metal Casio G-Shock GMC-2500D-1A2, highlighting its premium aesthetic and luxury-adjacent design cues for watch enthusiasts on TikTok.",CASIO JUST MADE G-SHOCK LOOK EXPENSIVE; G-SHOCK; WATER RESIST 20BAR; PROTECTION,Polished Creator,Review,false,yes,,https://www.tiktok.com/@mysterywatchguy/video/7682672535527230727
watches,vintage watches,2026-09-07,2026-10-01,darioroia,Dario,14400,1179,27,72,VINTAGE WATCH HAULLL,"Luxury watch dealer Dario presents a rapid-fire haul of rare vintage timepieces including unique Rolex and Cartier models, combining expert commentary with enthusiastic showcasing.",VINTAGE WATCH HAUL,Raw UGC,Vlog,true,yes,,https://www.tiktok.com/@darioroia/video/7682705531747700000
watches,luxury watches,2026-09-07,2026-10-01,luxurytimegreece,luxurytimegreece,77400,782,11,85,"Elegance that never fades. 
Step inside our Cartier vault.

Explore our curated collection of beautiful pre-owned Cartier timepieces currently in stock. Pure sophistication and timeless design, ready ","A polished social media showcase featuring a curated selection of pre-owned Cartier watches in a custom display tray with transparent pricing, designed to appeal to luxury watch collectors and drive international sales.","LUXURY TIME, €7500, €4950, €4900, €4200, €3400, €3900, €4300, €7900",Polished Creator,Aesthetic,true,yes,,https://www.tiktok.com/@luxurytimegreece/video/7682744613463149846
watches,watch collection,2026-09-07,2026-10-01,dailydeluxe.official,Dailydeluxe,63900,2635,16,119,"The MB&F HM9 is one of the craziest watches I have ever seen! 
Inspired by the beautifully streamlined automotive and aviation designs of the 1940s and 1950s, its sculptural case feels more like a min","A silent POV video showcasing the rare MB&F HM9 Horological Machine watch, emphasizing its jet-engine-inspired design, dual balance wheels, and unconventional vertical time display.",Watch or Jet Engine,Polished Creator,Review,false,yes,,https://www.tiktok.com/@dailydeluxe.official/video/7682754673664740641
watches,vintage watches,2026-09-07,2026-10-01,cardinalandcowatches,Miles Charlton,57200,3394,14,395,"Vintage Seiko Dolce with heavy Cartier influence, including a platinum and gold plated octagonal case and piano black minimalist dial.

Sold.

#vintagewatch #mensfashion #mensstyle #vintagestyle #watc","A watch dealer showcases vintage Seiko Quartz Dolce watches that resemble high-end Cartier timepieces, combining educational value with subtle luxury styling to appeal to fashion-conscious collectors.",These Japanese watches looks like rare Cartiers; SEIKO QUARTZ Dolce; 5930 6020 6730; 取扱説明書; Cartier; Must de Cartier,Polished Creator,Review,true,yes,,https://www.tiktok.com/@cardinalandcowatches/video/7682799047064751367
watches,watch collection,2026-09-08,2026-10-01,jay.jess.aristowatch,JessTicky@AristoWatch,8082,528,9,39,"Four Ways to Wear the RM 30-01.

Black. White. Titanium. Blue.

You can keep only one—which are you choosing?

#RichardMille #RM3001 #LuxuryWatches #HauteHorlogerie #watchcollector","A luxury watch curator showcases four different colorways of the Richard Mille RM 30-01 from a massive inventory tray, leveraging visual shock and an interactive choice prompt to drive high engagement among watch collectors.",POV: You came in for one RM 30-01... Now you have four problems.,Polished Creator,Haul,true,yes,,https://www.tiktok.com/@jay.jess.aristowatch/video/7683098762218327317
watches,luxury watches,2026-09-08,2026-10-01,werger.foiles,TimeRhythm,73100,6444,16,246,"Rolex Day-Date 
📌 Model: M228238-0004 | 
The deep black dial is accented with dazzling diamond hour markers, creating a striking and sophisticated black-and-gold aesthetic. 🖤✨
The 18K yellow gold ca","A polished top-down unboxing video of a Rolex Day-Date 40 in 18K yellow gold with a black dial, set to dramatic orchestral music to emphasize luxury and craftsmanship.",ROLEX on box sleeve and dial; DAY-DATE on dial; M228238-0004 in post caption,Polished Creator,Haul,false,yes,,https://www.tiktok.com/@werger.foiles/video/7683142908026834208
watches,luxury watches,2026-09-08,2026-10-01,sen98169,Sen,16700,336,7,51,What makes vs factory so good #watch #vsf #guangzhou #luxurywatches,"A watch expert breaks down why VSF factory watch movements are considered legendary among enthusiasts, using macro comparative footage to demonstrate that high-end replica movements can rival genuine parts in reliability and compatibility.","Where does vsf shine?; What is vsf?; 72V; 15,000; FAKE; REAL; GEN; SUBMARINER; V-S FACTORY; DANDONG; FKM",Polished Creator,Review,false,yes,possible off-topic,https://www.tiktok.com/@sen98169/video/7683143730857020685
watches,watchtok,2026-09-09,2026-10-02,notjvlianna,Julie’s Evil Twin ⏰,575900,31600,708,724,Replying to @Ninaaa I made this while rushing out the door so if the watch snobs want to come after me…. Ya’ll know what I do. But also if you have additional recs throw them in the comments! Anyways ,"A creator provides accessible luxury watch recommendations for women, highlighting Longines and Hamilton while acknowledging potential pushback from watch purists.",Reply to Ninaaa's comment: What's a good watch for us women that's not too expensive but looks very expensive ?,Raw UGC,Rant,false,yes,,https://www.tiktok.com/@notjvlianna/video/7683321208699358494
watches,luxury watches,2026-09-09,2026-10-01,chloe_dkwatches,chloe_dkwatches,52600,2338,11,501,"We have 3 insanely gorgeous Rolex Datejusts in stock !! 🌟💕✨ if your interested send me a message 

#womenswatches #watchesoftiktok #rolexwatch #luxurywatches #rolex","A luxury watch dealer showcases three specific 26mm two-tone Rolex Datejust models currently in stock, detailing their dial variations, box-and-paper inclusions, and specific price points while prompting direct messages from interested buyers.","we have got these three gorgeous two tone Rolex Datejust in 26 millimeters in stock firstly we have this pink mother of pearl dial this one's 4,850 and comes with box and papers we also have this gorgeous coraly pink dial this one cost 4,750 and finally we have this really classy grey dial and this one's at an amazing price of 3,750 these models are super popular so if you're interested please send me a message",Polished Creator,Review,true,yes,,https://www.tiktok.com/@chloe_dkwatches/video/7683532813194317078
watches,watch collection,2026-09-09,2026-10-01,theadamsaad,theadamsaad,11400,120,179,14,"There’s no comparison, Rolex wins every time💯👏 #luxurywatches #rolex #watches #watchcollector #viral","A passionate watch collector delivers a controversial rant arguing that Rolex vastly outperforms Omega as a status symbol, urging viewers to abandon entry-level watches in favor of high-prestige timepieces that elevate social standing.",The Most Overrated Watch brand; TAKE THAT SPEEDY YOU GOT FROM YOUR COLLEGE GRADUATION; AND THROW IT IN THE GARBAGE; OR AT LEAST THROW IT IN THE SAFE; NO MORE WEARING IT; IT IS TIME TO GROW UP AND GET A REAL BIG BOY WATCH; AND THAT IS GOING TO BE A ROLEX; THE ROLEX IS GOING TO DO A FEW THINGS FOR YOU; MAKE YOU THE MAN THAT YOU ARE SUPPOSED TO BE; AND THAT YOU WANT TO BE; IT IS GOING TO GET YOU INTO ROOMS; AND CONVERSATIONS ARE GOING TO ELEVATE YOUR STATUS IN SOCIETY; THIS IS WHEN YOU GUYS CRY; ABOUT STATUS AND WATCHES AND BUY WHAT YOU LIKE; INSTEAD OF WHAT IS A FLEX; THESE ARE TOOL WATCHES; USE THE TOOL TO GET IN BETTER ROOMS; ROLEX OYSTER PERPETUAL DATE; ROLEX YACHT-MASTER; ROLEX GMT-MASTER II,Polished Creator,Opinion,false,yes,,https://www.tiktok.com/@theadamsaad/video/7683585740814486814
watches,watch collection,2026-09-10,2026-10-01,dula.mov,dula.mov,37700,557,67,34,Watch ranking #watch #ranking,"A watch enthusiast passionately critiques a viral watch brand tier list on TikTok, expressing outrage over misplaced luxury brands like Rolex and Tudor while defending accessible favorites like Casio.","Watch ranking #watch #ranking S GRAIL TIER PATEK PHILIPPE GENEVE, AP AUDEMARS PIGUET, VACHERON CONSTANTIN, RICHARD MILLE A ELITE ROLEX, OMEGA, CARTIER, JAEGER-LECOULTRE B HIGH END TUDOR, IWC, GRAND SEIKO, BREITLING C MID TIER LONGINES, TAG HEUER, VALUSIS, ORIS, HAMILTON D ACCESSIBLE TISSOT, SEIKO, CITIZEN, BULOVA, FOSSIL, CASIO E FASHION / MICROBRANDS MVMT, DW Daniel Wellington",Raw UGC,Reaction,false,yes,,https://www.tiktok.com/@dula.mov/video/7683715384846961950
watches,watchtok,2026-09-10,2026-10-02,notjvlianna,Julie’s Evil Twin ⏰,33400,2966,149,39,The updated collection #watches #watchtok,"A creator walks her TikTok audience through her updated watch collection, sharing the sentimental stories, origins, and personal milestones attached to each piece from childhood Swatches to luxury Cartiers.",My Watch Collection,Raw UGC,Vlog,false,yes,,https://www.tiktok.com/@notjvlianna/video/7683716225809059103
watches,watchtok,2026-09-10,2026-10-02,sflwatchguy,Francis┆SFLWatchGuy 🌴⌚️,8965,477,43,16,"If you’re getting into the watch world, you need to know these five things ⌚️

#watches #watchtok #watchcollector #watchcollection","A watch creator breaks down five essential technical and purchasing rules for beginners entering the watch world, covering movements, crystals, water resistance, date functions, and the economics of diminishing returns in watch pricing.","Five Things That Beginners; Getting Into Watches Need to Know; THESE ARE FIVE; THAT EVERY BEGINNER; INTO WATCHES; SHOULD REALLY; NUMBER ONE; 90% OF THE MARKET; UNDER $700; SEIKO WATCHES; CITIZEN WATCHES; MIYOTA MOVEMENTS; 95% OF THE TIME; THIS ZELOS HAS; SELLITA AND ETA; NUMBER TWO; PLEXIGLASS; MINERAL; SAPPHIRE; NUMBER THREE; 100 METERS; NUMBER FOUR; QUICK SET DATE; NUMBER FIVE; DIMINISHING RETURNS; $1,000; $200; $800; $1,800; $2,600; $10,000 ROLEX; $2,000 LONGINES",Polished Creator,Tutorial,false,yes,,https://www.tiktok.com/@sflwatchguy/video/7683729452588731661
watches,luxury watches,2026-09-10,2026-10-01,luvyerwatches,Luvyer,653200,34700,193,3704,"Stardust isn’t just a dial—it’s a statement in subtle luxury. ✨⌚️ The textured finish catches the light with every movement, creating a refined shimmer that feels elegant, distinctive, and effortlessl","A short aesthetic TikTok post showcasing a custom metallic wristwatch with a sparkling stardust dial, styled within a quiet luxury and old money fashion context.",Stardust Dial 😳,Polished Creator,Aesthetic,true,yes,,https://www.tiktok.com/@luvyerwatches/video/7683814697006566678
watches,vintage watches,2026-09-10,2026-10-01,braddotwatch,brad.watch,3482,165,21,5,Here are some of the coolest watches I saw this week for ladies / girls / women. Would you wear any of these? #womenswatchesandwatchstyles #ladieswatches #watchesforwomen #vintagefashion #watches,"A watch creator presents a curated list of eight vintage women's watches ranging from an affordable $70 Seiko tank to an $8,995 Patek Philippe Calatrava, highlighting specifications, pricing, and why each piece is a great option.","Listing details including brand names, prices, conditions, and image counters (e.g., Seiko tank Ladies Tank Wa, 70 dollars, Patek Philippe Calatrava, 8,995 dollars, Omega Classic, 4,265 dollars, IWC 1950s Vintage IWC Cal., 1,200 dollars, IWC Da Vinci, 3,999 dollars, Carl F. Bucherer, 1,350 dollars, Hamilton Tank Geneva, 453 dollars, Rolex Datejust, 6,950 dollars, 8/8, 1/6, 3/11, 10, 1/9, 2/13, 1/8)",Polished Creator,Review,false,yes,,https://www.tiktok.com/@braddotwatch/video/7683958394394348813
watches,watchtok,2026-09-10,2026-10-02,adam5thave,adam5thave,36300,1528,20,38,#fyp #diamonddistrict #watchtok #rolex #watchesoftikok,"A TikTok creator hits 47th Street in New York's Diamond District to ask women if wearing nice watches helps men attract romantic partners, eliciting humorous, cynical, and pragmatic responses about money, cars, and status.",Does a having a nice watch actually help you get girls? GUY THAT LET'S GO AROUND AND ASK THE WOMEN ON 47TH STREET IF THEY REALLY CARE AND IF IT ACTUALLY DOES GET GIRLS DO WATCHES GET GIRLS YES OF COURSE LIKE HOW I DON'T KNOW WHEN YOU SEE A MAN WEARING A WATCH I'M SURE A WOMAN'S PAY ATTENTION DO YOU HAVE ANY ADVICE ON HOW TO GET GIRLS MEN HOW TO GET GIRLS I'M HAVING A HARD TIME OH YEAH BUT YOU HAVE BLUE EYES HOW COME I HAVE MY SISTER IF YOU WANT HOW OLD ARE YOU UH NOT OLD ENOUGH OH SHE'S 19 OKAY SHOW ME A PICTURE FOLLOW FOR MORE DATING ADVICE DO WATCHES GET GIRLS YEAH HOW IT'S JUST ABOUT YOUR MONEY SO LIKE WHAT IF SHE DOESN'T UNDERSTAND WATCHES HOW DO I GET GIRLS GET A CAR NICE CAR WHAT IF I DRIVE A TOYOTA CAMRY TAKE HER OUT ON A DATE AND IMPRESS HER SO THAT'S HOW YOU GET GIRLS YOU JUST IMPRESS THEM YOU HAVE TO IMPRESS THEM YEAH SO YOU COULD SHOW THEM THAT YOU CAN PROVIDE A STABLE LIFE FOLLOW FOR MORE DATING ADVICE DO WATCHES GET GIRLS DO WATCHES GET GIRLS DEPENDS I THINK A PRESIDENTIAL NEGATIVE AURA SO YOUR AIRPODS FELL OUT DO WATCHES ACTUALLY GET GIRLS IF THE GIRL KNOWS ABOUT WATCHES YES BUT FOR THE MOST PART IT'S COMPLICATED THERE'S SOME GIRL WHO DOESN'T KNOW ABOUT WATCHES THEY GET SURPRISED BY INVICTA WATCHES HOW DO I GET GIRLS OH MY GOD I CAN'T HELP YOU WITH THAT,Raw UGC,Vlog,false,yes,,https://www.tiktok.com/@adam5thave/video/7684000566237793549
watches,watches,2026-09-11,2026-10-01,valerppp6s1,joker watch01,9893,179,10,13,#watch #watchmegrow #watchcollector #watches #fyp,"A silent, high-detail visual showcase of a luxury Hublot watch, highlighting its mechanics, clasp, and design for watch collectors.","OMEGA, HUBLOT, MP-09, BIG BANG, SWISS MADE, 5DAYS POWER RESERVE, DATE, CARTIER",Raw UGC,Review,true,yes,,https://www.tiktok.com/@valerppp6s1/video/7684186153691385121
watches,luxury watches,2026-09-11,2026-10-01,andiotwatche,ANDIOT WATCHES,1286,4,,1,#fyp #watches #watch #luxurywatch #superclone,"A creator shares an anxious personal story about going to their first real job interview while unboxing and putting on a replica luxury watch, ending on a triumphant note about getting the job.",GuangZhou China Super Clone 1:1,Raw UGC,Vlog,true,yes,possible off-topic,https://www.tiktok.com/@andiotwatche/video/7684228304487861518
watches,watchtok,2026-09-11,2026-10-02,notjvlianna,Julie’s Evil Twin ⏰,6861,621,171,9,We are SO back #watchtok #watches,"A charismatic watch creator reviews subscriber-submitted watch photos in a rapid-fire, highly sarcastic, and entertaining TikTok video, judging each timepiece on whether it qualifies as 'metal as f***'.",Watches That Are Metal as F*** From My Comments; OMEGA SPEEDMASTER PROFESSIONAL; ZYN; TACHYMETRE; CITIZEN; WR; SEIKO; CASIO F-91W; FR 10:05 45; 12; HAMILTON; ZENITH; SPORTO; ORIENT; AUTOMATIC; WATER RESISTANT; GRAND SEIKO; ORIS; CHRONOMETER; 100m / 330ft; SWISS MADE; BELL & ROSS; BR01-92 LIMITED EDITION; ROLEX OYSTER PERPETUAL; SUPERLATIVE CHRONOMETER OFFICIALLY CERTIFIED,Raw UGC,Review,false,yes,,https://www.tiktok.com/@notjvlianna/video/7684330774111259934
watches,watches,2026-09-11,2026-10-01,mrluxury247,mrluxury247,35200,290,45,40,Delivery active #watch #bradford #fyp #forupage #watches,"A TikTok video by mrluxury247 demonstrating active local delivery of authentic Rolex watches with original boxes and papers in Bradford, appealing to luxury buyers through fast-paced visual proof.",Active on delivery in Bradford; 100 with Box&papers; Rolex,Raw UGC,Vlog,true,yes,,https://www.tiktok.com/@mrluxury247/video/7684360407691070742
watches,luxury watches,2026-09-11,2026-10-01,riwaazun,Riwaaz By UN,9863,134,3,67,"⌚🖤 Luxury on your wrist, confidence in your style!
Black dial + premium metal chain = the perfect classy look. ✨
DM to order 📩
03019614248
#MensWatch #LuxuryWatch #BlackWatch #MensFashion #WristWatc","A polished product showcase video featuring a men's luxury-style chronograph watch by REWARD, shot with smooth macro rotation and paired with an atmospheric soundtrack to drive direct-to-consumer sales via messaging.",Bestsellershdgms watermark at top right; REWARD logo on watch face; Polo Club branding on box and bag.,Polished Creator,Haul,true,yes,,https://www.tiktok.com/@riwaazun/video/7684381404955823367
watches,watch collection,2026-09-12,2026-10-01,cadster82,Cadster82,283,8,6,2,"⚡️ THIS IS MY JOURNEY… AND WE’RE ONLY JUST GETTING STARTED! ⚡️

From the first piece to the collections growing along the way, this has been one hell of a journey — and the best part? Sharing it with ","A male creator showcases his growing collection of luxury watches and heavy chain necklaces, framed by an anime-inspired digital avatar, inviting viewers to follow his journey and start their own collections.",Cadster82; 龍; INVICTA; AUTOMATIC; 21 JEWELS; TACHYMETRE,Raw UGC,Showcase,true,yes,,https://www.tiktok.com/@cadster82/video/7684552313180081440
watches,watch collection,2026-09-12,2026-10-01,nmakfitssss,nmakfits,19500,773,22,59,Reviewing my Chinese watch collection #lifestyle #fashion #china #shopthechinaway,"A male creator reviews his collection of high-end replica luxury watches sourced from China, showcasing models like Audemars Piguet, Rolex, and Richard Mille while directing viewers to a spreadsheet link in his bio.",REVIEWING MY CHINESE WATCH COLLECTION [Chinese flag emoji],Raw UGC,Review,true,yes,possible off-topic,https://www.tiktok.com/@nmakfitssss/video/7684723301989502230
watches,(not in thumbnail),2026-09-13,2026-10-01,ruffiedufie_,ruffie ♡ྀི,22500,244,75,53,Replying to @🌻 WATCH FOR WOMEN — all link here you go! ⌚️👀😌 #watchforwomen #watches #retrowatch #watchrecommendation #fypシ゚viral,A creator responds to a follower's request for women's watch recommendations by providing direct links and curated style options.,Replying to @🌻 WATCH FOR WOMEN — all link here you go! ⌚️👀😌,Polished Creator,Tutorial,true,yes,,https://www.tiktok.com/@ruffiedufie_/video/7684912690900389138
watches,luxury watches,2026-09-13,2026-10-01,imawristocrat,Metta Tan,138700,6872,79,206,10/10 watches for men in their 20s #watches #luxurywatches #watchcollector #WatchFam #WatchTok,"A creator breaks down a curated list of ten-out-of-ten luxury watches for men in their twenties, organized by ascending price tiers from $500 to $8,000, offering technical details and lifestyle recommendations for each piece.",10/10 Watches for men in their 20s; Seiko 5 GMT - $500; Tissot Gentleman - $1000; Longines Hydroconquest - $3000; Tudor Black Bay - $5000; Omega Speedmaster - $8000; Sept. 22; POWERMATIC 80; SWISS MADE; AUTOMATIC; TISSOT; 1853; LONGINES; TUDOR; GENEVA; SWISS; OMEGA; SPEEDMASTER; PROFESSIONAL,Polished Creator,Tutorial,false,yes,,https://www.tiktok.com/@imawristocrat/video/7685022938621381896
watches,luxury watches,2026-09-13,2026-10-01,andiotwatche,ANDIOT WATCHES,636,15,1,,#luxurywatch #fyp #watches #luxury #watch,"An unboxing video showcasing a high-end replica chronograph watch, complete with branded presentation packaging, warranty documentation, and close-ups of the mechanical movement and wrist fit, targeted at watch enthusiasts.",Guangzhou China Super Clone 1:1; OMEGA; Speedmaster; PROFESSIONAL; MASTER CHRONOMETER; TACHYMETRE,Polished Creator,Unboxing,true,yes,possible off-topic,https://www.tiktok.com/@andiotwatche/video/7685105302445755662
watches,luxury watches,2026-09-14,2026-10-01,the.wristpulse,Time Reborn,9968,22,4,10,Today 7:30 pm New York time!!! All watches starting bid from 1$ auction!!! Make sure you guys are here!!!#timereborn #luxurywatches #watchliveauction #tudor #omega,A watch dealer builds excitement for an upcoming TikTok live auction by panning over a breathtaking collection of luxury timepieces while announcing a one-dollar starting bid.,"HELLO, GUYS. ALL WATCHES STARTING BIT FROM ONE DOLLAR'S AUCTION TODAY, SEVEN PM EASTERN TIME. SO MANY GOOD WATCHES. OH, MY GOD, IT'S BREATHTAKING. WE'RE HAVING HUBLOT, WE'RE HAVING TUDORS, WE'RE HAVING SO MANY OMEGAS. WE'RE HAVING CARTIER'S, CHOPARD AND SO ON. WE'RE GOING TO SEE YOU GUYS TODAY SEVEN THIRTY PM EASTERN TIME.",Raw UGC,Review,true,yes,,https://www.tiktok.com/@the.wristpulse/video/7685375138065435934
watches,luxury watches,2026-09-14,2026-10-01,rhonacai47,Lisa Wrist watch,265200,2383,92,179,"Guangzhou China
watches
#watch #mechanicalwatch #luxurywatches #menswatch #luxurywatch","A silent, high-definition POV video demonstrates the unboxing and wrist placement of a luxury mechanical watch featuring a Patek Philippe branded clasp, black dial, and grey rubber strap, originating from Guangzhou.",PATEK PHILIPPE GENEVE; 3; 9; 12; 1; 2; 4; 5; 6; 7; 8; 10; 11; LOCAL; 29-31-1; 3-5-7-9-11-13-15-17-19-21-23-25-27,Raw UGC,Haul,true,yes,,https://www.tiktok.com/@rhonacai47/video/7685435405012864278
watches,luxury watches,2026-09-15,2026-10-01,lea732124,lea world watch,1596,27,4,,"Guangzhou china Rolex 
#watch #mechanicalwatch #luxurywatches #menswatch #luxurywatch","A short, high-impact luxury watch flex video featuring a Rolex DateJust with a green dial, opening with a dynamic motion-blur transition and set to an assertive hip-hop audio track, posted by an account associated with Guangzhou, China.",ROLEX OYSTER PERPETUAL DATEJUST SUPERLATIVE CHRONOMETER OFFICIALLY CERTIFIED SWISS MADE,Polished Creator,Haul,true,yes,,https://www.tiktok.com/@lea732124/video/7685579567481851156
watches,watch collection,2026-09-15,2026-10-01,docphantastic,docphantastic,52900,1285,103,117,"Wrist check: wedding edition 💎 @mark.r.millet and @luzianeborges4 

Some serious pieces came out for this one.

#WristCheck #WatchCollection #Rolex #healthcare",A creator attends a corporate VP's wedding and films a high-end watch wrist check montage featuring luxury timepieces ranging from hundreds to hundreds of thousands of dollars.,"POV: YOU DO A WRIST CHECK AT YOUR VP'S WEDDING; ROLEX DAYTONA ICE BLUE DIAL $120,000; CARTIER LOVE BRACELET $8000; ROLEX OYSTER PERPETUAL $9000; TUDOR BLACK BAY 58 $5500; PANERAI RADIOMIR 40MM $6500; MOVADO WATCH $900.00; GARMIN $350.00; APPLE WATCH ULTRA $800.00; ROLEX OYSTER PERPETUAL EXPLORER $11,000; ROLEX GMT ROOTBEER $23,500; ROLEX YACHT MASTER II $20,000; ROLEX PANDA DAYTONA $40,000; RADO WATCH $1,700,00; ROLEX GMT SPRITE $18,500; TANK LOUIS CARTIER $12,500; PERMANENT GOLD BRACELETS; TISSOT 1853 $1300; MICHELLE $2500; TISSOT $600; NIXON WATCH $300.00; VP...; ROLEX SKY DWELLER $28,500",Polished Creator,Vlog,false,yes,possible off-topic,https://www.tiktok.com/@docphantastic/video/7685752908566072606
watches,luxury watches,2026-09-16,2026-10-01,vswatches3gogo,VS watches,421400,3226,47,99,#watches #rolex #daytona #datejust #luxury,"A silent, tactile first-person demonstration of a luxury silver chronograph watch and its deployment clasp, targeting watch enthusiasts through clean visual aesthetics.",,Raw UGC,Haul,true,yes,,https://www.tiktok.com/@vswatches3gogo/video/7685987906812661025
watches,vintage watches,2026-09-16,2026-10-01,har1ayyy,Harlayyy,21600,592,67,33,"Have you seen these watches before? 
#watchtok #watchcollector #watches #watch #watchcollection","A watch enthusiast creator counts down ten obscure and interesting watches ranging from affordable microbrands to luxury pieces, detailing their movements, specs, and price points while asking viewers for their opinions.","10 watches You Never Heard Of Part 4; Sea-Gull Bauhaus $236; Valusis Volt Automatic $350; VERO X Wildwood $650; Oceaneva Tempus Pure $699; BVOR Vision $740; Escudo Silver Inox 39mm $1,660; Evora Midnight (V2) $60; 90% titanium 6% aluminum 4% vanadium; Norqain Wild One $17,890; Blancpain Villaret Ultraplate $29,100; Geo Noctiluca Chrono $550; WATCHES YOU NEVER HEARD OF PART 4; 1. SEA-GULL BAUHAUS $236; 2. VALUSIS VOLT AUTOMATIC $350; 3. VERO X WILDWOOD $650; 4. OCEANEVA TEMPUS $699; 5. BVOR VISION $740; 6. ESCUDO SILVER INOX 39MM $1,660; 7. EVORA MIDNIGHT (V2) $60; 8. NORQAIN WILD ONE $17,890; 9. BLANC PAIN VILLARET ULTRAPLATE $29,100; 10. GEO NOCTILUCA CHRONO $550",Polished Creator,Review,false,yes,,https://www.tiktok.com/@har1ayyy/video/7686249175490530591
watches,vintage watches,2026-09-17,2026-10-01,imawristocrat,Metta Tan,50300,2367,32,82,Best vintage watches for men in their 20s #watches #luxurywatches #watchcollector #WatchFam #WatchTok,"A watch creator presents a structured, budget-tiered guide to the best vintage men's watches ranging from Tag Heuer models under $500 to Rolex Datejusts at $5,000, offering expert tips on movement types, dial variants, and collecting pitfalls.",10/10 Vintage Watches for men; Tag Heuer - $300; Omega Seamaster - $700; Omega Constellation - $1000+; Omega Seamaster - $2000+; Tudor Prince Day Date - $3000+; Rolex Datejust - $5000,Polished Creator,Tutorial,false,yes,,https://www.tiktok.com/@imawristocrat/video/7686505686775221512
watches,vintage watches,2026-09-17,2026-10-01,shewearswatches,shewearswatches,5310,393,15,50,"She wears watches… 

Vintage Audemars Piguet Ladies Watch ⏱️

DM for pricing & details! 

#vintagewatch #audemarspiguet #ladieswatch #watchcollector #vintagecollection","A luxury vintage watch dealer presents a rare 1970s Audemars Piguet ladies watch in 18k gold and diamonds, detailing its craftsmanship and inviting purchase inquiries.",AP logo on watch dial; Audemars Piguet text on watch dial; serial number engraving on case back N 65979.,Polished Creator,Review,true,yes,,https://www.tiktok.com/@shewearswatches/video/7686539892318326029
watches,vintage watches,2026-09-17,2026-10-01,queenmayjewelry_capemay,Queen May Jewelry,16900,1453,14,282,"Sourced & Sold @shewearswatches 🤎 

Vintage Rolex Ladies
14K Yellow Gold 
Diamond Bezel Oval Shaped Florentine Bracelet 
Mechanical Movement Watch
 
Follow for more! #queenmay 

#vintagewatch #ladies","A polished luxury vintage watch showcase featuring a rare 14K yellow gold ladies Rolex with a Florentine bracelet and diamond bezel, posted by Queen May Jewelry.",100 WATCHES (partially visible on underlying surface),Polished Creator,Haul,true,yes,,https://www.tiktok.com/@queenmayjewelry_capemay/video/7686558023690603789
watches,luxury watches,2026-09-17,2026-10-01,johnettebeasley1,Echotime.17,178600,4615,73,148,#watches #luxurywatches #vacheronconstantin,"A silent, high-definition ASMR demonstration of a luxury Vacheron Constantin watch being unclasped, fitted to the wrist, and displayed in its full dial aesthetic.",VACHERON CONSTANTIN GENEVE; SWISS MADE; 3014; 848 STAINLESS STEEL,Polished Creator,Review,false,yes,,https://www.tiktok.com/@johnettebeasley1/video/7686562783420370207
watches,watch collection,2026-09-17,2026-10-01,theicedcoffeehour,The Iced Coffee Hour,213500,7524,87,235,3 Watches EVERY Man Should Own!,"A podcast horology expert lists three essential watches every man should own—the Omega Speedmaster, Tudor Black Bay Pro, and a pre-owned Chopard—supported by detailed macro B-roll and pricing insights.",3 WATCHES EVERY MAN SHOULD OWN.; THE ICED COFFEE HOUR; OMEGA Speedmaster PROFESSIONAL; TUDOR GENEVA; CHOPARD CHRONOMETER; LU CHOPARD,Polished Creator,Tutorial,false,yes,,https://www.tiktok.com/@theicedcoffeehour/video/7686376376923852053
watches,watchtok,2026-09-17,2026-10-02,oddhourwatchess,OddHour,63200,8337,40,454,Would you wear this? 📀🖤 #retro #y2k #watchtok #2000s,"A short, aesthetically driven TikTok post featuring a Y2K-style silver watch paired with nostalgic props, prompting audience engagement with the question 'Would you wear this?'",Would you wear this? 📀🖤,Curated Aesthetic,Review,true,yes,,https://www.tiktok.com/@oddhourwatchess/video/7686587617147735318
watches,watch collection,2026-09-17,2026-10-01,imgriffinjohnson,griffinjohnson,601700,68500,541,2995,Henry Cavill and I enjoying @Longines #TheLonginesMasterCollection #LonginesPartner,"TikTok creator Griffin Johnson collaborates with actor Henry Cavill at a Longines event to review and compare their luxury timepieces in a casual, unscripted interaction.",LONGINES; THE LONGINES MASTER COLLECTION; Longines Partner; Various book titles on shelves including Epicurean; I'm here with Henry Cavill at the Longines Master Collection I have to ask can you rate my watch one to ten Okay is a 10 out of 10 personally what I love about this watch in particular is that my taste tend to lie towards a more heritage vintage style but it has this wonderful sophisticated monopusher there as well I love that and I actually love the coloring on here I'm wearing something almost identical but I've got the icy blue very good let's see these together originally I would have just shown the two together I would have 100% gone with the ivory but now that I've worn the icy blue for the evening I don't know icy blue jury's out icy blue I don't know which one,Raw UGC,Vlog,true,yes,,https://www.tiktok.com/@imgriffinjohnson/video/7686593159610092813
watches,watch collection,2026-09-17,2026-10-01,hustlenationpodcast,Hustle Nation,1100000,32400,738,505,"The quest for the Rolex Ruby Daytona is complete! Unveiling this legend, valued at over $3.5M. Wait for it... #Rolex #WatchCollector #LuxuryWatches #Daytona #RareFind #WatchGeek","Celebrity investor Kevin O'Leary recounts the emotional and dramatic acquisition of an ultra-rare, multi-million-dollar Rolex Ruby and Diamond Daytona on a podcast.","MNN on microphone flag; Currency, Fixed Income, Mortgages on book spines; The Holy Grail Watch That Doesn't Exist on overlay",Polished Creator,Interview,false,yes,,https://www.tiktok.com/@hustlenationpodcast/video/7686621078550072589
watches,luxury watches,2026-09-18,2026-10-01,julianvalis,Julian Valis,243600,9489,56,135,"Have you ever seen a watch with a hole in the dial? 👀

Our Open Heart collection drops next Saturday, the 26th. Follow us for more! #watch #oldmoney #luxury #wristwatch","Independent watch designer Julian Valis shares the stressful manufacturing journey behind his brand's upcoming Open Heart collection, demonstrating how he overcame supplier failures and dial-cutting errors to deliver a rose-gold automatic watch for under 300 dollars ahead of the September 26th drop.","JULIAN VALIS; AUTOMATIC; Have you ever seen a watch with a hole in the dial? 👀; Our Open Heart collection drops next Saturday, the 26th. Follow us for more! #watch #oldmoney #luxury #wristwatch",Raw UGC,Behind-the-scenes,true,yes,,https://www.tiktok.com/@julianvalis/video/7686667605028916493
watches,watch collection,2026-09-18,2026-10-01,imawristocrat,Metta Tan,76100,3660,39,70,10/10 watches for men in their 20s Part 2 #watches #luxurywatches #watchcollector #WatchFam #WatchTok,"A watch creator presents part two of his recommended watches for men in their 20s, scaling from a $100 Casio to a $15K Rolex Explorer 2, detailing the value proposition and ideal life stage for each timepiece.",10/10 Watches for Men in their 20s Part 2; Casio AQ230 - $100; Citizen Tsuyosa - $500; Longines Conquest - $2000+; Cartier Tank - $3000-5000+; Omega Seamaster - $5000+; Rolex Explorer 2 - $10000+,Polished Creator,Review,false,yes,,https://www.tiktok.com/@imawristocrat/video/7686697724078558472
watches,luxury watches,2026-09-18,2026-10-01,andiotwatche,ANDIOT WATCHES,399,6,,,#watches #fyp #luxury #watch #luxurywatch,"A slick, POV-style product showcase highlighting a high-end replica skeleton watch from Guangzhou, emphasizing mechanical detail, premium packaging, and wrist presence.",GuangZhou China Super Clone 1:1; RICHARD MILLE; GP-015 170MF; LUCK TIMEPIECES,Polished Creator,Haul,true,yes,possible off-topic,https://www.tiktok.com/@andiotwatche/video/7686916573633727758
watches,luxury watches,2026-09-18,2026-10-01,andiotwatche,ANDIOT WATCHES,783,7,1,,#luxurywatch #watch #fyp #watches #luxury,"A silent TikTok video showcasing an unboxing and detailed wrist-roll of a gold chronograph watch with an orange strap, identified on-screen as a super clone from Guangzhou.",GuangZhou China Super Clone 1:1; ROLEX; UNITS PER HOUR; LUCK TIMEPIECES,Polished Creator,Review,true,yes,possible off-topic,https://www.tiktok.com/@andiotwatche/video/7686917238460288269
watches,luxury watches,2026-09-19,2026-10-01,dailydeluxe.official,Dailydeluxe,218800,10100,93,1021,"$27,364,000 worth of Jacob & Co. WATCHES on the wrist. 🤯💎

Seven watches. One brand. More than $27 MILLION in some of the craziest high-jewelry timepieces Jacob & Co. has ever created.

🌈 Billionai","A silent, high-impact showcase of seven Jacob & Co watches totaling over $27 million, utilizing extreme close-up videography and prominent price tag overlays to captivate viewers.","$990.000,00; $6.000.000,00; $9.000.000,00; $7.700.000,00; $814.000,000 [sic]; $1.100.000,00; $1.760.000,00",Polished Creator,Haul,false,yes,,https://www.tiktok.com/@dailydeluxe.official/video/7687145516165123360
watches,luxury watches,2026-09-19,2026-10-01,itsromankhan,Roman Khan,583700,13500,110,155,"Wearing $4.9 MILLION on the wrist… ⌚💎
Some watches tell time. This one tells a whole different story. 😮‍💨🔥

#4MillionWatch #LuxuryWatch #MillionDollarWatch #LuxuryLifestyle #duba @Lovin Dubai | لو","Creator Roman Khan showcases a rare $4.9 million Louis Moinet watch containing Mars and moon meteorite stones, blending high-end luxury flexing with charismatic social media performance.",4.9 MILLION DOLLAR; LOUIS MOINET 1806; CERTIFICATE OF AUTHENTICITY AND GUARANTEE,Polished Creator,Flex,true,yes,,https://www.tiktok.com/@itsromankhan/video/7687186296267083016
watches,luxury watches,2026-09-19,2026-10-01,johnettebeasley1,Echotime.17,38500,1695,90,111,#watches #luxurywatches #omega,"A silent, high-end visual showcase of the Omega Speedmaster Professional Silver Snoopy Award watch, targeting luxury watch enthusiasts through detailed macro cinematography.",TACHYMETRE; OMEGA Speedmaster PROFESSIONAL; 50TH ANNIVERSARY; EYES ON THE STARS; SILVER SNOOPY AWARD; CO-AXIAL MASTER CHRONOMETER; CAL. 3861; APOLLO XIII; NASA; AIT/LOCK,Polished Creator,Review,false,yes,,https://www.tiktok.com/@johnettebeasley1/video/7687299069852585247
watches,vintage watches,2026-09-19,2026-10-01,leatherinjuly,Sara Croft,4145,262,11,2,"You can buy a cheap new watch, or you can buy one with a backstory. 🖤🫶 

#vintagewatch #bulova #vintagestyle #vintage #thriftedfinds","Creator Sara Croft shares her excitement over purchasing a 1975 vintage Bulova watch on Poshmark, explaining why she prefers secondhand items with history over fast-fashion alternatives.",Why would I buy a new watch when vintage ones are this pretty?!; BILOVA BASE METAL BEZEL STAINLESS STEEL BACK; Love Merv 1975; 820176,Raw UGC,Vlog,false,yes,,https://www.tiktok.com/@leatherinjuly/video/7687367960096181511
watches,watches,2026-09-20,2026-10-01,kenneekksjz,Joker watch,42400,769,44,42,#watch #watchlover #watches #watchmegrow #fyp,"A silent visual showcase of the Omega Seamaster Planet Ocean America's Cup edition, emphasizing its intricate caseback engraving, clasp mechanism, and dial design through macro POV shots.","NAIAD LOCK, 36TH AMERICA'S CUP AUCKLAND 2021, DEEP BLACK, PLANET OCEAN, 600m/2000ft, OMEGA, SEAMASTER, PROFESSIONAL, CO-AXIAL MASTER CHRONOMETER, OMEGA logo and symbol",Polished Creator,Review,false,yes,,https://www.tiktok.com/@kenneekksjz/video/7687611889588686102
watches,watches,2026-09-20,2026-10-01,andiotwatche,ANDIOT WATCHES,6928,83,7,29,#luxurywatch #fyp #watches #luxury #watch,"A silent, high-end unboxing video showcasing a rose-gold chronograph watch replica presented in branded packaging with cinematic music and an on-screen label reading Guangzhou China Super Clone 1:1.",Guangzhou China Super Clone 1:1; ROLEX; GARANTIE INTERNATIONALE; SWISS MADE; OYSTERFLEX,Polished Creator,Review,true,yes,possible off-topic,https://www.tiktok.com/@andiotwatche/video/7687728891128990990
watches,luxury watches,2026-09-21,2026-10-01,fionatiao4,Sophia watch,85600,982,88,55,"Guangzhou China watches
#watch #mechanicalwatch #luxurywatches #menswatch #luxurywatch","A silent TikTok video showcasing the details of a luxury-branded mechanical watch, posted by a seller in Guangzhou, China.",MAXWATCH; www.maxwatch.ee; OMEGA; CO-AXIAL; MASTER CHRONOMETER; 300m / 1000ft; PROFESSIONAL,Raw UGC,Haul,true,yes,,https://www.tiktok.com/@fionatiao4/video/7687847790986284310
watches,watchtok,2026-09-21,2026-10-02,meetminuteske,Watchfluencer.ke,92000,13100,297,81,"No mabati in sight 😂. Congratulations @wong'💜🖤 

#kenya #watches #watchtok #watchreview #watchspotting","Kenyan watch influencer Watchfluencer.ke reacts to viral skepticism surrounding his client Wong's new Rolex Datejust Wimbledon, delivering a detailed authentication breakdown to prove the luxury timepiece is genuine.",ROLEX,Raw UGC,Reaction,false,yes,,https://www.tiktok.com/@meetminuteske/video/7687897262772702485
watches,watch collection,2026-09-21,2026-10-01,bens_watches,Ben's Watches,21500000,1300000,12300,46900,POV: you ask every guest at a wedding to show you their watch,"A watch creator attends a wedding and runs a rapid-fire watch check on guests, showcasing an array of timepieces ranging from affordable fitness bands to high-end luxury watches.","POV: you ask every guest at a wedding to show you their watch; Whoop $200; Omega Seamaster $5,000; Oris 'Lou Gehrig' $2,850; Rolex 76080 $4,900; Rolex Datejust $6,500; Tissot PRX $400; Seiko x Rowing Blazers x Wind Vintage $475; Seiko Speedtimer $650; Omega MoonSwatch $400",Raw UGC,Vlog,false,yes,,https://www.tiktok.com/@bens_watches/video/7687986529922223374
watches,watchtok,2026-09-21,2026-10-02,hot_horology,HOT HOROLOGY,66700,3908,68,44,Rating Andy’s watch collection without his permission. @Andy’s Watches #watchtok #watchcommunity #watchcollection #watches #watchenthusiast,A watch enthusiast reviews his personal collection of affordable to mid-tier mechanical watches while a friend reacts and rates each piece out of ten.,My Current Watch Collection,Raw UGC,Review,false,yes,,https://www.tiktok.com/@hot_horology/video/7688052855898524958
watches,watch collection,2026-09-21,2026-10-01,cjrows,cj,1488,55,5,1,watch collection as a second year student,"A creator showcases an expensive luxury watch collection consisting of multiple Rolexes, a Cartier, and a Tissot, ironically labeled as a realistic collection for a college student.",watch collection as a college student (realistic),Raw UGC,Vlog,false,yes,,https://www.tiktok.com/@cjrows/video/7688119301630364959
watches,watch collection,2026-09-22,2026-10-01,xander.beseiso,The Jacked Horologist 💪🏼⌚️,389100,19600,909,496,"If you’re looking to buy a watch, there are a few brands that I would steer clear from for different reasons. Here is a list of the top 5 worst watch brands to avoid.
#watches #watchtok #watchcollecto","A watch enthusiast shares a definitive list of the top five worst watch brands to avoid, delivered in a quick-fire talking-head format from a car interior.","Top 5 WORST watch brands
1. Valusis
2. Hublot
3. Lucky Fours
4. Jacob & Co
5. Invicta",Raw UGC,Opinion,false,yes,,https://www.tiktok.com/@xander.beseiso/video/7688178032355429663
watches,luxury watches,2026-09-22,2026-10-01,johnettebeasley1,Echotime.17,38400,932,32,29,#watches #luxurywatches #tudor,"A clean, ASMR-style mechanical demonstration of a Tudor Pelagos luxury dive watch, highlighting its clasp mechanism and dial details.",TUDOR GENÈVE; PELAGOS; MASTER CHRONOMETER; 1000m=3280ft; SWISS MADE; TUDOR; GENÈVE,Polished Creator,Review,false,yes,,https://www.tiktok.com/@johnettebeasley1/video/7688229539020852510
watches,watches,2026-09-22,2026-10-01,netta.lgv,Netta 🤍,12600,162,2,39,"lets unbox my brand new watches ✨🫶🏼
so in love with them 🥹
#fyp #applewatch #apple #unboxing","A clean, aesthetic overhead unboxing video of an Apple Watch Series 12 Space Gray 42mm, featuring satisfying tactile hand movements and smooth pacing.",Apple Watch series 12 Space Gray 42mm unboxing; 10:09; Designed by Apple in California; FC CE [recycle symbol]; Apple Watch; hello; Start; Avviare iPhone ad Apple Watch,Raw UGC,Unboxing,false,yes,possible off-topic,https://www.tiktok.com/@netta.lgv/video/7688301880535026964
watches,watchtok,2026-09-22,2026-10-02,ticktokstayhot,ticktokstayhot,5454,459,56,11,"A fit & the watch. If you don’t know this brand already.. you should. Glycine Airman World Timer. Show me your favorite cool history watch brands

#watchesoftikok #watchtok #menswatch #womenswatches #","A watch enthusiast creator shares her outfit and reviews the Glycine Airman World Timer watch from her car, highlighting its history and affordability while inviting comments on other historical watch brands.",,Raw UGC,Vlog,false,yes,,https://www.tiktok.com/@ticktokstayhot/video/7688358226793860382
watches,luxury watches,2026-09-22,2026-10-01,_thewatchdealer_,The Watch Dealer,2125,115,3,16,"Rolex Daytona Vintage Black Dial

All watches available, DM for price.

#Rolex #RolexDaytona #WatchCollector #LuxuryWatches","A luxury watch dealer showcases a vintage Rolex Daytona black dial on-wrist in a moody, fog-filled cinematic setting, accompanied by dramatic dialogue and a call to action to DM for pricing.","Rolex Daytona Vintage Black Dial

All watches available, DM for price.

#Rolex #RolexDaytona #WatchCollector #LuxuryWatches",Polished Creator,Aesthetic,true,yes,,https://www.tiktok.com/@_thewatchdealer_/video/7688381425933913377
watches,vintage watches,2026-09-22,2026-10-01,morefromminaa,mina,8055,368,9,14,the watch girl is back 💫 dropping this Saturday 9/26 🙂‍↔️ #vintagewatch #cartierwatch #thekismetreserve,A fashion creator challenges the necessity of owning a Cartier watch by showcasing stylish vintage alternatives from her upcoming curation drop on The Kismet Reserve.,YOU DONT NEED A CARTIER WATCH TO LOOK CHIC; here are some watches; just as chic; if not more; in my opinion; starting off with the one; most excited for; this vintage Gucci watch; coolest ones; i've ever seen; you get it; you don't; next up is this; vintage Seiko watch; i love a dainty watch; and i love a different dial; another gorgeous vintage seiko; with this beautiful opal dial; for the girls that want; equal parts; bracelet and watch; this one's for you; super cute vintage seiko; with this little charm; gorgeous; and if you're a; Vivienne Westwood lover; you're gonna love this watch; with really fun proportions; and she was also featured; on cosmopolitan; all of these watches will be available; on The Kismet Reserve; this Saturday September 26th; at 11:30am; bye; gucci; COSMOPOLITAN; LOVE; POP CULTURE; STYLE; BEAUTY; FEATURES; MORE; Is It Just Us? Or Is Swimwear the New Street,Raw UGC,Haul,true,yes,,https://www.tiktok.com/@morefromminaa/video/7688394896083799327
watches,luxury watches,2026-09-22,2026-10-01,fxrif0,Mastercraft Watch STOR,351,24,,,"Do you like this one, or anothers?#luxury#women's watch#copy watch#1:1#watch recommendation",A short-form TikTok video by Mastercraft Watch STOR showcasing close-up wrist shots of two luxury-style replica watches—a stainless steel chronograph and a black skeletonized timepiece—prompting viewers to choose their favorite.,,Raw UGC,Review,true,yes,possible off-topic,https://www.tiktok.com/@fxrif0/video/7688463924638911762
watches,watch collection,2026-09-23,2026-10-01,the.watch.chronic,Andy’s Watches,14800,1025,57,3,Rating Collections Continued #fypシ゚viral #watchesoftikok #andyswatches #trending #ratingthings,"Andy's Watches stitches a video of another creator sharing his watch collection, providing live, humorous, and encouraging commentary on each piece while deciding to split the review into two parts.",Rating Watch Collections Without Permission; TikTok @black_bile0; #fypシ゚viral #watchesoftikok #andyswatches #trending #ratingthings,Raw UGC,Reaction,false,yes,,https://www.tiktok.com/@the.watch.chronic/video/7688529518306331918
watches,vintage watches,2026-09-23,2026-10-01,thrift_guy,MaddFinds,158800,26200,357,1485,I found 2 musical Seiko clocks at the thrift store for $6 each!! one of them is working now and almost complete!! 💖 #clocks #vintage #seiko #diy #seikoclocks,"A creator showcases a vintage musical Seiko clock found at a thrift store for six dollars, detailing the two-night restoration process of soldering and rewiring to get it functioning while waiting for replacement movements from the UK.",I found 2 of these Seiko clocks at the thrift store for $6 each!!; Love Me Tender; Imagine; My Heart Will Go On; The Long and Winding Road; Can't Help Falling in Love; Something; A Lover's Concerto; Yesterday; SEIKO; After 2 nights of soldering scrubbing corrosion and rewiring one of them is working!!; Just waiting on the clock movements to arrive from the UK!,Raw UGC,Vlog,false,yes,,https://www.tiktok.com/@thrift_guy/video/7688579047093194015
watches,luxury watches,2026-09-23,2026-10-01,johnettebeasley1,Echotime.17,4010,57,3,7,#watches #luxurywatches #rolex #submariner,"A short-form POV showcase of a luxury stainless steel Rolex Submariner watch being removed from its pouch, demonstrated, and worn, targeting watch collectors with clean visual aesthetics.",,Polished Creator,Review,false,yes,,https://www.tiktok.com/@johnettebeasley1/video/7688595082378775839
watches,watch collection,2026-09-23,2026-10-01,justhere2create,Nick Spencer,19200,1433,102,,The current watch collection. It’s official…I have too many hobbies. I’m super pumped to see what I can add to the collection 🤌🏼 #watchtok #watchtiktok #watchcollector #seiko #seikowatch,"Nick Spencer introduces his modest watch collection with self-deprecating humor, showcasing a Seiko Presage and Seiko 5 field watch from inside an oversized family heirloom box before asking followers for next-purchase recommendations.","MY WATCH COLLECTION; THIS IS PROBABLY GONNA BE PRETTY DISAPPOINTING, BUT DAMN IT, WE ALL HAVE TO START SOMEWHERE. SEIKO PRESAGE COCKTAIL TIME IN BLUE; SEIKO 5 SPORTS SKX",Raw UGC,Vlog,false,yes,,https://www.tiktok.com/@justhere2create/video/7688877723581779213
watches,luxury watches,2026-09-24,2026-10-01,johnettebeasley1,Echotime.17,26100,415,15,25,#watches #luxurywatches #rolex,"A silent, high-production-value POV video showcasing the unboxing and wrist placement of a Rolex Day-Date with a green dial, targeted at luxury watch enthusiasts and collectors.","SATURDAY
ROLEX OYSTER PERPETUAL DAY-DATE
SUPERLATIVE CHRONOMETER OFFICIALLY CERTIFIED
SWISS MADE
ROLEX",Polished Creator,Aesthetic,false,yes,,https://www.tiktok.com/@johnettebeasley1/video/7688968717681626398
watches,luxury watches,2026-09-24,2026-10-01,boluwatife.010,bb smart,432,12,1,,3 of the most expensive Rolex watches ever sold 👑 Which one would you wear? @GrailDrawTikTok #GrailDraw #Rolex #LuxuryWatches #watchtok,"A fast-paced countdown of the three most expensive Rolex watches ever sold at auction, highlighting their historical significance, unique features, and multi-million dollar price tags.","GRAIL DRAW, THE 3 MOST EXPENSIVE ROLEX WATCHES, #3, ROLEX BAO DAI 6062, $5.1 MILLION, #2, DAYTONA UNICORN 6265, $5.9 MILLION, #1, $17.8 MILLION, PAUL NEWMAN DAYTONA 6239, BB SMARTS",Polished Creator,Top-list,true,yes,,https://www.tiktok.com/@boluwatife.010/video/7688974377936882964
watches,luxury watches,2026-09-24,2026-10-01,luxeplorationwithnellyb,NELLY B🤸🏾‍♀️,2674,155,9,17,So worth it. Best investment in a while! #rolex #blackgirlluxury #smallcreator #datejust #fyp,"A creator proudly showcases her new Rolex watch as an empowering investment for women entering their thirties, aligning with the 'black girl luxury' aesthetic and engaging her community through aspirational lifestyle content.",✨+ Every woman entering her 30s needs her big girl watch✨+ Here's mine... 26mm lady datejust Rolex Two tone jubilee bracelet Diamond hour markers With a mother of pearl face,Polished Creator,Photo-dump,false,yes,,https://www.tiktok.com/@luxeplorationwithnellyb/video/7689132492347034910
watches,watch collection,2026-09-24,2026-10-01,johnettebeasley1,Echotime.17,15800,357,10,11,#watches #luxurywatches #tagheuer,"A silent, high-definition macro POV video unboxing and inspecting a Tag Heuer chronograph watch, highlighting its design, textures, and branding for watch enthusiasts.","TAG HEUER, TACHYMETRE, SWISS MADE SINCE 1860, WATER RESISTANT 200 METERS STAINLESS STEEL, SAPPHIRE CRYSTAL",Polished Creator,Review,true,yes,,https://www.tiktok.com/@johnettebeasley1/video/7689152376120380703
watches,luxury watches,2026-09-25,2026-10-01,nshsh7265,nshsh7265,196,1,,1,#LuxuryWatch #timepieces #luxurystyle #fyp #unbox,A high-production luxury watch showcase video featuring macro cinematography of a diamond-set timepiece and a voiceover pitching boutique-level quality at a fraction of the cost.,"ROLEX OYSTER PERPETUAL DATEJUST, DUAL-SYNC PROMETHE DATE TIME, SWISS MADE",High-Production,Review,true,yes,,https://www.tiktok.com/@nshsh7265/video/7689327609011850526
watches,watch collection,2026-09-25,2026-10-01,dailydeluxe.official,Dailydeluxe,1700000,76300,2020,6306,"The Jacob & Co. Astronomia Four-Axis Tourbillon 💎

One of the most spectacular pieces of mechanical watchmaking you can put on the wrist.

Housed inside a massive rose gold and sapphire case, the Ast","A silent, high-impact showcase of the Jacob & Co. Astronomia Four-Axis Tourbillon watch, emphasizing its massive scale, intricate mechanics, and multi-hundred-thousand-dollar price tag.","Worlds first Four-Axis Tourbillon $770.000,00; JACOB & CO; GENEVE; CONSTANT FANS; ASTRONOMIA",Polished Creator,Vlog,false,yes,,https://www.tiktok.com/@dailydeluxe.official/video/7689356468872629537
watches,luxury watches,2026-09-25,2026-10-01,black.edition691,Black Edition,26300,312,16,16,The 10-Second Watch Reveal #creatorsearchinsights #watchformen #luxurywatches #watchlover #wristwatch,"A short-form promotional product video showcasing a black men's wristwatch with a compass-star dial, featuring a 50 percent discount offer in Georgian text and upbeat background music.","გაგზავნით ყველგან
-50% ფასდაკლება",Polished Creator,Review,true,yes,,https://www.tiktok.com/@black.edition691/video/7689487937683115265
watches,watch collection,2026-09-25,2026-10-01,grailzee.com,grailzee,42400,916,49,9,"What 3 would you choose? 🧐

#watchcollector #luxurywatch #luxurywatches #watches","A female luxury watch creator reacts to another watch expert's $100,000 three-watch collection challenge, humorously critiquing his choice of a Daytona as a dress watch and offering her own alternatives before prompting audience comments.","What 3 would you choose? 🧐; DAILY WATCH; DRESS WATCH; SPECIAL OCCASION WATCH; $100,000 budget; GRAILZEE",Polished Creator,Reaction,true,yes,,https://www.tiktok.com/@grailzee.com/video/7689514554031672596
watches,watch collection,2026-09-25,2026-10-01,tylertellstime,Tyler - WatchTok!,7980,685,65,6,This is the current state of my collection. No one has permission to rate these. Enjoy! #fyp #watchtok #watchesoftikok #watches #watchcollection,"A WatchTok creator with a self-deprecating and candid persona reviews his diverse, sentimentally driven watch collection in rank order from least-worn to most-worn, rejecting luxury elitism in favor of family heirlooms, budget finds, and community-gifted pieces while previewing upcoming personal milestones.","STRAIGHT OUTTA BIBLE SCHOOL (2 Timothy 2:15), WatchTok, THE WATERBURY GMT, LIONEL, TIMEX, CASIO, INVICTA, ADDIESDIVE, TRAFFORD, G-SHOCK",Raw UGC,Vlog,true,yes,,https://www.tiktok.com/@tylertellstime/video/7689544874894347533
watches,vintage watches,2026-09-25,2026-10-01,taylorhagenwears,Taylor Hagen,106200,6275,130,185,I feel like an adult now #finejewelry #jewelrytiktok #cartierwatch #womenswatch #vintagewatch,"Creator Taylor Hagen shares a storytime video explaining her transition from impulsive fast fashion spending to intentional luxury investments, celebrating the purchase of a vintage 1990s two-tone Cartier Panthere watch as a milestone representing career growth, motherhood, and personal maturity.","WATCH REVEAL
My first big girl watch has arrived
Let's do the reveal
Last year I took a look at all my spending
and I realized I have nothing to show for that
I spent thousands of dollars on random
clothes that I was recycling, selling, getting
sick of and I just was in this endless cycle of
buying things that didn't matter, that weren't
intentional purchases and I had enough
I'm making intentional purchases this year
Like if I want to buy this watch, I can buy it
I have the money, I'm just wasting it on all this crap
So this is truly a full circle moment
If you didn't catch my video where I was doing
the try on, this is from Real Fine Studio
They sourced it for me
And yes, it is sourced and yes, it is vintage,
I will explain
Here she comes
this is the small Panthere two-tone.
number one, it's from the 90s, the early 90s
We can't pinpoint the exact date,
I'm just going to say it's from my birth year, which
is 1990 because there's a very high chance that it
is a style that is available today
The style is different so pre-2017,
there are some differences with
the style and the mini did not exist yet
So this is the small
the thing that I really wanted was the three
rows of gold
It really
balances out the rest of the stainless
thought of just wearing this daily and my
daughter like knowing
that this is
quintessentially her mom and obviously being able
to have it someday is so cool
This is just the culmination of spending
on myself, improving
myself, stepping into my
new role of m",Raw UGC,Storytime,false,yes,,https://www.tiktok.com/@taylorhagenwears/video/7689565604189179150
watches,vintage watches,2026-09-25,2026-10-01,carleedeee,Carly,354200,60100,257,2008,I will never recover from today’s estate sale find. This watch has been on my thrift wish list for so long!! #estatesalefinds #guccibezelwatch #vintage,A TikTok post by Carly showcasing a prized estate sale find—a complete vintage Gucci change-bezel watch set—filmed in a car with excited overlay text expressing disbelief over the lucky score.,GUCCI (on box interior); I fear I may have peaked with today's estate sale find,Raw UGC,Haul,false,yes,,https://www.tiktok.com/@carleedeee/video/7689619299215936798
watches,luxury watches,2026-09-26,2026-10-01,johnettebeasley1,Echotime.17,2542,49,2,7,#watches #luxurywatches #rolex #datejust,"A silent, high-definition visual showcase of a Rolex Datejust watch being unboxed and placed on a wrist, targeted at luxury watch enthusiasts.",ROLEX OYSTER PERPETUAL DATEJUST / SUPERLATIVE CHRONOMETER OFFICIALLY CERTIFIED / SWISS MADE / STEELINOX,Polished Creator,Haul,false,yes,,https://www.tiktok.com/@johnettebeasley1/video/7689718577330425119
watches,luxury watches,2026-09-26,2026-10-01,hotbags256,hotbags256,398,3,,,#luxurywatches#luxury #watches #watch#elegant,"A silent, high-aesthetic TikTok video by hotbags256 showcasing the unboxing and wrist placement of a stainless steel Rolex Oyster Perpetual with a lavender dial, targeting luxury and watch enthusiasts.",ROLEX OYSTER PERPETUAL SUPERLATIVE CHRONOMETER OFFICIALLY CERTIFIED SWISS MADE,Raw UGC,Review,true,yes,,https://www.tiktok.com/@hotbags256/video/7689719497976073503
watches,watchtok,2026-09-26,2026-10-02,crown.timepieces.uk,Crown Timepieces UK,583,46,5,5,Pockets are empty 😅 #WatchTok #WatchCollector #VintageWatches #watches #addiction,"A short, humorous meme posted by Crown Timepieces UK depicting a watch collector searching for funds in front of a luxury watch display case, targeting the watch enthusiast community on TikTok.",Me looking for money to buy another watch...; 4600; 6500; 5250; 6800; 5475; 14600; 7100; 9300; 7350,Raw UGC,Meme,true,yes,,https://www.tiktok.com/@crown.timepieces.uk/video/7689831437649890592
watches,watchtok,2026-09-26,2026-10-02,jinguanta,Joseph Inguanta,14600,157,72,25,Watch of the day #wotd #invicta #watchtok #watch #fyp,"A short, aesthetic TikTok video showcasing a stainless steel Invicta watch with a green dial as the watch of the day, targeted at the WatchTok community.","INVICTA on the clasp and dial; AUTOMATIC PROFESSIONAL INSTRUMENT 200 MT on the dial; bezel numbers 10, 20, 30, 40, 50",Raw UGC,Vlog,false,yes,,https://www.tiktok.com/@jinguanta/video/7689839729147235615
watches,vintage watches,2026-09-26,2026-10-01,retroversemm,Retroverse,2192,119,6,10,"𝟏𝟗𝟖𝟖 𝑺𝒆𝒊𝒌𝒐 𝑫𝒐𝒍𝒄𝒆 — 𝑭𝒓𝒐𝒔𝒕𝒆𝒅 𝑪𝒉𝒂𝒎𝒑𝒂𝒈𝒏𝒆 𝑫𝒊𝒂𝒍 ✨

A beautiful Dolce with a soft frosted champagne dial, finished with black small-grain lizard leather.

• Ref: 7740-5000
•","A stylistic product showcase of a 1988 vintage Seiko Dolce watch, highlighting its design details, specifications, and availability for purchase from Yangon with worldwide shipping.",1988 Seiko Dolce Frosted Champagne Dial,Curated Aesthetic,Aesthetic,true,yes,,https://www.tiktok.com/@retroversemm/video/7689871964265090335
watches,vintage watches,2026-09-26,2026-10-01,johnettebeasley1,Echotime.17,127700,1700,81,93,#watches #luxurywatches #panerai,"A silent POV unboxing video of a Panerai Submersible luxury watch, emphasizing tactile interactions, fine mechanical details, and high-end horological aesthetics.","OFFICINE PANERAI, AUTOMATIC DIVERS PROFESSIONAL, FIRENZE 1860, SUBMERSIBLE, STAINLESS STEEL, SWISS MADE, 300m/1000ft, Made in Italy",Polished Creator,Unboxing,false,yes,,https://www.tiktok.com/@johnettebeasley1/video/7689896305971318047
watches,vintage watches,2026-09-26,2026-10-01,bunbunoclock,🌻bunbunoclock🌻,60400,530,2,21,"NOW AVAILABLE! Link in bio or www.bunbunoclock.com💕

#vintagewatch #jewelryinspo #fall #jewelryhaul #goldjewelry","A visually captivating vintage watch showcase by creator bunbunoclock, presenting various curated collections of antique and vintage timepieces laid out on an old book, accompanied by instrumental music and a call-to-action to purchase via website link.","54-40 OR FIGHT BY EMERSON HOUGH, Today al Bunbunoclock, NOW AVAILABLE! Link in bio or www.bunbunoclock.com💕",Curated Aesthetic,Haul,true,yes,,https://www.tiktok.com/@bunbunoclock/video/7689925655609347342
watches,watchtok,2026-09-27,2026-10-02,originalparadigms,originalparadigms,20700,1086,5,13,"7 affordable watches worth the money 🤝 | linked on my Amazon storefront under “Affordable Watches”

#fashiontiktok #mensfashion #watches #watchtok #casio","A creator presents a fast-paced curation of seven affordable watches under $60, displaying exact pricing and model names via on-screen text while showcasing them on his wrist.","7 affordable watches that are worth the money, Casio Data Bank - $35, Timex Weekender - $46, Casio Wave Cepter - $42, Casio MQ-24 - $34, Casio AQ230 - $55, Casio F91 - $30, Casio World Time - $55",Polished Creator,Tutorial,true,yes,,https://www.tiktok.com/@originalparadigms/video/7690016621372427533
watches,luxury watches,2026-09-27,2026-10-01,dailydeluxe.official,Dailydeluxe,269800,11500,75,602,"Modern Old Money watches. 🥂⌚️
Rolex 1908 with the beautiful Settimo bracelet, Vacheron Constantin 222, Patek 5712, Cartier Skeleton Rose Gold
Quiet luxury isn’t about wearing the loudest watch in the","A curated visual showcase of modern old money luxury watches, featuring high-end pieces from Rolex, Vacheron Constantin, Patek Philippe, Jaeger-LeCoultre, and Cartier, targeted at horology enthusiasts and quiet luxury followers.",Modern Old Money Style Watches; Rolex 1908; VC 222; Patek 5712; JLC Reverso; Cartier Santos Skeleton,Curated Aesthetic,Aesthetic,false,yes,,https://www.tiktok.com/@dailydeluxe.official/video/7690149148959493408
watches,watch collection,2026-09-27,2026-10-01,braddotwatch,brad.watch,98500,9298,91,614,"Don’t buy this, buy that: ladies watches on a budget edition. Everyone loves the Cartier Panthere, Cartier Baignoire and Cartier Tank watches. But they’re out of budget for many people. Have you ever ","A watch creator presents budget-friendly alternatives to iconic luxury women's watches like the Cartier Panthere and Tank, highlighting specific Timex models such as the Addison and Cavatina.","ROADSTER WATCH: Discover the new Roadster watch, available exclusively in the Americas until October. Learn more.; PANTHÈRE, $44,600; ADD TO BAG; Small Women's Watches; Addison; 23mm Stainless Steel Bracelet Watch; 23mm Stainless Steel Bracelet Watch | $159.00; Pre-Order; Estimated ship date Jan 18 - 29, 2027 Pre-order protected by Purple Dot Learn more; BAIGNOIRE WATCH, $9,550; Cavatina; 19mm Leather Strap Watch; Cavatina 19mm Stainless Steel Bangle Watch | $169.00; Cavatina® Luxe 22 mm Stainless Steel; Cavatina® Luxe Leather Strap Watch; Cavatina 19mm Stainless Steel Bracelet Watch; Cavatina 19mm Stainless Steel Bracelet Watch; TANK MUST, $3,750; Timex x Noah Moon Phase Edition - Made Ex, Condition:, Year of production, $678, Plus shipping, Suggest a price, Buy, 95 views in 48 hours",Polished Creator,Review,false,yes,,https://www.tiktok.com/@braddotwatch/video/7690298945418824974
watches,luxury watches,2026-09-27,2026-10-01,danny.wristlocked,Danny | wristlocked,219700,12200,191,837,Is the Cartier Santos worth it? #watches #watchtok #cartier #luxurywatches #menswatches,"A watch creator provides an honest, long-term review of the Cartier Santos large automatic, discussing its durability as a scratch magnet, its daily wearability, and demonstrating how easily it transitions across metal bracelet, black leather, and navy blue leather strap options.",Cartier Santos?; Wait til the end for strap options; Cartier; AUTOMATIC,Raw UGC,Review,false,yes,,https://www.tiktok.com/@danny.wristlocked/video/7690339688057425165
watches,watch collection,2026-09-27,2026-10-01,broadcastingwatches,broadcastingwatches,450700,11900,408,282,It's been great seeing the videos surfacing of wedding wrist checks and getting people excited about watches. This was a fun one to make at a friend's wedding last night! Lots of different styles and ,"A watch creator films a fun 'wrist check' segment at a friend's wedding, capturing nine different guests revealing timepieces ranging from affordable vintage pieces to luxury watches like Grand Seiko, structured like a television show introduction.","WEDDING WATCHES WRIST CHECK; Vintage Cauny $250; Raymond Weil Tango $450; Seiko 5 $270; Tudor Princess Oysterdate $1,600; Seiko Essentials Tank $215; Tag Heuer Formula 1 Quartz Chronograph $2,100; Seiko Lord Matic $450; Orient Bambino $295; Grand Seiko Shunbun $7,200",Raw UGC,Vlog,false,yes,,https://www.tiktok.com/@broadcastingwatches/video/7690342121403895058
watches,vintage watches,2026-09-27,2026-10-01,shewearswatches,shewearswatches,22500,1446,30,233,"Vintage Rolex Ladies 18K Yellow Gold Diamond Bezel Oval Shaped Woven Bracelet Mechanical Movement Watch

Circa Early 1980s
Fits a 6 inch wrist

Sourced & Sold! DM us for more vintage watches! 

#vinta","A luxury vintage watch dealer showcases a rare 1980s Rolex ladies watch in 18K gold with a diamond bezel and woven bracelet, inviting prospective buyers to inquire via direct message.","100 WATCHES 
 CARTER | DARYN SCHNIPPER",Polished Creator,Haul,true,yes,,https://www.tiktok.com/@shewearswatches/video/7690353500793998606
watches,vintage watches,2026-09-28,2026-10-01,hangryb.tch,lizzy,12200,717,3,141,"if you’ve been on the market for a vintage watch, 📍Antoine de Macedo is a must when you’re in Paris ⏱️!!

#paris #parisvintage #vintagewatch #vintagewatch #vintagecartier parisshopping","A polished aesthetic vlog style video recommending Antoine de Macedo in Paris as the ultimate vintage watch destination, highlighting rare Cartier and Patek Philippe timepieces with price tags and store expertise.","MY FAVORITE WATCH STORE IN PARIS; if i can recommend only one watch store in Paris; Antoine de Macedo Watchmaker, 4.5 (136) Watch store Closed, Overview, Reviews, Photos; 25000 €; 38000 €; 19800 €; 35000 €; 16800 €; 18800 €; 22800 €; 24000 €; 55800 €; 28",Polished Creator,Vlog,false,yes,,https://www.tiktok.com/@hangryb.tch/video/7690443646671310111
watches,luxury watches,2026-09-28,2026-10-01,dailydeluxe.official,Dailydeluxe,10900,845,17,77,"$100.000,00 Dollar of Ultra Luxury Jacob & Co Watches 💎

Watches and Wonders Event in the Four Seaons in Geneva 🇨🇭

So many amazing watches from the Billionaire collection to the Bugatti Chiron Tou","A fast-paced luxury showcase video presenting an exclusive look at Jacob & Co timepieces at the Four Seasons in Geneva, emphasizing extreme craftsmanship, gemstone encrustation, and elite lifestyle access.",Over $100.000.00 of Watches; Beautiful Models Everywhere; JACOB & CO GENEVE; TWIN TURBO FURIOUS; The Godfather OPERA BY JACOB & CO.,Raw UGC,Vlog,false,yes,,https://www.tiktok.com/@dailydeluxe.official/video/7690464593436626208
watches,luxury watches,2026-09-28,2026-10-01,_thewatchdealer_,The Watch Dealer,62300,5737,21,113,"Rolex Datejust 41mm - available now
DM for pricing.
Worlwide shipping.
#rolex #watch #money #luxury #datejust","A short, aesthetic wrist-roll video showcasing a Rolex Datejust 41mm with a black dial and jubilee bracelet, posted by a luxury watch dealer with a call to action for direct messaging and worldwide shipping.",,Raw UGC,Review,true,yes,,https://www.tiktok.com/@_thewatchdealer_/video/7690498528791121184
watches,luxury watches,2026-09-28,2026-10-01,nlufum4,Chrono Select,690,2,,,Considerate material pairing enhances overall quality feel.#watch #luxurywatch #timepiece #watchlover,"A polished product showcase of a custom luxury timepiece featuring macro shots of the bracelet, dial, and casing, designed to attract watch enthusiasts and drive profile traffic.",Custom Luxury Watches. Click to view the.hampage bio; ROLEX; Considerate material pairing enhances overall quality feel.,Polished Creator,Haul,true,yes,,https://www.tiktok.com/@nlufum4/video/7690502854091623712
watches,luxury watches,2026-09-28,2026-10-01,jaredsuan69,Mastercraft Watch SH.,279,13,,1,Which watch is your favorite?#watchesformen#watches#top-quality watch#luxury#watch recommendation,A quick dual-watch showcase inviting viewers to choose their favorite design between a gold Rolex and a red Richard Mille style timepiece.,Which watch is your favorite?#watchesformen#watches#top-quality watch#luxury#watch recommendation,Raw UGC,Review,true,yes,,https://www.tiktok.com/@jaredsuan69/video/7690543436327374112
watches,watches,2026-09-28,2026-10-01,the.watch.chronic,Andy’s Watches,13000,952,156,8,Replying to @afish207 I’m tired of this #fypシ゚viral #watchesoftikok #andyswatches #trending,"Watch creator Andy's Watches delivers an aggressive, unfiltered rant from his bed addressing a viewer comment accusing him of buying a Rolex solely for a brand partnership.","Reply to afish207's comment 
Yeah I feel played that I watched video on shopping for a Rolex and now I know he only bought it to promote his partnership",Raw UGC,Rant,false,yes,,https://www.tiktok.com/@the.watch.chronic/video/7690554051313880333
watches,luxury watches,2026-09-28,2026-10-01,rikjhj78,rikjhj-78,20600,298,5,6,#rolex #watches #luxury #business #foryou,"A fast-paced luxury watch-flipping vlog showing a creator negotiating deals on Audemars Piguet watches across New York City jewelry stores, culminating in a quick $2,000 profit.","VVS Jewelers, GIA, Katie & Phelix, Universal Time of New York, W13",Raw UGC,Vlog,false,yes,,https://www.tiktok.com/@rikjhj78/video/7690621676895128846
watches,vintage watches,2026-09-28,2026-10-01,aysh.at.home,Home by Aysh 🌸,774,55,10,3,#watchcollection #finejewellery #vintage #vintagewatch #vintageaesthetics,"A short, aesthetically pleasing video by creator Home by Aysh 🌸 featuring an overhead unboxing of a vintage wooden jewelry box filled with gold watches and accessories, paired with a witty text overlay subverting the phrase 'money can't buy happiness'.","money
can't
buy
happiness
but
it
can
buy
you
Accessories",Curated Aesthetic,Aesthetic,false,yes,,https://www.tiktok.com/@aysh.at.home/video/7690673983477386518
watches,watchtok,2026-09-28,2026-10-02,angrywatchguy,AngryWatchGuy,1097,133,48,9,"Alright @La Touraine Watches ⌚️ and @Monterey Watch Co. this is getting out of hand.

#watchtok #watchfam #angrywatchguy #watches #microbrandwatches","Creator AngryWatchGuy humorously laments that microbrand watchmakers are ruining his marriage by releasing gorgeous timepieces, specifically calling out the Monterey Highball green-dial watch and its stunning mechanical case back.","MONTY, HIGHBALL, HAND-WOUND, MECHANICAL, 50 METER, NC-DESIGNED, 5600",Raw UGC,Review,false,yes,,https://www.tiktok.com/@angrywatchguy/video/7690729213405498655
watches,vintage watches,2026-09-29,2026-10-01,theglownarrative,Hannah Fosbenner,16400,1659,42,49,I’m in LOVE🥹 Got it online from @Bezel !! #rolex #datejust #rolexdatejust #vintagewatch #watchcollecting,"Creator Hannah Fosbenner unboxes her milestone purchase of a 1988 vintage Rolex Oyster Perpetual Datejust bought online from Bezel, sharing an emotional, tearful expression of gratitude toward her audience for enabling her career.",unboxing my newest vintage watch!!,Raw UGC,Vlog,true,yes,,https://www.tiktok.com/@theglownarrative/video/7690778705211280671
watches,luxury watches,2026-09-29,2026-10-01,jintianwatch666,JinTian_Watchsharing,122,3,,1,#watches #fyp #hotselling #sharing #luxurywatches,"A silent, high-end product showcase video presenting a gold and turquoise luxury chronograph watch handled with professional black gloves against a minimalist dark backdrop.",,Polished Creator,Aesthetic,true,yes,,https://www.tiktok.com/@jintianwatch666/video/7690795789555223838
watches,watchtok,2026-09-29,2026-10-02,meetminuteske,Watchfluencer.ke,78000,6885,384,146,"Another mabati victim👀

#kenya #watches #watchtok #watchreview #watchspotting","A watch enthusiast reacts to a TikTok creator's luxury watch unboxing, critiquing specific design discrepancies to argue that the timepieces are counterfeit.","Another mabati victim👀 
#kenya #watches #watchtok #watchreview #watchspotting 
TikTok @shornarwa 
Al-generated 
KENYA 
vodafone 
DVB 09",Raw UGC,Reaction,false,yes,,https://www.tiktok.com/@meetminuteske/video/7690877253068115252
watches,watch collection,2026-09-29,2026-10-01,wrist_icons,Matt | Wrist Icons,3108,83,12,22,"Rolex collectors were waiting to see what these watches would actually bring at auction.

Now we know.

Let’s break it down.

#Rolex #watchtok #fypシ゚viral #WatchCollecting #LuxuryWatches","A watch creator breaks down the record-breaking Phillips auction results for four unique Rolex Daytona 'Four Seasons' watches, which sold for a combined $49.4 million for charity.",4 ROLEXES. $49.4 MILLION; ROLEX OYSTER PERPETUAL SUPERLATIVE CHRONOMETER OFFICIALLY CERTIFIED COSMOGRAPH; 4; $50 MILLION; DAYTONAS; CELEBRITY; OWNED; BRAND; NEW; ONE; OF; COLLECTION; GEM; SET; AUCTION; PHILLIPS; CHARITY; RESULTS; INSANE; SPRING; 9; WINTER; FOR $13.2 MILLION; AUTUMN; $13.5; MOST EXPENSIVE; WITH SUMMER; EVEROSE; GOLD; TURQUOISE; THIRTEEN; SIX; FIVE; COMBINED; FORTY; HALF; WATCHES; IF YOU REMEMBER; PAUL; NEWMAN'S; PERSONAL; $17.75 MILLION; INDIVIDUALLY; BEAT; GENERATED; ALMOST; THREE; WORTH; MONEY; IN ONE NIGHT; GOING; WHATEVER YOU THINK ABOUT; ABSOLUTELY; INCREDIBLE,Polished Creator,News,false,yes,,https://www.tiktok.com/@wrist_icons/video/7690890658403372301
watches,luxury watches,2026-09-29,2026-10-01,mind_master7,MIND MASTER 7,242000,2818,159,1690,"Famous Watch Brands & Their Founding Years ⌚✨

#WatchBrands #WatchHistory #LuxuryWatches #didyouknow","An educational TikTok video by MIND MASTER 7 presenting the founding years of 18 famous watch brands, designed to drive viewer engagement and comments through watch trivia.",WATCH BRANDS & FOUNDING YEARS; WATCH BRAND; FOUNDED; Rolex; 1905; Casio; 1946; Omega; 1848; TAG Heuer; 1860; Seiko; 1881; Cartier; 1847; Patek Philippe; 1839; Tissot; 1853; Citizen; 1918; Breitling; 1884; Audemars Piguet; 1875; Longines; 1832; Swatch; 1983; Hublot; 1980; Fossil; 1984; Timex; 1854; IWC; 1868; Richard Mille; 2001; Which watch brand surprised you most? Comment below!; Mind Master 7; 00:00 through 00:59 timestamps; 00:00 watermark,Polished Creator,Tutorial,false,yes,,https://www.tiktok.com/@mind_master7/video/7690977752467377439
watches,watchtok,2026-09-29,2026-10-02,yug.watch.company,Yug Watch Company,85900,3614,235,340,"A piece of Nepal, on your wrist. 🇳🇵⌚️
#Nepal #goviral #watchtok #trending #watch","Yug Watch Company showcases a custom Nepal-themed wristwatch on TikTok, utilizing upbeat music, national symbols, and macro product shots to appeal to watch collectors and the Nepali diaspora.",NEPAL on enamel pins; Nepali script on watch dial,Polished Creator,Review,true,yes,,https://www.tiktok.com/@yug.watch.company/video/7690980861570731316
watches,watchtok,2026-09-29,2026-10-02,tempo.marketplace,Tempo Marketplace,3937,139,4,10,"The 6 Movements in Watches Under $5k
#watchtok #watchmovement","Tempo Marketplace breaks down the six most common watch movements powering watches under $5,000, pairing technical specifications with iconic timepiece examples to educate collectors and build marketplace authority.","6 MOVEMENTS RUN MOST WATCHES Under $5K; SIX movements run almost every watch under five thousand.; TEMPO EDUCATION - MOVEMENTS 02; ETA 2824 - SWATCH GROUP; Tudor Black Bay 79220; Tissot Visodate; Victorinox Maverick; The Swiss workhorse since 1982.; SELLITA SW200 - SELLITA; Oris Aquis; Christopher Ward C60; Sinn 104; TAG Heuer Aquaracer; SW200 made by Sellita.; A licensed copy of the 2824, built when ETA cut supply.; MIYOTA 9015 - CITIZEN; Baltic Aquascaphe; Lorier Neptune; Traska Freediver; Miyota 9015. Made by Citizen.; Thin, accurate, about seventy dollars.; SEIKO NH35 - SEIKO; Seiko 5 SRPD; Invicta Pro Diver; San Martin SN004; Seiko NH35. Made by Seiko.; Under fifty dollars, runs for decades.; VALJOUX 7750 - SWATCH GROUP; TAG Heuer Carrera Calibre 16; IWC Pilot Chrono 3717; Breitling Navitimer A23322; Valjoux 7750. Made by Swatch Group.; The chronograph inside most Swiss chronographs for the last fifty years.; RONDA - RONDA; Luminox Navy SEAL; Shinola Runwell; Swiss Military Hanowa; Ronda. Made by Ronda.; Swiss quartz movement for brands that aren't owned by Swatch Group.; Which is your favorite?; Next: in-house vs supplied - what the term actually means; TEMPO",Polished Creator,Tutorial,true,yes,,https://www.tiktok.com/@tempo.marketplace/video/7691027063431580958
watches,luxury watches,2026-09-29,2026-10-01,dailydeluxe.official,Dailydeluxe,5747,344,12,15,"Wrist rolling the $990.000,00 @Jacob & Co. Caviar Tourbillon Baguette 💎
#diamondwatch #jacobandco #tourbillon #luxurywatches","A short, high-impact TikTok video by Dailydeluxe showcasing a slow wrist roll of a $990,000 Jacob & Co. Caviar Tourbillon Baguette watch, accompanied by a subtle beat and bold pricing text to drive engagement among luxury watch enthusiasts.","$990.000,00",Polished Creator,Aesthetic,true,yes,,https://www.tiktok.com/@dailydeluxe.official/video/7691030543223229728
watches,luxury watches,2026-09-29,2026-10-01,earlkaranja,Earl Karanja,172700,21800,559,1179,"Today I take you through the world of luxury watches, pretty similar to how top car brands maintain exclusivity. What are your thoughts? #watches","Earl Karanja delivers an engaging sidewalk walkthrough of luxury watch boutiques in London, explaining how brands like Rolex, Patek Philippe, and Richard Mille use purchasing prerequisites and pricing tiers to maintain exclusivity, drawing direct parallels to the sports car industry.","Rolex Certified Pre-Owned, Daytona 116500LN, £28,450, £485,000, Sky-Dweller, £14,800, £44,550, £109,600, Patek Philippe Geneve, Patek Philippe Grand Complications 6300/401G-001, £11,500,000.00, Xanco Jewellers, Vacheron Constantin, Richard Mille, Speedmaster",Raw UGC,Review,false,yes,,https://www.tiktok.com/@earlkaranja/video/7691035862590704917
watches,watch collection,2026-09-29,2026-10-01,rarepawndealz,Rare Pawn Deals,37300,516,50,8,Extremely Rare Cartier Tank Diamond From 1970s 🤑😱 #antique #collector #collection #appraisal #watch,"An expert appraiser examines a rare 1970s diamond Cartier Tank watch and a miniature 1950s Louis Vuitton trunk brought in by a woman as a family heirloom, revealing their exceptional value and history before teasing a part two.",VERY RARE CARTIER TANK DIAMOND; @rarepawndealz; SEEN; MAYBE; DO; IDEA; MIGHT; WOMAN; OLD; NO; ACTUALLY; BROUGHT; THAT; GRANDMOTHER'S; EXPLAINED; PASSED; GENERATIONS; FAMILY; EXAMINED; NOTICED; DIFFERENT; VINTAGE; BUT; LADIES; 1970S; DESCRIBED; PRODUCTION; DIAMONDS; LARGE; CASE; EXOTIC; FEATURE; TODAY; MATERIALS; EXPERT; BOX; TRUNK; 1950S; IMPORTANT; MARKET; RETAIL; COMMENT,Raw UGC,Appraisal,false,yes,,https://www.tiktok.com/@rarepawndealz/video/7691036767494917409
watches,luxury watches,2026-09-30,2026-10-01,henryhuynhh,henryhuynh,113300,13600,48,589,another one for the collection 🫣 #lifestyle #rolex #henryhuynh #luxury,"A lifestyle vlog documenting a young creator picking up a new Rolex watch, characterized by quiet luxury aesthetics, cinematic low-light cinematography, and a chill, aspirational tone.",let's go pickup a new watch; ACROPOLIS STOCKHOLM 1965; ROLEX; ANYONE CAN CHANGE EVERYTHING; RUBY; DANIEL ARSHAM STUDIO; PORSCHE 911,Polished Creator,Vlog,false,yes,,https://www.tiktok.com/@henryhuynhh/video/7691134462159031566
watches,luxury watches,2026-09-30,2026-10-01,jintianwatch666,JinTian_Watchsharing,94,2,,,#watches #fyp #hotselling #luxurywatches #newarrivals,"A polished product showcase video featuring a luxury rose gold chronograph watch on a black rubber strap, presented by gloved hands against a black velvet background to highlight its fine details and accessories.","4130 CLEAN on strap sticker, ROLEX branding on shopping bag",Polished Creator,Review,true,yes,,https://www.tiktok.com/@jintianwatch666/video/7691147940081011998
watches,luxury watches,2026-09-30,2026-10-01,nshsh7265,nshsh7265,103,2,,,#LuxuryWatch #timepieces #luxurystyle #fyp #unbox,"A polished product showcase video featuring macro shots of an Omega Seamaster Aqua Terra Worldtimer watch, accompanied by a voiceover claiming identical boutique packaging and quality with significant cost savings.",,High-Production,Review,true,yes,,https://www.tiktok.com/@nshsh7265/video/7691206142424255775
watches,watchtok,2026-09-30,2026-10-02,unsupervisedtime,Corey-UnsupervisedTime,1244,96,34,2,"who here hates cyclopses? I know I do, and this is the only watch I own that has one. that ends today! always wondered how do I get rid of one of these but too scared to do it I'm going to do it on ca","A watch enthusiast takes matters into his own hands by using a micro torch to remove the date cyclops from his Seiko dive watch live on camera, sharing the suspenseful process and final clean result with the WatchTok community.","SEIKO, AUTOMATIC, DIVER'S 200m, AMERICAN HERITAGE BASS PRO SHOPS",Raw UGC,Tutorial,false,yes,,https://www.tiktok.com/@unsupervisedtime/video/7691385927792364813
watches,watchtok,2026-09-30,2026-10-02,matty.mayhem,Matty Mayhem Style,10400,473,87,,What’s your hot watch take!? #watchtok #watchcollector #watchenthusiast #watchesoftiktok #rolexwatch,"A watch creator shares three hot collector takes regarding matte dials over sunburst finishes, the double-wristing trend, and anti-hype mentalities, inviting viewers to share their own opinions.",What's a hot watch take you have?,Polished Creator,Opinion,false,yes,,https://www.tiktok.com/@matty.mayhem/video/7691393418651536641
watches,luxury watches,2026-09-30,2026-10-01,prestigebyali,Prestige by Ali,5118,152,7,1,"Guess the right price , closest answer gets pinned 📌
#prestigebyali #luxurywatches #luxurywatches @Salma | UK Travel Creator","A travel creator visits a high-end watch boutique in Bahrain, tries on rare Rolex, Cartier, and Chanel timepieces with the owner, and challenges viewers to guess the selling price for a pinned comment.","Wow; That is so cool!; I came across this; in Bahrain; and met the owner Ali,; who is very known; in the region; for selling some; unique pieces.; Can I try this one?; It's called; ROLEX 26MM STELLA; It's so pretty; This one caught; my attention; This Cartier; CARTIER SANTOS BURGUNDY; Look at the dial; I'm really; into Burgundy these days; as you can see; I think I fall in love; Chanel; Full white gold; with diamonds; RETAIL PRICE : 80,000 $; if you guess how much; I'll give it to you for free; How much; I'm selling it for?; Oh, my God,; I need to get; this right; ALI'S PRICE : 40,000 $; No, you're way off",Polished Creator,Vlog,true,yes,,https://www.tiktok.com/@prestigebyali/video/7691398181782916370
watches,watch collection,2026-09-30,2026-10-01,nico.reactions,nico.reactions,6378,174,1,8,The Story Behind These Watches Are Incredible! #comedian #watches #collection #storytime #watchguy,"A creator reacts to a comedian guest discussing luxury watch collections, brand quirks like A. Lange & Söhne dial layouts, and humorous personal stories associated with specific timepieces.","RICHEMONT with brand logos: Cartier, Van Cleef & Arpels, A. Lange & Söhne, Baume & Mercier, IWC Schaffhausen, Jaeger-LeCoultre, Officine Panerai, Piaget, Ralph Lauren, Roger Dubuis, Lancel, Montblanc, Dunhill London, Alaïa Paris, Chloé, Peter Millar, Purdey, Buccellati Milano",Polished Creator,Reaction,false,yes,,https://www.tiktok.com/@nico.reactions/video/7691428302065650966
watches,watch collection,2026-09-30,2026-10-01,minutemon,MinuteMon,24600,1987,43,114,"A moment with Henry Cavill at @Longines Home of Elegance. Naturally, I had a few watch questions…

#longines","Horology creator MinuteMon interviews actor Henry Cavill at a Longines event, discussing his preference for vintage-inspired heritage watches like the Master Collection Monopusher.","Longines Master event; with Henry Cavill; Great to meet you; Great to meet you too; What are you wearing on the wrist today; I am wearing the; LONGINES MASTER COLLECTION MONOPUSHER; with the blue face; That watch is stunning; it looks amazing on your wrist; Yep; When you're looking for your watch; what kind of features do you look for; In my 40s now; I'm less susceptible; to what trends are; what other people are saying; and I've come to terms; that i just like; a vintage; heritage feeling watch; My favorite watch; in my Longines collection; before this was released; was the; Master Collection GMT; And so; it's exactly this kind of stuff; I'm looking for; an elegant; understated; beautiful; heritage feeling watch; Now, Longines has over; 190 years; of watchmaking heritage; You actually got to see some of it; at the manufacturer; Yes; Was there anything; that stood out to you; when you were at the manufacturer; Yes; The Archives; It's extraordinary; how far back those archives go; I think it's; 1867; I think they go back to; When you get into; the watchmaking world; you know there's going; to be all sorts of; precision watchmaking; You have an idea; of that; But the Archives; that was a; complete surprise to me; Now that you've seen; the Master Collection; what do you think; people are going to enjoy the most; I think; it is the perfect; representation of what; Longines is; It's that; elegance; And so I think people; are going to really; enjoy the elegant; nature; of the Maste",Polished Creator,Interview,true,yes,,https://www.tiktok.com/@minutemon/video/7691437333136264478
watches,vintage watches,2026-09-30,2026-10-01,frahman524,Farhana Rahman,3228,167,13,4,Should I start doing this series again?! My bread and butter lol. #vintagewatch #watchtok #watchcollector #luxurywatches #watches,"Creator Farhana Rahman showcases rare vintage luxury watches from her watchlist and past regrets, asking her audience if she should restart her watch finding series.",Vintage Watch Finds; Chopard; 18K White Gold; Karryben.com; Audemars Piguet Geneve; Piaget; 1 / 16; 4 / 15; 1 / 13; 1 / 14; 1 / 7; 1 / 8; Watchtok; vintagewatch; watchcollector; luxurywatches; watches,Raw UGC,Vlog,false,yes,,https://www.tiktok.com/@frahman524/video/7691456612061531405
watches,watchtok,2026-09-30,2026-10-02,arilikeswatches,AriLikesWatches,648,69,26,1,"Loving this new strap for my #Seiko Presage Cocktail Time Emerald Mist 💙🩵💙

#watches #watchtok #watchcollector #wristroll","A short, aesthetic wrist roll video posted by a watch collector on TikTok, showcasing a new blue alligator-pattern leather strap paired with a Seiko Presage Cocktail Time Emerald Mist watch.",Seiko Presage Cocktail Time Emerald Mist,Raw UGC,Vlog,false,yes,,https://www.tiktok.com/@arilikeswatches/video/7691458455038692622
watches,luxury watches,2026-10-01,2026-10-01,vookum,Vookum,30500,1563,4,5,"Double AA showed off one of my personal best picks on the watch market right now. The Patek Philippe 5167A is super stylish and well worth the money in my opinion. 
#vookum #patek #watches #luxury","Vookum visits a jewelry store with associates to review and value luxury watches, specifically highlighting the Patek Philippe 5167A as a top market pick for daily wear and versatility.","WE BUY GOLD, DIAMONDS AND WATCHES; EXIT; KITH; JEWELS OF N.Y.C.",Raw UGC,Vlog,false,yes,,https://www.tiktok.com/@vookum/video/7691487243243949325
watches,watch collection,2026-10-01,2026-10-01,the.watch.chronic,Andy’s Watches,3218,274,12,4,Rating Collections Continued #fypシ゚viral #watchesoftikok #andyswatches #trending #ratingthings,"A watch creator reacts to and scores another enthusiast's personal watch collection without permission, blending genuine horological commentary with sharp, humorous critique.",Rating Watch Collections Without Permission; TikTok @fryedeggs1; #fypシ゚viral #watchesoftikok #andyswatches #trending #ratingthings,Raw UGC,Reaction,false,yes,,https://www.tiktok.com/@the.watch.chronic/video/7691531032813767949
watches,luxury watches,2026-10-01,2026-10-01,user9929502815920,royal wrist,102,4,,,Is Rolex your favorite?#rolex #luxury #watchs #man #auction,"A visually striking luxury watch showcase focusing on a Rolex Datejust with a mint green dial, designed to engage watch enthusiasts and collectors on TikTok.",ROLEX OYSTER PERPETUAL DATEJUST SUPERLATIVE CHRONOMETER OFFICIALLY CERTIFIED (visible on watch dial),Polished Creator,Aesthetic,true,yes,,https://www.tiktok.com/@user9929502815920/video/7691593512030129422
watches,luxury watches,2026-10-01,2026-10-01,lhimatluxury01,LUXURY WEARS BY LHIMAT 💯🛍️👌,18500,1332,21,5,#lhimatluxury001 #luxurywearsbylhimat #relatable #wristwatchvendorinlekkiajah #poedagarwatch,A Lagos-based street vendor energetically demonstrates the water resistance and packaging of a Poedagar wristwatch in an unedited outdoor video to drive direct sales via WhatsApp.,,Raw UGC,Tutorial,true,yes,,https://www.tiktok.com/@lhimatluxury01/video/7691601395581209876
watches,luxury watches,2026-10-01,2026-10-01,patrick.six9,Patrick 69,18500,1658,11,28,"Naalala niyo guys yung latest vlog natin? This time, si Groom naman yung bibili sa atin ng relo. We’re honored to be part of their new chapter together! 🫶

#patrick69 #luxurywatches #watchdealer #gen","A luxury watch dealer vlogs about a groom purchasing matching Rolex watches for himself and his bride as wedding gifts, showcasing witty negotiation tactics and authentic client reactions.","THE WEDDING WATCH; BIRTH YEAR NIYA; PRICE PHP 588,000; KUNG DI KAMI NA-SCAM DI NA KAMI TATAWAD; FLASHBACK; GENTRY CARE; Pan Furniture; Rolex Air-King 34mm Black Dial 1970 Ref: 5500; Rolex Oyster Perpetual Date White Roman Dial Ref: 15000; Rolex Datejust 31mm Salmon Roman Ref: 68240; SOLD PHP 555K; CLIENT WEDDING DAY",Polished Creator,Vlog,true,yes,,https://www.tiktok.com/@patrick.six9/video/7691636263656361217
watches,watchtok,2026-10-01,2026-10-02,peterreitano,Peter Reitano,95400,5532,217,674,"If watch brands were car brands...

Some of these were way too easy 😂

And yes, obviously we had to finish with Invicta.

What did I get wrong?

#Watches #WatchCollector #WatchCommunity #LuxuryWatche","A watch enthusiast delivers a fast-paced, humorous breakdown comparing famous watch brands to car brands, driving high engagement through relatable stereotypes.",If Watch Brands Were Cars; Volvo; Vacheron Constantin; Rolex; Tissot; Breitling; Omega; Panerai; Seiko; Richard Mille; Hublot; Casio; Mansory; Invicta,Polished Creator,Opinion,false,yes,,https://www.tiktok.com/@peterreitano/video/7691657080096247047
watches,luxury watches,2026-10-01,2026-10-01,money_wish,༺ 𝙈𝙤𝙣𝙚𝙮_𝙒𝙞𝙨𝙝 ༻🥏,797,112,11,,"KAYBLAQ — THE PRIVATE JET KING ✈️👑💰
Three private jets? ✈️✈️✈️ They say KAYBLAQ is living a luxury lifestyle most people can only dream of! 💎🔥 What do you think about this lifestyle? 👀

@🧸𝐊𝐚𝐲","A short TikTok documentary-style video profiling Kayblaq, claiming he is a millionaire in Sierra Leone owning three private jets, six mansions, 12 cars, and a net worth of 55.6 million dollars.","ASIDE KMAN, THE ONLY PERSON AGAIN IN SIERRA LEONE WHO HAVE 3 PRIVATE JETS IS KAYBLAQ. KAYBLAQ IS A MILLIONAIRE FROM SIERRA LEONE. WHO HAVE ABOUT 6 LUXURIOUS MANSIONS AND ALSO 12 LUXURIOUS CARS AND A TOTAL ESTIMATED NET WORTH OF 55.6 MILLION U.S. DOLLAR. GBAM 🔥 OKAY, THANK YOU FOR WATCHING PLEASE FOLLOW AND LIKE FOR MORE",Raw UGC,Documentary,false,yes,,https://www.tiktok.com/@money_wish/video/7691682504591396103
watches,watchtok,2026-10-01,2026-10-02,lifeofosy,Omar | NYC Life & Style,64200,2624,129,54,My Rolex Sky Dweller has finally arrived so let’s go pick it up! 🤩 The quality and workmanship of these watches is incredible so it’s no surprise they’ve been around for 100+ years. 👑 The Sky Dwelle,"Omar, a New York City style creator, vlogs his visit to pick up a newly allocated Rolex Sky-Dweller in yellow gold, breaks down the three purchase tiers for the model, and performs a detailed unboxing of the watch and its documentation.","Got the call for a Rolex Sky Dweller I've been waiting on so let's go pick it up [NYC]; ROLEX JUST TOLD WATCH I'VE BEEN WAITING ON OVER A MONTH NOW IS FINALLY READY SO LET'S GO STRAIGHT TO THE AD AND PICK THIS UP; MY NAME IS OMAR AND I TALK CARS WATCHES AND EVERYTHING NEW YORK CITY SO IF YOU'RE INTO SOME SPICY HOT TAKES AND IN TODAY'S CASE A ROLEX PURCHASE VLOG IN NEW YORK CITY SMASH UP THAT LIKE AND HIT FOLLOW; SO THE WATCH WE'RE PICKING UP TODAY IS A ROLEX SKY DWELLER AND IF YOU GUYS ARE NEW TO THE SKY DWELLER LINE THIS IS GONNA BE ROLEX'S MOST COMPLICATED, UH, WATCH NOT FEATURING NOT JUST THE DATE AND TIME FUNCTIONS, BUT ALSO A GMT FUNCTION AND AN ANNUAL CALENDAR; Sky-Dweller Oyster, 42 mm, Everose gold and white gold Reference 336934 $17,700 USD; Sky-Dweller Oyster, 42 mm, Everose gold Reference 336935 $54,400 USD; Sky-Dweller Oyster, 42 mm, yellow gold Reference 336238 $51,400 USD; Sky-Dweller Oyster, 42 mm, white gold Reference 336939 $55,400 USD; Sky-Dweller Oyster, 42 mm, yellow gold Reference 336238 $51,400 USD; *this is a delayed unboxing. The updated Rolex box looks slightly different [check Submariner video]",Polished Creator,Vlog,false,yes,,https://www.tiktok.com/@lifeofosy/video/7691693177891261727
watches,watchtok,2026-10-01,2026-10-02,r3contimepieces,r3contimepieces,564,62,30,6,"DEPTHCHARGE II - AQUA SPLASH is LIVE FOR PRE-ORDER!!!! 

Go to R3contimepieces.com or click the link in the bio to get yours today!! 

Only 120 pieces made!!! 

#r3contimepieces #watchtok #watches #di","R3con Timepieces founder announces the live pre-order for the limited-edition Depthcharge II Aqua Splash watch, thanking his community for their ongoing support while directing viewers to the website.",R3CON TIMEPIECES; PRE-ORDERS LIVE NOW; DEPTHCHARGE II; AQUA SPLASH; R3CONTIMEPIECES.COM,Polished Creator,Personal-update,true,yes,,https://www.tiktok.com/@r3contimepieces/video/7691668382793354527
watches,watchtok,2026-10-01,2026-10-02,wrist_icons,Matt | Wrist Icons,3428,128,18,12,"An $80,000 Casio 😬

#watchtok #watchenthusiast #casio #gshock #fypシ゚viral","A watch creator discusses the absurdity of an $80,000 Casio G-Shock with a sapphire case, using the luxury piece to critique the arbitrary nature of pricing in the high-end watch market.","This new Casio is $80,000 😳",Raw UGC,Opinion,false,yes,,https://www.tiktok.com/@wrist_icons/video/7691710958397426958
watches,watchtok,2026-10-01,2026-10-02,ticktokstayhot,ticktokstayhot,11300,2786,27,6,"A fit & a watch .. You’re all going to lose ..
Post a watch of the day for 90 straight days for a chance to win a Rolex Explorer 40 (or don’t so that I win) 

#watchesoftiktok #watchtok #hamiltonmurph","A watch enthusiast creator named Sarah posts her daily outfit and watch (Hamilton Khaki Murph) while announcing her participation in the 90-day My Horology Rolex challenge, playfully daring her followers to compete against her.","Hey Everyone, It's Sarah With The Fit In A Watch; Today I'm Wearing A Periwinkle Zara Top; Gap Jeans, And Of Course The Watch Of The Day, Which Is My Hamilton Khaki Murph Black On Bracelet; It Is October 1st, Which Means It's The First Day Of October That You Can Start Posting, Uh, In The My Horology Rolex Challenge; Uh, All You Have To Do Is Download The My Horology App; Um, I Download This App Quite A Few Weeks Ago And I Use It Quite Often, Really Just For Fun; I Love To See Everyone's, Uh, Post; But Now There's A Rolex Challenge, Um, And I Am Super Competitive, So I Will Be Winning That Rolex; Um, What You Have To Do Is You Just Have To Download, Um, The App And Post A Regular Wrist Shot Of Your Watch Of The Day Every Single Day For 90 Days For A Chance To Win The Rolex Explorer 40; Um, And I Want That Watch, So I'm Gonna Post Extra; Might Not Make A Difference, But I Am Very Competitive, So I Am, Uh, Let Me Know If You Download The App And If You Are Also Gonna Compete Against Me, Um, Because You're Gonna Lose; So, Uh, Let Me Know In The Comments If You Download It",Raw UGC,Vlog,false,yes,,https://www.tiktok.com/@ticktokstayhot/video/7691716178242293022
watches,vintage watches,2026-10-01,2026-10-01,jerryku9279775,KeepFeeling,160,0,,,"Click the cart for multiple colour options.
#LadiesWatch
#WomensWatch
#VintageWatch 
#GoldWatch","A silent, high-detail product demonstration of a budget-friendly gold vintage watch on TikTok, designed to drive immediate e-commerce conversions through price shock and tactile aesthetic appeal.",Can you believe it's under £10?; XIMILI; QUARTZ,Raw UGC,Review,true,yes,,https://www.tiktok.com/@jerryku9279775/video/7691719921444736278
watches,watchtok,2026-10-01,2026-10-02,zach.morgan,Zach Morgan,1198,54,2,1,"Excited to see the new Bond watch! I’m a big fan of both Omega and James Bond, so I’m sure I’ll love it. 
#watches #watchtok #omega #jamesbond @OMEGA a","Creator Zach Morgan shares breaking news on TikTok about a new Omega James Bond Edition watch, reviewing specs from the official brand website with genuine enthusiasm.","OMEGA; Seamaster DIVER 300M; FILTERS; RELEVANCE; 61; NEW; JAMES BOND EDITION; 42 mm; TECHNICAL DATA; Reference; 210.30.42.20.03.004; Between lugs; 20 mm; Lug-to-lug; 50.00 mm; Thickness; 14.23 mm; Case diameter; 42 mm; Case; Steel; Dial color; Blue aluminium; Crystal; Domed, scratch-resistant sapphire crystal with anti-reflective treatment inside; Water resistance; 30 bar (300 metres / 1000 feet); Total product weight (approx.) 157 g; BRACELET",Raw UGC,Review,false,yes,,https://www.tiktok.com/@zach.morgan/video/7691766803961351454
watches,watchtok,2026-10-01,2026-10-02,notjvlianna,Julie’s Evil Twin ⏰,1201,182,46,1,It’s the SAME people and some with MULTIPLE accounts. Stop being weird you are NOT metal as fuck. #watches #watchtok,"A watch creator uses a direct-to-camera rant to call out recurring male trolls in her comment section, blending watch discourse with sharp social commentary on internet misogyny.",A Love Letter to My Biggest Fans,Raw UGC,Rant,false,yes,,https://www.tiktok.com/@notjvlianna/video/7691772396373560606
watches,watchtok,2026-10-01,2026-10-02,migo.stevoo,Migo Stevoo,3395,143,11,2,Mannnnnnn 🔥 #seiko #watchtok #watches #migostevoo,"Creator Migo Stevoo vlogs his spontaneous trip to Macy's to purchase his first Seiko 5 Sports watch with a green dial, highlighting how well it matches his tattoo and expressing excitement for future watch purchases.","Buying my first Seiko, WELCOME TO MACYS, SEIKO, COLD RIVERS MOTORSPORTS",Raw UGC,Vlog,false,yes,,https://www.tiktok.com/@migo.stevoo/video/7691842294995111182
