topic,search_term,post_date,pulled_date,handle,account_name,views,likes,comments,shares,caption,ai_summary,onscreen_text,production_style,content_type,is_commercial,has_adology_analysis,flag,url
patches,iron on patches,2026-10-01,2026-10-01,kimberlyj_king,Kimberly / mom + lifestyle,482,14,,,Your sign to make a fall coded tote bag with bag charms  🧸🤎🍂 everything is in my Amazon storefront under “crafts” #fall #girlsnight #craftideas #easycrafts #diy fall girls night craft idea cute eas,"A lifestyle creator shares a cozy fall-themed DIY craft tutorial demonstrating how to customize quilted gingham tote bags using iron-on chenille patches and beaded bag charms, driving viewers to an Amazon storefront for supplies.","your next girls night craft, THANK YOU JESUS, HOWDY, BABY",Polished Creator,Tutorial,true,yes,,https://www.tiktok.com/@kimberlyj_king/video/7691751306314272013
patches,iron on patches,2026-10-01,2026-10-01,ambercreation4,AmberCreation,164,4,,,#patches #ironon #bag #billsmafia #buffalo let’s go buffalo,"An energetic product haul showcasing custom Buffalo Bills chenille and rhinestone patches and wristlet bags, designed to drive viewers to an active livestream sales event.","Are you ready
Join my livestream now
BILLS
Amber patch diy",Raw UGC,Haul,true,yes,,https://www.tiktok.com/@ambercreation4/video/7691720258045988110
patches,embroidered patches,2026-10-01,2026-10-01,transferslayer,Transfer slayer,102,4,,1,"Letterman Jacket patch…
I’m the one they call when they need something one of a kind… keep watching…#miami ##customembroidery #patches #embroiderymachine #embroiderybusiness","A custom embroidery business showcases a close-up clip of an industrial machine crafting a detailed letterman jacket patch, using an exclusivity hook and hip-hop soundtrack to drive high viewer retention and engagement.","Letterman Jacket patch...
I’m the one they call when they need something one of a kind… keep watching...",Raw UGC,Behind-the-scenes,true,yes,,https://www.tiktok.com/@transferslayer/video/7691714180189031711
patches,patches,2026-10-01,2026-10-01,libby_mercer,Libby,36000,6895,40,753,"happy 1st october to all who celebrate 🕸️👻🖤🎃⭐️ 

here’s to a month of visiting pumpkin patches, hot chocolates, cosy crafts and reading all the spooky books (or wholesome autumnal reads for me🤭) ","A lifestyle creator celebrates the arrival of October 1st with a cozy, aesthetically rich montage of pumpkin patches, iced coffees, reading spots, and autumnal rituals, captioned with enthusiastic expressions of seasonal romanticization.",happy october 1st to all who celebrate 🎃👻🖤; BLANK; RHS; Tulleys; OUI 833; THE STEPMOTHER,Raw UGC,Vlog,false,yes,possible off-topic,https://www.tiktok.com/@libby_mercer/video/7691580431199898903
patches,patch collection,2026-09-30,2026-10-01,alexpremiumtshirts,Premium TShirts & More,487,30,,1,"Looking to add some leather patches to your menu. Hit us up.
#leatherpatchhats #embroidery #embroiderytutorial #embroiderymachine #fyp","An apparel business owner pitches custom leather patch manufacturing services to fellow embroiderers, demonstrating sample hats and outlining a low-cost sample offer to drive direct messages and B2B sales.",JESUS IS KING; PREMIUM EMBROIDERY; PATCHES COLOR MENU; CHOOSE THE PERFECT PATCH COLOR FOR YOUR LOGO!; STANDARD; HONEY/BLACK; BLACK/SILVER; BLACK/WHITE; HOLOGRAPHIC/BLACK; BROWN/SILVER; BROWN/RUSTIC GOLD; RED/BLACK; SILVER METALLIC/BLACK; GOLD METALLIC/BLACK; GRAY/BLACK; ORDER CUSTOM COLOR PATCHES FOR YOUR HATS; PREMIUM LOOK; DURABLE LEATHER PATCHES; CUSTOM COLORS; PERFECT FOR ANY HAT STYLE; SEND US YOUR LOGO; CUSTOM DIE CUT PATCHES; MULTIPLE COLOR OPTIONS; NATIONWIDE SHIPPING; Make Your Hats Stand Out!!,Raw UGC,Tutorial,true,yes,,https://www.tiktok.com/@alexpremiumtshirts/video/7691482141942746398
patches,patch collection,2026-09-30,2026-10-01,embroidprintnowmn,"Embroid Print Now,LLC🧵🪡🇺🇸",357,16,2,1,"More orders to fulfill 🏈 patches getting ready.
#footbpatches #embroidery #custom #etsyorders #patches","A silent behind-the-scenes video documenting an independent embroidery business fulfilling custom football-themed Etsy orders, featuring satisfying machine stitching, finished patches, and ready-to-ship packages.",Working on Etsy orders; WARNING Fear of serious injury. Keep fingers away from needles while the machine is running; VIKINGS; SKOL; USPS GROUND ADVANTAGE; 5.5 Mighty Hoop; G; 1219 1210 0987 6784 00,Raw UGC,Behind-the-scenes,true,yes,,https://www.tiktok.com/@embroidprintnowmn/video/7691431777973341454
patches,patch collection,2026-09-30,2026-10-01,b_woodard,Bella Woodard,27800,4263,25,59,@VSPINK GAME DAY collection AND the eye patches?! UNREAL 🎀🪽🧡 @Victoria's Secret @Patchology,"Creator Bella Woodard visits a shopping mall to preview newly dropped Victoria's Secret and Pink collections, highlighting Patchology eye patches, University of Tennessee game day apparel, and crystal-accented satin pajamas.",VSPINK just dropped the cutest eye patches; PINK; VICTORIA'S SECRET; Foot Locker; UNIVERSITY OF TENNESSEE; VAZIZ MAKEUP PATCHES; TEAM SPIRIT COLLECTION; ORANGE SPECKLES; GLITTER FRECKLES; PINK COLLEGE,Raw UGC,Vlog,true,yes,possible off-topic,https://www.tiktok.com/@b_woodard/video/7691422594184006925
patches,embroidered patches,2026-09-30,2026-10-01,jpcocreations,JP & Co,922,32,3,2,#embroidery #embroideredpatches #applique #appliqueembroidery #heatandbond,"A crafting creator breaks down the differences between HeatnBond Lite and HeatnBond Ultra, explaining when and why to use each for appliqués versus embroidered patches.","Appliqués, embroidered patches & HeatAndBond; I AM MY BROTHERS LEGACY; JPM; MY BROTHERS LEGACY",Raw UGC,Tutorial,false,yes,,https://www.tiktok.com/@jpcocreations/video/7691413901744885022
patches,patch collection,2026-09-30,2026-10-01,victoria.peraltaa,victoria 🧸🌟🍓,693,98,,1,yes it all eyepatches🛍️🌟 #ultabeauty #ultahaul #eyepatches #skincare #beauty @Pixi Beauty @The Crème shop @Ulta Beauty  @Patchology,"A creator shares a mini Ulta Beauty shopping haul focusing on cute, character-collaboration eye patches and skincare items, presented through an aesthetic top-down flat lay video set to upbeat background music.",mini ulta haul; Pixi skintreats - since 1999 - DETOXIFEYE Caffeine & Cucumber Depuffing Eye Patches 5 pairs / paires; ULTA BEAUTY COLLECTION Gold Magic Eye Gels GOLD + CAFFEINE + OR CAFEINE Hydrogel Eye Masks / Masques hydrogel pour les yeux 15 Pairs/Pairs (30 Patches/Masques); CRÈME Gelly BRIGHTENING under eye patches; ULTA BEAUTY COLLECTION NIGHT SHIFT Watermelon Overnight Lip Mask Masque de nuit pour les lèvres au melon d'eau Poids Net Wt. 0.3 oz.; patchology EYE WANT CAKE SMOOTHING & HYDRATING NO-SLIP EYE PATCHES marshmallow + coconut + vanilla bean / guimauve + noix de coco + vanille de polynésie; THE CRÈME SHOP x miffy color your world smil caling cloud HYDROGEL UNDER EYE PATCHES hylaronic acid + lavender; THE CRÈME SHOP x HELLO KITTY Chill Reset Hydrogel Under Eye Patches Chamomile: Powerful Antioxidant Cucumber Extract Aids in Hydrating; 2 patches,Casual Snapshot,Haul,true,yes,possible off-topic,https://www.tiktok.com/@victoria.peraltaa/video/7691381779516722463
patches,iron on patches,2026-09-30,2026-10-01,charmedwholesale2,CharmedWholesale2,50,1,,,#irononpatches #patches #diysupplies,"A wholesale craft supplier showcases an extensive collection of luxury-inspired iron-on patches via a slow, top-down flat-lay video set to an energetic rap song.",empowered women empower women; Clock That Tea; COACH NEW YORK; Tiffany & Co.; LOUIS VUITTON; CHANEL; GUCCI,Raw UGC,Haul,true,yes,,https://www.tiktok.com/@charmedwholesale2/video/7691358998137769246
patches,patch collection,2026-09-30,2026-10-01,whatsinmycartnj,whatsinmycartnj,1051,85,7,25,"ICYMI!!! @American Girl and @Stoney Clover Lane teamed up for the most amazing collection!!! 

To celebrate American Girl’s 40th anniversary, Stoney Clover Lane has a massive collection coming out! 

","A creator breaks down the upcoming American Girl and Stoney Clover Lane collaboration collection, highlighting the products for each historical character, release dates, and purchasing channels while sharing her personal excitement.","ICYMI!!! @American Girl and @Stoney Clover Lane teamed up for the most amazing collection!!! To celebrate American Girl's 40th anniversary, Stoney Clover Lane has a massive collection coming out! The collection includes the original six girls, plus a fan favorite! 💙 Kirsten Larson ❤️ Samantha Parkington 👓 Molly McIntire (MY FAVE!) 🍎 Felicity Merriman 💗 Addy Walker 🤍 Josefina Montoya 💚 Kitt Kittredge 🗓️ Release Date & Where to Shop The collection releases online and in stores on 10/1 at 10 a.m. ET! Shop the multi-doll patchwork backpack, tote, and patches at stoneycloverlane.com and select Stoney Clover Lane stores. The collection includes special patterns for each doll in pouches, pouchette bags, totes & more. American Girl Doll accessories and the American Girl pouchette 01 will be available exclusively at AmericanGirl.com and American Girl stores. #americangirl #stoneyclover #stoneycloverlane #mollymcintire #newrelease American Girl x SCL American Girl x Stoney Clover Lane",Raw UGC,Review,true,yes,,https://www.tiktok.com/@whatsinmycartnj/video/7691346031371373854
patches,patch collection,2026-09-30,2026-10-01,mk.designz,MK Designz,196,8,,,Large Patch Sale‼️🎉🎉🎉. Help me make room for the new inventory!  PLEASE😎😎😂😂😂 #clearance #sale #patches #fyp #crafting,"MK Designz posts a TikTok video advertising a large patch clearance sale, using an upbeat electronic instrumental track and a top-down visual pan of various tactile chenille patches to encourage followers to buy and make room for new inventory.",Large Patch Sale‼️. Help me make room for the new inventory! PLEASE.,Raw UGC,Haul,true,yes,,https://www.tiktok.com/@mk.designz/video/7691335546320276749
patches,patch collection,2026-09-30,2026-10-01,gbutterflytv,Gbutterfly TV,2852,166,12,72,I'll definitely go back. I purchased some very cute patches for my jacket #houston #patches,"A creator takes viewers on a first-person tour of Patch Collection in Houston, showcasing an enormous wall display packed with thousands of embroidered patches for jackets, jeans, and accessories.","HOUSTON, 11718 C, WARNING ADVANCE NOTICE 713-688-1988, Patch Collection",Raw UGC,Vlog,false,yes,,https://www.tiktok.com/@gbutterflytv/video/7691312592077344031
patches,iron on patches,2026-09-30,2026-10-01,tiktoklovetracydiy,Tracydiy service,388,19,1,2,#tracydiy #irononpatches,"A short-form product showcase reel by a small business displaying a variety of custom embroidered iron-on patches featuring themes of faith, Black womanhood, and empowerment, set to an assertive musical track.","'PROVERBS 31 WOMAN', 'ANOINTED', 'Jaddie Jumbo', 'Baddie With A Bible', 'UNAPOLOGETICALLY BLACK', 'I AM BLACK CHILD MAGICAL INTELLIGENT RESILIENT LOVED AMAZING CREATIVE BLESSED EDUCATED POWERFUL UNAPOLOGETIC', 'T&CO.', 'RATED B FOR BAD & BOUJEE'",Raw UGC,Haul,true,yes,,https://www.tiktok.com/@tiktoklovetracydiy/video/7691251684734979359
patches,patches,2026-09-30,2026-10-01,jenuinefinds,Jenn✨,1184,5,,1,The best pimple patches out there !,"Creator Jenn demonstrates the extreme invisibility of Dr. Melaxin pimple patches by losing track of one under her foundation, turning a relatable minor annoyance into an effective, authentic product review for skincare enthusiasts.",I can't find my pimple patch 🥺; Dr. Melaxin 2-Zinc ZERO-FIT Ultra Thin Blemish Spot Patch; MELA-CE ZERO-FIT Ultra Thin Dark Spot Patch,Raw UGC,Review,true,yes,possible off-topic,https://www.tiktok.com/@jenuinefinds/video/7691173005841485087
patches,patches,2026-09-30,2026-10-01,glowjournalmamata,glowjournalmamata,75100,1450,5,5,"Replying to @jalapeno102 I changed SO many pimple patches on the same spot 😭 but here’s why my skin didn’t get irritated. As a skin picker, sometimes the patch is less about the gunk and more about k","A skincare creator responds to a follower's comment about whether changing pimple patches frequently on the same spot causes irritation, explaining that patches help prevent her from skin picking.",Reply to jalapeno102's comment: Can too much pimple patch irritate the skin? (Same spot?) plus auto-generated yellow subtitles throughout.,Raw UGC,Tutorial,false,yes,possible off-topic,https://www.tiktok.com/@glowjournalmamata/video/7691160835728657684
patches,patches,2026-09-30,2026-10-01,ogconeacia,COCOnut🌴🥥,1401,28,1,,"🤍🥥🌴

These types of patches were NOT it. 😩 I’m honestly highly disappointed because I really feel like brands could’ve done better.

Yes, a cute pimple patch is fun, but at the end of the day, I n","A candid creator review venting frustration over decorative pimple patches that prioritize cute shapes over acne-fighting effectiveness, urging brands to focus on results.",DEAR PIMPLE PATCH BRANDS; superstar patches MIDNIGHT MAGIC; HYDROCOLLOID; SALICYLIC ACID; TEA TREE; 250 PATCHES; CapCut ID: 6328501984,Raw UGC,Rant,false,yes,possible off-topic,https://www.tiktok.com/@ogconeacia/video/7691135368342687007
patches,patch collection,2026-09-30,2026-10-01,browninglyons43574,Pretty patches,952,64,7,3,#raiders #diy#patches,A short-form promotional video by a custom patch vendor showcasing various Las Vegas Raiders embroidered designs to drive direct message catalog requests from sports fans.,"Say hi get catalog, RAIDERS, Cerveza Modelo Especial, Las Vegas, INAUGURAL SEASON LAS VEGAS 2020, WIN LOSE OR TIE RAIDERS TILL I DIE",Raw UGC,Haul,true,yes,,https://www.tiktok.com/@browninglyons43574/video/7691115001548901646
patches,patches,2026-09-29,2026-10-01,nyxcurations,Nyx Curations | Acne +Wellness,4068,13,,1,Those were some STUBBORN ones too 😭🙏🏾 #bestpimplepatches #raelpimplepatches,"A short, highly satisfying TikTok skincare UGC video where a creator demonstrates the removal of Rael hydrocolloid pimple patches from her breakout-prone face, establishing high authenticity and product trust through raw visual evidence.",In Rael pimple patches we trust; Rael MIRACLE PATCH INVISIBLE SPOT COVER ADVANCED BLEMISH CARE WITH HYDROCOLLOID; Those were some STUBBORN ones too 😭🙏🏾 #bestpimplepatches #raelpimplepatches,Raw UGC,Tutorial,true,yes,possible off-topic,https://www.tiktok.com/@nyxcurations/video/7691033333182106893
patches,patch collection,2026-09-29,2026-10-01,akobersteen,Alex Kobersteen,7670,403,55,67,"🚔⚾️ LAS VEGAS — I NEED YOUR HELP.

Patch Patrol has officially passed 600 patches and 300 challenge coins this season.

Now there are only three cities left:

Las Vegas ➡️ Sacramento ➡️ Albuquerque

","Durham police officer and Cosmic Baseball player Alex Kobersteen updates his followers on his tour to collect 1,000 law enforcement patches and challenge coins, appealing directly to the Las Vegas community to help him reach his final goal of 390 remaining patches before the season ends.","LAS VEGAS — I NEED YOUR HELP.; 390 TO GO. 3 CITIES. ROAD TO 1,000.; FRESNO – 102 SCRANTON – 106; 600+ PATCHES 300+ COINS GOAL: 1,000 PATCHES; CAN VEGAS SET THE RECORD?; SACRAMENTO; ALBUQUERQUE; ROAD TO 1,000; TAG THEM 👇 DM ME TO TRADE; PATCH PATROL; FIVE-0 PITCHER; POWERED BY GHOSTPATCH",Polished Creator,Vlog,true,yes,,https://www.tiktok.com/@akobersteen/video/7691018310250466591
patches,patch collection,2026-09-29,2026-10-01,thecoffeebean_us,The Coffee Bean & Tea Leaf,360300,245,7,75,"Happy National coffee day ☕️

Score a limited-edition tote and 1 patch with a $15 purchase from 12pm today.

Starting 9/30, we’re dropping 4 NEW patches every Wednesday with a $12 spend. 

Keep your e",A promotional TikTok video by The Coffee Bean & Tea Leaf announcing a National Coffee Day tote bag giveaway and a subsequent weekly collectible patch drop series.,"Text on tote bag reads: 'THE COFFEE BEAN & TEA LEAF Est. 1963'. Text on patches includes 'FLAVOR', 'SIMPLY THE BEST', and various drink labels.",Polished Creator,Announcement,true,yes,,https://www.tiktok.com/@thecoffeebean_us/video/7691003250098572574
patches,embroidered patches,2026-09-29,2026-10-01,qualitypatches,Quality Patches,4836,114,7,26,"POV: your embroidery needed a little extra dimension. 👀

This custom patch mixes bold black embroidery with shiny silver puff details for a raised finish you can actually see. The contrast, the textu","A short promotional tutorial showcasing the application and texture of a custom metallic puff embroidery patch on a grey hoodie, targeting custom apparel creators.",PUFF EMBROIDERY; don't miss styling; MONOTONE; LOOK AT THAT; COMMENT TO GET STARTED,Polished Creator,Tutorial,true,yes,,https://www.tiktok.com/@qualitypatches/video/7691001379019623713
patches,patch collection,2026-09-29,2026-10-01,akobersteen,Alex Kobersteen,986,73,3,2,"🚔⚾️ PATCH PATROL: HOUSTON / SUGAR LAND RECAP

Houston absolutely delivered.

Another huge weekend of patches, challenge coins, selfies, and meeting people from departments and agencies all over the a","Alex Kobersteen recaps a successful Houston stop on his 2026 Patch Patrol tour, celebrating surpassing 600 patches and 300 challenge coins traded, while calling on the Las Vegas community for his final tour destination.","PATCH PATROL FIVE-O PITCHER COSMIC POLICE DEPARTMENT; Houston, TX; Sugar Land Police Department; Sheriff Pride of Texas; Harris County Sheriff; Houston Fire-EMS Rescue; Texas Game Warden; Operation Lone Star; US Border Patrol; Valero VPP Houston; Bomberos Chile; Blinn College Police Department; Pasadena Fire Department; Rice University Football; FBI Houston; Barons",Raw UGC,Vlog,true,yes,,https://www.tiktok.com/@akobersteen/video/7690990206509387039
patches,patch collection,2026-09-29,2026-10-01,handbageyecandy,HandbagEyeCandy,1258,151,10,1,"Bag number 3 in my journey to fall back in love with my Coach collection...

Coach Rogue 25 with Varsity Patches

#COACH #coachretail #bagcollection #bagcollector #pursecollector","A lifestyle creator and handbag enthusiast shares a casual update on her journey to fall back in love with her Coach collection by rotating her bags every few days, showcasing her current Rogue 25 and upcoming charm accessories.",@HandbagEyeCandy watermark visible on screen,Raw UGC,Vlog,false,yes,,https://www.tiktok.com/@handbageyecandy/video/7690978768545975583
patches,patches,2026-09-29,2026-10-01,meeca_suner,merida 👩🏽‍🦱,6963,269,2,3,New and Improved patches is out!! 😍✨#pimplepatches #acne #luxeorganixph,"A beauty creator reviews the new and improved Luxe Organix Acne Pimple Hydrocolloid Patches and Acne Mood Patches, demonstrating their application and 6-hour results on her hormonal acne.",Ako lang ba???!; NEW & IMPROVED; 60 + 30 FREE; MEDICAL GRADE PATCHES; LUXE ORGANIX; ACNE PIMPLE HYDROCOLLOID PATCH; Invisible 0.03mm thickness; 60-day bacterial control; Anti-Blemish + Niacinamide; ACNE MOOD PATCH,Raw UGC,Review,true,yes,possible off-topic,https://www.tiktok.com/@meeca_suner/video/7690935399480364308
patches,patch collection,2026-09-29,2026-10-01,patchcollection,Patch Collection,172,4,,,"1 new follower = 1 new patch 👀🧵

We’re starting a new series where every new follower helps us create another patch! How far can we take this? 👀✨

Follow along and become part of the collection! 🫶","Patch Collection launches a new series where every new follower triggers the creation of a new custom patch, using talking-head footage and high-end B-roll of embroidery work to drive comments and follows.",Do you have ideas but don't know how to execute?; COLLECTION; A PATCH; THAT; WHAT; BE SOMEONE; SPACE CITY; We want to make your design next.; Comment down below any ideas that you have.; And that follow button.,Polished Creator,Behind-the-scenes,true,yes,,https://www.tiktok.com/@patchcollection/video/7690587868682620174
patches,iron on patches,2026-09-28,2026-10-01,user79760921493028,Ambercreation patches,870,29,9,5,#patches #ironon #philly #eagles #footballtiktok,"A short, engaging TikTok video by Ambercreation patches using a popular meme format ('When I have those My friends be like') to showcase an extensive collection of embroidered Philadelphia Eagles iron-on patches, combining relatable social humor with satisfying product visuals.",When I have those My friends be like; GO BIRDS; EAGLES; PHILADELPHIA; EXCITING WHITES; FLY EAGLES FLY; TOUGH DOWN; NFL,Raw UGC,Meme,true,yes,,https://www.tiktok.com/@user79760921493028/video/7690634055976586527
patches,patches,2026-09-28,2026-10-01,joooooooooolia,juliajaskot,431,7,,,#pimplepatches,"A beauty creator demonstrates applying star-shaped pimple patches in a short, upbeat tutorial video captioned with a product hashtag.",I wish I knew about pimple patches earlier...,Raw UGC,Tutorial,true,yes,possible off-topic,https://www.tiktok.com/@joooooooooolia/video/7690573198353583373
patches,patches,2026-09-28,2026-10-01,dannilouise_93,DANNI || TikTok finds 🛍️,474,5,1,,Girl got a patch for everything 🩷 #fyp #kindpatch #patches #foryoudays #tiktokmademebuylt @Kind Patches,"A creator enthusiastically shares her large collection of Kind Patches wellness patches, framing her consumption as a fun, colorful obsession in a sponsored TikTok video.","Stress Down Patches, MB Patches, Unpuffy Patches, Berberine Patches, Super Glow Patches, NAD+ Patches, Energy Patches, Mood Patches, Boost Patches, Period Patches, Kind Patches",Raw UGC,Haul,true,yes,possible off-topic,https://www.tiktok.com/@dannilouise_93/video/7690510881158925590
patches,patch collection,2026-09-28,2026-10-01,370photographs,whacker1171,433,20,2,2,Won a giveaway a couple months ago. Here’s what I got! Forgot to include the fallen officers coin at the end.. whoops. #policepatchcollection #challengecoins #police #firstresponder #fyp,"A creator shares a haul of law enforcement challenge coins and patches won in a giveaway, showcasing each item in detail on a textured blue surface with a casual voiceover.","Giveaway Haul; FUCK DEATH; ST. LOUIS POLICE MISSOURI; 250; ST. LOUIS POLICE OFFICERS MEMORIAL FUND; IN HONOR OF THE FALLEN HEROES NATIONAL LAW ENFORCEMENT OFFICERS MEMORIAL NATIONAL POLICE WEEK 2026; THANK YOU FOR YOUR SUPPORT OF OUR SMALL LEO OWNED BUSINESS; ST. LOUIS M P 1861; METROPOLITAN POLICE ST. LOUIS, MO. ESTABLISHED MARCH 27TH, 1861; ST. LOUIS POLICE PIPES AND DRUMS; HOMICIDE SECTION JUSTICE IS THE DEBT WE OWE THE DEAD; ST. LOUIS METROPOLITAN POLICE; K9 UNIT EST. 1864; POLICE TELEPHONE ST. LOUIS FIRE AND POLICE TELEGRAPH DEPARTMENT 1914; DIAL 0 OPERATOR",Raw UGC,Haul,false,yes,,https://www.tiktok.com/@370photographs/video/7690422665701575967
patches,patch collection,2026-09-28,2026-10-01,socalpatchcollector,socalpatchcollector,691,62,3,,"Lots of new stuff

#policepatches #police #lawenforcementpatches #lawenforcementcommunity #policepatchcollection","A silent TikTok video showcasing a new haul of law enforcement patches, challenge coins, and die-cast police vehicles, targeted at patch collectors and enthusiasts.","IDAHO FALLS; CITY OF ATLANTA; ALAMEDA DEPUTY SHERIFF; ARAPAHOE COUNTY SHERIFF; SAN BERNARDINO COUNTY SHERIFF; POLICE CITY OF IRVINE; WASHINGTON THE STATE OF WASHINGTON 1889; SNOWFLAKE-TAYLOR POLICE; LOS ANGELES GND K-9; DALLAS INDEPENDENT SCHOOL DISTRICT; ANAHEIM POLICE; AIR SUPPORT DIV; SAN DIEGO; POLIZEI; HOT PURSUIT SERIES 47 WHITESTOWN POLICE WHITESTOWN, IN; 2023 FORD POLICE INTERCEPTOR UTILITY; HIGHWAY PATROL 2021 FORD BRONCO WILTRAK MAISTO",Raw UGC,Vlog,false,yes,,https://www.tiktok.com/@socalpatchcollector/video/7690416995967274270
patches,patch collection,2026-09-26,2026-10-01,bidibidibombum,Amanda Solis,926,97,1,1,"Recap on yesterday at the White Sox game and my performance. 
I love you Chicago thank you to everyone who has supported me. @Chicago White Sox @shottysjerseys @Patch Collection #selenaquintanillafans","Tribute artist Amanda Solis records a heartfelt vlog recap in her hotel room following her performance at a Chicago White Sox game, expressing deep gratitude to her fans, sponsors, and the 38,000 attendees.",,Raw UGC,Vlog,true,yes,,https://www.tiktok.com/@bidibidibombum/video/7689877174370766094
patches,iron on patches,2026-09-26,2026-10-01,ance18418,ance18418,13600,583,42,37,#patches #ironon #dallas #cowboys #diyproject,"A craft creator showcases an impressive collection of custom Dallas Cowboys patches in a POV video, using an appeal to the team's fanbase to drive community engagement and algorithmic reach.",POV: your hoping these reaches Cowboys nation,Raw UGC,Vlog,true,yes,,https://www.tiktok.com/@ance18418/video/7689865276174748958
patches,patch collection,2026-09-26,2026-10-01,spotter07nico,𝒩𝒾𝒸𝑜,1067,120,15,1,"Patch Collecting >>>

#patchcollector
#patches
#planespotting","A planespotter showcases their massive collection of military aviation patches accumulated over 11 months, kicking off the video with cinematic footage of a German Luftwaffe Airbus A400M transport aircraft.",My Patch collection since i started with it 11 months ago ---->; 54+08; LUFTWAFFE; MIGHTY; P-8A POSEIDON; LAPPLAND; WOC MISSION PLANNING; WE PLAN - YOU FLY; F-16 FIGHTING FALCON TORNADO 50 YEARS; RAMSTEIN FLAG 2026; F-35 LIGHTNING II; CH-53 SIKORSKY; RHIN-RHEIN; WTD 61 WE TRUST; LTG 62; EIFFEL POWER BUECHEL AIR BASE,Raw UGC,Vlog,false,yes,,https://www.tiktok.com/@spotter07nico/video/7689740168051379488
patches,iron on patches,2026-09-26,2026-10-01,gucciaholic,LEA★,815,8,,1,More is more ! #maximalism #canvastotebag diy iron on patches,"A short, satisfying top-down crafting video showing the preparation of custom patches for a maximalist canvas tote bag, set to upbeat music.",Canvas tote patches loading ...,Raw UGC,Tutorial,false,yes,,https://www.tiktok.com/@gucciaholic/video/7689643537586998542
patches,patch collection,2026-09-25,2026-10-01,omni.punch,Omni Punch,2192,35,,4,"Built to stand out, made to last. ⚡
Custom PVC patches by Omni Punch — sharp details, durable finish, and made exactly to your design.
📦 Custom orders | Worldwide shipping#unitedstates #CustomPatches","A short, engaging product showcase reel highlighting the durability, texture, and precision molding of custom PVC patches produced by Omni Punch.",ARCTIC Snow & Ice Products Snowjobs Nation Keep Pushing,Polished Creator,Tutorial,true,yes,,https://www.tiktok.com/@omni.punch/video/7689557824040389906
patches,iron on patches,2026-09-25,2026-10-01,msstylistic8,Leslie Goss Stevens,112,1,,,God is good embroidery iron on patches. These patches took 2 hours 🤦🏽‍♀️🤦🏽‍♀️🤦🏽‍♀️ on the machine but it was worth the wait. #irononpatches #embroidery #foryoupage #ilovewhatido #custom,"A creator showcases the two-hour production process of custom faith-based embroidered patches on an industrial machine, accompanied by a reflective voiceover about competing only with oneself.","GOD IS GOOD, Institch Cloud, Keep Away From Computer Disks and Hard Drives, Made in the USA",Raw UGC,Behind-the-scenes,true,yes,,https://www.tiktok.com/@msstylistic8/video/7689484405315734815
patches,iron on patches,2026-09-24,2026-10-01,jesslyn.tubbs,Jess 🤍,109200,5495,34,1963,These simple DIY custom hats with @Hobby Lobby iron on patches turned out so cute! ✨ #customhats #hobbylobby #diyfashion #darlin #pray,"A short, engaging DIY tutorial showing how to make custom trucker hats using Hobby Lobby supplies, featuring a clean aesthetic and satisfying close-up reveals.","Back at Hobby Lobby to make CUSTOM HATS, 2616423, 1000167, 4 pc, 1000164, 4 pc, $4.99, $6.99, DARLIN', PRAY",Raw UGC,Tutorial,false,yes,,https://www.tiktok.com/@jesslyn.tubbs/video/7689239168953699614
patches,patches,2026-09-24,2026-10-01,carlee.skincare,Carlee | Skincare,177600,2357,13,262,"These pimple patches are seriously insane!!!!! 

@Dr.Melaxin 

#drmelaxin #melaxinpartner #zeorfitpatch #pimplepatch #acnepatch","A skincare creator demonstrates the invisibility and makeup-compatibility of Dr. Melaxin S-Zinc Zero-Fit pimple patches by applying lipstick over them and peeling them off with tweezers, driving conversion through a sponsored product review.","Can you find the Dr. Melaxin Pimple patch???, Dr. Melaxin, S-ZINC ZERO-FIT, MICRO TYPE 0.01mm",Raw UGC,Review,true,yes,possible off-topic,https://www.tiktok.com/@carlee.skincare/video/7689204981966163230
patches,patches,2026-09-23,2026-10-01,qorvyna.myshopify.com,QORVYNA™,697,80,4,,"shop a variety of pimple patches like this amazing Patch RX in store now!
@qorvyna.myshopify.com 

#pimple #fypシ #viralvideo #tiktokmademebuyit","A beauty creator reviews and compares pimple patches on TikTok, arguing that decorative star-shaped patches are ineffective and recommending Patch RX hydrocolloid patches available on the TikTok shop.",stop giving yourself gold stars for having a pimple...; PATCH RX; 240 PATCHES; HYDROCOLLOID,Raw UGC,Review,true,yes,possible off-topic,https://www.tiktok.com/@qorvyna.myshopify.com/video/7688862114605272327
patches,patch collection,2026-09-21,2026-10-01,bidibidibombum,Amanda Solis,1154,82,12,,"✨ LOOK AT THIS BEAUTIFUL JACKET! ✨😍❤️

A HUGE thank you to Patch Collection for reaching out to me and wanting to collaborate on something so special! They custom-made and gifted me this AMAZING jack",Amanda Solis shares her excitement about a custom-made jacket gifted by Patch Collection ahead of her performance as a Selena tribute artist for the Chicago White Sox Hispanic Heritage Month pre-game show on September 25th.,"Embedded event flyer reading 'SPECIAL PREGAME PERFORMANCE SELENA TRIBUTE ARTIST AMANDA SOLIS HISPANIC HERITAGE NIGHT MODELLO FRIDAY, SEPTEMBER 25 | 6:40 PM GAME'",Raw UGC,Vlog,true,yes,,https://www.tiktok.com/@bidibidibombum/video/7688140599857253645
patches,patch collection,2026-09-21,2026-10-01,gueritas.boutique,gueritas boutique,7987,297,35,59,"New Band patches just arrived and I’m obsessed! 😍✨
Whether you’re a proud Band Mom, cheering from the stands, or just Here for the Band, I can create a custom trucker hat just for you! 💕
🎩 Choose y",A short promotional video by Gueritas Boutique showcasing new embroidered patches and custom trucker hat options designed specifically for marching band parents and supporters.,"BAND MOMS... these are for YOU!, HERE FOR THE BAND, BAND MOM, I'M WITH THE BAND, LOUD & PROUD BAND MOM",Raw UGC,Haul,true,yes,,https://www.tiktok.com/@gueritas.boutique/video/7688041481759739167
patches,iron on patches,2026-09-21,2026-10-01,julianajaquez_,julianajaquez_,686,35,2,3,Today I learned something new! I covered the hole I cut and ironed on a bear patch! Thank you to everyone who commented recommendations on how to fix my sweater. Can’t wait to wear it #embroidery #iro,"A female creator documents her attempt to fix a cut in her DIY mock-neck sweater using follower recommendations, successfully applying iron-on patches before accidentally scorching the wooden table at the end of the video.",Righting my Wrongs: How to patch on sweaters For baddies By a dummy; How to Patch a sweater; SOS Imaooo; Did it twice btw; Now how do I fix my table; PRAY on shelf mugs,Raw UGC,Tutorial,false,yes,,https://www.tiktok.com/@julianajaquez_/video/7687825928239451423
patches,patches,2026-09-21,2026-10-01,gracelamarr,GRACE,7361,224,2,2,they’re magical tho #acnetreatment #pimplepatches #skintok #realpost,"A creator shares an unvarnished, highly vulnerable video of herself removing over twenty pimple patches from her acne-covered face in a marble bathroom, fostering deep relatability and community validation within SkinTok.",real post of the day: waking up with 20+ pimple patches on your face,Raw UGC,Personal-update,false,yes,possible off-topic,https://www.tiktok.com/@gracelamarr/video/7687814707138399501
patches,patch collection,2026-09-21,2026-10-01,chanplante,CHAN,573800,47500,190,182,hello kitty eye patch 💗 in honor of the new @Cider USA x Hello Kitty & Friends collection!!,"A creator documents her budget-friendly DIY project crafting a custom Hello Kitty eye patch using a $5 pirate eye patch and hot glue, celebrating the launch of a new Cider collection with humor and enthusiasm.",Hello Kitty & Friends x Cider to be exact!!,Raw UGC,Tutorial,true,yes,possible off-topic,https://www.tiktok.com/@chanplante/video/7687736486766185742
patches,patch collection,2026-09-20,2026-10-01,ovallio.nart,ovallion.art,14500,1995,32,39,"Harvest from the Vocaloid Patch 👩‍🌾🚜🌾

Figured if my wallet was already gonna cry getting Neru I might as well go for the whole set

#blindbox #hatsunemiku #akitaneru #vocaloid #figurecollection","A creator unboxes a rare Akita Neru figure from a Vocaloid blind box set, highlighting the high aftermarket cost and teasing a finale.",Time for another harvest from the Vocaloid Patch; 👩‍🌾🚜🌾; ねんどろいどぷち; NENDOROID-PETIT; ボーカロイド #01; SECRET ITEM; GOOD SMILE COMPANY; 12個入り; 全10種 + シークレット1種; Only two left! How exciting ✨; who will it be?; THE YELLOW ONE OMG; *(haha jk it's Neru); warm up the baby; Crest; It's crazy to finally find her she's so expensive now!; Good Smile Company Akit...; $75; Depop; Akita Neru Nendoroid Puc...; $53.99; eBay; 5th ANNIVERSARY; triple baka mentioned; come back for the finale,Raw UGC,Unboxing,false,yes,,https://www.tiktok.com/@ovallio.nart/video/7687678157125684510
patches,iron on patches,2026-09-20,2026-10-01,mk.designz,MK Designz,1440,98,48,7,Baltimore Ravens fans where y’all at? 📣📣📣. New PREMIUM Iron-on Patches have arrived! 🎉🎉. Get yours before they sell out…. #baltimoreravens #football #baltimore #military #fyp,"A short-form promotional video by MK Designz showcasing new custom embroidered Baltimore Ravens iron-on patches, utilizing fast cuts, rhythmic audio, and a direct call-to-action to engage football fans.",,Raw UGC,Haul,true,yes,,https://www.tiktok.com/@mk.designz/video/7687627775959715086
patches,patch collection,2026-09-20,2026-10-01,elynvibe,Cockpitentransat,931,91,10,3,"Et pas que…

#pourtoi #foryoupage #aviation #patch #collection",A female aviation enthusiast confidently showcases her massive wall-mounted collection of military and flight patches while lip-syncing to a rap song in a short TikTok video.,OBJECTIF : COLLECTIONNER LE PLUS DE Patchs,Raw UGC,Vlog,false,yes,,https://www.tiktok.com/@elynvibe/video/7687610548216696097
patches,embroidered patches,2026-09-20,2026-10-01,tokiyoembroidery,Tokiyo  embroidery,84800,1119,20,63,An easy and practical way to fix torn fabric using an embroidered appliqué patch #embroidery #sewing #crafts #reels #viral,"A silent, satisfying tutorial demonstrating how to creatively mend a tear in fabric using a punch needle tool and colorful fabric appliqués shaped like a flower.",FACEBOOK @REVANNO_BORDIR,Raw UGC,Tutorial,false,yes,,https://www.tiktok.com/@tokiyoembroidery/video/7687607026087759118
patches,embroidered patches,2026-09-19,2026-10-01,tokiyoembroidery,Tokiyo  embroidery,1800000,22000,390,779,Easy techniques and ideas for fixing torn or holey clothes by applying an embroidered patch over the damage #embroidery #embroidered #crafts #viral #reels,"A mesmerizing craft timelapse showing how to fix a torn piece of clothing by embroidering a layered fabric flower over the damage, appealing to DIY and upcycling enthusiasts.",FACEBOOK @VANNO,Raw UGC,Tutorial,false,yes,,https://www.tiktok.com/@tokiyoembroidery/video/7687065931746397453
patches,patch collection,2026-09-18,2026-10-01,tom.patches,Tom patches,609,19,11,1,Say hi get catalog #patches #diy #bengals,"A quick, beat-synced product showcase video displaying multiple styles of Cincinnati Bengals embroidered patches, prompting viewers to message for a catalog.",Bengals; Say hi get catalog,Raw UGC,Haul,true,yes,,https://www.tiktok.com/@tom.patches/video/7686876779281255693
patches,patches,2026-09-17,2026-10-01,anasaurousrex,Rex,1804,62,,1,I still love them tho #starpatches #starface #pimplepatch #rex #ad,"Creator Rex shares a funny, relatable story in a work setting about how she had to stop wearing yellow star pimple patches because a customer mistook them for mustard on her face.",I like wearing the star pimple patches to work but I had to stop wearing the yellow ones cuz a lady came up to me and asked if I had mustard on my face,Raw UGC,Vlog,true,yes,possible off-topic,https://www.tiktok.com/@anasaurousrex/video/7686598002483514655
patches,patches,2026-09-17,2026-10-01,karlabaldera5,Karla,32,8,,1,Best pimple patches ever!! @Easyderm #pimple #patches #fastacting #face #acne,"A short, silent TikTok product review by Karla showcasing EasyDerm acne patches with close-up macro visuals of the packaging and application.",,Raw UGC,Review,true,yes,possible off-topic,https://www.tiktok.com/@karlabaldera5/video/7686354099259968799
patches,patch collection,2026-09-17,2026-10-01,shelleyg0430,Shelley Garza,124,4,1,1,"HATS & MORE HATS 🧢✨

“I just need ONE more patch…”
Wait—no, I need that one too.
OH MY GOSH… did you see THAT one?! 👀
Yep. Add it to the collection. 😂

And that, my friends, is exactly how my hat &","Small business owner Shelley Garza humorously documents her growing obsession with collecting custom patches and trucker hats, showcasing a vibrant array of detailed hat designs while prompting viewers to share their own crafting addictions.",HATS & MORE HATS 🧢✨; Porch Goose; MUDDY MAM; unhinged; SALTY; Aspire Marketing & Designs By Shelley; NEW HAT RELEASE COMING...; GOD IS GOOD all the time; MAKE HEAVEN CROWDED; OTTO WORLD FAMOUS FOAM FRONT OSFM; LOVE is like a Butterfly; BOUJEE Redneck; RISE & GRIND COFFEE,Raw UGC,Vlog,true,yes,,https://www.tiktok.com/@shelleyg0430/video/7686338589151497485
patches,patches,2026-09-17,2026-10-01,emma.diy6,DIY Hazel,244,6,1,,Big patches #patches #Big #diy,"A quick-cut TikTok product showcase displaying a variety of large, sparkly chenille custom patches set to an energetic pop song.","Game Day, Santa Baby, Love, Mama, Bad Witch, The Candy Galaxy, Cheer, Nike",Raw UGC,Haul,true,yes,,https://www.tiktok.com/@emma.diy6/video/7686307475611503902
patches,(not in thumbnail),2026-09-16,2026-10-01,kiasudealssg,KiasuDeals SG,109400,140,2,37,the reason normal pimple patches are ineffective..,,,,,,no,possible off-topic,https://www.tiktok.com/@kiasudealssg/video/7686244479971396871
patches,patch collection,2026-09-16,2026-10-01,she.makes.a.home,Emily | She Makes a Home,2955,135,8,6,"When you have that huge collection... do this!

A dear relative asked me to turn his huge law enforcement patch collection into a decorative keepsake... and this was no small task - there were 126 pat","A creator demonstrates the meticulous process of turning 126 law enforcement patches into a custom keepsake quilt for a relative's birthday, highlighting craftsmanship, family pride, and textile art.","What can we do with all these patches?;
This.;
Jude 1:3 'Contend for the Faith.';
METROPOLITAN POLICE JUSTITIA OMNIBUS DISTRICT OF COLUMBIA;
VIRGINIA BEACH VA. POLICE;
MONTGOMERY SHERIFF'S OFFICE;
DALLAS POLICE DEPARTMENT;
CHATHAM COUNTY SHERIFF'S OFFICE 1770 N.C.;
DEPUTY MARSHAL EST 1789 VILLAGE OF CAMILLUS PROTECT SERVE POLICE;
LEE'S SUMMIT POLICE;
HENRICO POLICE;
KALAMAZOO POLICE;
TUCSON POLICE ARIZONA;
BLACKSTONE VA.;
UNITED STATES MARSHALS;
SHERIFF'S OFFICE;
PORTSMOUTH POLICE;
NASH COUNTY POLICE;
SAN ANTONIO PARK POLICE",Raw UGC,Tutorial,false,yes,,https://www.tiktok.com/@she.makes.a.home/video/7686204816351169806
patches,iron on patches,2026-09-16,2026-10-01,ambercreation4,AmberCreation,914,34,12,5,#patches #ironon #eagles #philly #truckerhat which one you like😍 those in stock now💚💚,"A small business creator showcases new arrivals of custom embroidered Philadelphia Eagles and sports-themed patches in a fast-paced, tactile TikTok video, inviting viewers to select their favorite design.","New arrivals 
 Are you ready 
 Pick up your patches now",Raw UGC,Haul,true,yes,,https://www.tiktok.com/@ambercreation4/video/7686150614509686030
patches,patch collection,2026-09-15,2026-10-01,arioniee_,arion,908,43,2,2,"will be repurchasing these Ulta Beauty Collection “Wake Up Call Under Eye Patches” next time I’m at an Ulta!! 

#undereyepatches #eyepatches #ultabeauty #ultabeautycollection #rhodeeyepatches","An influencer shares an enthusiastic, authentic review of Ulta Beauty Collection eye patches while getting ready in a hotel bathroom during LTK Con.",these Ulta Beauty Collection eye patches are my latest obsession...; Another day at LTK Con calls for another set of these; Ulta Beauty Collection Wake Up Eye Patches,Raw UGC,Review,true,yes,possible off-topic,https://www.tiktok.com/@arioniee_/video/7685747581133098253
patches,patch collection,2026-09-15,2026-10-01,patchesgoalpha,PatchesGoAlpha-Jade,612,12,2,,#patches #diy #fyp #sequins #sports,"A quick retail product showcase highlighting newly stocked sequined sports patches, targeted at NFL fans and DIY crafters through energetic visual pacing.",New patches 🤩🤩🤩; 344; $20; Eagles Fly!; Dallas; 5,Raw UGC,Haul,true,yes,,https://www.tiktok.com/@patchesgoalpha/video/7685733156615425310
patches,patches,2026-09-14,2026-10-01,ju5tg1rlyt1ing5,ju5tg1rlyt1ing5,226,10,,,Half the time I struggle to find them #spotpatches #skincare,"A beauty creator shares a relatable review of ultra-thin Dr.Melaxin spot patches, using a close-up visual demonstration of their invisibility on the skin to hook viewers before displaying the product packaging.",The best spot patches EVER,Raw UGC,Review,true,yes,possible off-topic,https://www.tiktok.com/@ju5tg1rlyt1ing5/video/7685465835258875159
patches,patches,2026-09-13,2026-10-01,imogenawx,Imogen,597,7,,,"Find the spot patch 

#tiktokmademebuylt #spotpatches #skincare","Creator Imogen reviews Dr. Molexin spot patches in a casual TikTok video, demonstrating how to apply them and showing how undetectable and makeup-friendly they are.",Dr. Molexin ZERO-BLEMISH VITA-C & E ACNE PATCH 22 SPOTS,Raw UGC,Review,true,yes,possible off-topic,https://www.tiktok.com/@imogenawx/video/7684644276520733974
patches,iron on patches,2026-09-12,2026-10-01,lashayeerose,EE5,9324,801,27,67,"I’m loving the patch look more than the pins .. now I need more !💖 @Curves by Sean Brown.                           
.
.
 Patches from @Hobby Lobby Pins from  @Amazon #curvestote #decoratewithme #iro","A creator demonstrates how to customize a hot pink Curves by Sean Brown tote bag by applying iron-on patches from Hobby Lobby and pins from Amazon, resulting in a vibrant and personalized fashion accessory.","For Temporary Use: Carefully peel off backing paper to reveal adhesive, then position right side up on project. Press firmly to adhere. For Permanent Use: 1. Preheat iron on cotton setting and turn off steam. 2. Carefully peel off backing paper to reveal adhesive. 3. Position right side up on project and press firmly to adhere. Cover with cloth, then iron for 10-15 seconds. 4. Turn project inside out and iron again for 20-25 seconds. 5. Let cool completely. Check for full adhesion and repeat steps 3-4 if necessary. Tip: For synthetic materials, use glue to adhere. Paper Studio 301302 219159 Sticker / Patch 2.5 in x 2.75 in The Paper Studio 261852 171999 Sticker / Patch 2 in x 2.38 in 1.49 2.49 1.99",Polished Creator,Tutorial,true,yes,,https://www.tiktok.com/@lashayeerose/video/7684730410986753310
patches,embroidered patches,2026-09-12,2026-10-01,lifebrandhq,Life Brand,2353,52,1,9,Learn the difference between woven and embroidered patches. #patches #apparel #embroidery,An apparel manufacturing expert demonstrates the physical differences between woven and embroidered patches to educate creators and promote custom merchandise services.,Patches: woven vs embroidered; MOST PEOPLE THINK THIS; IS AN EMBROIDERED PATCH; BUT IT'S NOT; THIS IS CALLED A WOVEN PATCH; THE LOGO IS WOVEN RIGHT INTO THE ACTUAL MATERIAL; AND THESE HANDLE SMALL DETAILS AND SMALL LETTERS REALLY WELL; THIS IS AN EMBROIDERED PATCH; WHERE IT'S ACTUALLY EMBROIDERED THREADED; THIS ACTUALLY HAS SOME PUFF IN IT AS WELL; THIS DOES NOT HANDLE LITTLE LETTERS WELL AT ALL; THIS DOES; IF YOU NEED SMALL DETAIL IN PATCHES; YOU WANT A WOVEN PATCH; MY NAME'S DUSTIN; HERE FROM LIFE BRAND; WE HELP BRING BRANDS TO LIFE; IF YOU NEED HELP WITH PATCHES; SEND US A DM,Raw UGC,Tutorial,true,yes,,https://www.tiktok.com/@lifebrandhq/video/7684615544263200013
patches,patch collection,2026-09-11,2026-10-01,thepanthersgaming18,Panthers Gaming and more,504,22,1,,Mail call #policepatchcollection #collector #policeofficer #patches #fyp,"A silent unboxing video showcasing police patches, official letters, and departmental brochures from Bellevue and Fullerton police departments for a community of patch collectors.","CITY OF BELLEVUE POLICE DEPARTMENT Post Office Box 90012 Bellevue WA 98009-9012; BELLEVUE POLICE CITY OF WASHINGTON SINCE 1953; FROM: FULLERTON POLICE DEPARTMENT CITY OF FULLERTON 237 WEST COMMONWEALTH AVENUE FULLERTON, CALIFORNIA 92832-1881; Fullerton Police Department Orange County, California United States of America; POLICE OFFICER FULLERTON POLICE 24",Raw UGC,Aesthetic,false,yes,,https://www.tiktok.com/@thepanthersgaming18/video/7684332222542859534
patches,patches,2026-09-11,2026-10-01,zwcsm5,Joey’s store,2209,20,,2,These thin pimple patches are incredible! #pimplepatch,"A beauty creator reviews Dr. Melaxin ultra-thin pimple patches on TikTok, demonstrating their invisibility under makeup and promoting a TikTok Shop deal.",Dr. Melaxin MELA-C ZERO-FIT ULTRA THIN DARK SPOT PATCH MICRO TYPE 0.013mm 12mm x 72 Patches ORIGINAL TECH & PRO FORMULA; ZINC ZERO-DOT,Raw UGC,Review,true,yes,possible off-topic,https://www.tiktok.com/@zwcsm5/video/7684179195718618390
patches,patch collection,2026-09-09,2026-10-01,atticus_apparel,Atticus Apparel,650,27,6,,"Organizing, stocking and prepping patches for my event this weekend...can't wait!❤️
#irononpatches #oregon #truckerhat #vendor #patches","Atticus Apparel showcases its massive inventory of humorous and branded embroidered patches organized in acrylic bins, prepping for a weekend vendor event in Oregon.","Organizing, stocking and prepping patches for my event this weekend...can't wait!❤️
#irononpatches #oregon #truckerhat #vendor #patches
Budweiser
Coors
Old No. 7
FOX
Marlboro
LAKE
MINER GANG
PORTLAND
JACK DANIELS
ROUTE 66
COWBOYS AND BEER
FUCK YOU
SMOKE SHOW
SINKIN DRINKIN
BOUJEE BITCH",Raw UGC,Behind-the-scenes,true,yes,,https://www.tiktok.com/@atticus_apparel/video/7683686547857706254
patches,embroidered patches,2026-09-09,2026-10-01,plexicosplay,Plexi Cosplay,25800,3735,74,162,"Got a good start on Sesshomaru from Inuyasha! Here’s how I made all of his design patches - I did custom make the hakima and top as well. Next is armor, sash, fur, wig 😮‍💨 #inuyasha #sesshomaru","A skilled cosplayer demonstrates the step-by-step process of designing, embroidering, and assembling custom hexagonal patches for a Sesshomaru cosplay from Inuyasha.","Making Sesshomaru's Custom Patchwork; Set up the embroidery hoop; Applique tack down stitch first; Cut close to stitch leaving stabilizer; Remove excess carefully; Iron on patch adhesive to back and cut close to stitch lines; Next up: armor, sash, fur!",Raw UGC,Tutorial,false,yes,,https://www.tiktok.com/@plexicosplay/video/7683565188871654669
patches,embroidered patches,2026-09-09,2026-10-01,omni.punch,Omni Punch,2396,77,,4,"🦅 Looking to add custom Philly Eagles-inspired patches to your collection?
We manufacture premium embroidered patches for brands, shops & merch businesses.
📩 DM Omni Punch to start your next order.
",A short B2B promotional video showcasing custom embroidered patch manufacturing capabilities by Omni Punch.,,Raw UGC,Behind-the-scenes,true,yes,,https://www.tiktok.com/@omni.punch/video/7683558433722846482
patches,patch collection,2026-09-09,2026-10-01,patchesgoalpha,PatchesGoAlpha-Jade,450,5,2,1,College!!#patches #diy #fyp #sequins #sports,"A vibrant TikTok video showcasing a large restock of sequin and chenille patches geared toward college game days and DIY fashion, highlighting popular sports teams and characters with high visual impact.",Newest patches!!; BULLDOGS; 321; 323; Dodgers; 18; A; NFL; Game Day; 4,Raw UGC,Haul,true,yes,,https://www.tiktok.com/@patchesgoalpha/video/7683503241266580766
patches,embroidered patches,2026-09-09,2026-10-01,qualitypatches,Quality Patches,3946,90,11,12,"A little crazy, but make it puff ✨ 

This gold puff embroidered patch has that raised, dimensional look that makes even the simplest design stand out. Custom colors, shapes, fonts, and designs… you dr","A short, satisfying product showcase by Quality Patches highlighting the 3D dimension of a gold puff embroidered patch, encouraging viewers to order custom merchandise.","RAISED THREADS, BOLD STATEMENTS, ZERO COMPROMISES; #PUFF",Polished Creator,Behind-the-scenes,true,yes,,https://www.tiktok.com/@qualitypatches/video/7683319768891297056
patches,embroidered patches,2026-09-08,2026-10-01,omni.punch,Omni Punch,3762,107,5,14,"🇺🇸🦅 Philadelphia Eagle patches, made to stand out!
Premium custom patches crafted with detail and durability.

#PhiladelphiaEagles #EaglesPatches #NFLPatches #CustomPatches #EmbroideredPatches","A fast-paced, satisfying behind-the-scenes video showcasing the manufacturing of custom Philadelphia Eagles embroidered patches by Omni Punch, designed to appeal to sports fans and merchandise buyers.",PHILADELPHIA Eagles,Polished Creator,Behind-the-scenes,true,yes,,https://www.tiktok.com/@omni.punch/video/7683205559599762706
patches,iron on patches,2026-09-07,2026-10-01,brambles_and_rose_,Brambles And Rose,1302,57,2,3,"How to make Linocut fabric patches with patch specific adhesive 
#linocutprint #linocutpatches #irononpatches #patchadhesive #patchtutorial","A quick DIY tutorial showing how to apply specialized iron-on adhesive to linocut fabric prints to create durable, non-fraying clothing patches.",How to make Linocut fabric patches with patch specific adhesive; Very stuck on and does not fray; Print on your fabric (This is an old canvas bag) Don't forget to let the ink set before you iron it; Patch adhesive from allstitch.com; Lil scrap of adhesive; Iron it with a scrap piece of fabric on top to protect your iron; Cut around patch with paper backing still on; Done :); Now it's ready to be ironed onto clothing,Raw UGC,Tutorial,false,yes,,https://www.tiktok.com/@brambles_and_rose_/video/7682820941637864734
patches,iron on patches,2026-09-07,2026-10-01,jcokreations,jcokreations,666,24,5,3,Patches #irononpatches #fyp #patches #crafting #pinklover,"A visually engaging product showcase from a small creator highlighting custom pink-themed embroidered patches, set to an upbeat R&B soundtrack.",PRADA; THAT PART; Believe; FIGHTER; SEEK FIRST THE KINGDOM OF GOD; COACH; Jones Co. Kreations; Boujee Bundle,Raw UGC,Haul,true,yes,,https://www.tiktok.com/@jcokreations/video/7682719316952780045
patches,patch collection,2026-09-05,2026-10-01,botchlalil77,🌲🪖THE BIG L ⚾️ᛑᛗᛛ⌯✈︎,2827,173,32,1,MY PATCHES!! A lot of you guys have wanted to see my collection so here it is! #aviationlovers #militarypatches #miltok #fypシ゚viral #gentexhelmet,"A young female creator in a military-style jacket excitedly displays her extensive collection of aviation and military patches from her bedroom, concluding with a call for viewer recommendations.","MY PATCHES!! A lot of you guys have wanted to see my collection so here it is!; A patch I got from the Philippines; OSO- First to Go Last to Know (definitely one of my favorite patches); Air Force Special Operations (I LOVE the colors on this one); This one is the same just different colors; British Special Forces!!; Air Force (Size of a patch but it's actually a pin, still wanted to show it cuz it's cool); DEFINITELY my 2 favorites! Task Force 141 custom patch and a huge ass Special Operations patch. I put them on my CAP notebook; 2 A-10 patches I put on my travel bag (The A-10 is my favorite aircraft); Hell Yeah patch; The other cool ones I have on my wall. Most of them are just squadrons and wings.; I have a lot of patches that are the same squadron just different colors; LEMME KNOW WHAT OTHER PATCHES I SHOULD GET!!",Raw UGC,Vlog,false,yes,,https://www.tiktok.com/@botchlalil77/video/7682174651451149582
patches,patch collection,2026-09-05,2026-10-01,patchcollection,Patch Collection,9658,1671,38,187,"✨ HIDDEN GEM: DJ Screw ✨

Did you spot this one on our patch wall? 👀

Consider this your sign to find your next favorite patch. 🧵💫

#HiddenGem #PatchCollection #EmbroideredPatches #IronOnPatches","Patch Collection shares a short, rhythmic showcase of its Houston hip-hop and DJ Screw themed embroidered patches, panning across a massive inventory wall to highlight niche cultural items for collectors and fans.",Hidden Gems you didn't know you needed; WELCOME TO Fabulous SCREWSTON TEXAS; Screwston; 713; H-TX; HOU; MOCITTY; SEVEN ONE THREE; SUGAR LAND; SLOW LOUD & BANGIN; SIPPIN LEAN; TRILL,Polished Creator,Haul,true,yes,,https://www.tiktok.com/@patchcollection/video/7681710211152776461
patches,patches,2026-09-06,2026-10-01,thebodyloveclub_,The Body Love Club 🤍,2471,28,3,4,"Your daily reminder that we all get spots!!
#pimplepatch #acne #skincare #creatorsearchinsights
Pimple Patch Application, Spot Patch Application, Wearing Pimple Patches In Public Is Not Embarrassing, ","A body-positive UGC compilation by The Body Love Club featuring multiple young women removing hydrocolloid pimple patches from acne-prone skin, supported by upbeat rap audio and text asserting that acne is for healing, not hiding.",we are HEALING not HIDING our spots with pimple patches,Raw UGC,Tutorial,false,yes,possible off-topic,https://www.tiktok.com/@thebodyloveclub_/video/7682433481246362900
patches,patches,2026-09-03,2026-10-01,xxpushinpretty,M A R L Y N N A E,546100,38900,58,173,Dark spot patches ? #fyp #skintok #darkspots,"A beauty creator films a candid review of Mighty Patch dark spot patches on TikTok, showing how they look overnight, peeling them off with tweezers, and evaluating the results on her forehead blemishes.",MIGHTY PATCH Micropoint for dark spots 8 patches,Raw UGC,Review,false,yes,possible off-topic,https://www.tiktok.com/@xxpushinpretty/video/7681192199450578207
patches,patches,2026-09-02,2026-10-01,holliedolli94shopsugc0,holliedolli94shopsugc0,1193,5,2,,These are absolutely brilliant. I highly recommend. #spotpatches #pimplepatch #pimplestreatment #pimples #flashsaletiktok,"A creator delivers an authentic, enthusiastic review of COSRX AC Collection Acne Patches, demonstrating their effectiveness on her own acne-prone skin to build strong viewer trust and drive sales.","The best spot patches I have ever used. 
+의약외품
AC
Collection
Acne
Patch
COSRX

Perfect size for intensive care
[ The largest oval shape patch & Tapered Edge ]

26 Patches
Small 9 x 13 mm (9 ea)
Medium 11 x 16 mm (9 ea)
Large 15 x 23 mm (8 ea)",Raw UGC,Review,true,yes,possible off-topic,https://www.tiktok.com/@holliedolli94shopsugc0/video/7681014237342338326
patches,patch collection,2026-09-02,2026-10-01,patchcollectionofficial,patchcollectionofficial,15800,684,42,80,"Help us build our dream battle jacket! 🧷🖤

We’ve got the jacket… now YOU decide what goes on it. 👀
Tell us your patch ideas below ⬇️

Check out our website for all the rock patches patchcollection.","A patch retailer engages its audience by building a custom rock battle jacket piece by piece based on viewer comments, utilizing Bohemian Rhapsody as the soundtrack.","We are making a new Battle Jacket and we need suggestions on what to add next, comment your favorite bands and we will add them, QUEEN, Korn, SLEEP TOKEN, GREEN DAY, AVENGED SEVENFOLD, PANTERA, METALLICA, NIRVANA, GHOST, THE BEATLES.",Raw UGC,Challenge,true,yes,,https://www.tiktok.com/@patchcollectionofficial/video/7680943059105844493
patches,patch collection,2026-09-01,2026-10-01,momsdontsaythat,momsdontsaythat,175400,631,37,863,"School is back and Focus is one of the patches my girls have been wearing because ADHD + sitting in a classroom all day trying to stay on task is a struggle over here.

Focus is meant to support atten","A mother shares a personal testimonial on TikTok advocating for wearable sensory patches to help children with ADHD focus at school, directing viewers to her bio link for more information.",I will not stop posting until 20 million parents are aware that this impacted my daughter is life.,Raw UGC,Review,true,yes,,https://www.tiktok.com/@momsdontsaythat/video/7680636539554057485
patches,patch collection,2026-08-31,2026-10-01,nostalgicjunkyard420,NostalgicJunkyard official,333,12,2,,"my patch collection.  i literally have small collections of weird  $hit. lol 

#patches #vintagepatches #patchwork","A creator showcases their extensive vintage patch collection kept inside an old suitcase, highlighting various pop culture, corporate, and scout patches while maintaining a casual, nostalgic tone.","CONNECTICUT, NAVAJO TRAIL, NIAGARA FALLS, NEW YORK, NEBRASKA, MASSACHUSETTS, OHIO, IOWA, SAN DIEGO, SUPER XXII BOWL, BOSTON MILITIA, ANTHRAX, 7UP, SHELL, BASEBALL BUNNY",Raw UGC,Haul,false,yes,,https://www.tiktok.com/@nostalgicjunkyard420/video/7680076314472140045
patches,patch collection,2026-08-30,2026-10-01,patchstyle,✨patch up style🧢,525,9,5,,"Sports team patches overload 🔥 DM me for wholesale prices! 📥
#chenillepatch #chenillepatches #embroideryfactory #b2bembroidery #b2b #varsitypatches #embroiderypatches #sequinpatches #customembroider","A B2B supplier showcases a bulk inventory of sequin-embellished NFL sports team patches, targeting custom apparel makers with an invitation to inquire about wholesale pricing via direct message.",sports team patches; HOT! sports team patches,Raw UGC,Haul,true,yes,,https://www.tiktok.com/@patchstyle/video/7678983264836554015
patches,patch collection,2026-08-30,2026-10-01,believe.gigi,Believe.GiGi💕,3447,238,,30,"HD Patches! Message me for your own hat, crossbody, koozie or pouch 😉 #harleydavidsonmotorcycles #patch #yumaaz #truckerhat #custom","A short, aesthetic TikTok video showcasing a collection of custom embroidered Harley-Davidson patches in diverse patterns and colorways, inviting viewers to message the creator for custom hats, crossbodies, koozies, and pouches.","HD Patches! Message me for your own hat, crossbody, koozie or pouch 😉 #harleydavidsonmotorcycles #patch #yumaaz #truckerhat #custom",Raw UGC,Haul,true,yes,,https://www.tiktok.com/@believe.gigi/video/7679617197215452446
patches,patches,2026-08-29,2026-10-01,nvmxless,nvmxless,125,5,,,So thin can barely see the patch😍 #patches #drmelaxinskincare #skincare #blemish,"A short, aesthetically pleasing unboxing video showcasing Dr.Melaxin ultra-thin spot patches, targeting skincare enthusiasts on TikTok with satisfying tactile product presentation.","Dr.Melaxin Spot Patch, ORIGINAL TECH & PRO FORMULA, MELA-C-E ZERO-FIT ULTRA THIN DARK SPOT PATCH, MICRO TYPE 0.013mm, Helps protect and care for areas of skin concern areas with Vitamins C, E, and Ferulic Acid, INVISIBLE DARK SPOT CARE PRE-MAKEUP FIT, VITAMIN C + E + FERULIC ACID, 12 mm x 72 Patches, S-ZINC ZERO-FIT ULTRA THIN BLEMISH SPOT PATCH, MICRO PATCH powered by FRANZ",Raw UGC,Haul,true,yes,possible off-topic,https://www.tiktok.com/@nvmxless/video/7679542056624147734
patches,iron on patches,2026-08-29,2026-10-01,ryome_designs,Ryome_Designs,12200,275,22,50,I’m so ready for fall… 🍁#houstons1stTruckerhatbar #patchbar #htxvendor #fall #irononpatches,"A short, aesthetic crafting tutorial demonstrating the creation of an autumn-themed custom trucker hat using embroidered and glitter patches, produced by Houston-based Ryome Designs.",PUMPKIN SPICE; Ryome Designs Trucker Hat Bar,Polished Creator,Tutorial,true,yes,,https://www.tiktok.com/@ryome_designs/video/7679277004218289439
patches,patch collection,2026-08-28,2026-10-01,astoldbyindie,astoldbyindie,2417,90,6,4,"If you are looking for fall activities, turn your fall bucket list into patches you actually have to earn. Pick an iron on patch for each thing you want to do this fall, then add it to your tote only ","A creator introduces a creative fall bucket list hack where friends earn embroidered iron-on patches for completing seasonal activities and add them to a tote bag, promoting snappylogos.com.",FALL ACTIVITY HACK 🎃; TIE DYE; BASEBALL NIGHT; SNAPPY LOGOS; Fall Product Sale '26; Item #: 11203; SALE $0.80; ADD TO CART; Fall Camp '26; Halloween '26 (Ghost),Raw UGC,Tutorial,true,yes,,https://www.tiktok.com/@astoldbyindie/video/7679056569476107534
patches,patch collection,2026-08-28,2026-10-01,acr.accessories.5,Emma DIY,485,26,2,1,Designer patches #vendor #patches #designer#diy#pretty,"A silent, aesthetically pleasing video showcasing an extensive collection of designer-inspired embroidered patches neatly organized in trays and baskets, highlighted by close-up shots of individual pieces.",1 dollar per piece price tag visible in wire basket; designer logo shapes on patches,Raw UGC,Haul,true,yes,,https://www.tiktok.com/@acr.accessories.5/video/7678879930460933407
patches,iron on patches,2026-08-27,2026-10-01,_lovelycreationsslv,Lovely Transfers,18500,459,23,56,The perfect fall patch DOES exist.. 👻🍂 bio in link to 🛍️ #irononpatches #ironon #htv #fall #spookyszn,"A silent, aesthetically pleasing product showcase of large, detailed fall-themed ghost patches designed for crafting and apparel customization.",The perfect fall patch DOES exist.. 👻🍂 bio in link to 🛍️,Polished Creator,Haul,true,yes,,https://www.tiktok.com/@_lovelycreationsslv/video/7678840943633501471
patches,patches,2026-08-27,2026-10-01,afspotted,Af ☁️,1200000,12000,62,800,Ultra thin basically invisible spot patches #spotpatches #acneprone #acnepatches #drmelaxin,"A beauty creator shares a tutorial and review for Dr. Melaxin ZERO-FIT ultra-thin acne patches, demonstrating how they remain invisible under liquid foundation while treating breakouts.",These are not Gen X's pimple patches; 2-ZINC ZERO-FIT ULTRA THIN BLEMISH SPOT PATCH; MICRO TYPE 0.013mm; DR. MELAXIN,Raw UGC,Tutorial,true,yes,possible off-topic,https://www.tiktok.com/@afspotted/video/7678709688791289110
patches,patches,2026-08-26,2026-10-01,sebastian_gabriel156,Jixirou Trading Beauty,650,13,,,"If you’re struggling with stubborn dark spots, you need to see how these patches work. 👀✨

#tiktokmademebuyit #skincare #beautyhacks #darkspotremover #acnepatches #skincaretips #musthaves #viralprodu","A short promotional skincare video demonstrating the use of dark spot removal patches through satisfying peel-away visuals, targeting acne-prone viewers on TikTok.",SHOP NOW >; Hubskut DARK SPOT REMOVAL PATCH; 144 pcs; udh ga galau kalo lg jerawatan; kalo patchnya udh ada putih2 tinggal cabut deh,Raw UGC,Tutorial,true,yes,possible off-topic,https://www.tiktok.com/@sebastian_gabriel156/video/7678274868139347231
patches,embroidered patches,2026-08-26,2026-10-01,qualitypatches,Quality Patches,32200,856,33,133,"Pac-Man, but make it wearable. 👾🕹️

These embroidered transfers give you all the detail of embroidery without stitching directly onto the garment. Just heat press, peel, and watch your design level ","A short-form tutorial demonstrating how to apply custom embroidered Pac-Man heat-transfer patches to dark denim, combining nostalgic gaming imagery with modern streetwear DIY culture.",OP QUALITY PATCHES; Let is heat transfer this embroidered patch; GAME ON,Polished Creator,Tutorial,true,yes,,https://www.tiktok.com/@qualitypatches/video/7678153004092116257
patches,iron on patches,2026-08-26,2026-10-01,creamercutie,Talkin’ To Talk,933,12,2,,Had a little crafty night and used iron on patches for the first time!! I am not paying $50 for football shirts lololol (sorry @Ohio State Football) but this was so fun to make for my preschooler. Let,"A parent creates a custom Ohio State sweatshirt for a preschooler using iron-on patches and a mini heat press to avoid paying fifty dollars for retail merchandise, blending DIY crafting with relatable consumer commentary.","OHIO STATE, 396F (on heat press digital display)",Raw UGC,Tutorial,false,yes,,https://www.tiktok.com/@creamercutie/video/7678136272136785165
patches,patch collection,2026-08-25,2026-10-01,omni.punch,Omni Punch,6208,131,1,22,"Premium USA Morale Patches 🇺🇸🔥
Built with high-quality Velcro, sharp details, and consistent finishing. Whether you’re a brand, patch shop, club, or tactical business, Omni Punch is your trusted ma","A B2B showcase of custom USA-made morale patches by Omni Punch, highlighting embroidery quality, Velcro backing, and manufacturing capability for brands and tactical businesses.","MILITARY SURPLUS BROAD STREET ARMY & NAVY STORE EST. 1941 1316 N. 3RD ST. HARRISBURG, PA",Raw UGC,Tutorial,true,yes,,https://www.tiktok.com/@omni.punch/video/7678005513665121554
patches,(not in thumbnail),2026-08-24,2026-10-01,cocoavanillabread,cocoa,9843,328,,17,#acnepatches #pimplepatches #skincare #treatment #CapCut,,,,,,no,possible off-topic,https://www.tiktok.com/@cocoavanillabread/video/7677484881764502802
patches,patches,2026-08-21,2026-10-01,staria_brantley,JA’STARIA,2600000,20300,71,689,Pimple patches are official retired! #acne #acnetreatment #pimplepatch #acneskincare #acnetips,"A creator shares a shocking skincare hack in her bathroom, arguing that using large sheets of medical tape instead of expensive small pimple patches extracts more debris and saves money.",STOP wasting money on overpriced pimple patches !!,Raw UGC,Tutorial,false,yes,possible off-topic,https://www.tiktok.com/@staria_brantley/video/7676534647169305887
patches,patches,2026-08-20,2026-10-01,dangitalicia,dangitalicia,277800,1215,8,28,"OOTD pimple patches ⭐️ #StarPatch #OOTDBeauty #Kbeautypatch #AcnePatch
#Skintonepatch","A beauty creator reviews OOTD Beauty's new skin-toned star acne patches, demonstrating why they are superior to traditional transparent patches by matching them to her skin tone.",still using THIS in 2026??; it's not even the same colour as ur skin bestie; 5 new shades; Warm vanilla; Blush pink; Sand beige; Rich taupe; Soft cocoa; no popping; no scarring; gentle on skin; transparent patch; skin tone patch,Raw UGC,Tutorial,true,yes,possible off-topic,https://www.tiktok.com/@dangitalicia/video/7676038453938720008
patches,iron on patches,2026-08-20,2026-10-01,pani_xx,Stephanie⁷ ⊹ ࣪ ˖,7360,118,4,13,"Here is my highly requested video of how I removed my NIKE x BTS embroidered patches! I used my patches for my concert outfit, the DIY Killin’ It Girl jacket. 💜

Please do not use or alter these patc","Stephanie⁷ ⊹ ࣪ ˖ presents a comprehensive, transparent tutorial on how to safely remove Nike x BTS embroidered patches from customized apparel at home, complete with necessary tools, step-by-step instructions, and clear warnings about potential fabric damage.","HOW TO Remove Iron-on Patches; DISCLAIMER: This tutorial is only to remove, NOT ALTER, the exclusive NIKE X BTS patches...; WHERE DID I GET MY NIKE BTS PATCHES?; NIKE HOUSE OF INNOVATION (NYC); MY PRICE BREAKDOWN; Preview of my concert outfit; THE ANSWER IS NO.; REMOVE AT HOME; WHAT ARE IRON ON EMBROIDERED PATCHES?; 'IRON-ON'; HOW IT WORKS; IMPORTANT TO KNOW; EASY TO REMOVE, BUT-; 'MARK' COULD MEAN: Color fading, Color change, Sticky glue residue, Some scorch around the surrounding material; HIGHLY SUGGEST: Not placing your patches on any clothing you plan to re-wear because of the mark it will leave; WHAT TOOLS DO YOU NEED?; PREPARE: Iron, Ironing board, A thin cotton cloth; 1. PREP: Put the thin cotton cloth over the patch to protect the design.; 2. PRESS: Keep/Hold the hot iron firmly on top for about 30-45 SECONDS!; 3. COOL: Carefully set your hot iron to the side.; FOR EASIER REMOVAL, I RECOMMEND USING TWEEZERS; IF DONE CORRECTLY, THE PATCH SHOULD REMOVE SMOOTHLY!; STILL STUCK? No worries! PUT THE CLOTH AND IRON BACK!; 15-30 SECONDS MAX!; THERE GOI :) YOU DID IT! :D; UNFORTUNATELY, THERE IS GOING TO BE A MARK.; COMPLETELY NORMAL!; LET ME KNOW IF YOU HAVE ANY QUESTIONS! HAVE FUN :)",Raw UGC,Tutorial,false,yes,,https://www.tiktok.com/@pani_xx/video/7675954820590685471
patches,iron on patches,2026-08-19,2026-10-01,tay_southernshirtshack,Southern Shirt Shack,3045,135,10,6,The trendiest patches!! #fyp #sequinpatch #irononpatch #hatbar #tshirtmaker,"A boutique owner showcases her latest collection of trendy sequin and beaded patches, demonstrating how they apply to hats, t-shirts, and bags to drive traffic to her website and Etsy shop.",,Raw UGC,Tutorial,true,yes,,https://www.tiktok.com/@tay_southernshirtshack/video/7675789708634426638
patches,patches,2026-08-18,2026-10-01,xxpushinpretty,M A R L Y N N A E,347700,16900,56,48,Let’s patch together 🫧 #pimplepatches #skintok #acnejourney #fyp #satisfying,A creator shares a casual SkinTok vlog applying Hero Cosmetics pimple patches to emerging blemishes on her forehead and eyebrows.,Hero (on patch packaging),Raw UGC,Vlog,false,yes,possible off-topic,https://www.tiktok.com/@xxpushinpretty/video/7675421478258560286
patches,patch collection,2026-08-18,2026-10-01,yubinhuang984695,Pretty patches,363,8,6,1,Say hi get catalog #diy #patches #falgons,"A short, engaging TikTok product showcase featuring embroidered Atlanta Falcons patches arranged on a plush surface, designed to prompt viewers to request a catalog via direct message.",Falcons patches; Any favorite,Raw UGC,Haul,true,yes,,https://www.tiktok.com/@yubinhuang984695/video/7675385502710648078
patches,iron on patches,2026-08-18,2026-10-01,alphapatchesgo,Patches-Alpha🎀,492,7,,1,Halloween 🎃 patches #irononpatches #diy #patches#halloween #christmas,"A fast-paced TikTok product showcase highlighting new Halloween-themed iron-on patches with a pink and sparkly aesthetic, set to an upbeat trending track.",Halloween patches 👻🩷✨new arrivals !,Polished Creator,Haul,true,yes,,https://www.tiktok.com/@alphapatchesgo/video/7675340393688337677
patches,(not in thumbnail),2026-08-17,2026-10-01,keiyyzzhhh,keiyyzzhhh,1852,13,3,33,Embroidered Iron Patch for canvas bags with holes to hide✨🎀#embroiderypatch #ironpatch #patches #bagaccessories #cutedesign,,,,,,no,possible off-topic,https://www.tiktok.com/@keiyyzzhhh/video/7674917150909533461
patches,iron on patches,2026-08-16,2026-10-01,sodarlingscreenprints,So Darling Transfers • Meghan,2897,69,8,7,We just dropped some of the cutest chenille iron on patches of the season! Shop all of our transfers at SoDarlingScreens #girly #spooky #fall #asmr #halloween,"A small business owner showcases new seasonal chenille iron-on patches using a satisfying ASMR POV format, targeting boutique and t-shirt shop owners ahead of the autumn and Halloween season.",POV: you're a t-shirt shop looking for the cutest spooky season patches; M UV 50; M UV 51; M UV 52; M UV 53,Raw UGC,Haul,true,yes,,https://www.tiktok.com/@sodarlingscreenprints/video/7674457870854802702
patches,iron on patches,2026-08-13,2026-10-01,daisypunchneedle,Daisy Punch Needle,25100,1285,70,129,Punch Needle Patch Tutorial! Make all your punch needle projects patches even Minnie Mouse 💝 #foryoupage #punchneedletutorial #minniemouse #punchneedleembroidery,"A concise, step-by-step DIY tutorial demonstrating how to turn a Minnie Mouse punch needle embroidery piece into an iron-on patch for denim clothing, created by Daisy Punch Needle.","Let's make a punch needle iron-on patch!; Daisy Punch Needle; Watch This!; This is an amazing punch needle tip!; Works on all fabric; Cut around leaving a half inch fabric exposed; No Hot Glue!; Fold the edges inward, then iron flat; Take a piece of iron-on adhesive paper; Trace; Cut slightly larger than the traced design; Place it on the back of the design, paper side up; Press a few seconds; Cut off the excess; Peel off the paper; Your patch!; Iron from the inside of the garment; Happy Patching!",Polished Creator,Tutorial,false,yes,,https://www.tiktok.com/@daisypunchneedle/video/7673547011412479263
patches,(not in thumbnail),2026-08-12,2026-10-01,ohana_shop03,Ohana Shop 🌻,15700,335,11,47,"Cherry blossom patch on bags
#cherryblossom  #patches #irononpatch #embroidery #fyp",,,,,,no,,https://www.tiktok.com/@ohana_shop03/video/7673116445198535956
patches,patch collection,2026-08-11,2026-10-01,nafardopatches,nafardopatches🚒,1513,86,12,5,Mail call✉️🚔🚒 #Leopatches #firedept #patches #patchcollecting #mailcall,A TikTok creator shares a mail call update showcasing new official uniform patches and letters received from multiple police and fire departments across the United States.,Mail call ✉️🚔🚒; Broomfield Police Colorado; Aspen Police Department; Arapahoe County Sheriff's Office Est. 1858; City of Kissimmee Fire Department Fire Courage Compassion Community Est. 1909; Gatlinburg Police Department The Heart of the Smokies,Raw UGC,Vlog,false,yes,,https://www.tiktok.com/@nafardopatches/video/7672840894931881246
patches,patches,2026-08-11,2026-10-01,postglam,aleena,55900,752,15,46,"guess I’ll just use them as cover ups 🤷🏻‍♀️🤣

#pimplepatch #pimplepatches #acneproneskin #deinfluencing #deinfluencingskincare","A beauty creator uses a humorous, non-verbal format set to dramatic music to deinfluence cute star-shaped pimple patches, showing that they look appealing but fail to perform effectively.",when the pimple patches are cute but barely work at all,Raw UGC,Review,false,yes,possible off-topic,https://www.tiktok.com/@postglam/video/7672836862024633620
patches,patch collection,2026-08-11,2026-10-01,patch_collector1,Military+policepatchcollector,3432,46,6,,New patches#patch #patchcollecting #collection #patchcollection,"A short, satisfying TikTok showcase featuring new military and tactical patch acquisitions laid out rhythmically on a wooden table to music.",New patches🔥,Raw UGC,Collection,false,yes,,https://www.tiktok.com/@patch_collector1/video/7672577668201696525
patches,(not in thumbnail),2026-08-10,2026-10-01,ryuuuji.xx5,𝓻𝔂𝓾𝓾𝓳𝓲.ᥫ᭡ྀིྀིྀིྀིྀི,2725,38,20,25,"Sharing what I learned using pimple patches as someone who have tried a lot

#pimplepatch #acnecare #pimplecare #posh #creatorsearchinsights",,,,,,no,possible off-topic,https://www.tiktok.com/@ryuuuji.xx5/video/7672551078663146770
patches,(not in thumbnail),2026-08-10,2026-10-01,jenaishereeeeee,⋆. 𐙚 ˚ gena,2651,8,1,13,No more boring clothes! Wag mo tatapon yan! Iron on patches lang need niyan! Affordable & low cost way to have cute & new clothes! Iron mo lang for a few seconds and my new design kana! Solid right? C,,,,,,no,,https://www.tiktok.com/@jenaishereeeeee/video/7672195549931769108
patches,iron on patches,2026-08-09,2026-10-01,thecharmedwholesa,TheCharmedWholesale,543,26,8,4,#patches #irononpatches #diysupplies #junkhats,"A short, aesthetic showcase of custom iron-on patches and beaded safety pins designed for DIY crafting and junk hats, aimed at makers and small business creators.","Custom Made, Coach, Boots On The Ground, Proverbs 31 Woman, God has a plan, Pray, Wait, Trust",Raw UGC,Haul,true,yes,,https://www.tiktok.com/@thecharmedwholesa/video/7672026401641450782
patches,patch collection,2026-08-07,2026-10-01,travelnaus,travelnaus,6739,536,18,81,"The start of our patch collection! 🗺️

We’ve collected just over 100 patches so far, from our travels around Vic, South Aus and Tassie! Can’t wait to add to the collection as we explore WA later this","A silent video showcasing a vehicle ceiling completely covered in over 100 travel souvenir patches collected from road trips across Victoria, South Australia, and Tasmania, soundtracked by upbeat music and captioned with excitement for future travels in Western Australia.","Various location names on patches including Bicheno, Torquay, Queenstown, Great Ocean Road, Bright, 12 Apostles, St Helens, Cradle Mountain, Wilsons Promontory, VB (Victoria Bitter logo patch), Flinders Ranges, Yorke Peninsula, Kangaroo Island, Port Arthur, Wineglass Bay, Hobart, Apollo Bay, Robe, Coffin Bay, Bairnsdale, Echuca, Canberra, Lake Bumbunga",Raw UGC,Vlog,false,yes,,https://www.tiktok.com/@travelnaus/video/7671399618105724181
patches,patch collection,2026-08-05,2026-10-01,patch_collection,Patch Collection,148,6,3,,"All these amazing patches! ✨ 

Which ones would you choose?

#irononpatches #TikTokMadeMeBuyIt","A small business account showcases a curated collection of colorful, embroidered iron-on patches in a fast-paced video set to music, inviting viewers to select their favorites in the comments.",patches i have collected,Raw UGC,Haul,true,yes,,https://www.tiktok.com/@patch_collection/video/7670641219587804429
patches,iron on patches,2026-08-05,2026-10-01,samcampp,Sam,81000,3167,31,775,"spice, spice, baby!! 🍂☕️🎃

Your next girls night craft- grab some cute pouches and add these fun iron-on patches!! 

Send this to someone you want to make these with next girls night!! 

#fallcraft ","A short-form DIY tutorial demonstrates how to customize gingham pouches with fall-themed chenille patches using a mini heat press, targeted at friend groups looking for seasonal craft night inspiration.",your next girls night craft,Polished Creator,Tutorial,false,yes,,https://www.tiktok.com/@samcampp/video/7670609724642987278
patches,patch collection,2026-08-04,2026-10-01,reelnomads,ReelNomad,396200,18300,25,1314,"Replying to @Hannah 🖤 

Turning our roof into a map of everywhere we’ve been 🧵🚐

📍 Every patch = a place we’ve actually been

🧷 Sticky-back Velcro (spiky side!) from Bunnings — holds on the roof ","A quick, satisfying TikTok DIY tutorial demonstrating how to attach travel souvenir patches to a camper van headliner using sticky-back Velcro from Bunnings, responding directly to a follower's comment.","Replying to Hannah @- - - -'s comment 
What do you use to attach them 
GREAT BARRIER REEF 
AIRLIE BEACH AUSTRALIA 
BUNNINGS 
NOOSA 
THE BIG BANANA 
BALLINA 
KURANDA RAINFOREST 
JVC 
PAVB",Raw UGC,Tutorial,false,yes,,https://www.tiktok.com/@reelnomads/video/7670310711238593814
patches,patch collection,2026-08-04,2026-10-01,omni.punch,Omni Punch,10900,237,3,30,"🇺🇸 Every stitch matters. From digitizing to the final cut, we craft premium custom US flag patches built for military, law enforcement, first responders, outdoor brands, and tactical gear. Message u","A behind-the-scenes manufacturing clip showing custom US flag patches being machine-embroidered in a workshop, accompanied by a patriotic song and a direct-response caption offering free physical samples for tactical and professional gear.",GREAT Design the Future logo branding on the embroidery machine head,Raw UGC,Behind-the-scenes,true,yes,,https://www.tiktok.com/@omni.punch/video/7670250268231077128
patches,iron on patches,2026-08-04,2026-10-01,_leenaalikhan,Leena,4731,71,9,10,"Just another DIY mom 💁🏽‍♀️ just kidding, customizing my preschooler’s backpack thankfully wasn’t as hard as I thought it would be!

I grabbed some iron on patches from hobby lobby and Amazon. I’m ju","A relatable mom shares a quick, aesthetic tutorial on customizing her preschooler's backpack using affordable iron-on patches from Hobby Lobby and Amazon, targeting the MomTok and back-to-school community.",PERSONALIZING MY PRESCHOOLER'S BACKPACK; 1.99; DESIGN IRON ON STICKER; 2.49; DESIGN IRON ON EMBROIDERY; M,Raw UGC,Tutorial,false,yes,,https://www.tiktok.com/@_leenaalikhan/video/7670037665760300301
patches,patches,2026-08-04,2026-10-01,code3gr,Code3GrandRapids,2640,75,10,6,"Patch Wall 🥹😍

Update (8/3/26)
No new patches to update yet, but I don’t think I’ve posted the wall before so here we are
-
#firedept #firefighter #patches #patchcollection #fyp","A short, satisfying video showcasing a vast wall collection of fire department and EMS patches from Michigan and surrounding areas, shared by Code3GrandRapids on TikTok.","Patch Wall 🥺😍

Update (8/3/26)
No new patches to update yet, but I don't think I've posted the wall before so here we are
-
#firedept #firefighter #patches #patchcollection #fyp",Raw UGC,Aesthetic,false,yes,,https://www.tiktok.com/@code3gr/video/7669991987809963294
patches,iron on patches,2026-08-03,2026-10-01,mrsleading,savvvvvv,75700,5952,64,388,"letting yall know that you can make your own BTS Arirang sweat set with iron-on patches + rhinestones for a fraction of the price 😛 hoodie and sweatpants were super cheap at rue 21

So ready for Arli",A creator demonstrates how to make affordable custom BTS concert merchandise using inexpensive blank clothing from Rue21 and iron-on patches.,"Before:, sweatpants, hoodie, After:",Raw UGC,Tutorial,false,yes,,https://www.tiktok.com/@mrsleading/video/7669878222632373534
patches,patch collection,2026-08-02,2026-10-01,saturdaystitchclub,Saturday Stitch Club,14300,1137,5,26,"Welcome back to It’s 5 O’clock Somewhere! Today’s adventure was adding some vintage travel patches to my @BAGGU bag, inspired by @moon woman vintage! I’ll likely add some more in the future, but I lov","A creator shares a relaxing after-work DIY project customizing a burgundy Baggu bag with vintage travel patches purchased from eBay, offering viewers creative inspiration and a cozy aesthetic escape.","Welcome back to It's 5 O'clock Somewhere, where I take you along for the projects and crafts I'm doing when the workday ends. Today's adventure is adding patches to my Baggu bag. I started collecting different vintage patches from places I've been, just by buying them off of eBay, and I was inspired by another creator who I saw was adding a whole bunch of patches to her Baggu bag. I started with securing the patches to double-sided sewing paper, just so they'd be a little bit easier to stick onto the bag and decide the placement I like. I thought I was going to add a whole bunch more patches, but I ultimately just ended up deciding to do a little cluster in the corner. I'll likely end up doing some more patches on the back side, but I'm super excited with how the bag turned out so far. It was an easy end-of-day project, and I love making my Baggu a little more unique. Thanks for watching! DIFFICULTY RATING: 2/10",Raw UGC,Tutorial,false,yes,,https://www.tiktok.com/@saturdaystitchclub/video/7669559039495261471
patches,iron on patches,2026-08-02,2026-10-01,lilemandthings,lil em and things,45300,970,19,523,A fun diy!!! I think this is new at Michaels (could be just new to my store) This “patch bar” was so cute! It’d be fun for a craft night. #michaels #craftidea #patches #diy #fypシ゚viral,"A short creator video documenting a new patch bar display at Michaels craft store, complete with a product panning shot and a follow-up image of a discounted canvas bag paired with customized patches.","Choose your base, Pick your patches, Peel and stick or iron-on, Attach two ways: adhesive or iron-on, The patch bar at Michaels, Easy diy idea!!!, Got this bag for 60% off!, WELL BEHAVED WOMEN rarely MAKE HISTORY, CRAZY Cat Lady CLUB, IT IS WHAT IT IS, UNUSUALLY THINKING ABOUT GOING HOME, I came, I saw, I had anxiety, I left...",Raw UGC,Vlog,false,yes,,https://www.tiktok.com/@lilemandthings/video/7669394793058929934
patches,iron on patches,2026-08-02,2026-10-01,jackieg47,Jackie Garcia,7276,37,1,2,Literally AMAZON! Iron on patches and some basic tees I have sooo manyyy so it always looks like im wearing the same shirt but its not lol! #fyp #irononpatches #miniiron #amazon #workshirt,"A quick, satisfying TikTok tutorial by creator Jackie Garcia demonstrating how she customizes cheap t-shirts from Five Below using iron-on patches and an Amazon mini iron, appealing to DIY and budget fashion communities.",How I customize my Five Below shirts; LIVE BEGO (mirrored text on shirt),Raw UGC,Tutorial,true,yes,,https://www.tiktok.com/@jackieg47/video/7669258161156574478
patches,patch collection,2026-08-01,2026-10-01,leslyshuarachess,leslyshuaraches 🎀,8128,423,2,88,"Lesly’s Pink booth is for the girlsss🩷 we have now added a new section to our stand were you’ll find a bunch of coquette, faith based, humorous patches & can customize your own canvas tote bag to you","A promotional TikTok video by a small business owner showcasing 'Lesly's Pink Booth' at a market, highlighting a new customization station where customers can buy a $25 canvas tote bag and select patches and accessories to personalize it with friends.",,Raw UGC,Vlog,true,yes,,https://www.tiktok.com/@leslyshuarachess/video/7669204233266253086
patches,patch collection,2026-08-01,2026-10-01,patch_collection,Patch Collection,412,6,,1,"Your jacket deserves a little personality. ❤️✨

Houston pride, tiny details, and patches that make every outfit one of a kind. Mix, match, and customize your own denim jacket with embroidered patches ","A short-form DIY tutorial and product showcase by Patch Collection demonstrating how to customize a denim jacket with Houston-themed embroidered patches, combining tactile craft visuals with local identity.","OLD NAVY; MOM; houston; CHAMPIONS; BE SOMEONE; Limited Edition; www.PatchCollection.com; 11718 N Garden St, Building C, Houston, TX 77071; Disney - Sports Leagues - Anime - Pop Culture; QUALITY IN EVERY STITCH; HECHO EN HOUSTON; HOUSTON VS EVERYBODY",Raw UGC,Tutorial,true,yes,,https://www.tiktok.com/@patch_collection/video/7668746861552979214
patches,iron on patches,2026-08-01,2026-10-01,daniellechambers0,Patches alpha - Penny,1176,23,4,9,#irononpatches #diy #fyp #hatpatches #cowboys,"A short, beat-synchronized showcase of custom DIY sports patches arranged neatly in a sorting box, targeting crafters and football fans.",Sports patches 🔥🔥,Raw UGC,Haul,true,yes,,https://www.tiktok.com/@daniellechambers0/video/7668853341945941262
patches,patch collection,2026-07-31,2026-10-01,patch_collection,Patch Collection,482,10,,,"Houston style, stitched to perfection. 🤎🌇

These black cuffed shorts featuring our Houston skyline patch are the perfect way to add local pride to your everyday look.

✨ Customize yours with your fa","A brand account showcases a quick, satisfying DIY tutorial on ironing a Houston skyline patch onto black denim shorts, highlighting custom fashion and local pride.","SO, 10REG, HOUSTON",Polished Creator,Tutorial,true,yes,,https://www.tiktok.com/@patch_collection/video/7668746142418521358
patches,patch collection,2026-07-30,2026-10-01,gandejiushitk0004,Ambercreation patches1,3728,227,37,26,#patches #ironon #raiders #lasvegas #raidersnation awe so cute new patches,"A short promotional TikTok video by Ambercreation patches1 showcasing a new haul of Las Vegas Raiders embroidered patches through an overhead POV style, directing viewers to join a live shopping event.","Welcome to Amber's patches club
Live 7-11pm PT time
Go
Raiders!
pick up your pretty patches",Raw UGC,Haul,true,yes,,https://www.tiktok.com/@gandejiushitk0004/video/7668374921873034509
patches,iron on patches,2026-07-30,2026-10-01,jeannakary,Jeanna,61300,2487,53,374,"Don't toss those yarn scraps! 🧶 Turn
them into adorable iron-on crochet patches and give your handmade projects a fun, personalized touch. 

This quick DIY is perfect for decorating tote bags, jacket","Jeanna shares a quick, satisfying craft tutorial demonstrating how to turn leftover yarn scraps into iron-on crochet patches using fusible web, a mini iron, and scissors. Set to upbeat, cheerful music with vibrant overhead visuals, the post engages the crochet community by offering a practical upcycling idea and inviting viewer comments on project applications.",IRON-ON CROCHET PATCHES; HeatnBond ULTRAHOLD,Polished Creator,Tutorial,false,yes,,https://www.tiktok.com/@jeannakary/video/7668349461164215565
patches,patch collection,2026-07-29,2026-10-01,usa250gear,USA 250 GEAR,105,1,,,"LIMITED EDITION EMBROIDERED COLLECTOR PATCHES
💯% USA Made patches that commemorate the 250th Anniversary of our great country and the foundation of our armed forces. Collect them all!
#MadeInUSA #ame","A promotional TikTok video by USA 250 GEAR showcasing limited edition, 100 percent US-made embroidered patches commemorating the 250th anniversary of the United States and its armed forces.",USA250GEAR.COM. Limited Edition Collector's Patches; 100% USA Made patches that commemorate the 250th Anniversary of our great country and the foundation of our armed forces. Collect them all!; UNITED STATES ARMY 1775 250 YEARS 2025; UNITED STATES MARINE CORPS 1775 250 YEARS 2025; USA 250 YEARS OF FREEDOM; 250 YEARS OF FREEDOM DON'T TREAD ON ME COME AND TAKE IT; USA 1776 2026 250; UNITED STATES OF AMERICA USA 250 1776-2026; USA * 250 *; USA 250TH 1776-2026,Polished Creator,Haul,true,yes,,https://www.tiktok.com/@usa250gear/video/7668025893872274718
patches,patch collection,2026-07-29,2026-10-01,patch_collection,Patch Collection,94,5,,,"Faith that stays with you, wherever life takes you. ✨🕊️ 

Our embroidered patches are made to inspire every day. 

#jesuschrist #christiantiktok","A short, aesthetic product showcase video by Patch Collection displaying three detailed Christian embroidered patches through tactile hand reveals, accompanied by gentle music and devotional messaging.",GOD IS GOOD ALL THE TIME; THEY HATED JESUS TOO,Polished Creator,Haul,true,yes,,https://www.tiktok.com/@patch_collection/video/7668017782415559949
patches,iron on patches,2026-07-28,2026-10-01,lanielately,lanie !!,6692,605,13,67,"make tank tops with me for universal!! i used iron on patches from amazon! quick and easy way to make cute merch for the parks!! 🌎🪄⚡️🎢

#universalstudios #harrypotter #harrypottertiktok #universalo","A creator shares a quick DIY tutorial on how to make custom Harry Potter tank tops using Amazon iron-on patches for an upcoming trip to Universal Orlando, blending fandom enthusiasm with accessible crafting.","make harry potter tanks with, for universal orlando, HAPPEE BIRTHDAE HARRY, HUFFLEPUFF",Raw UGC,Tutorial,false,yes,,https://www.tiktok.com/@lanielately/video/7667369207193029902
patches,embroidered patches,2026-07-27,2026-10-01,patchmeup_byrachel,patchmeup_byrachel,3474,108,1,2,"Here’s how to apply your personalised embroidered patch, order your own from my new Etsy shop PatchMeUpByRachel ✨ What name should I embroider next?

#embroidery #embroiderymachine #howto #smallbusine","A small business owner demonstrates how to apply an iron-on embroidered patch in a quick, clear tutorial video designed to drive engagement and Etsy sales.",Place patch wherever you like; Iron for 60 seconds; Wait 1-2 mins; Perfectly secure; Enjoy,Raw UGC,Tutorial,true,yes,,https://www.tiktok.com/@patchmeup_byrachel/video/7667255725592251670
patches,patch collection,2026-07-27,2026-10-01,patchpursuit4,patchpursuit4,5739,224,53,8,All emails! Okay question. If anyone of my viewers collects coins aswell-will departments give you free ones? I would like to start collecting them. Thanks!#police #patchcollecter #policepatch #collec,"A patch collector showcases recent mail from multiple police departments across the US, featuring official letters and embroidered patches, while asking viewers if police departments also send free challenge coins for new collectors.","Mail call!; Moab Police Department; City of Moab; Austin Police Department; Minnesota State Patrol; Washington State Patrol; Kentucky State Police; Chief, Sergeant insignia",Raw UGC,Vlog,false,yes,,https://www.tiktok.com/@patchpursuit4/video/7667082538208283917
patches,patch collection,2026-07-27,2026-10-01,jenniferrivas1997,PrayingwifeJen,792,33,13,4,"Just a reminder of the amazing Texas Tech patches we have available! ❤️🖤🤍

Football season is right around the corner, and I have a camo jacket ready to create! Whether you’re headed to Lubbock, tai","A short product showcase video displaying custom Texas Tech University themed embroidered patches, designed to drive direct message orders for football gameday jackets and hats.","Don't forget about the amazing patches we have! PUMPJACK MENTALITY, RAIDER POWER, choosin Texas, WRECK everyone, wreck em, TEXAS RED-RAIDERS, SATURDAYS IN LUBBOCK",Raw UGC,Haul,true,yes,,https://www.tiktok.com/@jenniferrivas1997/video/7666991262557375775
patches,patches,2026-07-26,2026-10-01,laynemess,layne!,17100,2962,28,96,"Patches 

#fyp #fashion #outfitinspo","A fashion creator showcases a Y2K-inspired outfit featuring distressed patch flare jeans on a suburban front porch, utilizing a simple POV rotation format to highlight the clothing.",Patches,Raw UGC,Aesthetic,false,yes,,https://www.tiktok.com/@laynemess/video/7666918555509722382
patches,patches,2026-07-25,2026-10-01,amirrahluvsmatcha,Amirrah أميرة,90900,4096,7,74,Obessed with these star patches ⋆✴︎ @#OOTD BEAUTY #starpatches #ootdbeauty #acnepatch #illit,"A beauty creator reviews OOTD BEAUTY Star Spot Patches, demonstrating how their 10 different colors can be matched to daily outfits while providing blemish care with niacinamide and ceramide.",PIMPLE PATCHES; That match the OOTD; STAR SPOT PATCHES; Comes in 10 different colors; Nude beige for subtle look; Neon colors for brighter look; Niacinamide and Ceramide; BLACK AND YELLOW; PERFECT TO ADD A LITTLE FUN TO YOUR LOOK <3,Polished Creator,Review,true,yes,possible off-topic,https://www.tiktok.com/@amirrahluvsmatcha/video/7666510639245905166
patches,embroidered patches,2026-07-24,2026-10-01,acr.accessories.2,Sherwood patches,8597,764,20,45,Betty Boop embroidered patch#patch #bettyboop #diy #perfect,"A short, aesthetic TikTok video by Sherwood patches showcasing a variety of large, detailed Betty Boop and pop culture embroidered patches on retail shelves, accompanied by upbeat background music.",Dr Pepper logo on soda bottle patch; NICEL text on star patch,Raw UGC,Haul,true,yes,,https://www.tiktok.com/@acr.accessories.2/video/7665886381218024734
patches,embroidered patches,2026-07-23,2026-10-01,alejandramezadiy,Alejandra Meza,3430,85,3,4,"✨ Turning my designs into professional embroidered patches has never been easier! The link to Ninja Transfers is in my bio if you want to make your own. 

I simply uploaded my design, picked the shape","An indie creator demonstrates how she easily orders custom embroidered patches of her artwork from Ninja Patches, highlighting the high embroidery detail, fast shipping, and simple online design interface.",Order #4080390356; NINJA TRANSFERS; NINJA BLANKS; NINJA PATCHES; Simply apply with a Heatpress; Embroidered; Full Color; POWERED BY AI; Remove Background; Crop; Edit with AI; Add a note for our designers; Select Your Patch Size; Width (inches); Height (inches); Price; Qty; 10-24 pcs; PATCH 25 PCS,Polished Creator,Tutorial,true,yes,,https://www.tiktok.com/@alejandramezadiy/video/7665761919252352269
patches,(not in thumbnail),2026-07-22,2026-10-01,heytheredeleiraaa,heytheredeleiraaa,4139,4,,,#Patches #Bear #Fashion #ClothingPatch #fyp,,,,,,no,,https://www.tiktok.com/@heytheredeleiraaa/video/7665479257316936980
patches,patch collection,2026-07-22,2026-10-01,patch_collection,Patch Collection,146,3,,,"The perfect embroidered patches to customize jackets, hats, backpacks, bags, and accessories. Add a unique finishing touch to any outfit with high-quality iron-on patches.

#irononpatches #Personalize","A fast-paced, visually satisfying product showcase by Patch Collection demonstrating how various embroidered patches can be used to customize a checkered cosmetic bag, driving traffic to their TikTok shop.",iron-on; chenille; sublimation; satin; puff; visit our tiktok shop,Polished Creator,Tutorial,true,yes,,https://www.tiktok.com/@patch_collection/video/7665383437959826701
patches,patch collection,2026-07-21,2026-10-01,patch_collection,Patch Collection,115,4,,,"A little patch details makes a big statement ✨🔥

Add yours to hats, jackets, bags and more to make every piece uniquely yours. 

#footballtiktok #irononpatches #houston","A slick, fast-paced product showcase emphasizing the premium embroidery and craftsmanship of a custom city patch on a trucker hat, targeted at streetwear and custom fashion enthusiasts.",,High-Production,Aesthetic,true,yes,,https://www.tiktok.com/@patch_collection/video/7665083201022479630
patches,embroidered patches,2026-07-20,2026-10-01,sydneeyyboydd,Sydney Boyd,4494,210,11,21,Patches on hats for a company🤠🤩 #fyp #foryoupage #patches #hats #embroidery,A short-form behind-the-scenes video by Sydney Boyd showcasing the process of embroidering custom branded patches for 'Four Corners Cabinetry' on a commercial machine and applying them to snapback hats.,"Four Corners Cabinetry, Smartstitch Amazing Stitch, Warning Keep Away from Electronic Devices, and Credit Cards, Pinch Hoop, 8.5 Mighty Hoop, Made in USA",Raw UGC,Behind-the-scenes,true,yes,,https://www.tiktok.com/@sydneeyyboydd/video/7664744488434224397
patches,iron on patches,2026-07-20,2026-10-01,alexakat1,Alexakat,173100,6646,41,2445,Tried the mock neck trend with my mom! It has been a crafty summer over here 🩷🧵☀️ #hobbylobby #mockneck #ironon #summercraft #hobbylobbycraft,"A creator documents a mother-daughter craft day making trendy customized mock neck sweatshirts with iron-on patches purchased from Hobby Lobby, presented as a cozy, aesthetic DIY tutorial.","On our way to the viral mock neck sweatshirt patch trend; Looking for the mock necks; Found them! Cream or black color options; So many patches to choose from; Patches & pouches; visit hobbylobby.com; HOBBY LOBBY Super Savings, Super Selection!; 3800 SUITE A; FRAMING CRAFTS; DO NOT REMOVE FROM HOBBY LOBBY PROPERTY; DESIGN IMPORTS IRON-ON & STICKER; Be Kind; Lining them up; Had to try them on and adjust placement; Began gluing using fabric glue; Time to dry! Ironing them on tomorrow!; Finished product!",Raw UGC,Tutorial,false,yes,,https://www.tiktok.com/@alexakat1/video/7664705087004019998
patches,embroidered patches,2026-07-20,2026-10-01,patchstyle,✨patch up style🧢,1053,15,5,1,"Boss said I gotta finish 500 of these today... my eyes are cross-eyed already 😵🐅
But NGL, this sparkly tiger patch turned out so pretty! ✨
Anyone else obsessed with patches like this?#custompatches ","A small business creator shares a behind-the-scenes look at producing 500 sequined tiger patches, highlighting the detailed craftsmanship against an industrial workshop background.",POV: My boss told me to make 500 of these today.,Raw UGC,Behind-the-scenes,true,yes,,https://www.tiktok.com/@patchstyle/video/7664524516797844767
patches,patch collection,2026-07-20,2026-10-01,_ratangel,RatAngel,9969,1764,35,25,NOT DONE YET LMAO not all patches on yet so not all bands on lol chill guys #patchhoodie #alt #crusthoodie #patches #crustpunk,"A creator showcases the work-in-progress customisation of a punk crust hoodie featuring political slogans and band patches, using a casual caption to fend off impatient commenters.",,Raw UGC,Tutorial,false,yes,,https://www.tiktok.com/@_ratangel/video/7664459934175726879
patches,embroidered patches,2026-07-17,2026-10-01,ali_jades_and_ada_linns,Ali Jades & Ada Linns,3710,129,17,8,Patches all day everyday 🤣😍#embroidery #yeticamino #patches #velcropatches #yeti,"A short crafting showcase by small business creators Ali Jades and Ada Linns, displaying an array of custom embroidered velcro patches with monograms and decorative patterns set to uplifting music.","Monograms visible on patches: KML, EBG, JPW, HGB, AOC, and phrase 'Jesus Saves' on one patch",Raw UGC,Behind-the-scenes,true,yes,,https://www.tiktok.com/@ali_jades_and_ada_linns/video/7663627376701525279
patches,iron on patches,2026-07-17,2026-10-01,imjust_jd,imjust_jd,3805,67,,25,"Took a pair of my old @BIRKENSTOCK USA and went a little crazy with some iron on patches. 

What do you guys think? New trend or 🗑️🚮?

I love em and might need to grab a few new pairs to go crazy on","A creator showcases their custom-patched Birkenstock clogs from a first-person POV, framing the craft process as a therapeutic creative outlet and asking followers for their verdict.",POV: my kind of therapy,Raw UGC,Tutorial,false,yes,,https://www.tiktok.com/@imjust_jd/video/7663371580793310494
patches,patch collection,2026-07-16,2026-10-01,halalpozole,halalpozole,6441,685,24,41,"These aren’t all my patches, just a few I wanted to share. After 10 years I am now rearranging my vest this is one of my personal interests. Saying goodbye to the slayer patch & now adding a morbid an","A Muslim creator showcases her 10-year collection of heavy metal battle vest patches, highlighting bands like Slayer, Sepultura, and Death while engaging the metalhead and Muslim creator communities.","Showing my collection of patches
From my 10 year old battle vest
(Early 5th grade - present); Angel witch back patch; Sepultura back patch; House of 1000 corpses patch; Kreator border patch; My first back patch
I got this in early 5th grade
This was the first patch on
My now 10 year old battle vest; Venom + cannibal corpse
Old patches; Carcass & morbid saint; Death & deicide; Judas Priest & life lover; Obituary + testament; Midnight + possessed; Napalm death; Sadistic intent +
blasphemy; At the gates + mercyful fate; Accept +
Hell hammer; Pentagram + Sodom; Classic, Black Sabbath; Anthrax
Suffocation
Mortician
Sarcófago
Trans metal
Sabbath
Municipal waste
Death; Death
Obituary
Brujería
Sepultura; Suffocation +
Brujería; AC/DC; That's all for today,
Thank you for watching",Raw UGC,Vlog,false,yes,,https://www.tiktok.com/@halalpozole/video/7663047720810089742
patches,patch collection,2026-07-13,2026-10-01,tiffanyinitaly,Tiffany:Teaching in Italy🇮🇹,631,26,6,8,Here's your sign to start collecting patches as souvenirs instead of keychains. Future you will thank you when your denim jacket tells your whole travel story. #traveltiktok #souvenirs #patches #denim,"A travel creator shares a creative souvenir idea by showcasing her denim jacket covered in embroidered patches from various international destinations, inspiring viewers to swap traditional keychains for wearable travel storytelling.","Here's your sign to start collecting patches to document your travels; LISBOA; VENEZIA; PARIS; CROATIA HRVATSKA; CELTIC NATION IRELAND; MADRID; BARCELONA; WORLD WAR II THE NATIONAL WWII MUSEUM; COPENHAGEN; MOROCCO; LAMBERT'S CAFE SIKESTON, MO OZARK, MO; MORGAN WALLEN'S THIS BAR NASHVILLE TENNESSEE; FLORA-B",Raw UGC,Travel,false,yes,,https://www.tiktok.com/@tiffanyinitaly/video/7662153510707793183
patches,patches,2026-07-13,2026-10-01,dr.skinkaren,dr.skinkaren,1700000,4533,42,390,"Pimple patches aren’t just satisfying to peel off…

Here’s why I actually recommend them:

✔️ They help prevent picking (which means less irritation and a lower chance of scarring)
✔️ They protect the","A dermatologist creator uses a satisfying macro peeling visual of a pimple patch on a forehead to hook viewers, setting up an educational breakdown of acne patch benefits in the caption.",Do pimple patches actually work? 🤔; Here's what a dermatologist says 👇,Raw UGC,Tutorial,false,yes,possible off-topic,https://www.tiktok.com/@dr.skinkaren/video/7662140647821905166
patches,patch collection,2026-07-10,2026-10-01,mi.huh,redhatcreative,82600,9210,71,422,"My fabric scrap patches 🍅 possibilities are endless!

#appliqué #patchwork #fypシ","A crafty DIY creator delivers a clear, aesthetically pleasing tutorial on making custom fabric scrap patches using fusible web, showcasing the process from raw scraps to sewing machine stitching and finishing with a statement jacket reveal.","here's how i make fabric scrap patches; Steam-A-Seam as my interfacing (very important); Cut out a pattern to trace onto your fabric or freehand your design; The Tomato Vine Pattern; Cut out your shapes; There are multiple methods to this part, both I have explained on my page!; Peel back the paper on your interfacing (one side will be sticky); Take your cut out pieces and place them on the sticky side; Place the paper back on top and iron; Now that your fabric is fused, you want to cut out the shapes from the paper; You can also take the top paper off before doing so; Find a thick fabric to sew onto (this is an old pant leg); At this part it's also an option to sew the patches directly onto your clothing; Peel the back paper off of your cut out designs; Stick in place; Iron (10 sec); Repeat; Sew using a blanket stitch, tight zig zag, or going over it a few times with a straight stitch; At corners, put your needle down, lift your presser foot up, rotate your fabric and continue; Here's what it should look like; Now cut closely around the edges, being careful not to cut your stitches (very important!); Now you can add this to anything; Because I promise you, patches makes things 1000x cooler",Raw UGC,Tutorial,false,yes,,https://www.tiktok.com/@mi.huh/video/7660966918072978701
patches,iron on patches,2026-07-09,2026-10-01,hndsome475,Hndsome,10900,666,29,44,#patches #ironon #chicago #bears #fypシ゚viral enjoy diy project so many pretty patches🧡🖤,"A short-form promotional video by a small business owner showcasing a large collection of Chicago Bears DIY patches, custom bags, and accessories to drive traffic to a live selling event.","Friends: where do we can Chicago bears stuff 
Me: join my live now🧡🖤",Raw UGC,Haul,true,yes,,https://www.tiktok.com/@hndsome475/video/7660576880373927181
patches,iron on patches,2026-07-08,2026-10-01,catemadeblanks,catemadeblanks,1700000,121400,600,12200,Turning my sister’s JanSport into a cherry blossom back-to-school bag 🌸#jansport #cherryblossoms #irononpatch #backtoschoolshopping #embroidery,"A DIY tutorial demonstrating how to customize a standard pink JanSport backpack with iron-on cherry blossom embroidery patches, ending with a modeled showcase of the finished bag.",JanSport logo visible on backpack patch; embroidered BX initials on keychain tag,Raw UGC,Tutorial,false,yes,,https://www.tiktok.com/@catemadeblanks/video/7660181825565773070
patches,embroidered patches,2026-07-08,2026-10-01,joyfullyembroidery,Joyfully Embroidery,22100,417,4,41,"This was an order for a senior backpack🎒🥰 Everything I used to make this is linked in bio and I also have custom patches available in my Etsy shop also linked in bio🪡🧵🫶

#machineembroidery #embro","A craft creator demonstrates in a POV tutorial how to turn a machine-embroidered patch into an iron-on patch, showing the entire process from stabilizer removal to heat-press application, accompanied by caption text and a bio-link call to action.",Angelina Ballerina (embroidered on patch); Do you know how easy it is to turn your embroidery designs into iron on patches? So I stitched this out onto my stabilizer and I'm going to remove it and cut off the cutaway stabilizer. You can also use water soluble stabilizer for this so that you don't have to worry about cutting around the edges. Identify where the clear film is on the iron on sheet and trace your patch on top of it. Then cut it out. And you want the part with the film touching the patch. You iron on the wax paper but don't slide it. Just press it. Once it cools you can remove the wax paper and iron it on.,Raw UGC,Tutorial,true,yes,,https://www.tiktok.com/@joyfullyembroidery/video/7660019995895680270
patches,iron on patches,2026-07-07,2026-10-01,cobrenxoxo,cobrenxoxo,738600,82600,887,7638,It’s so cutie! @Hobby Lobby  #hobbylobbymockneck #mockneck #irononpatches #viral #hobbylobbycraft,"A creator shares a quick DIY tutorial on how to personalize a viral mock-neck sweatshirt from Hobby Lobby using iron-on letter and flag patches, culminating in an aesthetic mirror fit check.","This is your sign to get the viral hobby lobby mock neck (and put your name on it!), FREEZE, PAYNE, Tip: For synthetic fabrics...",Raw UGC,DIY,true,yes,,https://www.tiktok.com/@cobrenxoxo/video/7659805143113731342
patches,embroidered patches,2026-07-04,2026-10-01,pbpatch,pb-patch,26,0,,,"Your artwork.
Our embroidery.
Your brand.
Custom embroidered patches manufactured for creative brands worldwide.
MOQ 300.
Which design would you launch?
#custommerch #customproducts #manufacturer #emb","A B2B manufacturer of custom embroidered patches demonstrates their production capabilities and design flexibility, targeting independent brand owners with a clear minimum order quantity hook.","Custom Embroidered Patches 
MOQ:300; TAJIMA; COFFEE CLUB VAN 1882",High-Production,Behind-the-scenes,true,yes,,https://www.tiktok.com/@pbpatch/video/7658470388380273950
patches,patch collection,2026-07-03,2026-10-01,diaryofaus_,DiaryofAus,3037,98,6,6,"And it begins
#patches #4x4 #travel #camping","A creator documents the very first step of starting a souvenir patch collection inside his 4x4 canopy, showcasing a satisfying DIY process that appeals to the camping and overlanding community.",The patch collection has started; Broome Western Australia; Carbon; Yeti,Raw UGC,Vlog,false,yes,,https://www.tiktok.com/@diaryofaus_/video/7658216229982702855
patches,patch collection,2026-06-30,2026-10-01,atticus_apparel,Atticus Apparel,5176,186,73,29,"How do y'all organize you're patches!? I'm always at vendor events so mine just stay in these trays I got from Amazon!
I have bins upon bins of filler patches and kids/sport/inspired patches that I ke","A small business patch vendor gives a humorous, exasperated tour of her massive, overwhelming patch inventory stored in acrylic trays across her spare bedroom, asking followers for organization advice.",,Raw UGC,Vlog,true,yes,,https://www.tiktok.com/@atticus_apparel/video/7657284376861887757
patches,embroidered patches,2026-06-30,2026-10-01,patchesexperts,Patches Experts,4,0,,,"Turn your ideas into premium custom embroidery patches iron on—crafted with precision stitching, vibrant threads, and durable heat-seal backing for easy application. Perfect for brands, uniforms, and ","A polished B2B product showcase displaying high-detail custom embroidered patches for racing, fightwear, baseball, and engine series brands, emphasizing stitch quality and professional craftsmanship.","PE logo in shield, LE MANS RACING, MEDUSA FIGHTWEAR, SOUTH BRUNSWICK POST 401 BASEBALL, torra ENGINE SERIES V1, Embroidery Patch",Polished Creator,Haul,true,yes,,https://www.tiktok.com/@patchesexperts/video/7656843645353594126
patches,iron on patches,2026-06-29,2026-10-01,uniquejackyartandcraft,Unique Jacky Art and Craft,22200,188,3,16,"Patch picked (how could I resist the black cat), now to iron it in place before sewing.
.
.
.
Video description: A patch of a glittery black cat in a witch's hat is ironed onto the back pocket of a pa","A quick, practical sewing tutorial demonstrating how to use aluminum foil-wrapped cardboard inside a denim pocket to heat both sides of an iron-on patch simultaneously.","A tip for when using iron on transfers,; Use cardboard wrapped in alfoil; To reflect the heat on to both sides of the transfer.",Raw UGC,Tutorial,false,yes,,https://www.tiktok.com/@uniquejackyartandcraft/video/7656747810498383125
patches,iron on patches,2026-06-28,2026-10-01,dancingladycyndi,Dancing Lady Cyndi,86200,298,81,127,@PatchAid #ironpatch  #ironpatches #iron #irondefiency #dealsforyoudays,"A creator demonstrates how to use PatchAid Simply Iron Patches, highlighting their plant-based formula, vitamin C content, and ease of application as an alternative to traditional iron supplements.","Iron patches; PatchAid; Contains 30 Patches; Simply Iron Patch; Bioavailable, plant-based iron from an organic source; Antioxidant vitamin C; Supplemental iron, risk free of gastrointestinal discomfort; May help maintain normal iron levels in the body; May support the production of healthy red blood cells; May promote a normal immune response in the body; May reduce cellular damage from harmful free radicals",Raw UGC,Review,true,yes,possible off-topic,https://www.tiktok.com/@dancingladycyndi/video/7656534307451817246
patches,(not in thumbnail),2026-06-28,2026-10-01,bluestripeohio,bluestripeohio,40100,2854,197,11,#patchcollection #fyp #police #lawenforment #viral,,,,,,no,,https://www.tiktok.com/@bluestripeohio/video/7656488851124276510
patches,iron on patches,2026-06-28,2026-10-01,andreagio102,Andrea Giordano,4441,79,2,15,this came out so cute @Phillies ❤️⚾️ #lifehack #irononpatches #straightenerhack #ironon #baseballgame,A creator demonstrates how to use a hair straightener instead of an iron to apply an embroidered patch onto a t-shirt for a baseball game.,,Raw UGC,Tutorial,false,yes,,https://www.tiktok.com/@andreagio102/video/7656473595945766175
patches,patch collection,2026-06-28,2026-10-01,alphadiecast,Alpha Diecast,1747,63,3,1,My Florida Highway Patrol Patch Collection #policeinterceptor #police #fhp #sheriff #florida,"A creator showcases an extensive, highly organized collection of Florida Highway Patrol embroidered patches by flipping through a large binder to the tune of a remixed reggae track.",My Florida Highway Patrol Patch Collection #policeinterceptor #police #fhp #sheriff #florida,Raw UGC,Collection showcase,false,yes,,https://www.tiktok.com/@alphadiecast/video/7656471237002005773
patches,patch collection,2026-06-25,2026-10-01,micro.patches,MicroPatches,54300,1977,57,268,"100+ agencies and counting. Don't see yours? Request a custom order and let's get it. Fun fact: our one-time $25 design fee is waived for every future order after that, for anyone. Your agency gets ad","A small business showcases its extensive collection of over one hundred custom law enforcement patch keychains on a pegboard display wall, promoting custom orders with a waived design fee incentive.","100+ agencies and counting. Don't see yours? Request a custom order and let's get it. Fun fact: our one-time $25 design fee is waived for every future order after that, for anyone. Your agency gets added to the collection for good.",Polished Creator,Haul,true,yes,,https://www.tiktok.com/@micro.patches/video/7655181227313384735
patches,embroidered patches,2026-06-23,2026-10-01,jccreationsbynita,JCCREATIONSBYNITA,2681,92,3,4,"Let make an embroidered patch of the Mexican team logo. What team should we do next? 🥅 ⚽️ 

#worldcup2026 #embroidery #mexico #machineembroidery #embroideredpatches","A creator demonstrates the process of embroidering a custom Mexican national football team patch on an industrial machine, set to an energetic Spanish track and inviting viewers to suggest the next team.",Let's embroider a patch as we follow the World Cup! ⚽️; SKU NO: MH5505; Inside Dimension (130x130mm/5.1x5.1); A WARNING,Polished Creator,Tutorial,true,yes,,https://www.tiktok.com/@jccreationsbynita/video/7654408004753771789
patches,iron on patches,2026-06-16,2026-10-01,couturecustomsbygina,Couture Customs by Gina,3551,109,44,17,🔥New patches arrived today and they are beautiful. ☺️ We are shipping from the state of Missouri ✅so you will get your order within 3 to 4 business days. ##stlouis##irononpatches##patches##embroidere,"A small business owner showcases a new shipment of exclusive designer-inspired chenille patches on TikTok, prompting followers to claim them in the comments before they sell out.","COACH NEW YORK, CHANEL, GUCCI, LOUIS VUITTON, a lil bougie, GOD FIGHTS FOR ME, GOD Don't Play About ME, Custom Made, SHE'S FEARLESS, STANDING ON BUSINESS, COUTURE CUSTOMS BY GINA",Raw UGC,Haul,true,yes,,https://www.tiktok.com/@couturecustomsbygina/video/7652113650525818125
patches,embroidered patches,2026-06-13,2026-10-01,sh.embroidery.patch,sh.embroidery.patch,2485,62,,1,"Custom security patches in production.

Designed for security companies,
uniform suppliers, and facility management teams.

Clean embroidery, durable construction,
and consistent bulk production.

Bui","A B2B manufacturer showcases its industrial embroidery production line making security patches, emphasizing consistency in bulk orders for uniform suppliers.",Embroidered shoulder patches; Easy to sample; Hard to produce consistently; Especially in bulk orders; Consistency matters more; CBL; Segurança,Raw UGC,Behind-the-scenes,true,yes,,https://www.tiktok.com/@sh.embroidery.patch/video/7650761954251820308
patches,patches,2026-06-11,2026-10-01,alphapatchesgo,Patches-Alpha🎀,307,3,1,,#characterpatches #p#patchesd#diyf#fypi#irononpatches,"A 14-slide visual showcase of embroidered pop culture patches organized by franchise in transparent storage boxes, targeting DIY enthusiasts and fans of Snoopy, Hello Kitty, Disney, Harry Potter, Stitch, One Piece, and Demon Slayer.",Characters patches,Raw UGC,Haul,true,yes,,https://www.tiktok.com/@alphapatchesgo/video/7650104992325455118
patches,patch collection,2026-06-10,2026-10-01,patches_across_america,Patches Across America,6554,329,111,7,Putting patches on the wall day 1. United States Capitol Police  #foryoupage #trending #police #policepatch #collection,"A TikTok creator documents day 1 of adding patches to their collection wall, specifically highlighting the acquisition of an official patch and letter from the United States Capitol Police, while engaging the audience for future department suggestions.","Putting Patches On The Wall Day 1. / Today We Got The United States Capitol Police / May 26, 2026 / UNITED STATES CAPITOL POLICE WASHINGTON, DC 20510-7218 / Phone: 202-224-8191 / Thank you for contacting the United States Capitol Police (USCP), and for your interest in our Department. Enclosed please find a USCP patch for your collection. The USCP has proudly protected the U.S. Capitol since 1828. Our Mission: Protect the Congress - its Members, employees, visitors, and facilities - so it can fulfill its constitutional and legislative responsibilities in a safe, secure and open environment. Best wishes, United States Capitol Police / What Department Should I Email Next? / Put Your Suggestions In The Comment / Follow For Day 2!",Raw UGC,Vlog,false,yes,,https://www.tiktok.com/@patches_across_america/video/7649866155355639071
patches,iron on patches,2026-06-09,2026-10-01,crafternoondelights,Crafternoon Delights,935,29,,8,Patch my tote bag with me! 🌈 I’ll be patching things all summer long… #patchedtotebag #irononpatches #patchedbag #diytotebags #craftworkshopsuk,"A lifestyle creator shares a relaxing, aesthetic DIY tutorial on customizing a canvas tote bag with embroidered iron-on patches, aimed at craft and summer lifestyle enthusiasts.",DIY CUSTOM TOTE BAG; FRANCE; LEAVE IT BETTER THAN YOU FOUND IT; HAPPY CAMPER; GAME DAY; MAY YOUR COFFEE KICK IN BEFORE REALITY DOES; RAISING HELL HIPPIES AND THE COWBOYS; IF CRABBY Return to the Beach,Raw UGC,Tutorial,true,yes,,https://www.tiktok.com/@crafternoondelights/video/7649386315141680406
patches,iron on patches,2026-06-04,2026-10-01,kimberlyj_king,Kimberly / mom + lifestyle,424700,21200,77,7728,Girls night craft - DIY tote bags ✨🛥️👜 everything I used is in my Amazon under “crafts” #easycrafts #diy #girlsnight #summer #craftideas girls night summer craft ideas cute easy iron on patch tote b,"A lifestyle creator shares a step-by-step tutorial for customizing a canvas tote bag with embroidered patches and handmade beaded bag charms, targeting moms and crafters with an Amazon affiliate call-to-action.",👜✨🧺 your next girls night craft; I say idk a lot but trust me I knowin; BRING ME Alani AND TELL ME I'M PRETTY; treat people with kindness; Today's good mood sponsored by Jesus; you can do hard things; touchland power mist,Polished Creator,Tutorial,true,yes,,https://www.tiktok.com/@kimberlyj_king/video/7647569413641686285
patches,patch collection,2026-05-28,2026-10-01,glamchasyn,GlamChasyn Boutique,5276,151,14,9,I get asked often do I sell patches or where I get them from….well you can definitely get yours from me. I have a private FB group (link in bio) and they will be available on my website. www.GlamChasy,A TikTok post by GlamChasyn Boutique addressing customer inquiries about patch sourcing by showcasing a large inventory of custom patches and directing viewers to a private Facebook group and website.,Y'all: where do you get your patches?? Me....ME 😜 (join my fb group); HOME DEALER; BOOK LOVER; Rooting for myself; STILL TRUST GOD I DON'T PLAY ABOUT ME; I MAKE A DIFFERENCE,Raw UGC,Haul,true,yes,,https://www.tiktok.com/@glamchasyn/video/7645073534351428894
patches,patch collection,2026-05-28,2026-10-01,juliayuro,julia___faith,6000000,298900,1110,13000,Patches from @PeaceOutSkincare #ocd #skinpickingdisorder #dermatillomania #accutanejourney #pimplepatchremoval,"Creator Julia Faith films a quiet, whispered vlog removing pimple patches from her face while discussing her skin healing process and struggles with dermatillomania, building deep authenticity and community connection.",remove my pimple patches,Raw UGC,Vlog,true,yes,possible off-topic,https://www.tiktok.com/@juliayuro/video/7644915818765012254
patches,iron on patches,2026-05-23,2026-10-01,patchesgoalpha,PatchesGoAlpha-Jade,1942,14,2,1,Big patches for bags ❤️#patches #irononpatches #stitch #sanrio #kuromi,"A short, upbeat product showcase featuring oversized sequin and chenille patches of popular characters like Stitch, Bluey, and Kuromi, targeted at DIY crafters and bag customizers.",Big size of character patches,Raw UGC,Haul,true,yes,,https://www.tiktok.com/@patchesgoalpha/video/7642877463109848350
patches,iron on patches,2026-05-22,2026-10-01,gift_heaven0,GiftHeaven,26100,2754,13,303,Together Together  prep but make it DIY 💋🪩#togethertogether #kattdo #harrystylesconcert #concertoutfit #irononpatches,"A quick DIY crafting tutorial demonstrating how to customize satin neckties with iron-on rhinestone and chenille patches for concert outfits, set to upbeat music.",KISS ALL THE TIME. DISCO CASIONALLY. RESPECT YOUR MOTHER; HOT SURFACES,Raw UGC,Tutorial,true,yes,,https://www.tiktok.com/@gift_heaven0/video/7642744785366699286
patches,patches,2026-05-22,2026-10-01,mmair.bear,mmair.bear,3872,422,1,4,"Making patches!😼with transfer paper 📄  
For a more detailed tutorial check out my other patches making videos!🤗

#patches #diy #crafting #fypシ゚viral #fyppppppppppppppppppppppp","A short, aesthetically pleasing DIY tutorial demonstrating how to make custom horror-themed fabric patches using transfer paper and an iron, created by user mmair.bear for TikTok.",Let's make patches; Using transfer sheets; Done,Raw UGC,Tutorial,false,yes,,https://www.tiktok.com/@mmair.bear/video/7642588207195917599
patches,patch collection,2026-05-21,2026-10-01,patchcollection,Patch Collection,27300,8300,22,179,"Eid dinner starts and the patches start speaking for you InshaAllah-ing, Bismillah-ing, and Astaghfirullah-ing our way through every family function. ✨😭

#eid #muslimhumor #eidfit IslamicPatches Hija",A small business video utilizing relatable Muslim family holiday humor to promote novelty embroidered patches designed for Eid gift-giving and social defense against intrusive relatives.,NEW EID PATCHES; MA SHA ALLAH; IN SHA ALLAH; ASTAGHFIRULLAH; TOO HERE FOR MY TIKTOK IT AND TOO HARAM FOR MY HALAL FRIENDS; PATCHCOLLECTION.COM,Raw UGC,Tutorial,true,yes,,https://www.tiktok.com/@patchcollection/video/7642431257669946638
patches,embroidered patches,2026-05-20,2026-10-01,lewisembroidery,Lewis-Embroidery,11700,405,21,94,Word patches are HOT right now 🔥 Here’s a mini tutorial on how to turn any of our free standing puff fonts into those word and name patches that everyone is going crazy for! #smallbusinessowner #cust,"An embroidery small business owner delivers a quick, high-value mini-tutorial demonstrating how to apply iron-on adhesive to free-standing 3D puff embroidery fonts to transform them into ready-to-use apparel patches, culminating in a prompt to visit their Etsy shop.",Free-Standing FONT!; Stitches in Layers; Stabilizer Washes Away!; Voilà!; Spring font; Lewis Embroidery On Etsy; Tutorial Coming soon!; HeatnBond ULTRAHOLD; Iron-On Adhesive; Adhésif Thermocollant; Adhesivo Con Plancha,Polished Creator,Tutorial,true,yes,,https://www.tiktok.com/@lewisembroidery/video/7642100799027285262
patches,iron on patches,2026-05-17,2026-10-01,kreativekreationsbykia,Kreativekreationsbykia,6966,495,86,24,"Order yours today! 

#irononpatches #irononpatch #smallbusiness #fashioninspo","A fast-paced small business product showcase featuring embroidered luxury-themed iron-on patches, edited to an upbeat rap track to inspire custom fashion purchases.","Iron on patches, COACH, BLESSED, HERMES PARIS, PARIS",Raw UGC,Haul,true,yes,,https://www.tiktok.com/@kreativekreationsbykia/video/7640965927604915470
patches,embroidered patches,2026-05-16,2026-10-01,lewisembroidery,Lewis-Embroidery,31100,1165,25,247,Have you seen those trending name patches?! Here is a brand new font that will make it fun and easy to expand your clientele 😎 find this font and many more in our Etsy shop LewisEmbroidery.etsy.com #,"An embroidery shop owner demonstrates how their new free-standing 3D puff font is stitched, weeded, and washed in water to create trending custom name patches.","Free-Standing FONT!, Stitches in Layers, Stabilizer Washes Away!, Voilà!, Lewis Embroidery On Etsy, Tutorial Coming soon!",Raw UGC,Tutorial,true,yes,,https://www.tiktok.com/@lewisembroidery/video/7640530545784409358
patches,iron on patches,2026-05-16,2026-10-01,sassykreations1,Sassy Kreations,2782,103,25,3,🤎BROWN BUNDLE AVAILABLE 🤎#DIY #irononpatches #custom ##fyp,"A short promotional video by Sassy Kreations showcasing a newly available brown bundle of custom luxury-themed iron-on patches, set to a smooth instrumental track.",Louis Vuitton; LIMITED EDITION; Boss Lady; Custom Made; Faith is not believing that God Can it is knowing that God Will.; Sassy Kreations,Polished Creator,Haul,true,yes,,https://www.tiktok.com/@sassykreations1/video/7640276522984590606
patches,patch collection,2026-05-13,2026-10-01,the_lifeguard_vap29,🌊🛟Vaporeon enjoyer🛟🌊,4215,82,13,2,Is this tuff? #fyp #foxtactical #patch #velcropatch #tacticalbookbag,"A short, text-driven TikTok video showcasing a customized tan tactical backpack covered in an eclectic mix of military, anime, and gaming morale patches, designed to engage viewers through aesthetic curiosity.",Check out my new patches; PUERTO RICO; AIRBORNE; N.C.; FIRST IN FLIGHT 156th AIRLIFT SQUADRON; killromi; GLOCK; U.S. ARMY,Raw UGC,Showcase,false,yes,,https://www.tiktok.com/@the_lifeguard_vap29/video/7639161575886146846
patches,iron on patches,2026-05-12,2026-10-01,vane_35nf,hanru-shop,196,0,,,"Iron on Patches: our iron on transfers includes 30 iron on stickers with coffee pattern and an instruction sheet, ranging from 6 inches to 9 inches in length and width depending on the pattern, they a","A quick and engaging tutorial video demonstrating how to apply coffee-themed iron-on transfers to basic clothing items in under two minutes, created by an e-commerce brand to drive product sales.","Tired of boring clothes?; Fun 2-minute DIY! Iron & Peel; BUT FIRST, COFFEE; Shop Now!",Raw UGC,Tutorial,true,yes,,https://www.tiktok.com/@vane_35nf/video/7639054951553010957
patches,iron on patches,2026-05-06,2026-10-01,bon_nappetit,@bon_nappetit,22400,1005,8,162,Iron on patches for $6? 😳 So many philly sports ones ♥️ Red Gravy Goods in East Passyunk! #phillytok #shopsmall,"A fast-paced, highly visual TikTok video highlighting an affordable assortment of Philadelphia-themed embroidered iron-on patches at Red Gravy Goods in East Passyunk, successfully leveraging hyper-local pride and incredible value to engage regional audiences.",psa for all the patch girlies in philly,Raw UGC,Vlog,false,yes,,https://www.tiktok.com/@bon_nappetit/video/7636883544018570526
patches,iron on patches,2026-05-05,2026-10-01,user79760921493028,Ambercreation patches,3003,50,24,11,#patches #ironon #sanantoniospurs #truckerhat #patchbaru,"A short-form retail showcase highlighting new San Antonio Spurs custom rhinestone and embroidered patches against a backdrop of diverse sports merchandise, inviting viewer engagement through an on-screen question.",New arrivals which one u like,Raw UGC,Haul,true,yes,,https://www.tiktok.com/@user79760921493028/video/7636424158376725790
patches,patch collection,2026-05-03,2026-10-01,gc.patchcollection,GC Patch Collection,4476,246,40,14,You can never have too many right?👀#policepatches#lawenforcement#policepatchcollection#lawenforcementpatches#backtheblue,"A short-form video showcasing an extensive, densely packed collection of embroidered law enforcement and game warden patches displayed on a corkboard wall, aimed at hobbyists and supporters.","You can never have too many right? If you are seeing this, it is a sign that you need to go collect more patches",Raw UGC,Vlog,true,yes,,https://www.tiktok.com/@gc.patchcollection/video/7635727188809108749
